2026-09-08 00:38:41,853 - INFO - KGameTracker - ℹ️  ==================================================
2026-09-08 00:38:41,853 - INFO - KGameTracker - ℹ️  K GAME TRACKER - INICIADA
2026-09-08 00:38:41,854 - INFO - KGameTracker - ℹ️  ==================================================
2026-09-08 00:38:41,854 - INFO - KGameTracker - ℹ️  ✅ Autostart habilitado
2026-09-08 00:38:41,870 - INFO - KGameTracker - ℹ️  📢 Notificación: K GAME TRACKER
2026-09-08 00:38:42,025 - DEBUG - PIL.Image - Importing PngImagePlugin
2026-09-08 00:38:42,036 - DEBUG - PIL.PngImagePlugin - STREAM b'IHDR' 16 13
2026-09-08 00:38:42,037 - DEBUG - PIL.PngImagePlugin - STREAM b'caBX' 41 5758
2026-09-08 00:38:42,037 - DEBUG - PIL.PngImagePlugin - b'caBX' 41 5758 (unknown)
2026-09-08 00:38:42,037 - DEBUG - PIL.PngImagePlugin - STREAM b'IDAT' 5811 65536
2026-09-08 00:38:44,584 - DEBUG - PIL.PngImagePlugin - STREAM b'IHDR' 16 13
2026-09-08 00:38:44,584 - DEBUG - PIL.PngImagePlugin - STREAM b'caBX' 41 5758
2026-09-08 00:38:44,584 - DEBUG - PIL.PngImagePlugin - b'caBX' 41 5758 (unknown)
2026-09-08 00:38:44,584 - DEBUG - PIL.PngImagePlugin - STREAM b'IDAT' 5811 65536
2026-09-08 00:38:44,611 - DEBUG - PIL.PngImagePlugin - STREAM b'IHDR' 16 13
2026-09-08 00:38:44,611 - DEBUG - PIL.PngImagePlugin - STREAM b'IDAT' 41 53758
2026-09-08 00:38:44,625 - DEBUG - PIL.PngImagePlugin - STREAM b'IHDR' 16 13
2026-09-08 00:38:44,625 - DEBUG - PIL.PngImagePlugin - STREAM b'IDAT' 41 65536
2026-09-08 00:38:44,628 - DEBUG - PIL.PngImagePlugin - STREAM b'IHDR' 16 13
2026-09-08 00:38:44,628 - DEBUG - PIL.PngImagePlugin - STREAM b'IDAT' 41 58612
2026-09-08 00:38:44,632 - DEBUG - PIL.PngImagePlugin - STREAM b'IHDR' 16 13
2026-09-08 00:38:44,632 - DEBUG - PIL.PngImagePlugin - STREAM b'IDAT' 41 63613
2026-09-08 00:38:44,640 - DEBUG - PIL.PngImagePlugin - STREAM b'IHDR' 16 13
2026-09-08 00:38:44,641 - DEBUG - PIL.PngImagePlugin - STREAM b'IDAT' 41 65536
2026-09-08 00:38:44,651 - DEBUG - PIL.PngImagePlugin - STREAM b'IHDR' 16 13
2026-09-08 00:38:44,651 - DEBUG - PIL.PngImagePlugin - STREAM b'IDAT' 41 63580
2026-09-08 00:38:44,655 - DEBUG - PIL.PngImagePlugin - STREAM b'IHDR' 16 13
2026-09-08 00:38:44,655 - DEBUG - PIL.PngImagePlugin - STREAM b'IDAT' 41 64126
2026-09-08 00:38:44,661 - DEBUG - PIL.PngImagePlugin - STREAM b'IHDR' 16 13
2026-09-08 00:38:44,662 - DEBUG - PIL.PngImagePlugin - STREAM b'IDAT' 41 64126
2026-09-08 00:38:44,667 - DEBUG - PIL.PngImagePlugin - STREAM b'IHDR' 16 13
2026-09-08 00:38:44,667 - DEBUG - PIL.PngImagePlugin - STREAM b'IDAT' 41 64126
2026-09-08 00:38:44,672 - DEBUG - PIL.PngImagePlugin - STREAM b'IHDR' 16 13
2026-09-08 00:38:44,673 - DEBUG - PIL.PngImagePlugin - STREAM b'IDAT' 41 56150
2026-09-08 00:38:44,678 - DEBUG - PIL.PngImagePlugin - STREAM b'IHDR' 16 13
2026-09-08 00:38:44,679 - DEBUG - PIL.PngImagePlugin - STREAM b'IDAT' 41 64126
2026-09-08 00:38:44,685 - DEBUG - PIL.PngImagePlugin - STREAM b'IHDR' 16 13
2026-09-08 00:38:44,685 - DEBUG - PIL.PngImagePlugin - STREAM b'IDAT' 41 64126
2026-09-08 00:38:44,706 - DEBUG - PIL.PngImagePlugin - STREAM b'IHDR' 16 13
2026-09-08 00:38:44,706 - DEBUG - PIL.PngImagePlugin - STREAM b'IDAT' 41 62450
2026-09-08 00:38:45,048 - DEBUG - PIL.PngImagePlugin - STREAM b'IHDR' 16 13
2026-09-08 00:38:45,049 - DEBUG - PIL.PngImagePlugin - STREAM b'IDAT' 41 65536
2026-09-08 00:38:45,051 - DEBUG - PIL.PngImagePlugin - STREAM b'IHDR' 16 13
2026-09-08 00:38:45,052 - DEBUG - PIL.PngImagePlugin - STREAM b'IDAT' 41 65536
2026-09-08 00:38:45,169 - DEBUG - PIL.PngImagePlugin - STREAM b'IHDR' 16 13
2026-09-08 00:38:45,169 - DEBUG - PIL.PngImagePlugin - STREAM b'IDAT' 41 62450
2026-09-08 00:38:45,272 - DEBUG - PIL.PngImagePlugin - STREAM b'IHDR' 16 13
2026-09-08 00:38:45,272 - DEBUG - PIL.PngImagePlugin - STREAM b'IDAT' 41 62450
2026-09-08 00:38:45,377 - DEBUG - PIL.PngImagePlugin - STREAM b'IHDR' 16 13
2026-09-08 00:38:45,377 - DEBUG - PIL.PngImagePlugin - STREAM b'IDAT' 41 62450
2026-09-08 00:38:45,480 - DEBUG - PIL.PngImagePlugin - STREAM b'IHDR' 16 13
2026-09-08 00:38:45,480 - DEBUG - PIL.PngImagePlugin - STREAM b'IDAT' 41 62450
2026-09-08 00:38:45,583 - DEBUG - PIL.PngImagePlugin - STREAM b'IHDR' 16 13
2026-09-08 00:38:45,583 - DEBUG - PIL.PngImagePlugin - STREAM b'IDAT' 41 62450
2026-09-08 00:38:45,686 - DEBUG - PIL.PngImagePlugin - STREAM b'IHDR' 16 13
2026-09-08 00:38:45,686 - DEBUG - PIL.PngImagePlugin - STREAM b'IDAT' 41 62450
2026-09-08 00:38:45,789 - DEBUG - PIL.PngImagePlugin - STREAM b'IHDR' 16 13
2026-09-08 00:38:45,790 - DEBUG - PIL.PngImagePlugin - STREAM b'IDAT' 41 62450
2026-09-08 00:38:45,892 - DEBUG - PIL.PngImagePlugin - STREAM b'IHDR' 16 13
2026-09-08 00:38:45,893 - DEBUG - PIL.PngImagePlugin - STREAM b'IDAT' 41 62450
2026-09-08 00:38:45,995 - DEBUG - PIL.PngImagePlugin - STREAM b'IHDR' 16 13
2026-09-08 00:38:45,996 - DEBUG - PIL.PngImagePlugin - STREAM b'IDAT' 41 62450
2026-09-08 00:38:46,099 - DEBUG - PIL.PngImagePlugin - STREAM b'IHDR' 16 13
2026-09-08 00:38:46,100 - DEBUG - PIL.PngImagePlugin - STREAM b'IDAT' 41 62450
2026-09-08 00:38:48,213 - DEBUG - PIL.PngImagePlugin - STREAM b'IHDR' 16 13
2026-09-08 00:38:48,213 - DEBUG - PIL.PngImagePlugin - STREAM b'IDAT' 41 62450
2026-09-08 00:38:48,237 - DEBUG - PIL.PngImagePlugin - STREAM b'IHDR' 16 13
2026-09-08 00:38:48,237 - DEBUG - PIL.PngImagePlugin - STREAM b'IDAT' 41 62450
2026-09-08 00:38:48,253 - DEBUG - PIL.PngImagePlugin - STREAM b'IHDR' 16 13
2026-09-08 00:38:48,253 - DEBUG - PIL.PngImagePlugin - STREAM b'IDAT' 41 62450
2026-09-08 00:38:48,261 - DEBUG - PIL.PngImagePlugin - STREAM b'IHDR' 16 13
2026-09-08 00:38:48,261 - DEBUG - PIL.PngImagePlugin - STREAM b'IDAT' 41 62450
2026-09-08 00:38:48,269 - DEBUG - PIL.PngImagePlugin - STREAM b'IHDR' 16 13
2026-09-08 00:38:48,269 - DEBUG - PIL.PngImagePlugin - STREAM b'IDAT' 41 62450
2026-09-08 00:38:48,277 - DEBUG - PIL.PngImagePlugin - STREAM b'IHDR' 16 13
2026-09-08 00:38:48,277 - DEBUG - PIL.PngImagePlugin - STREAM b'IDAT' 41 62450
2026-09-08 00:38:48,285 - DEBUG - PIL.PngImagePlugin - STREAM b'IHDR' 16 13
2026-09-08 00:38:48,285 - DEBUG - PIL.PngImagePlugin - STREAM b'IDAT' 41 62450
2026-09-08 00:38:48,294 - DEBUG - PIL.PngImagePlugin - STREAM b'IHDR' 16 13
2026-09-08 00:38:48,294 - DEBUG - PIL.PngImagePlugin - STREAM b'IDAT' 41 62450
2026-09-08 00:38:48,301 - DEBUG - PIL.PngImagePlugin - STREAM b'IHDR' 16 13
2026-09-08 00:38:48,302 - DEBUG - PIL.PngImagePlugin - STREAM b'IDAT' 41 62450
2026-09-08 00:38:48,309 - DEBUG - PIL.PngImagePlugin - STREAM b'IHDR' 16 13
2026-09-08 00:38:48,309 - DEBUG - PIL.PngImagePlugin - STREAM b'IDAT' 41 62450
2026-09-08 00:38:48,317 - DEBUG - PIL.PngImagePlugin - STREAM b'IHDR' 16 13
2026-09-08 00:38:48,317 - DEBUG - PIL.PngImagePlugin - STREAM b'IDAT' 41 62450
2026-09-08 00:38:48,325 - DEBUG - PIL.PngImagePlugin - STREAM b'IHDR' 16 13
2026-09-08 00:38:48,325 - DEBUG - PIL.PngImagePlugin - STREAM b'IDAT' 41 62450
2026-09-08 00:38:48,333 - DEBUG - PIL.PngImagePlugin - STREAM b'IHDR' 16 13
2026-09-08 00:38:48,333 - DEBUG - PIL.PngImagePlugin - STREAM b'IDAT' 41 62450
2026-09-08 00:38:48,341 - DEBUG - PIL.PngImagePlugin - STREAM b'IHDR' 16 13
2026-09-08 00:38:48,341 - DEBUG - PIL.PngImagePlugin - STREAM b'IDAT' 41 62450
2026-09-08 00:38:48,349 - DEBUG - PIL.PngImagePlugin - STREAM b'IHDR' 16 13
2026-09-08 00:38:48,349 - DEBUG - PIL.PngImagePlugin - STREAM b'IDAT' 41 62450
2026-09-08 00:38:48,357 - DEBUG - PIL.PngImagePlugin - STREAM b'IHDR' 16 13
2026-09-08 00:38:48,357 - DEBUG - PIL.PngImagePlugin - STREAM b'IDAT' 41 62450
2026-09-08 00:38:48,365 - DEBUG - PIL.PngImagePlugin - STREAM b'IHDR' 16 13
2026-09-08 00:38:48,365 - DEBUG - PIL.PngImagePlugin - STREAM b'IDAT' 41 62450
2026-09-08 00:38:48,381 - DEBUG - PIL.PngImagePlugin - STREAM b'IHDR' 16 13
2026-09-08 00:38:48,381 - DEBUG - PIL.PngImagePlugin - STREAM b'IDAT' 41 62450
2026-09-08 00:38:48,389 - DEBUG - PIL.PngImagePlugin - STREAM b'IHDR' 16 13
2026-09-08 00:38:48,389 - DEBUG - PIL.PngImagePlugin - STREAM b'IDAT' 41 62450
2026-09-08 00:38:48,405 - DEBUG - PIL.PngImagePlugin - STREAM b'IHDR' 16 13
2026-09-08 00:38:48,405 - DEBUG - PIL.PngImagePlugin - STREAM b'IDAT' 41 62450
2026-09-08 00:38:48,412 - DEBUG - PIL.PngImagePlugin - STREAM b'IHDR' 16 13
2026-09-08 00:38:48,413 - DEBUG - PIL.PngImagePlugin - STREAM b'IDAT' 41 62450
2026-09-08 00:38:48,420 - DEBUG - PIL.PngImagePlugin - STREAM b'IHDR' 16 13
2026-09-08 00:38:48,421 - DEBUG - PIL.PngImagePlugin - STREAM b'IDAT' 41 62450
2026-09-08 00:38:48,429 - DEBUG - PIL.PngImagePlugin - STREAM b'IHDR' 16 13
2026-09-08 00:38:48,429 - DEBUG - PIL.PngImagePlugin - STREAM b'IDAT' 41 62450
2026-09-08 00:38:48,437 - DEBUG - PIL.PngImagePlugin - STREAM b'IHDR' 16 13
2026-09-08 00:38:48,437 - DEBUG - PIL.PngImagePlugin - STREAM b'IDAT' 41 62450
2026-09-08 00:38:48,445 - DEBUG - PIL.PngImagePlugin - STREAM b'IHDR' 16 13
2026-09-08 00:38:48,445 - DEBUG - PIL.PngImagePlugin - STREAM b'IDAT' 41 62450
2026-09-08 00:38:48,453 - DEBUG - PIL.PngImagePlugin - STREAM b'IHDR' 16 13
2026-09-08 00:38:48,453 - DEBUG - PIL.PngImagePlugin - STREAM b'IDAT' 41 62450
2026-09-08 00:38:48,461 - DEBUG - PIL.PngImagePlugin - STREAM b'IHDR' 16 13
2026-09-08 00:38:48,461 - DEBUG - PIL.PngImagePlugin - STREAM b'IDAT' 41 62450
2026-09-08 00:38:48,469 - DEBUG - PIL.PngImagePlugin - STREAM b'IHDR' 16 13
2026-09-08 00:38:48,469 - DEBUG - PIL.PngImagePlugin - STREAM b'IDAT' 41 62450
2026-09-08 00:38:48,477 - DEBUG - PIL.PngImagePlugin - STREAM b'IHDR' 16 13
2026-09-08 00:38:48,477 - DEBUG - PIL.PngImagePlugin - STREAM b'IDAT' 41 62450
2026-09-08 00:38:48,485 - DEBUG - PIL.PngImagePlugin - STREAM b'IHDR' 16 13
2026-09-08 00:38:48,485 - DEBUG - PIL.PngImagePlugin - STREAM b'IDAT' 41 62450
2026-09-08 00:38:48,493 - DEBUG - PIL.PngImagePlugin - STREAM b'IHDR' 16 13
2026-09-08 00:38:48,493 - DEBUG - PIL.PngImagePlugin - STREAM b'IDAT' 41 62450
2026-09-08 00:38:48,509 - DEBUG - PIL.PngImagePlugin - STREAM b'IHDR' 16 13
2026-09-08 00:38:48,509 - DEBUG - PIL.PngImagePlugin - STREAM b'IDAT' 41 62450
2026-09-08 00:38:48,795 - DEBUG - PIL.PngImagePlugin - STREAM b'IHDR' 16 13
2026-09-08 00:38:48,795 - DEBUG - PIL.PngImagePlugin - STREAM b'IDAT' 41 62450
2026-09-08 00:38:48,803 - DEBUG - PIL.PngImagePlugin - STREAM b'IHDR' 16 13
2026-09-08 00:38:48,804 - DEBUG - PIL.PngImagePlugin - STREAM b'IDAT' 41 62450
2026-09-08 00:38:48,819 - DEBUG - PIL.PngImagePlugin - STREAM b'IHDR' 16 13
2026-09-08 00:38:48,819 - DEBUG - PIL.PngImagePlugin - STREAM b'IDAT' 41 62450
2026-09-08 00:38:48,827 - DEBUG - PIL.PngImagePlugin - STREAM b'IHDR' 16 13
2026-09-08 00:38:48,827 - DEBUG - PIL.PngImagePlugin - STREAM b'IDAT' 41 62450
2026-09-08 00:38:48,835 - DEBUG - PIL.PngImagePlugin - STREAM b'IHDR' 16 13
2026-09-08 00:38:48,835 - DEBUG - PIL.PngImagePlugin - STREAM b'IDAT' 41 62450
2026-09-08 00:38:48,851 - DEBUG - PIL.PngImagePlugin - STREAM b'IHDR' 16 13
2026-09-08 00:38:48,851 - DEBUG - PIL.PngImagePlugin - STREAM b'IDAT' 41 62450
2026-09-08 00:38:48,875 - DEBUG - PIL.PngImagePlugin - STREAM b'IHDR' 16 13
2026-09-08 00:38:48,875 - DEBUG - PIL.PngImagePlugin - STREAM b'IDAT' 41 62450
2026-09-08 00:38:48,891 - DEBUG - PIL.PngImagePlugin - STREAM b'IHDR' 16 13
2026-09-08 00:38:48,891 - DEBUG - PIL.PngImagePlugin - STREAM b'IDAT' 41 62450
2026-09-08 00:38:48,899 - DEBUG - PIL.PngImagePlugin - STREAM b'IHDR' 16 13
2026-09-08 00:38:48,899 - DEBUG - PIL.PngImagePlugin - STREAM b'IDAT' 41 62450
2026-09-08 00:38:48,907 - DEBUG - PIL.PngImagePlugin - STREAM b'IHDR' 16 13
2026-09-08 00:38:48,908 - DEBUG - PIL.PngImagePlugin - STREAM b'IDAT' 41 62450
2026-09-08 00:38:48,923 - DEBUG - PIL.PngImagePlugin - STREAM b'IHDR' 16 13
2026-09-08 00:38:48,924 - DEBUG - PIL.PngImagePlugin - STREAM b'IDAT' 41 62450
2026-09-08 00:38:48,947 - DEBUG - PIL.PngImagePlugin - STREAM b'IHDR' 16 13
2026-09-08 00:38:48,947 - DEBUG - PIL.PngImagePlugin - STREAM b'IDAT' 41 62450
2026-09-08 00:38:48,955 - DEBUG - PIL.PngImagePlugin - STREAM b'IHDR' 16 13
2026-09-08 00:38:48,955 - DEBUG - PIL.PngImagePlugin - STREAM b'IDAT' 41 62450
2026-09-08 00:38:48,971 - DEBUG - PIL.PngImagePlugin - STREAM b'IHDR' 16 13
2026-09-08 00:38:48,971 - DEBUG - PIL.PngImagePlugin - STREAM b'IDAT' 41 62450
2026-09-08 00:38:48,979 - DEBUG - PIL.PngImagePlugin - STREAM b'IHDR' 16 13
2026-09-08 00:38:48,979 - DEBUG - PIL.PngImagePlugin - STREAM b'IDAT' 41 62450
2026-09-08 00:38:48,995 - DEBUG - PIL.PngImagePlugin - STREAM b'IHDR' 16 13
2026-09-08 00:38:48,995 - DEBUG - PIL.PngImagePlugin - STREAM b'IDAT' 41 62450
2026-09-08 00:38:49,011 - DEBUG - PIL.PngImagePlugin - STREAM b'IHDR' 16 13
2026-09-08 00:38:49,011 - DEBUG - PIL.PngImagePlugin - STREAM b'IDAT' 41 62450
2026-09-08 00:38:49,019 - DEBUG - PIL.PngImagePlugin - STREAM b'IHDR' 16 13
2026-09-08 00:38:49,020 - DEBUG - PIL.PngImagePlugin - STREAM b'IDAT' 41 62450
2026-09-08 00:38:49,035 - DEBUG - PIL.PngImagePlugin - STREAM b'IHDR' 16 13
2026-09-08 00:38:49,036 - DEBUG - PIL.PngImagePlugin - STREAM b'IDAT' 41 62450
2026-09-08 00:38:49,043 - DEBUG - PIL.PngImagePlugin - STREAM b'IHDR' 16 13
2026-09-08 00:38:49,043 - DEBUG - PIL.PngImagePlugin - STREAM b'IDAT' 41 62450
2026-09-08 00:38:49,051 - DEBUG - PIL.PngImagePlugin - STREAM b'IHDR' 16 13
2026-09-08 00:38:49,051 - DEBUG - PIL.PngImagePlugin - STREAM b'IDAT' 41 62450
2026-09-08 00:38:49,067 - DEBUG - PIL.PngImagePlugin - STREAM b'IHDR' 16 13
2026-09-08 00:38:49,067 - DEBUG - PIL.PngImagePlugin - STREAM b'IDAT' 41 62450
2026-09-08 00:38:49,091 - DEBUG - PIL.PngImagePlugin - STREAM b'IHDR' 16 13
2026-09-08 00:38:49,091 - DEBUG - PIL.PngImagePlugin - STREAM b'IDAT' 41 62450
2026-09-08 00:38:49,099 - DEBUG - PIL.PngImagePlugin - STREAM b'IHDR' 16 13
2026-09-08 00:38:49,099 - DEBUG - PIL.PngImagePlugin - STREAM b'IDAT' 41 62450
2026-09-08 00:38:49,115 - DEBUG - PIL.PngImagePlugin - STREAM b'IHDR' 16 13
2026-09-08 00:38:49,115 - DEBUG - PIL.PngImagePlugin - STREAM b'IDAT' 41 62450
2026-09-08 00:38:50,717 - DEBUG - urllib3.connectionpool - Starting new HTTPS connection (1): www.gamerpower.com:443
2026-09-08 00:38:50,849 - DEBUG - urllib3.connectionpool - https://www.gamerpower.com:443 "GET /api/giveaways?type=game HTTP/1.1" 200 None
2026-09-08 00:38:51,927 - DEBUG - urllib3.connectionpool - Starting new HTTPS connection (1): www.gamerpower.com:443
2026-09-08 00:38:52,035 - DEBUG - urllib3.connectionpool - https://www.gamerpower.com:443 "GET /offers/1b/6a998bd861dec.jpg HTTP/1.1" 200 25311
2026-09-08 00:38:52,073 - DEBUG - PIL.PngImagePlugin - STREAM b'IHDR' 16 13
2026-09-08 00:38:52,073 - DEBUG - PIL.PngImagePlugin - STREAM b'IDAT' 41 54256
2026-09-08 00:38:52,100 - DEBUG - urllib3.connectionpool - https://www.gamerpower.com:443 "GET /offers/1b/6a53a044a87b6.jpg HTTP/1.1" 200 36351
2026-09-08 00:38:52,103 - DEBUG - PIL.PngImagePlugin - STREAM b'IHDR' 16 13
2026-09-08 00:38:52,103 - DEBUG - PIL.PngImagePlugin - STREAM b'IDAT' 41 54256
2026-09-08 00:38:56,042 - DEBUG - urllib3.connectionpool - https://www.gamerpower.com:443 "GET /offers/1b/6a59119a8eb8d.jpg HTTP/1.1" 200 40398
2026-09-08 00:38:56,047 - DEBUG - PIL.PngImagePlugin - STREAM b'IHDR' 16 13
2026-09-08 00:38:56,047 - DEBUG - PIL.PngImagePlugin - STREAM b'IDAT' 41 54256
2026-09-08 00:38:57,140 - DEBUG - urllib3.connectionpool - https://www.gamerpower.com:443 "GET /offers/1b/6a9ebcfac0aab.jpg HTTP/1.1" 200 45431
2026-09-08 00:38:57,146 - DEBUG - PIL.PngImagePlugin - STREAM b'IHDR' 16 13
2026-09-08 00:38:57,147 - DEBUG - PIL.PngImagePlugin - STREAM b'IDAT' 41 54256
2026-09-08 00:39:52,997 - DEBUG - urllib3.connectionpool - https://www.gamerpower.com:443 "GET /offers/1b/6a456f543d3c9.jpg HTTP/1.1" 200 23987
2026-09-08 00:39:53,002 - DEBUG - PIL.PngImagePlugin - STREAM b'IHDR' 16 13
2026-09-08 00:39:53,002 - DEBUG - PIL.PngImagePlugin - STREAM b'IDAT' 41 54256
2026-09-08 00:39:53,031 - DEBUG - urllib3.connectionpool - https://www.gamerpower.com:443 "GET /offers/1b/6a27eafa35794.jpg HTTP/1.1" 200 28898
2026-09-08 00:39:53,034 - DEBUG - PIL.PngImagePlugin - STREAM b'IHDR' 16 13
2026-09-08 00:39:53,034 - DEBUG - PIL.PngImagePlugin - STREAM b'IDAT' 41 54256
2026-09-08 00:39:53,063 - DEBUG - urllib3.connectionpool - https://www.gamerpower.com:443 "GET /offers/1b/6946b7c157bca.jpg HTTP/1.1" 200 33903
2026-09-08 00:39:53,068 - DEBUG - PIL.PngImagePlugin - STREAM b'IHDR' 16 13
2026-09-08 00:39:53,069 - DEBUG - PIL.PngImagePlugin - STREAM b'IDAT' 41 54256
2026-09-08 00:39:53,095 - DEBUG - urllib3.connectionpool - https://www.gamerpower.com:443 "GET /offers/1b/698fa7369c1f5.jpg HTTP/1.1" 200 31147
2026-09-08 00:39:53,099 - DEBUG - PIL.PngImagePlugin - STREAM b'IHDR' 16 13
2026-09-08 00:39:53,099 - DEBUG - PIL.PngImagePlugin - STREAM b'IDAT' 41 54256
2026-09-08 00:39:53,125 - DEBUG - urllib3.connectionpool - https://www.gamerpower.com:443 "GET /offers/1b/6946b8c46bc9b.jpg HTTP/1.1" 200 41266
2026-09-08 00:39:53,130 - DEBUG - PIL.PngImagePlugin - STREAM b'IHDR' 16 13
2026-09-08 00:39:53,130 - DEBUG - PIL.PngImagePlugin - STREAM b'IDAT' 41 54256
2026-09-08 00:39:53,157 - DEBUG - urllib3.connectionpool - https://www.gamerpower.com:443 "GET /offers/1b/63c6f67bb9c8b.jpg HTTP/1.1" 200 49447
2026-09-08 00:39:53,161 - DEBUG - PIL.PngImagePlugin - STREAM b'IHDR' 16 13
2026-09-08 00:39:53,161 - DEBUG - PIL.PngImagePlugin - STREAM b'IDAT' 41 54256
2026-09-08 00:39:55,449 - DEBUG - urllib3.connectionpool - https://www.gamerpower.com:443 "GET /offers/1b/68efabd65f913.jpg HTTP/1.1" 200 32166
2026-09-08 00:39:55,453 - DEBUG - PIL.PngImagePlugin - STREAM b'IHDR' 16 13
2026-09-08 00:39:55,453 - DEBUG - PIL.PngImagePlugin - STREAM b'IDAT' 41 54256
2026-09-08 00:39:55,480 - DEBUG - urllib3.connectionpool - https://www.gamerpower.com:443 "GET /offers/1b/68e6513c31514.jpg HTTP/1.1" 200 18347
2026-09-08 00:39:55,483 - DEBUG - PIL.PngImagePlugin - STREAM b'IHDR' 16 13
2026-09-08 00:39:55,483 - DEBUG - PIL.PngImagePlugin - STREAM b'IDAT' 41 54256
2026-09-08 00:39:55,509 - DEBUG - urllib3.connectionpool - https://www.gamerpower.com:443 "GET /offers/1b/68e15e986da99.jpg HTTP/1.1" 200 23873
2026-09-08 00:39:55,513 - DEBUG - PIL.PngImagePlugin - STREAM b'IHDR' 16 13
2026-09-08 00:39:55,513 - DEBUG - PIL.PngImagePlugin - STREAM b'IDAT' 41 54256
2026-09-08 00:39:55,542 - DEBUG - urllib3.connectionpool - https://www.gamerpower.com:443 "GET /offers/1b/68d828fc4174f.jpg HTTP/1.1" 200 57980
2026-09-08 00:39:55,546 - DEBUG - PIL.PngImagePlugin - STREAM b'IHDR' 16 13
2026-09-08 00:39:55,546 - DEBUG - PIL.PngImagePlugin - STREAM b'IDAT' 41 54256
2026-09-08 00:39:55,572 - DEBUG - urllib3.connectionpool - https://www.gamerpower.com:443 "GET /offers/1b/68dd2161c3088.jpg HTTP/1.1" 200 36137
2026-09-08 00:39:55,577 - DEBUG - PIL.PngImagePlugin - STREAM b'IHDR' 16 13
2026-09-08 00:39:55,577 - DEBUG - PIL.PngImagePlugin - STREAM b'IDAT' 41 54256
2026-09-08 00:39:59,813 - DEBUG - urllib3.connectionpool - https://www.gamerpower.com:443 "GET /offers/1b/6a998eb716bfe.jpg HTTP/1.1" 200 47772
2026-09-08 00:39:59,817 - DEBUG - PIL.PngImagePlugin - STREAM b'IHDR' 16 13
2026-09-08 00:39:59,817 - DEBUG - PIL.PngImagePlugin - STREAM b'IDAT' 41 54256
2026-09-08 00:39:59,846 - DEBUG - urllib3.connectionpool - https://www.gamerpower.com:443 "GET /offers/1b/6993208da38c7.jpg HTTP/1.1" 200 63785
2026-09-08 00:39:59,850 - DEBUG - PIL.PngImagePlugin - STREAM b'IHDR' 16 13
2026-09-08 00:39:59,850 - DEBUG - PIL.PngImagePlugin - STREAM b'IDAT' 41 54256
2026-09-08 00:39:59,879 - DEBUG - urllib3.connectionpool - https://www.gamerpower.com:443 "GET /offers/1b/69567c4ee0fa3.jpg HTTP/1.1" 200 67756
2026-09-08 00:39:59,883 - DEBUG - PIL.PngImagePlugin - STREAM b'IHDR' 16 13
2026-09-08 00:39:59,883 - DEBUG - PIL.PngImagePlugin - STREAM b'IDAT' 41 54256
2026-09-08 00:39:59,914 - DEBUG - urllib3.connectionpool - https://www.gamerpower.com:443 "GET /offers/1b/689aece93310e.jpg HTTP/1.1" 200 34152
2026-09-08 00:39:59,918 - DEBUG - PIL.PngImagePlugin - STREAM b'IHDR' 16 13
2026-09-08 00:39:59,918 - DEBUG - PIL.PngImagePlugin - STREAM b'IDAT' 41 54256
2026-09-08 00:40:16,178 - DEBUG - urllib3.connectionpool - Starting new HTTPS connection (1): www.gamerpower.com:443
2026-09-08 00:40:16,280 - DEBUG - urllib3.connectionpool - https://www.gamerpower.com:443 "GET /api/giveaways?type=game HTTP/1.1" 200 None
2026-09-08 00:40:20,219 - DEBUG - PIL.PngImagePlugin - STREAM b'IHDR' 16 13
2026-09-08 00:40:20,219 - DEBUG - PIL.PngImagePlugin - STREAM b'IDAT' 41 62450
2026-09-08 00:40:20,519 - DEBUG - PIL.PngImagePlugin - STREAM b'IHDR' 16 13
2026-09-08 00:40:20,519 - DEBUG - PIL.PngImagePlugin - STREAM b'IDAT' 41 62450
2026-09-08 00:40:20,619 - DEBUG - PIL.PngImagePlugin - STREAM b'IHDR' 16 13
2026-09-08 00:40:20,619 - DEBUG - PIL.PngImagePlugin - STREAM b'IDAT' 41 62450
2026-09-08 00:40:21,753 - INFO - KGameTracker - ℹ️  ==================================================
2026-09-08 00:40:21,753 - INFO - KGameTracker - ℹ️  K GAME TRACKER - CERRADA
2026-09-08 00:40:21,753 - INFO - KGameTracker - ℹ️  ==================================================
2026-09-08 00:50:41,062 - INFO - KGameTracker - ℹ️  ==================================================
2026-09-08 00:50:41,062 - INFO - KGameTracker - ℹ️  K GAME TRACKER - INICIADA
2026-09-08 00:50:41,062 - INFO - KGameTracker - ℹ️  ==================================================
2026-09-08 00:50:41,063 - INFO - KGameTracker - ℹ️  ✅ Autostart habilitado
2026-09-08 00:50:41,073 - INFO - KGameTracker - ℹ️  📢 Notificación: K GAME TRACKER
2026-09-08 00:50:41,172 - DEBUG - PIL.Image - Importing PngImagePlugin
2026-09-08 00:50:41,181 - DEBUG - PIL.PngImagePlugin - STREAM b'IHDR' 16 13
2026-09-08 00:50:41,181 - DEBUG - PIL.PngImagePlugin - STREAM b'caBX' 41 5758
2026-09-08 00:50:41,181 - DEBUG - PIL.PngImagePlugin - b'caBX' 41 5758 (unknown)
2026-09-08 00:50:41,182 - DEBUG - PIL.PngImagePlugin - STREAM b'IDAT' 5811 65536
2026-09-08 00:50:43,651 - DEBUG - PIL.PngImagePlugin - STREAM b'IHDR' 16 13
2026-09-08 00:50:43,651 - DEBUG - PIL.PngImagePlugin - STREAM b'caBX' 41 5758
2026-09-08 00:50:43,651 - DEBUG - PIL.PngImagePlugin - b'caBX' 41 5758 (unknown)
2026-09-08 00:50:43,651 - DEBUG - PIL.PngImagePlugin - STREAM b'IDAT' 5811 65536
2026-09-08 00:50:43,685 - DEBUG - PIL.PngImagePlugin - STREAM b'IHDR' 16 13
2026-09-08 00:50:43,685 - DEBUG - PIL.PngImagePlugin - STREAM b'IDAT' 41 53758
2026-09-08 00:50:43,695 - DEBUG - PIL.PngImagePlugin - STREAM b'IHDR' 16 13
2026-09-08 00:50:43,695 - DEBUG - PIL.PngImagePlugin - STREAM b'IDAT' 41 65536
2026-09-08 00:50:43,703 - DEBUG - PIL.PngImagePlugin - STREAM b'IHDR' 16 13
2026-09-08 00:50:43,703 - DEBUG - PIL.PngImagePlugin - STREAM b'IDAT' 41 58612
2026-09-08 00:50:43,714 - DEBUG - PIL.PngImagePlugin - STREAM b'IHDR' 16 13
2026-09-08 00:50:43,715 - DEBUG - PIL.PngImagePlugin - STREAM b'IDAT' 41 63613
2026-09-08 00:50:43,723 - DEBUG - PIL.PngImagePlugin - STREAM b'IHDR' 16 13
2026-09-08 00:50:43,724 - DEBUG - PIL.PngImagePlugin - STREAM b'IDAT' 41 65536
2026-09-08 00:50:43,733 - DEBUG - PIL.PngImagePlugin - STREAM b'IHDR' 16 13
2026-09-08 00:50:43,733 - DEBUG - PIL.PngImagePlugin - STREAM b'IDAT' 41 63580
2026-09-08 00:50:43,743 - DEBUG - PIL.PngImagePlugin - STREAM b'IHDR' 16 13
2026-09-08 00:50:43,743 - DEBUG - PIL.PngImagePlugin - STREAM b'IDAT' 41 64126
2026-09-08 00:50:43,752 - DEBUG - PIL.PngImagePlugin - STREAM b'IHDR' 16 13
2026-09-08 00:50:43,752 - DEBUG - PIL.PngImagePlugin - STREAM b'IDAT' 41 64126
2026-09-08 00:50:43,762 - DEBUG - PIL.PngImagePlugin - STREAM b'IHDR' 16 13
2026-09-08 00:50:43,762 - DEBUG - PIL.PngImagePlugin - STREAM b'IDAT' 41 64126
2026-09-08 00:50:43,772 - DEBUG - PIL.PngImagePlugin - STREAM b'IHDR' 16 13
2026-09-08 00:50:43,772 - DEBUG - PIL.PngImagePlugin - STREAM b'IDAT' 41 56150
2026-09-08 00:50:43,781 - DEBUG - PIL.PngImagePlugin - STREAM b'IHDR' 16 13
2026-09-08 00:50:43,781 - DEBUG - PIL.PngImagePlugin - STREAM b'IDAT' 41 64126
2026-09-08 00:50:43,790 - DEBUG - PIL.PngImagePlugin - STREAM b'IHDR' 16 13
2026-09-08 00:50:43,790 - DEBUG - PIL.PngImagePlugin - STREAM b'IDAT' 41 64126
2026-09-08 00:50:43,809 - DEBUG - PIL.PngImagePlugin - STREAM b'IHDR' 16 13
2026-09-08 00:50:43,809 - DEBUG - PIL.PngImagePlugin - STREAM b'IDAT' 41 62450
2026-09-08 00:50:44,126 - DEBUG - PIL.PngImagePlugin - STREAM b'IHDR' 16 13
2026-09-08 00:50:44,126 - DEBUG - PIL.PngImagePlugin - STREAM b'IDAT' 41 65536
2026-09-08 00:50:44,129 - DEBUG - PIL.PngImagePlugin - STREAM b'IHDR' 16 13
2026-09-08 00:50:44,129 - DEBUG - PIL.PngImagePlugin - STREAM b'IDAT' 41 65536
2026-09-08 00:50:44,233 - DEBUG - PIL.PngImagePlugin - STREAM b'IHDR' 16 13
2026-09-08 00:50:44,233 - DEBUG - PIL.PngImagePlugin - STREAM b'IDAT' 41 62450
2026-09-08 00:50:44,337 - DEBUG - PIL.PngImagePlugin - STREAM b'IHDR' 16 13
2026-09-08 00:50:44,337 - DEBUG - PIL.PngImagePlugin - STREAM b'IDAT' 41 62450
2026-09-08 00:50:44,440 - DEBUG - PIL.PngImagePlugin - STREAM b'IHDR' 16 13
2026-09-08 00:50:44,441 - DEBUG - PIL.PngImagePlugin - STREAM b'IDAT' 41 62450
2026-09-08 00:50:44,544 - DEBUG - PIL.PngImagePlugin - STREAM b'IHDR' 16 13
2026-09-08 00:50:44,544 - DEBUG - PIL.PngImagePlugin - STREAM b'IDAT' 41 62450
2026-09-08 00:50:44,647 - DEBUG - PIL.PngImagePlugin - STREAM b'IHDR' 16 13
2026-09-08 00:50:44,648 - DEBUG - PIL.PngImagePlugin - STREAM b'IDAT' 41 62450
2026-09-08 00:50:44,750 - DEBUG - PIL.PngImagePlugin - STREAM b'IHDR' 16 13
2026-09-08 00:50:44,751 - DEBUG - PIL.PngImagePlugin - STREAM b'IDAT' 41 62450
2026-09-08 00:50:44,853 - DEBUG - PIL.PngImagePlugin - STREAM b'IHDR' 16 13
2026-09-08 00:50:44,854 - DEBUG - PIL.PngImagePlugin - STREAM b'IDAT' 41 62450
2026-09-08 00:50:44,956 - DEBUG - PIL.PngImagePlugin - STREAM b'IHDR' 16 13
2026-09-08 00:50:44,957 - DEBUG - PIL.PngImagePlugin - STREAM b'IDAT' 41 62450
2026-09-08 00:50:45,060 - DEBUG - PIL.PngImagePlugin - STREAM b'IHDR' 16 13
2026-09-08 00:50:45,060 - DEBUG - PIL.PngImagePlugin - STREAM b'IDAT' 41 62450
2026-09-08 00:50:45,163 - DEBUG - PIL.PngImagePlugin - STREAM b'IHDR' 16 13
2026-09-08 00:50:45,163 - DEBUG - PIL.PngImagePlugin - STREAM b'IDAT' 41 62450
2026-09-08 00:56:33,782 - INFO - KGameTracker - ℹ️  ==================================================
2026-09-08 00:56:33,782 - INFO - KGameTracker - ℹ️  K GAME TRACKER - CERRADA
2026-09-08 00:56:33,782 - INFO - KGameTracker - ℹ️  ==================================================
2026-09-08 01:01:24,605 - INFO - KGameTracker - ℹ️  ==================================================
2026-09-08 01:01:24,605 - INFO - KGameTracker - ℹ️  K GAME TRACKER - INICIADA
2026-09-08 01:01:24,605 - INFO - KGameTracker - ℹ️  ==================================================
2026-09-08 01:01:24,605 - INFO - KGameTracker - ℹ️  ✅ Autostart habilitado
2026-09-08 01:01:24,617 - INFO - KGameTracker - ℹ️  📢 Notificación: K GAME TRACKER
2026-09-08 01:01:24,729 - DEBUG - PIL.Image - Importing PngImagePlugin
2026-09-08 01:01:24,736 - DEBUG - PIL.PngImagePlugin - STREAM b'IHDR' 16 13
2026-09-08 01:01:24,736 - DEBUG - PIL.PngImagePlugin - STREAM b'caBX' 41 5758
2026-09-08 01:01:24,736 - DEBUG - PIL.PngImagePlugin - b'caBX' 41 5758 (unknown)
2026-09-08 01:01:24,736 - DEBUG - PIL.PngImagePlugin - STREAM b'IDAT' 5811 65536
2026-09-08 01:01:27,232 - DEBUG - PIL.PngImagePlugin - STREAM b'IHDR' 16 13
2026-09-08 01:01:27,232 - DEBUG - PIL.PngImagePlugin - STREAM b'caBX' 41 5758
2026-09-08 01:01:27,232 - DEBUG - PIL.PngImagePlugin - b'caBX' 41 5758 (unknown)
2026-09-08 01:01:27,232 - DEBUG - PIL.PngImagePlugin - STREAM b'IDAT' 5811 65536
2026-09-08 01:01:27,261 - DEBUG - PIL.PngImagePlugin - STREAM b'IHDR' 16 13
2026-09-08 01:01:27,261 - DEBUG - PIL.PngImagePlugin - STREAM b'IDAT' 41 53758
2026-09-08 01:01:27,265 - DEBUG - PIL.PngImagePlugin - STREAM b'IHDR' 16 13
2026-09-08 01:01:27,265 - DEBUG - PIL.PngImagePlugin - STREAM b'IDAT' 41 65536
2026-09-08 01:01:27,268 - DEBUG - PIL.PngImagePlugin - STREAM b'IHDR' 16 13
2026-09-08 01:01:27,268 - DEBUG - PIL.PngImagePlugin - STREAM b'IDAT' 41 58612
2026-09-08 01:01:27,271 - DEBUG - PIL.PngImagePlugin - STREAM b'IHDR' 16 13
2026-09-08 01:01:27,272 - DEBUG - PIL.PngImagePlugin - STREAM b'IDAT' 41 63613
2026-09-08 01:01:27,275 - DEBUG - PIL.PngImagePlugin - STREAM b'IHDR' 16 13
2026-09-08 01:01:27,276 - DEBUG - PIL.PngImagePlugin - STREAM b'IDAT' 41 65536
2026-09-08 01:01:27,279 - DEBUG - PIL.PngImagePlugin - STREAM b'IHDR' 16 13
2026-09-08 01:01:27,280 - DEBUG - PIL.PngImagePlugin - STREAM b'IDAT' 41 63580
2026-09-08 01:01:27,283 - DEBUG - PIL.PngImagePlugin - STREAM b'IHDR' 16 13
2026-09-08 01:01:27,284 - DEBUG - PIL.PngImagePlugin - STREAM b'IDAT' 41 64126
2026-09-08 01:01:27,287 - DEBUG - PIL.PngImagePlugin - STREAM b'IHDR' 16 13
2026-09-08 01:01:27,287 - DEBUG - PIL.PngImagePlugin - STREAM b'IDAT' 41 64126
2026-09-08 01:01:27,291 - DEBUG - PIL.PngImagePlugin - STREAM b'IHDR' 16 13
2026-09-08 01:01:27,291 - DEBUG - PIL.PngImagePlugin - STREAM b'IDAT' 41 64126
2026-09-08 01:01:27,295 - DEBUG - PIL.PngImagePlugin - STREAM b'IHDR' 16 13
2026-09-08 01:01:27,295 - DEBUG - PIL.PngImagePlugin - STREAM b'IDAT' 41 56150
2026-09-08 01:01:27,299 - DEBUG - PIL.PngImagePlugin - STREAM b'IHDR' 16 13
2026-09-08 01:01:27,299 - DEBUG - PIL.PngImagePlugin - STREAM b'IDAT' 41 64126
2026-09-08 01:01:27,303 - DEBUG - PIL.PngImagePlugin - STREAM b'IHDR' 16 13
2026-09-08 01:01:27,303 - DEBUG - PIL.PngImagePlugin - STREAM b'IDAT' 41 64126
2026-09-08 01:01:27,316 - DEBUG - PIL.PngImagePlugin - STREAM b'IHDR' 16 13
2026-09-08 01:01:27,316 - DEBUG - PIL.PngImagePlugin - STREAM b'IDAT' 41 62450
2026-09-08 01:01:27,410 - DEBUG - PIL.PngImagePlugin - STREAM b'IHDR' 16 13
2026-09-08 01:01:27,411 - DEBUG - PIL.PngImagePlugin - STREAM b'IDAT' 41 65536
2026-09-08 01:01:27,414 - DEBUG - PIL.PngImagePlugin - STREAM b'IHDR' 16 13
2026-09-08 01:01:27,414 - DEBUG - PIL.PngImagePlugin - STREAM b'IDAT' 41 65536
2026-09-08 01:01:27,546 - DEBUG - PIL.PngImagePlugin - STREAM b'IHDR' 16 13
2026-09-08 01:01:27,546 - DEBUG - PIL.PngImagePlugin - STREAM b'IDAT' 41 62450
2026-09-08 01:01:27,650 - DEBUG - PIL.PngImagePlugin - STREAM b'IHDR' 16 13
2026-09-08 01:01:27,651 - DEBUG - PIL.PngImagePlugin - STREAM b'IDAT' 41 62450
2026-09-08 01:01:27,753 - DEBUG - PIL.PngImagePlugin - STREAM b'IHDR' 16 13
2026-09-08 01:01:27,754 - DEBUG - PIL.PngImagePlugin - STREAM b'IDAT' 41 62450
2026-09-08 01:01:27,857 - DEBUG - PIL.PngImagePlugin - STREAM b'IHDR' 16 13
2026-09-08 01:01:27,857 - DEBUG - PIL.PngImagePlugin - STREAM b'IDAT' 41 62450
2026-09-08 01:01:27,960 - DEBUG - PIL.PngImagePlugin - STREAM b'IHDR' 16 13
2026-09-08 01:01:27,960 - DEBUG - PIL.PngImagePlugin - STREAM b'IDAT' 41 62450
2026-09-08 01:01:28,063 - DEBUG - PIL.PngImagePlugin - STREAM b'IHDR' 16 13
2026-09-08 01:01:28,063 - DEBUG - PIL.PngImagePlugin - STREAM b'IDAT' 41 62450
2026-09-08 01:01:28,166 - DEBUG - PIL.PngImagePlugin - STREAM b'IHDR' 16 13
2026-09-08 01:01:28,166 - DEBUG - PIL.PngImagePlugin - STREAM b'IDAT' 41 62450
2026-09-08 01:01:28,269 - DEBUG - PIL.PngImagePlugin - STREAM b'IHDR' 16 13
2026-09-08 01:01:28,269 - DEBUG - PIL.PngImagePlugin - STREAM b'IDAT' 41 62450
2026-09-08 01:01:28,372 - DEBUG - PIL.PngImagePlugin - STREAM b'IHDR' 16 13
2026-09-08 01:01:28,372 - DEBUG - PIL.PngImagePlugin - STREAM b'IDAT' 41 62450
2026-09-08 01:01:28,476 - DEBUG - PIL.PngImagePlugin - STREAM b'IHDR' 16 13
2026-09-08 01:01:28,476 - DEBUG - PIL.PngImagePlugin - STREAM b'IDAT' 41 62450
2026-09-08 01:01:37,009 - DEBUG - urllib3.connectionpool - Starting new HTTPS connection (1): www.gamerpower.com:443
2026-09-08 01:01:37,186 - DEBUG - urllib3.connectionpool - https://www.gamerpower.com:443 "GET /api/giveaways?type=game HTTP/1.1" 200 None
2026-09-08 01:01:39,231 - DEBUG - urllib3.connectionpool - Starting new HTTPS connection (1): www.gamerpower.com:443
2026-09-08 01:01:39,334 - DEBUG - urllib3.connectionpool - https://www.gamerpower.com:443 "GET /api/giveaways?type=game HTTP/1.1" 200 None
2026-09-08 01:03:13,488 - INFO - KGameTracker - ℹ️  ==================================================
2026-09-08 01:03:13,488 - INFO - KGameTracker - ℹ️  K GAME TRACKER - CERRADA
2026-09-08 01:03:13,488 - INFO - KGameTracker - ℹ️  ==================================================
2026-09-08 01:07:27,394 - INFO - KGameTracker - ℹ️  ==================================================
2026-09-08 01:07:27,394 - INFO - KGameTracker - ℹ️  K GAME TRACKER - INICIADA
2026-09-08 01:07:27,394 - INFO - KGameTracker - ℹ️  ==================================================
2026-09-08 01:07:27,395 - INFO - KGameTracker - ℹ️  ✅ Autostart habilitado
2026-09-08 01:07:27,406 - INFO - KGameTracker - ℹ️  📢 Notificación: K GAME TRACKER
2026-09-08 01:07:27,499 - DEBUG - PIL.Image - Importing PngImagePlugin
2026-09-08 01:07:27,506 - DEBUG - PIL.PngImagePlugin - STREAM b'IHDR' 16 13
2026-09-08 01:07:27,507 - DEBUG - PIL.PngImagePlugin - STREAM b'caBX' 41 5758
2026-09-08 01:07:27,507 - DEBUG - PIL.PngImagePlugin - b'caBX' 41 5758 (unknown)
2026-09-08 01:07:27,507 - DEBUG - PIL.PngImagePlugin - STREAM b'IDAT' 5811 65536
2026-09-08 01:07:29,955 - DEBUG - PIL.PngImagePlugin - STREAM b'IHDR' 16 13
2026-09-08 01:07:29,955 - DEBUG - PIL.PngImagePlugin - STREAM b'caBX' 41 5758
2026-09-08 01:07:29,955 - DEBUG - PIL.PngImagePlugin - b'caBX' 41 5758 (unknown)
2026-09-08 01:07:29,955 - DEBUG - PIL.PngImagePlugin - STREAM b'IDAT' 5811 65536
2026-09-08 01:07:29,982 - DEBUG - PIL.PngImagePlugin - STREAM b'IHDR' 16 13
2026-09-08 01:07:29,982 - DEBUG - PIL.PngImagePlugin - STREAM b'IDAT' 41 53758
2026-09-08 01:07:29,988 - DEBUG - PIL.PngImagePlugin - STREAM b'IHDR' 16 13
2026-09-08 01:07:29,988 - DEBUG - PIL.PngImagePlugin - STREAM b'IDAT' 41 65536
2026-09-08 01:07:29,991 - DEBUG - PIL.PngImagePlugin - STREAM b'IHDR' 16 13
2026-09-08 01:07:29,992 - DEBUG - PIL.PngImagePlugin - STREAM b'IDAT' 41 58612
2026-09-08 01:07:29,995 - DEBUG - PIL.PngImagePlugin - STREAM b'IHDR' 16 13
2026-09-08 01:07:29,995 - DEBUG - PIL.PngImagePlugin - STREAM b'IDAT' 41 63613
2026-09-08 01:07:29,998 - DEBUG - PIL.PngImagePlugin - STREAM b'IHDR' 16 13
2026-09-08 01:07:29,999 - DEBUG - PIL.PngImagePlugin - STREAM b'IDAT' 41 65536
2026-09-08 01:07:30,003 - DEBUG - PIL.PngImagePlugin - STREAM b'IHDR' 16 13
2026-09-08 01:07:30,003 - DEBUG - PIL.PngImagePlugin - STREAM b'IDAT' 41 63580
2026-09-08 01:07:30,007 - DEBUG - PIL.PngImagePlugin - STREAM b'IHDR' 16 13
2026-09-08 01:07:30,007 - DEBUG - PIL.PngImagePlugin - STREAM b'IDAT' 41 64126
2026-09-08 01:07:30,011 - DEBUG - PIL.PngImagePlugin - STREAM b'IHDR' 16 13
2026-09-08 01:07:30,011 - DEBUG - PIL.PngImagePlugin - STREAM b'IDAT' 41 64126
2026-09-08 01:07:30,015 - DEBUG - PIL.PngImagePlugin - STREAM b'IHDR' 16 13
2026-09-08 01:07:30,015 - DEBUG - PIL.PngImagePlugin - STREAM b'IDAT' 41 64126
2026-09-08 01:07:30,019 - DEBUG - PIL.PngImagePlugin - STREAM b'IHDR' 16 13
2026-09-08 01:07:30,019 - DEBUG - PIL.PngImagePlugin - STREAM b'IDAT' 41 56150
2026-09-08 01:07:30,022 - DEBUG - PIL.PngImagePlugin - STREAM b'IHDR' 16 13
2026-09-08 01:07:30,023 - DEBUG - PIL.PngImagePlugin - STREAM b'IDAT' 41 64126
2026-09-08 01:07:30,026 - DEBUG - PIL.PngImagePlugin - STREAM b'IHDR' 16 13
2026-09-08 01:07:30,027 - DEBUG - PIL.PngImagePlugin - STREAM b'IDAT' 41 64126
2026-09-08 01:07:30,043 - DEBUG - PIL.PngImagePlugin - STREAM b'IHDR' 16 13
2026-09-08 01:07:30,044 - DEBUG - PIL.PngImagePlugin - STREAM b'IDAT' 41 62450
2026-09-08 01:07:30,143 - DEBUG - PIL.PngImagePlugin - STREAM b'IHDR' 16 13
2026-09-08 01:07:30,144 - DEBUG - PIL.PngImagePlugin - STREAM b'IDAT' 41 65536
2026-09-08 01:07:30,146 - DEBUG - PIL.PngImagePlugin - STREAM b'IHDR' 16 13
2026-09-08 01:07:30,147 - DEBUG - PIL.PngImagePlugin - STREAM b'IDAT' 41 65536
2026-09-08 01:07:30,270 - DEBUG - PIL.PngImagePlugin - STREAM b'IHDR' 16 13
2026-09-08 01:07:30,270 - DEBUG - PIL.PngImagePlugin - STREAM b'IDAT' 41 62450
2026-09-08 01:07:30,373 - DEBUG - PIL.PngImagePlugin - STREAM b'IHDR' 16 13
2026-09-08 01:07:30,373 - DEBUG - PIL.PngImagePlugin - STREAM b'IDAT' 41 62450
2026-09-08 01:07:30,476 - DEBUG - PIL.PngImagePlugin - STREAM b'IHDR' 16 13
2026-09-08 01:07:30,477 - DEBUG - PIL.PngImagePlugin - STREAM b'IDAT' 41 62450
2026-09-08 01:07:30,579 - DEBUG - PIL.PngImagePlugin - STREAM b'IHDR' 16 13
2026-09-08 01:07:30,580 - DEBUG - PIL.PngImagePlugin - STREAM b'IDAT' 41 62450
2026-09-08 01:07:30,683 - DEBUG - PIL.PngImagePlugin - STREAM b'IHDR' 16 13
2026-09-08 01:07:30,684 - DEBUG - PIL.PngImagePlugin - STREAM b'IDAT' 41 62450
2026-09-08 01:07:30,786 - DEBUG - PIL.PngImagePlugin - STREAM b'IHDR' 16 13
2026-09-08 01:07:30,787 - DEBUG - PIL.PngImagePlugin - STREAM b'IDAT' 41 62450
2026-09-08 01:07:30,890 - DEBUG - PIL.PngImagePlugin - STREAM b'IHDR' 16 13
2026-09-08 01:07:30,890 - DEBUG - PIL.PngImagePlugin - STREAM b'IDAT' 41 62450
2026-09-08 01:07:30,993 - DEBUG - PIL.PngImagePlugin - STREAM b'IHDR' 16 13
2026-09-08 01:07:30,993 - DEBUG - PIL.PngImagePlugin - STREAM b'IDAT' 41 62450
2026-09-08 01:07:31,097 - DEBUG - PIL.PngImagePlugin - STREAM b'IHDR' 16 13
2026-09-08 01:07:31,097 - DEBUG - PIL.PngImagePlugin - STREAM b'IDAT' 41 62450
2026-09-08 01:07:31,200 - DEBUG - PIL.PngImagePlugin - STREAM b'IHDR' 16 13
2026-09-08 01:07:31,200 - DEBUG - PIL.PngImagePlugin - STREAM b'IDAT' 41 62450
2026-09-08 01:07:32,034 - DEBUG - PIL.PngImagePlugin - STREAM b'IHDR' 16 13
2026-09-08 01:07:32,034 - DEBUG - PIL.PngImagePlugin - STREAM b'IDAT' 41 62450
2026-09-08 01:07:32,042 - DEBUG - PIL.PngImagePlugin - STREAM b'IHDR' 16 13
2026-09-08 01:07:32,042 - DEBUG - PIL.PngImagePlugin - STREAM b'IDAT' 41 62450
2026-09-08 01:07:32,050 - DEBUG - PIL.PngImagePlugin - STREAM b'IHDR' 16 13
2026-09-08 01:07:32,050 - DEBUG - PIL.PngImagePlugin - STREAM b'IDAT' 41 62450
2026-09-08 01:07:32,058 - DEBUG - PIL.PngImagePlugin - STREAM b'IHDR' 16 13
2026-09-08 01:07:32,059 - DEBUG - PIL.PngImagePlugin - STREAM b'IDAT' 41 62450
2026-09-08 01:07:32,066 - DEBUG - PIL.PngImagePlugin - STREAM b'IHDR' 16 13
2026-09-08 01:07:32,066 - DEBUG - PIL.PngImagePlugin - STREAM b'IDAT' 41 62450
2026-09-08 01:07:32,074 - DEBUG - PIL.PngImagePlugin - STREAM b'IHDR' 16 13
2026-09-08 01:07:32,075 - DEBUG - PIL.PngImagePlugin - STREAM b'IDAT' 41 62450
2026-09-08 01:07:32,082 - DEBUG - PIL.PngImagePlugin - STREAM b'IHDR' 16 13
2026-09-08 01:07:32,083 - DEBUG - PIL.PngImagePlugin - STREAM b'IDAT' 41 62450
2026-09-08 01:07:32,090 - DEBUG - PIL.PngImagePlugin - STREAM b'IHDR' 16 13
2026-09-08 01:07:32,090 - DEBUG - PIL.PngImagePlugin - STREAM b'IDAT' 41 62450
2026-09-08 01:07:32,098 - DEBUG - PIL.PngImagePlugin - STREAM b'IHDR' 16 13
2026-09-08 01:07:32,098 - DEBUG - PIL.PngImagePlugin - STREAM b'IDAT' 41 62450
2026-09-08 01:07:32,106 - DEBUG - PIL.PngImagePlugin - STREAM b'IHDR' 16 13
2026-09-08 01:07:32,106 - DEBUG - PIL.PngImagePlugin - STREAM b'IDAT' 41 62450
2026-09-08 01:07:32,114 - DEBUG - PIL.PngImagePlugin - STREAM b'IHDR' 16 13
2026-09-08 01:07:32,114 - DEBUG - PIL.PngImagePlugin - STREAM b'IDAT' 41 62450
2026-09-08 01:07:32,122 - DEBUG - PIL.PngImagePlugin - STREAM b'IHDR' 16 13
2026-09-08 01:07:32,122 - DEBUG - PIL.PngImagePlugin - STREAM b'IDAT' 41 62450
2026-09-08 01:07:32,130 - DEBUG - PIL.PngImagePlugin - STREAM b'IHDR' 16 13
2026-09-08 01:07:32,130 - DEBUG - PIL.PngImagePlugin - STREAM b'IDAT' 41 62450
2026-09-08 01:07:32,138 - DEBUG - PIL.PngImagePlugin - STREAM b'IHDR' 16 13
2026-09-08 01:07:32,138 - DEBUG - PIL.PngImagePlugin - STREAM b'IDAT' 41 62450
2026-09-08 01:07:32,170 - DEBUG - PIL.PngImagePlugin - STREAM b'IHDR' 16 13
2026-09-08 01:07:32,170 - DEBUG - PIL.PngImagePlugin - STREAM b'IDAT' 41 62450
2026-09-08 01:07:32,186 - DEBUG - PIL.PngImagePlugin - STREAM b'IHDR' 16 13
2026-09-08 01:07:32,186 - DEBUG - PIL.PngImagePlugin - STREAM b'IDAT' 41 62450
2026-09-08 01:07:32,194 - DEBUG - PIL.PngImagePlugin - STREAM b'IHDR' 16 13
2026-09-08 01:07:32,194 - DEBUG - PIL.PngImagePlugin - STREAM b'IDAT' 41 62450
2026-09-08 01:07:32,210 - DEBUG - PIL.PngImagePlugin - STREAM b'IHDR' 16 13
2026-09-08 01:07:32,210 - DEBUG - PIL.PngImagePlugin - STREAM b'IDAT' 41 62450
2026-09-08 01:07:32,217 - DEBUG - PIL.PngImagePlugin - STREAM b'IHDR' 16 13
2026-09-08 01:07:32,218 - DEBUG - PIL.PngImagePlugin - STREAM b'IDAT' 41 62450
2026-09-08 01:07:32,226 - DEBUG - PIL.PngImagePlugin - STREAM b'IHDR' 16 13
2026-09-08 01:07:32,226 - DEBUG - PIL.PngImagePlugin - STREAM b'IDAT' 41 62450
2026-09-08 01:07:32,233 - DEBUG - PIL.PngImagePlugin - STREAM b'IHDR' 16 13
2026-09-08 01:07:32,234 - DEBUG - PIL.PngImagePlugin - STREAM b'IDAT' 41 62450
2026-09-08 01:07:32,241 - DEBUG - PIL.PngImagePlugin - STREAM b'IHDR' 16 13
2026-09-08 01:07:32,242 - DEBUG - PIL.PngImagePlugin - STREAM b'IDAT' 41 62450
2026-09-08 01:07:32,250 - DEBUG - PIL.PngImagePlugin - STREAM b'IHDR' 16 13
2026-09-08 01:07:32,250 - DEBUG - PIL.PngImagePlugin - STREAM b'IDAT' 41 62450
2026-09-08 01:07:32,258 - DEBUG - PIL.PngImagePlugin - STREAM b'IHDR' 16 13
2026-09-08 01:07:32,258 - DEBUG - PIL.PngImagePlugin - STREAM b'IDAT' 41 62450
2026-09-08 01:07:32,265 - DEBUG - PIL.PngImagePlugin - STREAM b'IHDR' 16 13
2026-09-08 01:07:32,266 - DEBUG - PIL.PngImagePlugin - STREAM b'IDAT' 41 62450
2026-09-08 01:07:32,282 - DEBUG - PIL.PngImagePlugin - STREAM b'IHDR' 16 13
2026-09-08 01:07:32,282 - DEBUG - PIL.PngImagePlugin - STREAM b'IDAT' 41 62450
2026-09-08 01:07:32,290 - DEBUG - PIL.PngImagePlugin - STREAM b'IHDR' 16 13
2026-09-08 01:07:32,290 - DEBUG - PIL.PngImagePlugin - STREAM b'IDAT' 41 62450
2026-09-08 01:07:32,808 - DEBUG - PIL.PngImagePlugin - STREAM b'IHDR' 16 13
2026-09-08 01:07:32,809 - DEBUG - PIL.PngImagePlugin - STREAM b'IDAT' 41 62450
2026-09-08 01:07:32,832 - DEBUG - PIL.PngImagePlugin - STREAM b'IHDR' 16 13
2026-09-08 01:07:32,832 - DEBUG - PIL.PngImagePlugin - STREAM b'IDAT' 41 62450
2026-09-08 01:07:32,841 - DEBUG - PIL.PngImagePlugin - STREAM b'IHDR' 16 13
2026-09-08 01:07:32,841 - DEBUG - PIL.PngImagePlugin - STREAM b'IDAT' 41 62450
2026-09-08 01:07:32,856 - DEBUG - PIL.PngImagePlugin - STREAM b'IHDR' 16 13
2026-09-08 01:07:32,857 - DEBUG - PIL.PngImagePlugin - STREAM b'IDAT' 41 62450
2026-09-08 01:07:32,928 - DEBUG - PIL.PngImagePlugin - STREAM b'IHDR' 16 13
2026-09-08 01:07:32,928 - DEBUG - PIL.PngImagePlugin - STREAM b'IDAT' 41 62450
2026-09-08 01:07:32,960 - DEBUG - PIL.PngImagePlugin - STREAM b'IHDR' 16 13
2026-09-08 01:07:32,960 - DEBUG - PIL.PngImagePlugin - STREAM b'IDAT' 41 62450
2026-09-08 01:07:32,968 - DEBUG - PIL.PngImagePlugin - STREAM b'IHDR' 16 13
2026-09-08 01:07:32,968 - DEBUG - PIL.PngImagePlugin - STREAM b'IDAT' 41 62450
2026-09-08 01:07:33,000 - DEBUG - PIL.PngImagePlugin - STREAM b'IHDR' 16 13
2026-09-08 01:07:33,000 - DEBUG - PIL.PngImagePlugin - STREAM b'IDAT' 41 62450
2026-09-08 01:07:33,062 - DEBUG - PIL.PngImagePlugin - STREAM b'IHDR' 16 13
2026-09-08 01:07:33,062 - DEBUG - PIL.PngImagePlugin - STREAM b'IDAT' 41 62450
2026-09-08 01:07:33,142 - DEBUG - PIL.PngImagePlugin - STREAM b'IHDR' 16 13
2026-09-08 01:07:33,142 - DEBUG - PIL.PngImagePlugin - STREAM b'IDAT' 41 62450
2026-09-08 01:07:33,166 - DEBUG - PIL.PngImagePlugin - STREAM b'IHDR' 16 13
2026-09-08 01:07:33,166 - DEBUG - PIL.PngImagePlugin - STREAM b'IDAT' 41 62450
2026-09-08 01:07:33,174 - DEBUG - PIL.PngImagePlugin - STREAM b'IHDR' 16 13
2026-09-08 01:07:33,175 - DEBUG - PIL.PngImagePlugin - STREAM b'IDAT' 41 62450
2026-09-08 01:07:33,198 - DEBUG - PIL.PngImagePlugin - STREAM b'IHDR' 16 13
2026-09-08 01:07:33,198 - DEBUG - PIL.PngImagePlugin - STREAM b'IDAT' 41 62450
2026-09-08 01:07:34,387 - DEBUG - urllib3.connectionpool - Starting new HTTPS connection (1): www.gamerpower.com:443
2026-09-08 01:07:34,524 - DEBUG - urllib3.connectionpool - https://www.gamerpower.com:443 "GET /api/giveaways?type=game HTTP/1.1" 200 None
2026-09-08 01:09:02,744 - INFO - KGameTracker - ℹ️  ==================================================
2026-09-08 01:09:02,744 - INFO - KGameTracker - ℹ️  K GAME TRACKER - CERRADA
2026-09-08 01:09:02,745 - INFO - KGameTracker - ℹ️  ==================================================
2026-09-08 01:09:18,179 - INFO - KGameTracker - ℹ️  ==================================================
2026-09-08 01:09:18,179 - INFO - KGameTracker - ℹ️  K GAME TRACKER - INICIADA
2026-09-08 01:09:18,179 - INFO - KGameTracker - ℹ️  ==================================================
2026-09-08 01:09:18,179 - INFO - KGameTracker - ℹ️  ✅ Autostart habilitado
2026-09-08 01:09:18,190 - INFO - KGameTracker - ℹ️  📢 Notificación: K GAME TRACKER
2026-09-08 01:09:18,291 - DEBUG - PIL.Image - Importing PngImagePlugin
2026-09-08 01:09:18,298 - DEBUG - PIL.PngImagePlugin - STREAM b'IHDR' 16 13
2026-09-08 01:09:18,298 - DEBUG - PIL.PngImagePlugin - STREAM b'caBX' 41 5758
2026-09-08 01:09:18,298 - DEBUG - PIL.PngImagePlugin - b'caBX' 41 5758 (unknown)
2026-09-08 01:09:18,298 - DEBUG - PIL.PngImagePlugin - STREAM b'IDAT' 5811 65536
2026-09-08 01:09:20,727 - DEBUG - PIL.PngImagePlugin - STREAM b'IHDR' 16 13
2026-09-08 01:09:20,727 - DEBUG - PIL.PngImagePlugin - STREAM b'caBX' 41 5758
2026-09-08 01:09:20,728 - DEBUG - PIL.PngImagePlugin - b'caBX' 41 5758 (unknown)
2026-09-08 01:09:20,728 - DEBUG - PIL.PngImagePlugin - STREAM b'IDAT' 5811 65536
2026-09-08 01:09:20,755 - DEBUG - PIL.PngImagePlugin - STREAM b'IHDR' 16 13
2026-09-08 01:09:20,755 - DEBUG - PIL.PngImagePlugin - STREAM b'IDAT' 41 53758
2026-09-08 01:09:20,759 - DEBUG - PIL.PngImagePlugin - STREAM b'IHDR' 16 13
2026-09-08 01:09:20,759 - DEBUG - PIL.PngImagePlugin - STREAM b'IDAT' 41 65536
2026-09-08 01:09:20,764 - DEBUG - PIL.PngImagePlugin - STREAM b'IHDR' 16 13
2026-09-08 01:09:20,764 - DEBUG - PIL.PngImagePlugin - STREAM b'IDAT' 41 58612
2026-09-08 01:09:20,767 - DEBUG - PIL.PngImagePlugin - STREAM b'IHDR' 16 13
2026-09-08 01:09:20,767 - DEBUG - PIL.PngImagePlugin - STREAM b'IDAT' 41 63613
2026-09-08 01:09:20,770 - DEBUG - PIL.PngImagePlugin - STREAM b'IHDR' 16 13
2026-09-08 01:09:20,771 - DEBUG - PIL.PngImagePlugin - STREAM b'IDAT' 41 65536
2026-09-08 01:09:20,775 - DEBUG - PIL.PngImagePlugin - STREAM b'IHDR' 16 13
2026-09-08 01:09:20,775 - DEBUG - PIL.PngImagePlugin - STREAM b'IDAT' 41 63580
2026-09-08 01:09:20,779 - DEBUG - PIL.PngImagePlugin - STREAM b'IHDR' 16 13
2026-09-08 01:09:20,779 - DEBUG - PIL.PngImagePlugin - STREAM b'IDAT' 41 64126
2026-09-08 01:09:20,783 - DEBUG - PIL.PngImagePlugin - STREAM b'IHDR' 16 13
2026-09-08 01:09:20,783 - DEBUG - PIL.PngImagePlugin - STREAM b'IDAT' 41 64126
2026-09-08 01:09:20,786 - DEBUG - PIL.PngImagePlugin - STREAM b'IHDR' 16 13
2026-09-08 01:09:20,787 - DEBUG - PIL.PngImagePlugin - STREAM b'IDAT' 41 64126
2026-09-08 01:09:20,790 - DEBUG - PIL.PngImagePlugin - STREAM b'IHDR' 16 13
2026-09-08 01:09:20,791 - DEBUG - PIL.PngImagePlugin - STREAM b'IDAT' 41 56150
2026-09-08 01:09:20,794 - DEBUG - PIL.PngImagePlugin - STREAM b'IHDR' 16 13
2026-09-08 01:09:20,794 - DEBUG - PIL.PngImagePlugin - STREAM b'IDAT' 41 64126
2026-09-08 01:09:20,798 - DEBUG - PIL.PngImagePlugin - STREAM b'IHDR' 16 13
2026-09-08 01:09:20,799 - DEBUG - PIL.PngImagePlugin - STREAM b'IDAT' 41 64126
2026-09-08 01:09:20,812 - DEBUG - PIL.PngImagePlugin - STREAM b'IHDR' 16 13
2026-09-08 01:09:20,812 - DEBUG - PIL.PngImagePlugin - STREAM b'IDAT' 41 62450
2026-09-08 01:09:20,908 - DEBUG - PIL.PngImagePlugin - STREAM b'IHDR' 16 13
2026-09-08 01:09:20,908 - DEBUG - PIL.PngImagePlugin - STREAM b'IDAT' 41 65536
2026-09-08 01:09:20,911 - DEBUG - PIL.PngImagePlugin - STREAM b'IHDR' 16 13
2026-09-08 01:09:20,911 - DEBUG - PIL.PngImagePlugin - STREAM b'IDAT' 41 65536
2026-09-08 01:09:21,026 - DEBUG - PIL.PngImagePlugin - STREAM b'IHDR' 16 13
2026-09-08 01:09:21,026 - DEBUG - PIL.PngImagePlugin - STREAM b'IDAT' 41 62450
2026-09-08 01:09:21,129 - DEBUG - PIL.PngImagePlugin - STREAM b'IHDR' 16 13
2026-09-08 01:09:21,130 - DEBUG - PIL.PngImagePlugin - STREAM b'IDAT' 41 62450
2026-09-08 01:09:21,234 - DEBUG - PIL.PngImagePlugin - STREAM b'IHDR' 16 13
2026-09-08 01:09:21,234 - DEBUG - PIL.PngImagePlugin - STREAM b'IDAT' 41 62450
2026-09-08 01:09:21,337 - DEBUG - PIL.PngImagePlugin - STREAM b'IHDR' 16 13
2026-09-08 01:09:21,337 - DEBUG - PIL.PngImagePlugin - STREAM b'IDAT' 41 62450
2026-09-08 01:09:21,440 - DEBUG - PIL.PngImagePlugin - STREAM b'IHDR' 16 13
2026-09-08 01:09:21,440 - DEBUG - PIL.PngImagePlugin - STREAM b'IDAT' 41 62450
2026-09-08 01:09:21,544 - DEBUG - PIL.PngImagePlugin - STREAM b'IHDR' 16 13
2026-09-08 01:09:21,544 - DEBUG - PIL.PngImagePlugin - STREAM b'IDAT' 41 62450
2026-09-08 01:09:21,647 - DEBUG - PIL.PngImagePlugin - STREAM b'IHDR' 16 13
2026-09-08 01:09:21,647 - DEBUG - PIL.PngImagePlugin - STREAM b'IDAT' 41 62450
2026-09-08 01:09:21,750 - DEBUG - PIL.PngImagePlugin - STREAM b'IHDR' 16 13
2026-09-08 01:09:21,750 - DEBUG - PIL.PngImagePlugin - STREAM b'IDAT' 41 62450
2026-09-08 01:09:21,853 - DEBUG - PIL.PngImagePlugin - STREAM b'IHDR' 16 13
2026-09-08 01:09:21,853 - DEBUG - PIL.PngImagePlugin - STREAM b'IDAT' 41 62450
2026-09-08 01:09:21,956 - DEBUG - PIL.PngImagePlugin - STREAM b'IHDR' 16 13
2026-09-08 01:09:21,956 - DEBUG - PIL.PngImagePlugin - STREAM b'IDAT' 41 62450
2026-09-08 01:09:23,673 - DEBUG - urllib3.connectionpool - Starting new HTTPS connection (1): www.gamerpower.com:443
2026-09-08 01:09:23,789 - DEBUG - urllib3.connectionpool - https://www.gamerpower.com:443 "GET /api/giveaways?type=game HTTP/1.1" 200 None
2026-09-08 01:10:07,372 - INFO - KGameTracker - ℹ️  ==================================================
2026-09-08 01:10:07,373 - INFO - KGameTracker - ℹ️  K GAME TRACKER - CERRADA
2026-09-08 01:10:07,373 - INFO - KGameTracker - ℹ️  ==================================================
2026-09-08 01:14:04,549 - INFO - KGameTracker - ℹ️  ==================================================
2026-09-08 01:14:04,550 - INFO - KGameTracker - ℹ️  K GAME TRACKER - INICIADA
2026-09-08 01:14:04,550 - INFO - KGameTracker - ℹ️  ==================================================
2026-09-08 01:14:04,550 - INFO - KGameTracker - ℹ️  ✅ Autostart habilitado
2026-09-08 01:14:04,561 - INFO - KGameTracker - ℹ️  📢 Notificación: K GAME TRACKER
2026-09-08 01:14:04,658 - DEBUG - PIL.Image - Importing PngImagePlugin
2026-09-08 01:14:04,668 - DEBUG - PIL.PngImagePlugin - STREAM b'IHDR' 16 13
2026-09-08 01:14:04,668 - DEBUG - PIL.PngImagePlugin - STREAM b'caBX' 41 5758
2026-09-08 01:14:04,668 - DEBUG - PIL.PngImagePlugin - b'caBX' 41 5758 (unknown)
2026-09-08 01:14:04,669 - DEBUG - PIL.PngImagePlugin - STREAM b'IDAT' 5811 65536
2026-09-08 01:14:07,129 - DEBUG - PIL.PngImagePlugin - STREAM b'IHDR' 16 13
2026-09-08 01:14:07,129 - DEBUG - PIL.PngImagePlugin - STREAM b'caBX' 41 5758
2026-09-08 01:14:07,129 - DEBUG - PIL.PngImagePlugin - b'caBX' 41 5758 (unknown)
2026-09-08 01:14:07,129 - DEBUG - PIL.PngImagePlugin - STREAM b'IDAT' 5811 65536
2026-09-08 01:14:07,156 - DEBUG - PIL.PngImagePlugin - STREAM b'IHDR' 16 13
2026-09-08 01:14:07,157 - DEBUG - PIL.PngImagePlugin - STREAM b'IDAT' 41 53758
2026-09-08 01:14:07,161 - DEBUG - PIL.PngImagePlugin - STREAM b'IHDR' 16 13
2026-09-08 01:14:07,161 - DEBUG - PIL.PngImagePlugin - STREAM b'IDAT' 41 65536
2026-09-08 01:14:07,164 - DEBUG - PIL.PngImagePlugin - STREAM b'IHDR' 16 13
2026-09-08 01:14:07,164 - DEBUG - PIL.PngImagePlugin - STREAM b'IDAT' 41 58612
2026-09-08 01:14:07,168 - DEBUG - PIL.PngImagePlugin - STREAM b'IHDR' 16 13
2026-09-08 01:14:07,168 - DEBUG - PIL.PngImagePlugin - STREAM b'IDAT' 41 63613
2026-09-08 01:14:07,172 - DEBUG - PIL.PngImagePlugin - STREAM b'IHDR' 16 13
2026-09-08 01:14:07,172 - DEBUG - PIL.PngImagePlugin - STREAM b'IDAT' 41 65536
2026-09-08 01:14:07,177 - DEBUG - PIL.PngImagePlugin - STREAM b'IHDR' 16 13
2026-09-08 01:14:07,177 - DEBUG - PIL.PngImagePlugin - STREAM b'IDAT' 41 63580
2026-09-08 01:14:07,181 - DEBUG - PIL.PngImagePlugin - STREAM b'IHDR' 16 13
2026-09-08 01:14:07,181 - DEBUG - PIL.PngImagePlugin - STREAM b'IDAT' 41 64126
2026-09-08 01:14:07,185 - DEBUG - PIL.PngImagePlugin - STREAM b'IHDR' 16 13
2026-09-08 01:14:07,185 - DEBUG - PIL.PngImagePlugin - STREAM b'IDAT' 41 64126
2026-09-08 01:14:07,189 - DEBUG - PIL.PngImagePlugin - STREAM b'IHDR' 16 13
2026-09-08 01:14:07,189 - DEBUG - PIL.PngImagePlugin - STREAM b'IDAT' 41 64126
2026-09-08 01:14:07,193 - DEBUG - PIL.PngImagePlugin - STREAM b'IHDR' 16 13
2026-09-08 01:14:07,194 - DEBUG - PIL.PngImagePlugin - STREAM b'IDAT' 41 56150
2026-09-08 01:14:07,197 - DEBUG - PIL.PngImagePlugin - STREAM b'IHDR' 16 13
2026-09-08 01:14:07,198 - DEBUG - PIL.PngImagePlugin - STREAM b'IDAT' 41 64126
2026-09-08 01:14:07,202 - DEBUG - PIL.PngImagePlugin - STREAM b'IHDR' 16 13
2026-09-08 01:14:07,202 - DEBUG - PIL.PngImagePlugin - STREAM b'IDAT' 41 64126
2026-09-08 01:14:07,219 - DEBUG - PIL.PngImagePlugin - STREAM b'IHDR' 16 13
2026-09-08 01:14:07,220 - DEBUG - PIL.PngImagePlugin - STREAM b'IDAT' 41 62450
2026-09-08 01:14:07,323 - DEBUG - PIL.PngImagePlugin - STREAM b'IHDR' 16 13
2026-09-08 01:14:07,324 - DEBUG - PIL.PngImagePlugin - STREAM b'IDAT' 41 65536
2026-09-08 01:14:07,327 - DEBUG - PIL.PngImagePlugin - STREAM b'IHDR' 16 13
2026-09-08 01:14:07,327 - DEBUG - PIL.PngImagePlugin - STREAM b'IDAT' 41 65536
2026-09-08 01:14:07,446 - DEBUG - PIL.PngImagePlugin - STREAM b'IHDR' 16 13
2026-09-08 01:14:07,446 - DEBUG - PIL.PngImagePlugin - STREAM b'IDAT' 41 62450
2026-09-08 01:14:07,549 - DEBUG - PIL.PngImagePlugin - STREAM b'IHDR' 16 13
2026-09-08 01:14:07,550 - DEBUG - PIL.PngImagePlugin - STREAM b'IDAT' 41 62450
2026-09-08 01:14:07,653 - DEBUG - PIL.PngImagePlugin - STREAM b'IHDR' 16 13
2026-09-08 01:14:07,654 - DEBUG - PIL.PngImagePlugin - STREAM b'IDAT' 41 62450
2026-09-08 01:14:07,757 - DEBUG - PIL.PngImagePlugin - STREAM b'IHDR' 16 13
2026-09-08 01:14:07,757 - DEBUG - PIL.PngImagePlugin - STREAM b'IDAT' 41 62450
2026-09-08 01:14:07,860 - DEBUG - PIL.PngImagePlugin - STREAM b'IHDR' 16 13
2026-09-08 01:14:07,860 - DEBUG - PIL.PngImagePlugin - STREAM b'IDAT' 41 62450
2026-09-08 01:14:07,963 - DEBUG - PIL.PngImagePlugin - STREAM b'IHDR' 16 13
2026-09-08 01:14:07,964 - DEBUG - PIL.PngImagePlugin - STREAM b'IDAT' 41 62450
2026-09-08 01:14:08,067 - DEBUG - PIL.PngImagePlugin - STREAM b'IHDR' 16 13
2026-09-08 01:14:08,067 - DEBUG - PIL.PngImagePlugin - STREAM b'IDAT' 41 62450
2026-09-08 01:14:08,170 - DEBUG - PIL.PngImagePlugin - STREAM b'IHDR' 16 13
2026-09-08 01:14:08,170 - DEBUG - PIL.PngImagePlugin - STREAM b'IDAT' 41 62450
2026-09-08 01:14:08,273 - DEBUG - PIL.PngImagePlugin - STREAM b'IHDR' 16 13
2026-09-08 01:14:08,274 - DEBUG - PIL.PngImagePlugin - STREAM b'IDAT' 41 62450
2026-09-08 01:14:08,377 - DEBUG - PIL.PngImagePlugin - STREAM b'IHDR' 16 13
2026-09-08 01:14:08,377 - DEBUG - PIL.PngImagePlugin - STREAM b'IDAT' 41 62450
2026-09-08 01:14:11,715 - DEBUG - urllib3.connectionpool - Starting new HTTPS connection (1): www.gamerpower.com:443
2026-09-08 01:14:11,851 - DEBUG - urllib3.connectionpool - https://www.gamerpower.com:443 "GET /api/giveaways?type=game HTTP/1.1" 200 None
2026-09-08 01:16:19,402 - INFO - KGameTracker - ℹ️  ==================================================
2026-09-08 01:16:19,402 - INFO - KGameTracker - ℹ️  K GAME TRACKER - CERRADA
2026-09-08 01:16:19,402 - INFO - KGameTracker - ℹ️  ==================================================
2026-09-08 01:16:26,334 - INFO - KGameTracker - ℹ️  ==================================================
2026-09-08 01:16:26,334 - INFO - KGameTracker - ℹ️  K GAME TRACKER - INICIADA
2026-09-08 01:16:26,334 - INFO - KGameTracker - ℹ️  ==================================================
2026-09-08 01:16:26,335 - INFO - KGameTracker - ℹ️  ✅ Autostart habilitado
2026-09-08 01:16:26,345 - INFO - KGameTracker - ℹ️  📢 Notificación: K GAME TRACKER
2026-09-08 01:16:26,447 - DEBUG - PIL.Image - Importing PngImagePlugin
2026-09-08 01:16:26,454 - DEBUG - PIL.PngImagePlugin - STREAM b'IHDR' 16 13
2026-09-08 01:16:26,454 - DEBUG - PIL.PngImagePlugin - STREAM b'caBX' 41 5758
2026-09-08 01:16:26,455 - DEBUG - PIL.PngImagePlugin - b'caBX' 41 5758 (unknown)
2026-09-08 01:16:26,455 - DEBUG - PIL.PngImagePlugin - STREAM b'IDAT' 5811 65536
2026-09-08 01:16:28,937 - DEBUG - PIL.PngImagePlugin - STREAM b'IHDR' 16 13
2026-09-08 01:16:28,937 - DEBUG - PIL.PngImagePlugin - STREAM b'caBX' 41 5758
2026-09-08 01:16:28,937 - DEBUG - PIL.PngImagePlugin - b'caBX' 41 5758 (unknown)
2026-09-08 01:16:28,938 - DEBUG - PIL.PngImagePlugin - STREAM b'IDAT' 5811 65536
2026-09-08 01:16:28,968 - DEBUG - PIL.PngImagePlugin - STREAM b'IHDR' 16 13
2026-09-08 01:16:28,969 - DEBUG - PIL.PngImagePlugin - STREAM b'IDAT' 41 53758
2026-09-08 01:16:28,973 - DEBUG - PIL.PngImagePlugin - STREAM b'IHDR' 16 13
2026-09-08 01:16:28,974 - DEBUG - PIL.PngImagePlugin - STREAM b'IDAT' 41 65536
2026-09-08 01:16:28,977 - DEBUG - PIL.PngImagePlugin - STREAM b'IHDR' 16 13
2026-09-08 01:16:28,978 - DEBUG - PIL.PngImagePlugin - STREAM b'IDAT' 41 58612
2026-09-08 01:16:28,981 - DEBUG - PIL.PngImagePlugin - STREAM b'IHDR' 16 13
2026-09-08 01:16:28,982 - DEBUG - PIL.PngImagePlugin - STREAM b'IDAT' 41 63613
2026-09-08 01:16:28,986 - DEBUG - PIL.PngImagePlugin - STREAM b'IHDR' 16 13
2026-09-08 01:16:28,986 - DEBUG - PIL.PngImagePlugin - STREAM b'IDAT' 41 65536
2026-09-08 01:16:28,992 - DEBUG - PIL.PngImagePlugin - STREAM b'IHDR' 16 13
2026-09-08 01:16:28,992 - DEBUG - PIL.PngImagePlugin - STREAM b'IDAT' 41 63580
2026-09-08 01:16:28,995 - DEBUG - PIL.PngImagePlugin - STREAM b'IHDR' 16 13
2026-09-08 01:16:28,996 - DEBUG - PIL.PngImagePlugin - STREAM b'IDAT' 41 64126
2026-09-08 01:16:29,000 - DEBUG - PIL.PngImagePlugin - STREAM b'IHDR' 16 13
2026-09-08 01:16:29,000 - DEBUG - PIL.PngImagePlugin - STREAM b'IDAT' 41 64126
2026-09-08 01:16:29,004 - DEBUG - PIL.PngImagePlugin - STREAM b'IHDR' 16 13
2026-09-08 01:16:29,004 - DEBUG - PIL.PngImagePlugin - STREAM b'IDAT' 41 64126
2026-09-08 01:16:29,009 - DEBUG - PIL.PngImagePlugin - STREAM b'IHDR' 16 13
2026-09-08 01:16:29,009 - DEBUG - PIL.PngImagePlugin - STREAM b'IDAT' 41 56150
2026-09-08 01:16:29,014 - DEBUG - PIL.PngImagePlugin - STREAM b'IHDR' 16 13
2026-09-08 01:16:29,014 - DEBUG - PIL.PngImagePlugin - STREAM b'IDAT' 41 64126
2026-09-08 01:16:29,018 - DEBUG - PIL.PngImagePlugin - STREAM b'IHDR' 16 13
2026-09-08 01:16:29,019 - DEBUG - PIL.PngImagePlugin - STREAM b'IDAT' 41 64126
2026-09-08 01:16:29,035 - DEBUG - PIL.PngImagePlugin - STREAM b'IHDR' 16 13
2026-09-08 01:16:29,035 - DEBUG - PIL.PngImagePlugin - STREAM b'IDAT' 41 62450
2026-09-08 01:16:29,139 - DEBUG - PIL.PngImagePlugin - STREAM b'IHDR' 16 13
2026-09-08 01:16:29,139 - DEBUG - PIL.PngImagePlugin - STREAM b'IDAT' 41 65536
2026-09-08 01:16:29,142 - DEBUG - PIL.PngImagePlugin - STREAM b'IHDR' 16 13
2026-09-08 01:16:29,142 - DEBUG - PIL.PngImagePlugin - STREAM b'IDAT' 41 65536
2026-09-08 01:16:29,263 - DEBUG - PIL.PngImagePlugin - STREAM b'IHDR' 16 13
2026-09-08 01:16:29,263 - DEBUG - PIL.PngImagePlugin - STREAM b'IDAT' 41 62450
2026-09-08 01:16:29,367 - DEBUG - PIL.PngImagePlugin - STREAM b'IHDR' 16 13
2026-09-08 01:16:29,368 - DEBUG - PIL.PngImagePlugin - STREAM b'IDAT' 41 62450
2026-09-08 01:16:29,471 - DEBUG - PIL.PngImagePlugin - STREAM b'IHDR' 16 13
2026-09-08 01:16:29,471 - DEBUG - PIL.PngImagePlugin - STREAM b'IDAT' 41 62450
2026-09-08 01:16:29,574 - DEBUG - PIL.PngImagePlugin - STREAM b'IHDR' 16 13
2026-09-08 01:16:29,575 - DEBUG - PIL.PngImagePlugin - STREAM b'IDAT' 41 62450
2026-09-08 01:16:29,678 - DEBUG - PIL.PngImagePlugin - STREAM b'IHDR' 16 13
2026-09-08 01:16:29,678 - DEBUG - PIL.PngImagePlugin - STREAM b'IDAT' 41 62450
2026-09-08 01:16:29,782 - DEBUG - PIL.PngImagePlugin - STREAM b'IHDR' 16 13
2026-09-08 01:16:29,782 - DEBUG - PIL.PngImagePlugin - STREAM b'IDAT' 41 62450
2026-09-08 01:16:29,886 - DEBUG - PIL.PngImagePlugin - STREAM b'IHDR' 16 13
2026-09-08 01:16:29,886 - DEBUG - PIL.PngImagePlugin - STREAM b'IDAT' 41 62450
2026-09-08 01:16:29,989 - DEBUG - PIL.PngImagePlugin - STREAM b'IHDR' 16 13
2026-09-08 01:16:29,990 - DEBUG - PIL.PngImagePlugin - STREAM b'IDAT' 41 62450
2026-09-08 01:16:30,094 - DEBUG - PIL.PngImagePlugin - STREAM b'IHDR' 16 13
2026-09-08 01:16:30,094 - DEBUG - PIL.PngImagePlugin - STREAM b'IDAT' 41 62450
2026-09-08 01:16:30,197 - DEBUG - PIL.PngImagePlugin - STREAM b'IHDR' 16 13
2026-09-08 01:16:30,197 - DEBUG - PIL.PngImagePlugin - STREAM b'IDAT' 41 62450
2026-09-08 01:16:32,608 - INFO - KGameTracker - ℹ️  ==================================================
2026-09-08 01:16:32,608 - INFO - KGameTracker - ℹ️  K GAME TRACKER - CERRADA
2026-09-08 01:16:32,608 - INFO - KGameTracker - ℹ️  ==================================================
2026-09-08 01:17:17,736 - INFO - KGameTracker - ℹ️  ==================================================
2026-09-08 01:17:17,736 - INFO - KGameTracker - ℹ️  K GAME TRACKER - INICIADA
2026-09-08 01:17:17,737 - INFO - KGameTracker - ℹ️  ==================================================
2026-09-08 01:17:17,737 - INFO - KGameTracker - ℹ️  ✅ Autostart habilitado
2026-09-08 01:17:17,748 - INFO - KGameTracker - ℹ️  📢 Notificación: K GAME TRACKER
2026-09-08 01:17:17,864 - DEBUG - PIL.Image - Importing PngImagePlugin
2026-09-08 01:17:17,878 - DEBUG - PIL.PngImagePlugin - STREAM b'IHDR' 16 13
2026-09-08 01:17:17,878 - DEBUG - PIL.PngImagePlugin - STREAM b'caBX' 41 5758
2026-09-08 01:17:17,880 - DEBUG - PIL.PngImagePlugin - b'caBX' 41 5758 (unknown)
2026-09-08 01:17:17,881 - DEBUG - PIL.PngImagePlugin - STREAM b'IDAT' 5811 65536
2026-09-08 01:17:20,349 - DEBUG - PIL.PngImagePlugin - STREAM b'IHDR' 16 13
2026-09-08 01:17:20,349 - DEBUG - PIL.PngImagePlugin - STREAM b'caBX' 41 5758
2026-09-08 01:17:20,349 - DEBUG - PIL.PngImagePlugin - b'caBX' 41 5758 (unknown)
2026-09-08 01:17:20,349 - DEBUG - PIL.PngImagePlugin - STREAM b'IDAT' 5811 65536
2026-09-08 01:17:20,378 - DEBUG - PIL.PngImagePlugin - STREAM b'IHDR' 16 13
2026-09-08 01:17:20,378 - DEBUG - PIL.PngImagePlugin - STREAM b'IDAT' 41 53758
2026-09-08 01:17:20,383 - DEBUG - PIL.PngImagePlugin - STREAM b'IHDR' 16 13
2026-09-08 01:17:20,384 - DEBUG - PIL.PngImagePlugin - STREAM b'IDAT' 41 65536
2026-09-08 01:17:20,387 - DEBUG - PIL.PngImagePlugin - STREAM b'IHDR' 16 13
2026-09-08 01:17:20,387 - DEBUG - PIL.PngImagePlugin - STREAM b'IDAT' 41 58612
2026-09-08 01:17:20,391 - DEBUG - PIL.PngImagePlugin - STREAM b'IHDR' 16 13
2026-09-08 01:17:20,391 - DEBUG - PIL.PngImagePlugin - STREAM b'IDAT' 41 63613
2026-09-08 01:17:20,395 - DEBUG - PIL.PngImagePlugin - STREAM b'IHDR' 16 13
2026-09-08 01:17:20,396 - DEBUG - PIL.PngImagePlugin - STREAM b'IDAT' 41 65536
2026-09-08 01:17:20,401 - DEBUG - PIL.PngImagePlugin - STREAM b'IHDR' 16 13
2026-09-08 01:17:20,401 - DEBUG - PIL.PngImagePlugin - STREAM b'IDAT' 41 63580
2026-09-08 01:17:20,405 - DEBUG - PIL.PngImagePlugin - STREAM b'IHDR' 16 13
2026-09-08 01:17:20,406 - DEBUG - PIL.PngImagePlugin - STREAM b'IDAT' 41 64126
2026-09-08 01:17:20,410 - DEBUG - PIL.PngImagePlugin - STREAM b'IHDR' 16 13
2026-09-08 01:17:20,410 - DEBUG - PIL.PngImagePlugin - STREAM b'IDAT' 41 64126
2026-09-08 01:17:20,415 - DEBUG - PIL.PngImagePlugin - STREAM b'IHDR' 16 13
2026-09-08 01:17:20,415 - DEBUG - PIL.PngImagePlugin - STREAM b'IDAT' 41 64126
2026-09-08 01:17:20,419 - DEBUG - PIL.PngImagePlugin - STREAM b'IHDR' 16 13
2026-09-08 01:17:20,420 - DEBUG - PIL.PngImagePlugin - STREAM b'IDAT' 41 56150
2026-09-08 01:17:20,424 - DEBUG - PIL.PngImagePlugin - STREAM b'IHDR' 16 13
2026-09-08 01:17:20,424 - DEBUG - PIL.PngImagePlugin - STREAM b'IDAT' 41 64126
2026-09-08 01:17:20,428 - DEBUG - PIL.PngImagePlugin - STREAM b'IHDR' 16 13
2026-09-08 01:17:20,428 - DEBUG - PIL.PngImagePlugin - STREAM b'IDAT' 41 64126
2026-09-08 01:17:20,444 - DEBUG - PIL.PngImagePlugin - STREAM b'IHDR' 16 13
2026-09-08 01:17:20,444 - DEBUG - PIL.PngImagePlugin - STREAM b'IDAT' 41 62450
2026-09-08 01:17:20,543 - DEBUG - PIL.PngImagePlugin - STREAM b'IHDR' 16 13
2026-09-08 01:17:20,543 - DEBUG - PIL.PngImagePlugin - STREAM b'IDAT' 41 65536
2026-09-08 01:17:20,546 - DEBUG - PIL.PngImagePlugin - STREAM b'IHDR' 16 13
2026-09-08 01:17:20,546 - DEBUG - PIL.PngImagePlugin - STREAM b'IDAT' 41 65536
2026-09-08 01:17:20,663 - DEBUG - PIL.PngImagePlugin - STREAM b'IHDR' 16 13
2026-09-08 01:17:20,663 - DEBUG - PIL.PngImagePlugin - STREAM b'IDAT' 41 62450
2026-09-08 01:17:20,767 - DEBUG - PIL.PngImagePlugin - STREAM b'IHDR' 16 13
2026-09-08 01:17:20,767 - DEBUG - PIL.PngImagePlugin - STREAM b'IDAT' 41 62450
2026-09-08 01:17:20,870 - DEBUG - PIL.PngImagePlugin - STREAM b'IHDR' 16 13
2026-09-08 01:17:20,870 - DEBUG - PIL.PngImagePlugin - STREAM b'IDAT' 41 62450
2026-09-08 01:17:20,974 - DEBUG - PIL.PngImagePlugin - STREAM b'IHDR' 16 13
2026-09-08 01:17:20,974 - DEBUG - PIL.PngImagePlugin - STREAM b'IDAT' 41 62450
2026-09-08 01:17:21,077 - DEBUG - PIL.PngImagePlugin - STREAM b'IHDR' 16 13
2026-09-08 01:17:21,077 - DEBUG - PIL.PngImagePlugin - STREAM b'IDAT' 41 62450
2026-09-08 01:17:21,180 - DEBUG - PIL.PngImagePlugin - STREAM b'IHDR' 16 13
2026-09-08 01:17:21,180 - DEBUG - PIL.PngImagePlugin - STREAM b'IDAT' 41 62450
2026-09-08 01:17:21,283 - DEBUG - PIL.PngImagePlugin - STREAM b'IHDR' 16 13
2026-09-08 01:17:21,284 - DEBUG - PIL.PngImagePlugin - STREAM b'IDAT' 41 62450
2026-09-08 01:17:21,386 - DEBUG - PIL.PngImagePlugin - STREAM b'IHDR' 16 13
2026-09-08 01:17:21,387 - DEBUG - PIL.PngImagePlugin - STREAM b'IDAT' 41 62450
2026-09-08 01:17:21,490 - DEBUG - PIL.PngImagePlugin - STREAM b'IHDR' 16 13
2026-09-08 01:17:21,490 - DEBUG - PIL.PngImagePlugin - STREAM b'IDAT' 41 62450
2026-09-08 01:17:21,593 - DEBUG - PIL.PngImagePlugin - STREAM b'IHDR' 16 13
2026-09-08 01:17:21,594 - DEBUG - PIL.PngImagePlugin - STREAM b'IDAT' 41 62450
2026-09-08 01:17:23,513 - DEBUG - urllib3.connectionpool - Starting new HTTPS connection (1): www.gamerpower.com:443
2026-09-08 01:17:23,637 - DEBUG - urllib3.connectionpool - https://www.gamerpower.com:443 "GET /api/giveaways?type=game HTTP/1.1" 200 None
2026-09-08 01:17:25,371 - INFO - KGameTracker - ℹ️  ==================================================
2026-09-08 01:17:25,372 - INFO - KGameTracker - ℹ️  K GAME TRACKER - CERRADA
2026-09-08 01:17:25,372 - INFO - KGameTracker - ℹ️  ==================================================
2026-09-08 01:17:51,436 - INFO - KGameTracker - ℹ️  ==================================================
2026-09-08 01:17:51,436 - INFO - KGameTracker - ℹ️  K GAME TRACKER - INICIADA
2026-09-08 01:17:51,437 - INFO - KGameTracker - ℹ️  ==================================================
2026-09-08 01:17:51,437 - INFO - KGameTracker - ℹ️  ✅ Autostart habilitado
2026-09-08 01:17:51,447 - INFO - KGameTracker - ℹ️  📢 Notificación: K GAME TRACKER
2026-09-08 01:17:51,551 - DEBUG - PIL.Image - Importing PngImagePlugin
2026-09-08 01:17:51,558 - DEBUG - PIL.PngImagePlugin - STREAM b'IHDR' 16 13
2026-09-08 01:17:51,558 - DEBUG - PIL.PngImagePlugin - STREAM b'caBX' 41 5758
2026-09-08 01:17:51,558 - DEBUG - PIL.PngImagePlugin - b'caBX' 41 5758 (unknown)
2026-09-08 01:17:51,559 - DEBUG - PIL.PngImagePlugin - STREAM b'IDAT' 5811 65536
2026-09-08 01:17:53,987 - DEBUG - PIL.PngImagePlugin - STREAM b'IHDR' 16 13
2026-09-08 01:17:53,987 - DEBUG - PIL.PngImagePlugin - STREAM b'caBX' 41 5758
2026-09-08 01:17:53,988 - DEBUG - PIL.PngImagePlugin - b'caBX' 41 5758 (unknown)
2026-09-08 01:17:53,988 - DEBUG - PIL.PngImagePlugin - STREAM b'IDAT' 5811 65536
2026-09-08 01:17:54,019 - DEBUG - PIL.PngImagePlugin - STREAM b'IHDR' 16 13
2026-09-08 01:17:54,019 - DEBUG - PIL.PngImagePlugin - STREAM b'IDAT' 41 53758
2026-09-08 01:17:54,023 - DEBUG - PIL.PngImagePlugin - STREAM b'IHDR' 16 13
2026-09-08 01:17:54,023 - DEBUG - PIL.PngImagePlugin - STREAM b'IDAT' 41 65536
2026-09-08 01:17:54,026 - DEBUG - PIL.PngImagePlugin - STREAM b'IHDR' 16 13
2026-09-08 01:17:54,027 - DEBUG - PIL.PngImagePlugin - STREAM b'IDAT' 41 58612
2026-09-08 01:17:54,031 - DEBUG - PIL.PngImagePlugin - STREAM b'IHDR' 16 13
2026-09-08 01:17:54,031 - DEBUG - PIL.PngImagePlugin - STREAM b'IDAT' 41 63613
2026-09-08 01:17:54,035 - DEBUG - PIL.PngImagePlugin - STREAM b'IHDR' 16 13
2026-09-08 01:17:54,035 - DEBUG - PIL.PngImagePlugin - STREAM b'IDAT' 41 65536
2026-09-08 01:17:54,039 - DEBUG - PIL.PngImagePlugin - STREAM b'IHDR' 16 13
2026-09-08 01:17:54,039 - DEBUG - PIL.PngImagePlugin - STREAM b'IDAT' 41 63580
2026-09-08 01:17:54,043 - DEBUG - PIL.PngImagePlugin - STREAM b'IHDR' 16 13
2026-09-08 01:17:54,043 - DEBUG - PIL.PngImagePlugin - STREAM b'IDAT' 41 64126
2026-09-08 01:17:54,047 - DEBUG - PIL.PngImagePlugin - STREAM b'IHDR' 16 13
2026-09-08 01:17:54,048 - DEBUG - PIL.PngImagePlugin - STREAM b'IDAT' 41 64126
2026-09-08 01:17:54,051 - DEBUG - PIL.PngImagePlugin - STREAM b'IHDR' 16 13
2026-09-08 01:17:54,051 - DEBUG - PIL.PngImagePlugin - STREAM b'IDAT' 41 64126
2026-09-08 01:17:54,055 - DEBUG - PIL.PngImagePlugin - STREAM b'IHDR' 16 13
2026-09-08 01:17:54,056 - DEBUG - PIL.PngImagePlugin - STREAM b'IDAT' 41 56150
2026-09-08 01:17:54,059 - DEBUG - PIL.PngImagePlugin - STREAM b'IHDR' 16 13
2026-09-08 01:17:54,059 - DEBUG - PIL.PngImagePlugin - STREAM b'IDAT' 41 64126
2026-09-08 01:17:54,064 - DEBUG - PIL.PngImagePlugin - STREAM b'IHDR' 16 13
2026-09-08 01:17:54,064 - DEBUG - PIL.PngImagePlugin - STREAM b'IDAT' 41 64126
2026-09-08 01:17:54,081 - DEBUG - PIL.PngImagePlugin - STREAM b'IHDR' 16 13
2026-09-08 01:17:54,081 - DEBUG - PIL.PngImagePlugin - STREAM b'IDAT' 41 62450
2026-09-08 01:17:54,179 - DEBUG - PIL.PngImagePlugin - STREAM b'IHDR' 16 13
2026-09-08 01:17:54,180 - DEBUG - PIL.PngImagePlugin - STREAM b'IDAT' 41 65536
2026-09-08 01:17:54,183 - DEBUG - PIL.PngImagePlugin - STREAM b'IHDR' 16 13
2026-09-08 01:17:54,183 - DEBUG - PIL.PngImagePlugin - STREAM b'IDAT' 41 65536
2026-09-08 01:17:54,303 - DEBUG - PIL.PngImagePlugin - STREAM b'IHDR' 16 13
2026-09-08 01:17:54,303 - DEBUG - PIL.PngImagePlugin - STREAM b'IDAT' 41 62450
2026-09-08 01:17:54,407 - DEBUG - PIL.PngImagePlugin - STREAM b'IHDR' 16 13
2026-09-08 01:17:54,407 - DEBUG - PIL.PngImagePlugin - STREAM b'IDAT' 41 62450
2026-09-08 01:17:54,510 - DEBUG - PIL.PngImagePlugin - STREAM b'IHDR' 16 13
2026-09-08 01:17:54,510 - DEBUG - PIL.PngImagePlugin - STREAM b'IDAT' 41 62450
2026-09-08 01:17:54,614 - DEBUG - PIL.PngImagePlugin - STREAM b'IHDR' 16 13
2026-09-08 01:17:54,614 - DEBUG - PIL.PngImagePlugin - STREAM b'IDAT' 41 62450
2026-09-08 01:17:54,717 - DEBUG - PIL.PngImagePlugin - STREAM b'IHDR' 16 13
2026-09-08 01:17:54,717 - DEBUG - PIL.PngImagePlugin - STREAM b'IDAT' 41 62450
2026-09-08 01:17:54,821 - DEBUG - PIL.PngImagePlugin - STREAM b'IHDR' 16 13
2026-09-08 01:17:54,821 - DEBUG - PIL.PngImagePlugin - STREAM b'IDAT' 41 62450
2026-09-08 01:17:54,924 - DEBUG - PIL.PngImagePlugin - STREAM b'IHDR' 16 13
2026-09-08 01:17:54,924 - DEBUG - PIL.PngImagePlugin - STREAM b'IDAT' 41 62450
2026-09-08 01:17:55,027 - DEBUG - PIL.PngImagePlugin - STREAM b'IHDR' 16 13
2026-09-08 01:17:55,027 - DEBUG - PIL.PngImagePlugin - STREAM b'IDAT' 41 62450
2026-09-08 01:17:55,130 - DEBUG - PIL.PngImagePlugin - STREAM b'IHDR' 16 13
2026-09-08 01:17:55,130 - DEBUG - PIL.PngImagePlugin - STREAM b'IDAT' 41 62450
2026-09-08 01:17:55,233 - DEBUG - PIL.PngImagePlugin - STREAM b'IHDR' 16 13
2026-09-08 01:17:55,234 - DEBUG - PIL.PngImagePlugin - STREAM b'IDAT' 41 62450
2026-09-08 01:18:00,197 - INFO - KGameTracker - ℹ️  ==================================================
2026-09-08 01:18:00,197 - INFO - KGameTracker - ℹ️  K GAME TRACKER - CERRADA
2026-09-08 01:18:00,197 - INFO - KGameTracker - ℹ️  ==================================================
2026-09-08 01:19:23,382 - INFO - KGameTracker - ℹ️  ==================================================
2026-09-08 01:19:23,382 - INFO - KGameTracker - ℹ️  K GAME TRACKER - INICIADA
2026-09-08 01:19:23,382 - INFO - KGameTracker - ℹ️  ==================================================
2026-09-08 01:19:23,382 - INFO - KGameTracker - ℹ️  ✅ Autostart habilitado
2026-09-08 01:19:23,392 - INFO - KGameTracker - ℹ️  📢 Notificación: K GAME TRACKER
2026-09-08 01:19:23,497 - DEBUG - PIL.Image - Importing PngImagePlugin
2026-09-08 01:19:23,504 - DEBUG - PIL.PngImagePlugin - STREAM b'IHDR' 16 13
2026-09-08 01:19:23,504 - DEBUG - PIL.PngImagePlugin - STREAM b'caBX' 41 5758
2026-09-08 01:19:23,505 - DEBUG - PIL.PngImagePlugin - b'caBX' 41 5758 (unknown)
2026-09-08 01:19:23,505 - DEBUG - PIL.PngImagePlugin - STREAM b'IDAT' 5811 65536
2026-09-08 01:19:25,961 - DEBUG - PIL.PngImagePlugin - STREAM b'IHDR' 16 13
2026-09-08 01:19:25,961 - DEBUG - PIL.PngImagePlugin - STREAM b'caBX' 41 16924
2026-09-08 01:19:25,961 - DEBUG - PIL.PngImagePlugin - b'caBX' 41 16924 (unknown)
2026-09-08 01:19:25,961 - DEBUG - PIL.PngImagePlugin - STREAM b'pHYs' 16977 9
2026-09-08 01:19:25,962 - DEBUG - PIL.PngImagePlugin - STREAM b'iTXt' 16998 1650
2026-09-08 01:19:25,962 - DEBUG - PIL.PngImagePlugin - STREAM b'eXIf' 18660 78
2026-09-08 01:19:25,962 - DEBUG - PIL.PngImagePlugin - STREAM b'IDAT' 18750 502315
2026-09-08 01:19:26,007 - DEBUG - PIL.PngImagePlugin - STREAM b'IHDR' 16 13
2026-09-08 01:19:26,007 - DEBUG - PIL.PngImagePlugin - STREAM b'caBX' 41 5758
2026-09-08 01:19:26,008 - DEBUG - PIL.PngImagePlugin - b'caBX' 41 5758 (unknown)
2026-09-08 01:19:26,008 - DEBUG - PIL.PngImagePlugin - STREAM b'IDAT' 5811 65536
2026-09-08 01:19:26,034 - DEBUG - PIL.PngImagePlugin - STREAM b'IHDR' 16 13
2026-09-08 01:19:26,035 - DEBUG - PIL.PngImagePlugin - STREAM b'IDAT' 41 53758
2026-09-08 01:19:26,039 - DEBUG - PIL.PngImagePlugin - STREAM b'IHDR' 16 13
2026-09-08 01:19:26,039 - DEBUG - PIL.PngImagePlugin - STREAM b'IDAT' 41 65536
2026-09-08 01:19:26,042 - DEBUG - PIL.PngImagePlugin - STREAM b'IHDR' 16 13
2026-09-08 01:19:26,042 - DEBUG - PIL.PngImagePlugin - STREAM b'IDAT' 41 58612
2026-09-08 01:19:26,046 - DEBUG - PIL.PngImagePlugin - STREAM b'IHDR' 16 13
2026-09-08 01:19:26,046 - DEBUG - PIL.PngImagePlugin - STREAM b'IDAT' 41 63613
2026-09-08 01:19:26,050 - DEBUG - PIL.PngImagePlugin - STREAM b'IHDR' 16 13
2026-09-08 01:19:26,050 - DEBUG - PIL.PngImagePlugin - STREAM b'IDAT' 41 65536
2026-09-08 01:19:26,055 - DEBUG - PIL.PngImagePlugin - STREAM b'IHDR' 16 13
2026-09-08 01:19:26,055 - DEBUG - PIL.PngImagePlugin - STREAM b'IDAT' 41 63580
2026-09-08 01:19:26,058 - DEBUG - PIL.PngImagePlugin - STREAM b'IHDR' 16 13
2026-09-08 01:19:26,058 - DEBUG - PIL.PngImagePlugin - STREAM b'IDAT' 41 64126
2026-09-08 01:19:26,063 - DEBUG - PIL.PngImagePlugin - STREAM b'IHDR' 16 13
2026-09-08 01:19:26,063 - DEBUG - PIL.PngImagePlugin - STREAM b'IDAT' 41 64126
2026-09-08 01:19:26,067 - DEBUG - PIL.PngImagePlugin - STREAM b'IHDR' 16 13
2026-09-08 01:19:26,067 - DEBUG - PIL.PngImagePlugin - STREAM b'IDAT' 41 64126
2026-09-08 01:19:26,071 - DEBUG - PIL.PngImagePlugin - STREAM b'IHDR' 16 13
2026-09-08 01:19:26,071 - DEBUG - PIL.PngImagePlugin - STREAM b'IDAT' 41 56150
2026-09-08 01:19:26,074 - DEBUG - PIL.PngImagePlugin - STREAM b'IHDR' 16 13
2026-09-08 01:19:26,075 - DEBUG - PIL.PngImagePlugin - STREAM b'IDAT' 41 64126
2026-09-08 01:19:26,079 - DEBUG - PIL.PngImagePlugin - STREAM b'IHDR' 16 13
2026-09-08 01:19:26,079 - DEBUG - PIL.PngImagePlugin - STREAM b'IDAT' 41 64126
2026-09-08 01:19:26,092 - DEBUG - PIL.PngImagePlugin - STREAM b'IHDR' 16 13
2026-09-08 01:19:26,092 - DEBUG - PIL.PngImagePlugin - STREAM b'IDAT' 41 62450
2026-09-08 01:19:26,189 - DEBUG - PIL.PngImagePlugin - STREAM b'IHDR' 16 13
2026-09-08 01:19:26,190 - DEBUG - PIL.PngImagePlugin - STREAM b'IDAT' 41 65536
2026-09-08 01:19:26,192 - DEBUG - PIL.PngImagePlugin - STREAM b'IHDR' 16 13
2026-09-08 01:19:26,193 - DEBUG - PIL.PngImagePlugin - STREAM b'IDAT' 41 65536
2026-09-08 01:19:26,303 - DEBUG - PIL.PngImagePlugin - STREAM b'IHDR' 16 13
2026-09-08 01:19:26,303 - DEBUG - PIL.PngImagePlugin - STREAM b'IDAT' 41 62450
2026-09-08 01:19:26,407 - DEBUG - PIL.PngImagePlugin - STREAM b'IHDR' 16 13
2026-09-08 01:19:26,407 - DEBUG - PIL.PngImagePlugin - STREAM b'IDAT' 41 62450
2026-09-08 01:19:26,510 - DEBUG - PIL.PngImagePlugin - STREAM b'IHDR' 16 13
2026-09-08 01:19:26,510 - DEBUG - PIL.PngImagePlugin - STREAM b'IDAT' 41 62450
2026-09-08 01:19:26,613 - DEBUG - PIL.PngImagePlugin - STREAM b'IHDR' 16 13
2026-09-08 01:19:26,614 - DEBUG - PIL.PngImagePlugin - STREAM b'IDAT' 41 62450
2026-09-08 01:19:26,717 - DEBUG - PIL.PngImagePlugin - STREAM b'IHDR' 16 13
2026-09-08 01:19:26,717 - DEBUG - PIL.PngImagePlugin - STREAM b'IDAT' 41 62450
2026-09-08 01:19:26,820 - DEBUG - PIL.PngImagePlugin - STREAM b'IHDR' 16 13
2026-09-08 01:19:26,820 - DEBUG - PIL.PngImagePlugin - STREAM b'IDAT' 41 62450
2026-09-08 01:19:26,923 - DEBUG - PIL.PngImagePlugin - STREAM b'IHDR' 16 13
2026-09-08 01:19:26,923 - DEBUG - PIL.PngImagePlugin - STREAM b'IDAT' 41 62450
2026-09-08 01:19:27,026 - DEBUG - PIL.PngImagePlugin - STREAM b'IHDR' 16 13
2026-09-08 01:19:27,027 - DEBUG - PIL.PngImagePlugin - STREAM b'IDAT' 41 62450
2026-09-08 01:19:27,130 - DEBUG - PIL.PngImagePlugin - STREAM b'IHDR' 16 13
2026-09-08 01:19:27,130 - DEBUG - PIL.PngImagePlugin - STREAM b'IDAT' 41 62450
2026-09-08 01:19:27,233 - DEBUG - PIL.PngImagePlugin - STREAM b'IHDR' 16 13
2026-09-08 01:19:27,233 - DEBUG - PIL.PngImagePlugin - STREAM b'IDAT' 41 62450
2026-09-08 01:19:31,289 - DEBUG - urllib3.connectionpool - Starting new HTTPS connection (1): www.gamerpower.com:443
2026-09-08 01:19:31,414 - DEBUG - urllib3.connectionpool - https://www.gamerpower.com:443 "GET /api/giveaways?type=game HTTP/1.1" 200 None
2026-09-08 01:19:34,136 - DEBUG - urllib3.connectionpool - Starting new HTTPS connection (1): www.gamerpower.com:443
2026-09-08 01:19:34,240 - DEBUG - urllib3.connectionpool - https://www.gamerpower.com:443 "GET /api/giveaways?type=game HTTP/1.1" 200 None
2026-09-08 01:19:37,438 - DEBUG - urllib3.connectionpool - Starting new HTTPS connection (1): www.gamerpower.com:443
2026-09-08 01:19:37,541 - DEBUG - urllib3.connectionpool - https://www.gamerpower.com:443 "GET /api/giveaways?type=game HTTP/1.1" 200 None
2026-09-08 01:19:38,180 - DEBUG - urllib3.connectionpool - Starting new HTTPS connection (1): www.gamerpower.com:443
2026-09-08 01:19:38,294 - DEBUG - urllib3.connectionpool - https://www.gamerpower.com:443 "GET /offers/1b/6a998bd861dec.jpg HTTP/1.1" 200 25311
2026-09-08 01:19:38,318 - DEBUG - PIL.PngImagePlugin - STREAM b'IHDR' 16 13
2026-09-08 01:19:38,319 - DEBUG - PIL.PngImagePlugin - STREAM b'IDAT' 41 54256
2026-09-08 01:19:38,348 - DEBUG - urllib3.connectionpool - https://www.gamerpower.com:443 "GET /offers/1b/6a53a044a87b6.jpg HTTP/1.1" 200 36351
2026-09-08 01:19:38,351 - DEBUG - PIL.PngImagePlugin - STREAM b'IHDR' 16 13
2026-09-08 01:19:38,351 - DEBUG - PIL.PngImagePlugin - STREAM b'IDAT' 41 54256
2026-09-08 01:19:39,422 - DEBUG - urllib3.connectionpool - Starting new HTTPS connection (1): www.gamerpower.com:443
2026-09-08 01:19:39,528 - DEBUG - urllib3.connectionpool - https://www.gamerpower.com:443 "GET /api/giveaways?type=game HTTP/1.1" 200 None
2026-09-08 01:19:39,566 - DEBUG - urllib3.connectionpool - https://www.gamerpower.com:443 "GET /offers/1b/6a998bd861dec.jpg HTTP/1.1" 200 25311
2026-09-08 01:19:39,570 - DEBUG - PIL.PngImagePlugin - STREAM b'IHDR' 16 13
2026-09-08 01:19:39,570 - DEBUG - PIL.PngImagePlugin - STREAM b'IDAT' 41 54256
2026-09-08 01:19:39,594 - DEBUG - urllib3.connectionpool - https://www.gamerpower.com:443 "GET /offers/1b/6a53a044a87b6.jpg HTTP/1.1" 200 36351
2026-09-08 01:19:39,600 - DEBUG - PIL.PngImagePlugin - STREAM b'IHDR' 16 13
2026-09-08 01:19:39,600 - DEBUG - PIL.PngImagePlugin - STREAM b'IDAT' 41 54256
2026-09-08 01:19:41,416 - INFO - KGameTracker - ℹ️  ==================================================
2026-09-08 01:19:41,416 - INFO - KGameTracker - ℹ️  K GAME TRACKER - CERRADA
2026-09-08 01:19:41,416 - INFO - KGameTracker - ℹ️  ==================================================
2026-09-08 01:20:29,035 - INFO - KGameTracker - ℹ️  ==================================================
2026-09-08 01:20:29,036 - INFO - KGameTracker - ℹ️  K GAME TRACKER - INICIADA
2026-09-08 01:20:29,036 - INFO - KGameTracker - ℹ️  ==================================================
2026-09-08 01:20:29,036 - INFO - KGameTracker - ℹ️  ✅ Autostart habilitado
2026-09-08 01:20:29,047 - INFO - KGameTracker - ℹ️  📢 Notificación: K GAME TRACKER
2026-09-08 01:20:29,145 - DEBUG - PIL.Image - Importing PngImagePlugin
2026-09-08 01:20:29,152 - DEBUG - PIL.PngImagePlugin - STREAM b'IHDR' 16 13
2026-09-08 01:20:29,152 - DEBUG - PIL.PngImagePlugin - STREAM b'caBX' 41 5758
2026-09-08 01:20:29,153 - DEBUG - PIL.PngImagePlugin - b'caBX' 41 5758 (unknown)
2026-09-08 01:20:29,153 - DEBUG - PIL.PngImagePlugin - STREAM b'IDAT' 5811 65536
2026-09-08 01:20:31,646 - DEBUG - PIL.PngImagePlugin - STREAM b'IHDR' 16 13
2026-09-08 01:20:31,646 - DEBUG - PIL.PngImagePlugin - STREAM b'caBX' 41 16924
2026-09-08 01:20:31,646 - DEBUG - PIL.PngImagePlugin - b'caBX' 41 16924 (unknown)
2026-09-08 01:20:31,646 - DEBUG - PIL.PngImagePlugin - STREAM b'pHYs' 16977 9
2026-09-08 01:20:31,647 - DEBUG - PIL.PngImagePlugin - STREAM b'iTXt' 16998 1650
2026-09-08 01:20:31,647 - DEBUG - PIL.PngImagePlugin - STREAM b'eXIf' 18660 78
2026-09-08 01:20:31,647 - DEBUG - PIL.PngImagePlugin - STREAM b'IDAT' 18750 502315
2026-09-08 01:20:31,695 - DEBUG - PIL.PngImagePlugin - STREAM b'IHDR' 16 13
2026-09-08 01:20:31,696 - DEBUG - PIL.PngImagePlugin - STREAM b'caBX' 41 5758
2026-09-08 01:20:31,696 - DEBUG - PIL.PngImagePlugin - b'caBX' 41 5758 (unknown)
2026-09-08 01:20:31,696 - DEBUG - PIL.PngImagePlugin - STREAM b'IDAT' 5811 65536
2026-09-08 01:20:31,722 - DEBUG - PIL.PngImagePlugin - STREAM b'IHDR' 16 13
2026-09-08 01:20:31,722 - DEBUG - PIL.PngImagePlugin - STREAM b'IDAT' 41 53758
2026-09-08 01:20:31,726 - DEBUG - PIL.PngImagePlugin - STREAM b'IHDR' 16 13
2026-09-08 01:20:31,726 - DEBUG - PIL.PngImagePlugin - STREAM b'IDAT' 41 65536
2026-09-08 01:20:31,729 - DEBUG - PIL.PngImagePlugin - STREAM b'IHDR' 16 13
2026-09-08 01:20:31,729 - DEBUG - PIL.PngImagePlugin - STREAM b'IDAT' 41 58612
2026-09-08 01:20:31,732 - DEBUG - PIL.PngImagePlugin - STREAM b'IHDR' 16 13
2026-09-08 01:20:31,732 - DEBUG - PIL.PngImagePlugin - STREAM b'IDAT' 41 63613
2026-09-08 01:20:31,736 - DEBUG - PIL.PngImagePlugin - STREAM b'IHDR' 16 13
2026-09-08 01:20:31,736 - DEBUG - PIL.PngImagePlugin - STREAM b'IDAT' 41 65536
2026-09-08 01:20:31,740 - DEBUG - PIL.PngImagePlugin - STREAM b'IHDR' 16 13
2026-09-08 01:20:31,740 - DEBUG - PIL.PngImagePlugin - STREAM b'IDAT' 41 63580
2026-09-08 01:20:31,744 - DEBUG - PIL.PngImagePlugin - STREAM b'IHDR' 16 13
2026-09-08 01:20:31,744 - DEBUG - PIL.PngImagePlugin - STREAM b'IDAT' 41 64126
2026-09-08 01:20:31,748 - DEBUG - PIL.PngImagePlugin - STREAM b'IHDR' 16 13
2026-09-08 01:20:31,748 - DEBUG - PIL.PngImagePlugin - STREAM b'IDAT' 41 64126
2026-09-08 01:20:31,752 - DEBUG - PIL.PngImagePlugin - STREAM b'IHDR' 16 13
2026-09-08 01:20:31,752 - DEBUG - PIL.PngImagePlugin - STREAM b'IDAT' 41 64126
2026-09-08 01:20:31,756 - DEBUG - PIL.PngImagePlugin - STREAM b'IHDR' 16 13
2026-09-08 01:20:31,756 - DEBUG - PIL.PngImagePlugin - STREAM b'IDAT' 41 56150
2026-09-08 01:20:31,760 - DEBUG - PIL.PngImagePlugin - STREAM b'IHDR' 16 13
2026-09-08 01:20:31,760 - DEBUG - PIL.PngImagePlugin - STREAM b'IDAT' 41 64126
2026-09-08 01:20:31,764 - DEBUG - PIL.PngImagePlugin - STREAM b'IHDR' 16 13
2026-09-08 01:20:31,764 - DEBUG - PIL.PngImagePlugin - STREAM b'IDAT' 41 64126
2026-09-08 01:20:31,778 - DEBUG - PIL.PngImagePlugin - STREAM b'IHDR' 16 13
2026-09-08 01:20:31,778 - DEBUG - PIL.PngImagePlugin - STREAM b'IDAT' 41 62450
2026-09-08 01:20:31,875 - DEBUG - PIL.PngImagePlugin - STREAM b'IHDR' 16 13
2026-09-08 01:20:31,875 - DEBUG - PIL.PngImagePlugin - STREAM b'IDAT' 41 65536
2026-09-08 01:20:31,878 - DEBUG - PIL.PngImagePlugin - STREAM b'IHDR' 16 13
2026-09-08 01:20:31,878 - DEBUG - PIL.PngImagePlugin - STREAM b'IDAT' 41 65536
2026-09-08 01:20:32,020 - DEBUG - PIL.PngImagePlugin - STREAM b'IHDR' 16 13
2026-09-08 01:20:32,021 - DEBUG - PIL.PngImagePlugin - STREAM b'IDAT' 41 62450
2026-09-08 01:20:32,124 - DEBUG - PIL.PngImagePlugin - STREAM b'IHDR' 16 13
2026-09-08 01:20:32,124 - DEBUG - PIL.PngImagePlugin - STREAM b'IDAT' 41 62450
2026-09-08 01:20:32,227 - DEBUG - PIL.PngImagePlugin - STREAM b'IHDR' 16 13
2026-09-08 01:20:32,227 - DEBUG - PIL.PngImagePlugin - STREAM b'IDAT' 41 62450
2026-09-08 01:20:32,330 - DEBUG - PIL.PngImagePlugin - STREAM b'IHDR' 16 13
2026-09-08 01:20:32,330 - DEBUG - PIL.PngImagePlugin - STREAM b'IDAT' 41 62450
2026-09-08 01:20:32,433 - DEBUG - PIL.PngImagePlugin - STREAM b'IHDR' 16 13
2026-09-08 01:20:32,433 - DEBUG - PIL.PngImagePlugin - STREAM b'IDAT' 41 62450
2026-09-08 01:20:32,537 - DEBUG - PIL.PngImagePlugin - STREAM b'IHDR' 16 13
2026-09-08 01:20:32,537 - DEBUG - PIL.PngImagePlugin - STREAM b'IDAT' 41 62450
2026-09-08 01:20:32,640 - DEBUG - PIL.PngImagePlugin - STREAM b'IHDR' 16 13
2026-09-08 01:20:32,640 - DEBUG - PIL.PngImagePlugin - STREAM b'IDAT' 41 62450
2026-09-08 01:20:32,744 - DEBUG - PIL.PngImagePlugin - STREAM b'IHDR' 16 13
2026-09-08 01:20:32,745 - DEBUG - PIL.PngImagePlugin - STREAM b'IDAT' 41 62450
2026-09-08 01:20:32,848 - DEBUG - PIL.PngImagePlugin - STREAM b'IHDR' 16 13
2026-09-08 01:20:32,848 - DEBUG - PIL.PngImagePlugin - STREAM b'IDAT' 41 62450
2026-09-08 01:20:32,951 - DEBUG - PIL.PngImagePlugin - STREAM b'IHDR' 16 13
2026-09-08 01:20:32,951 - DEBUG - PIL.PngImagePlugin - STREAM b'IDAT' 41 62450
2026-09-08 01:20:33,547 - DEBUG - urllib3.connectionpool - Starting new HTTPS connection (1): www.gamerpower.com:443
2026-09-08 01:20:33,659 - DEBUG - urllib3.connectionpool - https://www.gamerpower.com:443 "GET /api/giveaways?type=game HTTP/1.1" 200 None
2026-09-08 01:20:35,762 - INFO - KGameTracker - ℹ️  ==================================================
2026-09-08 01:20:35,762 - INFO - KGameTracker - ℹ️  K GAME TRACKER - CERRADA
2026-09-08 01:20:35,763 - INFO - KGameTracker - ℹ️  ==================================================
2026-09-08 01:21:08,203 - INFO - KGameTracker - ℹ️  ==================================================
2026-09-08 01:21:08,203 - INFO - KGameTracker - ℹ️  K GAME TRACKER - INICIADA
2026-09-08 01:21:08,204 - INFO - KGameTracker - ℹ️  ==================================================
2026-09-08 01:21:08,204 - INFO - KGameTracker - ℹ️  ✅ Autostart habilitado
2026-09-08 01:21:08,214 - INFO - KGameTracker - ℹ️  📢 Notificación: K GAME TRACKER
2026-09-08 01:21:08,326 - DEBUG - PIL.Image - Importing PngImagePlugin
2026-09-08 01:21:08,332 - DEBUG - PIL.PngImagePlugin - STREAM b'IHDR' 16 13
2026-09-08 01:21:08,333 - DEBUG - PIL.PngImagePlugin - STREAM b'caBX' 41 5758
2026-09-08 01:21:08,333 - DEBUG - PIL.PngImagePlugin - b'caBX' 41 5758 (unknown)
2026-09-08 01:21:08,333 - DEBUG - PIL.PngImagePlugin - STREAM b'IDAT' 5811 65536
2026-09-08 01:21:10,851 - DEBUG - PIL.PngImagePlugin - STREAM b'IHDR' 16 13
2026-09-08 01:21:10,851 - DEBUG - PIL.PngImagePlugin - STREAM b'caBX' 41 16924
2026-09-08 01:21:10,852 - DEBUG - PIL.PngImagePlugin - b'caBX' 41 16924 (unknown)
2026-09-08 01:21:10,852 - DEBUG - PIL.PngImagePlugin - STREAM b'pHYs' 16977 9
2026-09-08 01:21:10,852 - DEBUG - PIL.PngImagePlugin - STREAM b'iTXt' 16998 1650
2026-09-08 01:21:10,852 - DEBUG - PIL.PngImagePlugin - STREAM b'eXIf' 18660 78
2026-09-08 01:21:10,852 - DEBUG - PIL.PngImagePlugin - STREAM b'IDAT' 18750 502315
2026-09-08 01:21:10,898 - DEBUG - PIL.PngImagePlugin - STREAM b'IHDR' 16 13
2026-09-08 01:21:10,898 - DEBUG - PIL.PngImagePlugin - STREAM b'caBX' 41 5758
2026-09-08 01:21:10,898 - DEBUG - PIL.PngImagePlugin - b'caBX' 41 5758 (unknown)
2026-09-08 01:21:10,898 - DEBUG - PIL.PngImagePlugin - STREAM b'IDAT' 5811 65536
2026-09-08 01:21:10,927 - DEBUG - PIL.PngImagePlugin - STREAM b'IHDR' 16 13
2026-09-08 01:21:10,927 - DEBUG - PIL.PngImagePlugin - STREAM b'IDAT' 41 53758
2026-09-08 01:21:10,931 - DEBUG - PIL.PngImagePlugin - STREAM b'IHDR' 16 13
2026-09-08 01:21:10,931 - DEBUG - PIL.PngImagePlugin - STREAM b'IDAT' 41 65536
2026-09-08 01:21:10,934 - DEBUG - PIL.PngImagePlugin - STREAM b'IHDR' 16 13
2026-09-08 01:21:10,934 - DEBUG - PIL.PngImagePlugin - STREAM b'IDAT' 41 58612
2026-09-08 01:21:10,937 - DEBUG - PIL.PngImagePlugin - STREAM b'IHDR' 16 13
2026-09-08 01:21:10,937 - DEBUG - PIL.PngImagePlugin - STREAM b'IDAT' 41 63613
2026-09-08 01:21:10,941 - DEBUG - PIL.PngImagePlugin - STREAM b'IHDR' 16 13
2026-09-08 01:21:10,941 - DEBUG - PIL.PngImagePlugin - STREAM b'IDAT' 41 65536
2026-09-08 01:21:10,946 - DEBUG - PIL.PngImagePlugin - STREAM b'IHDR' 16 13
2026-09-08 01:21:10,946 - DEBUG - PIL.PngImagePlugin - STREAM b'IDAT' 41 63580
2026-09-08 01:21:10,949 - DEBUG - PIL.PngImagePlugin - STREAM b'IHDR' 16 13
2026-09-08 01:21:10,950 - DEBUG - PIL.PngImagePlugin - STREAM b'IDAT' 41 64126
2026-09-08 01:21:10,953 - DEBUG - PIL.PngImagePlugin - STREAM b'IHDR' 16 13
2026-09-08 01:21:10,954 - DEBUG - PIL.PngImagePlugin - STREAM b'IDAT' 41 64126
2026-09-08 01:21:10,957 - DEBUG - PIL.PngImagePlugin - STREAM b'IHDR' 16 13
2026-09-08 01:21:10,957 - DEBUG - PIL.PngImagePlugin - STREAM b'IDAT' 41 64126
2026-09-08 01:21:10,961 - DEBUG - PIL.PngImagePlugin - STREAM b'IHDR' 16 13
2026-09-08 01:21:10,961 - DEBUG - PIL.PngImagePlugin - STREAM b'IDAT' 41 56150
2026-09-08 01:21:10,965 - DEBUG - PIL.PngImagePlugin - STREAM b'IHDR' 16 13
2026-09-08 01:21:10,965 - DEBUG - PIL.PngImagePlugin - STREAM b'IDAT' 41 64126
2026-09-08 01:21:10,969 - DEBUG - PIL.PngImagePlugin - STREAM b'IHDR' 16 13
2026-09-08 01:21:10,969 - DEBUG - PIL.PngImagePlugin - STREAM b'IDAT' 41 64126
2026-09-08 01:21:10,981 - DEBUG - PIL.PngImagePlugin - STREAM b'IHDR' 16 13
2026-09-08 01:21:10,981 - DEBUG - PIL.PngImagePlugin - STREAM b'IDAT' 41 62450
2026-09-08 01:21:11,078 - DEBUG - PIL.PngImagePlugin - STREAM b'IHDR' 16 13
2026-09-08 01:21:11,078 - DEBUG - PIL.PngImagePlugin - STREAM b'IDAT' 41 65536
2026-09-08 01:21:11,081 - DEBUG - PIL.PngImagePlugin - STREAM b'IHDR' 16 13
2026-09-08 01:21:11,081 - DEBUG - PIL.PngImagePlugin - STREAM b'IDAT' 41 65536
2026-09-08 01:21:11,191 - DEBUG - PIL.PngImagePlugin - STREAM b'IHDR' 16 13
2026-09-08 01:21:11,191 - DEBUG - PIL.PngImagePlugin - STREAM b'IDAT' 41 62450
2026-09-08 01:21:11,295 - DEBUG - PIL.PngImagePlugin - STREAM b'IHDR' 16 13
2026-09-08 01:21:11,296 - DEBUG - PIL.PngImagePlugin - STREAM b'IDAT' 41 62450
2026-09-08 01:21:11,398 - DEBUG - PIL.PngImagePlugin - STREAM b'IHDR' 16 13
2026-09-08 01:21:11,399 - DEBUG - PIL.PngImagePlugin - STREAM b'IDAT' 41 62450
2026-09-08 01:21:11,502 - DEBUG - PIL.PngImagePlugin - STREAM b'IHDR' 16 13
2026-09-08 01:21:11,502 - DEBUG - PIL.PngImagePlugin - STREAM b'IDAT' 41 62450
2026-09-08 01:21:11,605 - DEBUG - PIL.PngImagePlugin - STREAM b'IHDR' 16 13
2026-09-08 01:21:11,605 - DEBUG - PIL.PngImagePlugin - STREAM b'IDAT' 41 62450
2026-09-08 01:21:11,708 - DEBUG - PIL.PngImagePlugin - STREAM b'IHDR' 16 13
2026-09-08 01:21:11,709 - DEBUG - PIL.PngImagePlugin - STREAM b'IDAT' 41 62450
2026-09-08 01:21:11,812 - DEBUG - PIL.PngImagePlugin - STREAM b'IHDR' 16 13
2026-09-08 01:21:11,812 - DEBUG - PIL.PngImagePlugin - STREAM b'IDAT' 41 62450
2026-09-08 01:21:11,915 - DEBUG - PIL.PngImagePlugin - STREAM b'IHDR' 16 13
2026-09-08 01:21:11,915 - DEBUG - PIL.PngImagePlugin - STREAM b'IDAT' 41 62450
2026-09-08 01:21:12,020 - DEBUG - PIL.PngImagePlugin - STREAM b'IHDR' 16 13
2026-09-08 01:21:12,020 - DEBUG - PIL.PngImagePlugin - STREAM b'IDAT' 41 62450
2026-09-08 01:21:12,122 - DEBUG - PIL.PngImagePlugin - STREAM b'IHDR' 16 13
2026-09-08 01:21:12,123 - DEBUG - PIL.PngImagePlugin - STREAM b'IDAT' 41 62450
2026-09-08 01:21:52,294 - INFO - KGameTracker - ℹ️  ==================================================
2026-09-08 01:21:52,295 - INFO - KGameTracker - ℹ️  K GAME TRACKER - CERRADA
2026-09-08 01:21:52,295 - INFO - KGameTracker - ℹ️  ==================================================
2026-09-08 01:22:18,179 - INFO - KGameTracker - ℹ️  ==================================================
2026-09-08 01:22:18,179 - INFO - KGameTracker - ℹ️  K GAME TRACKER - INICIADA
2026-09-08 01:22:18,179 - INFO - KGameTracker - ℹ️  ==================================================
2026-09-08 01:22:18,180 - INFO - KGameTracker - ℹ️  ✅ Autostart habilitado
2026-09-08 01:22:18,190 - INFO - KGameTracker - ℹ️  📢 Notificación: K GAME TRACKER
2026-09-08 01:22:18,345 - DEBUG - PIL.Image - Importing PngImagePlugin
2026-09-08 01:22:18,359 - DEBUG - PIL.PngImagePlugin - STREAM b'IHDR' 16 13
2026-09-08 01:22:18,360 - DEBUG - PIL.PngImagePlugin - STREAM b'caBX' 41 5758
2026-09-08 01:22:18,360 - DEBUG - PIL.PngImagePlugin - b'caBX' 41 5758 (unknown)
2026-09-08 01:22:18,361 - DEBUG - PIL.PngImagePlugin - STREAM b'IDAT' 5811 65536
2026-09-08 01:22:20,850 - DEBUG - PIL.PngImagePlugin - STREAM b'IHDR' 16 13
2026-09-08 01:22:20,850 - DEBUG - PIL.PngImagePlugin - STREAM b'caBX' 41 16924
2026-09-08 01:22:20,851 - DEBUG - PIL.PngImagePlugin - b'caBX' 41 16924 (unknown)
2026-09-08 01:22:20,851 - DEBUG - PIL.PngImagePlugin - STREAM b'pHYs' 16977 9
2026-09-08 01:22:20,851 - DEBUG - PIL.PngImagePlugin - STREAM b'iTXt' 16998 1650
2026-09-08 01:22:20,851 - DEBUG - PIL.PngImagePlugin - STREAM b'eXIf' 18660 78
2026-09-08 01:22:20,851 - DEBUG - PIL.PngImagePlugin - STREAM b'IDAT' 18750 502315
2026-09-08 01:22:20,897 - DEBUG - PIL.PngImagePlugin - STREAM b'IHDR' 16 13
2026-09-08 01:22:20,897 - DEBUG - PIL.PngImagePlugin - STREAM b'caBX' 41 5758
2026-09-08 01:22:20,897 - DEBUG - PIL.PngImagePlugin - b'caBX' 41 5758 (unknown)
2026-09-08 01:22:20,897 - DEBUG - PIL.PngImagePlugin - STREAM b'IDAT' 5811 65536
2026-09-08 01:22:20,924 - DEBUG - PIL.PngImagePlugin - STREAM b'IHDR' 16 13
2026-09-08 01:22:20,925 - DEBUG - PIL.PngImagePlugin - STREAM b'IDAT' 41 53758
2026-09-08 01:22:20,928 - DEBUG - PIL.PngImagePlugin - STREAM b'IHDR' 16 13
2026-09-08 01:22:20,928 - DEBUG - PIL.PngImagePlugin - STREAM b'IDAT' 41 65536
2026-09-08 01:22:20,931 - DEBUG - PIL.PngImagePlugin - STREAM b'IHDR' 16 13
2026-09-08 01:22:20,932 - DEBUG - PIL.PngImagePlugin - STREAM b'IDAT' 41 58612
2026-09-08 01:22:20,935 - DEBUG - PIL.PngImagePlugin - STREAM b'IHDR' 16 13
2026-09-08 01:22:20,935 - DEBUG - PIL.PngImagePlugin - STREAM b'IDAT' 41 63613
2026-09-08 01:22:20,939 - DEBUG - PIL.PngImagePlugin - STREAM b'IHDR' 16 13
2026-09-08 01:22:20,939 - DEBUG - PIL.PngImagePlugin - STREAM b'IDAT' 41 65536
2026-09-08 01:22:20,943 - DEBUG - PIL.PngImagePlugin - STREAM b'IHDR' 16 13
2026-09-08 01:22:20,943 - DEBUG - PIL.PngImagePlugin - STREAM b'IDAT' 41 63580
2026-09-08 01:22:20,946 - DEBUG - PIL.PngImagePlugin - STREAM b'IHDR' 16 13
2026-09-08 01:22:20,947 - DEBUG - PIL.PngImagePlugin - STREAM b'IDAT' 41 64126
2026-09-08 01:22:20,950 - DEBUG - PIL.PngImagePlugin - STREAM b'IHDR' 16 13
2026-09-08 01:22:20,950 - DEBUG - PIL.PngImagePlugin - STREAM b'IDAT' 41 64126
2026-09-08 01:22:20,954 - DEBUG - PIL.PngImagePlugin - STREAM b'IHDR' 16 13
2026-09-08 01:22:20,954 - DEBUG - PIL.PngImagePlugin - STREAM b'IDAT' 41 64126
2026-09-08 01:22:20,958 - DEBUG - PIL.PngImagePlugin - STREAM b'IHDR' 16 13
2026-09-08 01:22:20,958 - DEBUG - PIL.PngImagePlugin - STREAM b'IDAT' 41 56150
2026-09-08 01:22:20,962 - DEBUG - PIL.PngImagePlugin - STREAM b'IHDR' 16 13
2026-09-08 01:22:20,962 - DEBUG - PIL.PngImagePlugin - STREAM b'IDAT' 41 64126
2026-09-08 01:22:20,966 - DEBUG - PIL.PngImagePlugin - STREAM b'IHDR' 16 13
2026-09-08 01:22:20,966 - DEBUG - PIL.PngImagePlugin - STREAM b'IDAT' 41 64126
2026-09-08 01:22:20,978 - DEBUG - PIL.PngImagePlugin - STREAM b'IHDR' 16 13
2026-09-08 01:22:20,978 - DEBUG - PIL.PngImagePlugin - STREAM b'IDAT' 41 62450
2026-09-08 01:22:21,077 - DEBUG - PIL.PngImagePlugin - STREAM b'IHDR' 16 13
2026-09-08 01:22:21,077 - DEBUG - PIL.PngImagePlugin - STREAM b'IDAT' 41 65536
2026-09-08 01:22:21,080 - DEBUG - PIL.PngImagePlugin - STREAM b'IHDR' 16 13
2026-09-08 01:22:21,080 - DEBUG - PIL.PngImagePlugin - STREAM b'IDAT' 41 65536
2026-09-08 01:22:21,192 - DEBUG - PIL.PngImagePlugin - STREAM b'IHDR' 16 13
2026-09-08 01:22:21,192 - DEBUG - PIL.PngImagePlugin - STREAM b'IDAT' 41 62450
2026-09-08 01:22:21,296 - DEBUG - PIL.PngImagePlugin - STREAM b'IHDR' 16 13
2026-09-08 01:22:21,296 - DEBUG - PIL.PngImagePlugin - STREAM b'IDAT' 41 62450
2026-09-08 01:22:21,399 - DEBUG - PIL.PngImagePlugin - STREAM b'IHDR' 16 13
2026-09-08 01:22:21,399 - DEBUG - PIL.PngImagePlugin - STREAM b'IDAT' 41 62450
2026-09-08 01:22:21,502 - DEBUG - PIL.PngImagePlugin - STREAM b'IHDR' 16 13
2026-09-08 01:22:21,502 - DEBUG - PIL.PngImagePlugin - STREAM b'IDAT' 41 62450
2026-09-08 01:22:21,605 - DEBUG - PIL.PngImagePlugin - STREAM b'IHDR' 16 13
2026-09-08 01:22:21,606 - DEBUG - PIL.PngImagePlugin - STREAM b'IDAT' 41 62450
2026-09-08 01:22:21,710 - DEBUG - PIL.PngImagePlugin - STREAM b'IHDR' 16 13
2026-09-08 01:22:21,710 - DEBUG - PIL.PngImagePlugin - STREAM b'IDAT' 41 62450
2026-09-08 01:22:21,813 - DEBUG - PIL.PngImagePlugin - STREAM b'IHDR' 16 13
2026-09-08 01:22:21,813 - DEBUG - PIL.PngImagePlugin - STREAM b'IDAT' 41 62450
2026-09-08 01:22:21,916 - DEBUG - PIL.PngImagePlugin - STREAM b'IHDR' 16 13
2026-09-08 01:22:21,916 - DEBUG - PIL.PngImagePlugin - STREAM b'IDAT' 41 62450
2026-09-08 01:22:22,019 - DEBUG - PIL.PngImagePlugin - STREAM b'IHDR' 16 13
2026-09-08 01:22:22,019 - DEBUG - PIL.PngImagePlugin - STREAM b'IDAT' 41 62450
2026-09-08 01:22:22,122 - DEBUG - PIL.PngImagePlugin - STREAM b'IHDR' 16 13
2026-09-08 01:22:22,122 - DEBUG - PIL.PngImagePlugin - STREAM b'IDAT' 41 62450
2026-09-08 01:22:23,849 - INFO - KGameTracker - ℹ️  ==================================================
2026-09-08 01:22:23,850 - INFO - KGameTracker - ℹ️  K GAME TRACKER - CERRADA
2026-09-08 01:22:23,850 - INFO - KGameTracker - ℹ️  ==================================================
2026-09-08 01:52:24,583 - INFO - KGameTracker - ℹ️  ==================================================
2026-09-08 01:52:24,583 - INFO - KGameTracker - ℹ️  K GAME TRACKER - INICIADA
2026-09-08 01:52:24,583 - INFO - KGameTracker - ℹ️  ==================================================
2026-09-08 01:52:24,726 - DEBUG - PIL.Image - Importing PngImagePlugin
2026-09-08 01:52:24,740 - DEBUG - PIL.PngImagePlugin - STREAM b'IHDR' 16 13
2026-09-08 01:52:24,741 - DEBUG - PIL.PngImagePlugin - STREAM b'caBX' 41 5758
2026-09-08 01:52:24,742 - DEBUG - PIL.PngImagePlugin - b'caBX' 41 5758 (unknown)
2026-09-08 01:52:24,742 - DEBUG - PIL.PngImagePlugin - STREAM b'IDAT' 5811 65536
2026-09-08 01:52:27,227 - DEBUG - PIL.PngImagePlugin - STREAM b'IHDR' 16 13
2026-09-08 01:52:27,227 - DEBUG - PIL.PngImagePlugin - STREAM b'caBX' 41 5758
2026-09-08 01:52:27,227 - DEBUG - PIL.PngImagePlugin - b'caBX' 41 5758 (unknown)
2026-09-08 01:52:27,228 - DEBUG - PIL.PngImagePlugin - STREAM b'IDAT' 5811 65536
2026-09-08 01:52:27,255 - DEBUG - PIL.PngImagePlugin - STREAM b'IHDR' 16 13
2026-09-08 01:52:27,255 - DEBUG - PIL.PngImagePlugin - STREAM b'IDAT' 41 53758
2026-09-08 01:52:27,260 - DEBUG - PIL.PngImagePlugin - STREAM b'IHDR' 16 13
2026-09-08 01:52:27,260 - DEBUG - PIL.PngImagePlugin - STREAM b'IDAT' 41 65536
2026-09-08 01:52:27,263 - DEBUG - PIL.PngImagePlugin - STREAM b'IHDR' 16 13
2026-09-08 01:52:27,263 - DEBUG - PIL.PngImagePlugin - STREAM b'IDAT' 41 58612
2026-09-08 01:52:27,267 - DEBUG - PIL.PngImagePlugin - STREAM b'IHDR' 16 13
2026-09-08 01:52:27,267 - DEBUG - PIL.PngImagePlugin - STREAM b'IDAT' 41 63613
2026-09-08 01:52:27,271 - DEBUG - PIL.PngImagePlugin - STREAM b'IHDR' 16 13
2026-09-08 01:52:27,271 - DEBUG - PIL.PngImagePlugin - STREAM b'IDAT' 41 65536
2026-09-08 01:52:27,277 - DEBUG - PIL.PngImagePlugin - STREAM b'IHDR' 16 13
2026-09-08 01:52:27,277 - DEBUG - PIL.PngImagePlugin - STREAM b'IDAT' 41 63580
2026-09-08 01:52:27,281 - DEBUG - PIL.PngImagePlugin - STREAM b'IHDR' 16 13
2026-09-08 01:52:27,281 - DEBUG - PIL.PngImagePlugin - STREAM b'IDAT' 41 64126
2026-09-08 01:52:27,286 - DEBUG - PIL.PngImagePlugin - STREAM b'IHDR' 16 13
2026-09-08 01:52:27,286 - DEBUG - PIL.PngImagePlugin - STREAM b'IDAT' 41 64126
2026-09-08 01:52:27,291 - DEBUG - PIL.PngImagePlugin - STREAM b'IHDR' 16 13
2026-09-08 01:52:27,291 - DEBUG - PIL.PngImagePlugin - STREAM b'IDAT' 41 64126
2026-09-08 01:52:27,295 - DEBUG - PIL.PngImagePlugin - STREAM b'IHDR' 16 13
2026-09-08 01:52:27,295 - DEBUG - PIL.PngImagePlugin - STREAM b'IDAT' 41 56150
2026-09-08 01:52:27,300 - DEBUG - PIL.PngImagePlugin - STREAM b'IHDR' 16 13
2026-09-08 01:52:27,300 - DEBUG - PIL.PngImagePlugin - STREAM b'IDAT' 41 64126
2026-09-08 01:52:27,304 - DEBUG - PIL.PngImagePlugin - STREAM b'IHDR' 16 13
2026-09-08 01:52:27,304 - DEBUG - PIL.PngImagePlugin - STREAM b'IDAT' 41 64126
2026-09-08 01:52:27,318 - DEBUG - PIL.PngImagePlugin - STREAM b'IHDR' 16 13
2026-09-08 01:52:27,318 - DEBUG - PIL.PngImagePlugin - STREAM b'IDAT' 41 62450
2026-09-08 01:52:27,452 - DEBUG - PIL.PngImagePlugin - STREAM b'IHDR' 16 13
2026-09-08 01:52:27,453 - DEBUG - PIL.PngImagePlugin - STREAM b'IDAT' 41 65536
2026-09-08 01:52:27,455 - DEBUG - PIL.PngImagePlugin - STREAM b'IHDR' 16 13
2026-09-08 01:52:27,456 - DEBUG - PIL.PngImagePlugin - STREAM b'IDAT' 41 65536
2026-09-08 01:52:27,577 - DEBUG - PIL.PngImagePlugin - STREAM b'IHDR' 16 13
2026-09-08 01:52:27,577 - DEBUG - PIL.PngImagePlugin - STREAM b'IDAT' 41 62450
2026-09-08 01:52:27,680 - DEBUG - PIL.PngImagePlugin - STREAM b'IHDR' 16 13
2026-09-08 01:52:27,680 - DEBUG - PIL.PngImagePlugin - STREAM b'IDAT' 41 62450
2026-09-08 01:52:27,785 - DEBUG - PIL.PngImagePlugin - STREAM b'IHDR' 16 13
2026-09-08 01:52:27,785 - DEBUG - PIL.PngImagePlugin - STREAM b'IDAT' 41 62450
2026-09-08 01:52:27,888 - DEBUG - PIL.PngImagePlugin - STREAM b'IHDR' 16 13
2026-09-08 01:52:27,888 - DEBUG - PIL.PngImagePlugin - STREAM b'IDAT' 41 62450
2026-09-08 01:52:27,993 - DEBUG - PIL.PngImagePlugin - STREAM b'IHDR' 16 13
2026-09-08 01:52:27,993 - DEBUG - PIL.PngImagePlugin - STREAM b'IDAT' 41 62450
2026-09-08 01:52:28,096 - DEBUG - PIL.PngImagePlugin - STREAM b'IHDR' 16 13
2026-09-08 01:52:28,096 - DEBUG - PIL.PngImagePlugin - STREAM b'IDAT' 41 62450
2026-09-08 01:52:28,200 - DEBUG - PIL.PngImagePlugin - STREAM b'IHDR' 16 13
2026-09-08 01:52:28,201 - DEBUG - PIL.PngImagePlugin - STREAM b'IDAT' 41 62450
2026-09-08 01:52:28,303 - DEBUG - PIL.PngImagePlugin - STREAM b'IHDR' 16 13
2026-09-08 01:52:28,304 - DEBUG - PIL.PngImagePlugin - STREAM b'IDAT' 41 62450
2026-09-08 01:52:28,407 - DEBUG - PIL.PngImagePlugin - STREAM b'IHDR' 16 13
2026-09-08 01:52:28,407 - DEBUG - PIL.PngImagePlugin - STREAM b'IDAT' 41 62450
2026-09-08 01:52:28,510 - DEBUG - PIL.PngImagePlugin - STREAM b'IHDR' 16 13
2026-09-08 01:52:28,510 - DEBUG - PIL.PngImagePlugin - STREAM b'IDAT' 41 62450
2026-09-08 01:52:31,628 - DEBUG - urllib3.connectionpool - Starting new HTTPS connection (1): www.gamerpower.com:443
2026-09-08 01:52:31,771 - DEBUG - urllib3.connectionpool - https://www.gamerpower.com:443 "GET /api/giveaways?type=game HTTP/1.1" 200 None
2026-09-08 01:52:33,517 - DEBUG - urllib3.connectionpool - Starting new HTTPS connection (1): www.gamerpower.com:443
2026-09-08 01:52:33,618 - DEBUG - urllib3.connectionpool - https://www.gamerpower.com:443 "GET /offers/1b/6a998bd861dec.jpg HTTP/1.1" 200 25311
2026-09-08 01:52:33,628 - DEBUG - PIL.PngImagePlugin - STREAM b'IHDR' 16 13
2026-09-08 01:52:33,628 - DEBUG - PIL.PngImagePlugin - STREAM b'IDAT' 41 54256
2026-09-08 01:52:33,654 - DEBUG - urllib3.connectionpool - https://www.gamerpower.com:443 "GET /offers/1b/6a53a044a87b6.jpg HTTP/1.1" 200 36351
2026-09-08 01:52:33,658 - DEBUG - PIL.PngImagePlugin - STREAM b'IHDR' 16 13
2026-09-08 01:52:33,658 - DEBUG - PIL.PngImagePlugin - STREAM b'IDAT' 41 54256
2026-09-08 01:52:33,683 - DEBUG - urllib3.connectionpool - https://www.gamerpower.com:443 "GET /offers/1b/6a59119a8eb8d.jpg HTTP/1.1" 200 40398
2026-09-08 01:52:33,688 - DEBUG - PIL.PngImagePlugin - STREAM b'IHDR' 16 13
2026-09-08 01:52:33,688 - DEBUG - PIL.PngImagePlugin - STREAM b'IDAT' 41 54256
2026-09-08 01:52:33,713 - DEBUG - urllib3.connectionpool - https://www.gamerpower.com:443 "GET /offers/1b/6a9ebcfac0aab.jpg HTTP/1.1" 200 45431
2026-09-08 01:52:33,717 - DEBUG - PIL.PngImagePlugin - STREAM b'IHDR' 16 13
2026-09-08 01:52:33,717 - DEBUG - PIL.PngImagePlugin - STREAM b'IDAT' 41 54256
2026-09-08 01:52:33,742 - DEBUG - urllib3.connectionpool - https://www.gamerpower.com:443 "GET /offers/1b/6a456f543d3c9.jpg HTTP/1.1" 200 23987
2026-09-08 01:52:33,746 - DEBUG - PIL.PngImagePlugin - STREAM b'IHDR' 16 13
2026-09-08 01:52:33,747 - DEBUG - PIL.PngImagePlugin - STREAM b'IDAT' 41 54256
2026-09-08 01:52:33,770 - DEBUG - urllib3.connectionpool - https://www.gamerpower.com:443 "GET /offers/1b/6a27eafa35794.jpg HTTP/1.1" 200 28898
2026-09-08 01:52:33,775 - DEBUG - PIL.PngImagePlugin - STREAM b'IHDR' 16 13
2026-09-08 01:52:33,775 - DEBUG - PIL.PngImagePlugin - STREAM b'IDAT' 41 54256
2026-09-08 01:52:33,798 - DEBUG - urllib3.connectionpool - https://www.gamerpower.com:443 "GET /offers/1b/6946b7c157bca.jpg HTTP/1.1" 200 33903
2026-09-08 01:52:33,802 - DEBUG - PIL.PngImagePlugin - STREAM b'IHDR' 16 13
2026-09-08 01:52:33,802 - DEBUG - PIL.PngImagePlugin - STREAM b'IDAT' 41 54256
2026-09-08 01:52:33,826 - DEBUG - urllib3.connectionpool - https://www.gamerpower.com:443 "GET /offers/1b/698fa7369c1f5.jpg HTTP/1.1" 200 31147
2026-09-08 01:52:33,829 - DEBUG - PIL.PngImagePlugin - STREAM b'IHDR' 16 13
2026-09-08 01:52:33,830 - DEBUG - PIL.PngImagePlugin - STREAM b'IDAT' 41 54256
2026-09-08 01:52:33,853 - DEBUG - urllib3.connectionpool - https://www.gamerpower.com:443 "GET /offers/1b/6946b8c46bc9b.jpg HTTP/1.1" 200 41266
2026-09-08 01:52:33,859 - DEBUG - PIL.PngImagePlugin - STREAM b'IHDR' 16 13
2026-09-08 01:52:33,859 - DEBUG - PIL.PngImagePlugin - STREAM b'IDAT' 41 54256
2026-09-08 01:52:33,883 - DEBUG - urllib3.connectionpool - https://www.gamerpower.com:443 "GET /offers/1b/63c6f67bb9c8b.jpg HTTP/1.1" 200 49447
2026-09-08 01:52:33,887 - DEBUG - PIL.PngImagePlugin - STREAM b'IHDR' 16 13
2026-09-08 01:52:33,887 - DEBUG - PIL.PngImagePlugin - STREAM b'IDAT' 41 54256
2026-09-08 01:52:33,912 - DEBUG - urllib3.connectionpool - https://www.gamerpower.com:443 "GET /offers/1b/68efabd65f913.jpg HTTP/1.1" 200 32166
2026-09-08 01:52:33,916 - DEBUG - PIL.PngImagePlugin - STREAM b'IHDR' 16 13
2026-09-08 01:52:33,916 - DEBUG - PIL.PngImagePlugin - STREAM b'IDAT' 41 54256
2026-09-08 01:52:33,940 - DEBUG - urllib3.connectionpool - https://www.gamerpower.com:443 "GET /offers/1b/68e6513c31514.jpg HTTP/1.1" 200 18347
2026-09-08 01:52:33,943 - DEBUG - PIL.PngImagePlugin - STREAM b'IHDR' 16 13
2026-09-08 01:52:33,944 - DEBUG - PIL.PngImagePlugin - STREAM b'IDAT' 41 54256
2026-09-08 01:52:33,966 - DEBUG - urllib3.connectionpool - https://www.gamerpower.com:443 "GET /offers/1b/68e15e986da99.jpg HTTP/1.1" 200 23873
2026-09-08 01:52:33,970 - DEBUG - PIL.PngImagePlugin - STREAM b'IHDR' 16 13
2026-09-08 01:52:33,970 - DEBUG - PIL.PngImagePlugin - STREAM b'IDAT' 41 54256
2026-09-08 01:52:33,997 - DEBUG - urllib3.connectionpool - https://www.gamerpower.com:443 "GET /offers/1b/68d828fc4174f.jpg HTTP/1.1" 200 57980
2026-09-08 01:52:34,000 - DEBUG - PIL.PngImagePlugin - STREAM b'IHDR' 16 13
2026-09-08 01:52:34,001 - DEBUG - PIL.PngImagePlugin - STREAM b'IDAT' 41 54256
2026-09-08 01:52:34,025 - DEBUG - urllib3.connectionpool - https://www.gamerpower.com:443 "GET /offers/1b/68dd2161c3088.jpg HTTP/1.1" 200 36137
2026-09-08 01:52:34,029 - DEBUG - PIL.PngImagePlugin - STREAM b'IHDR' 16 13
2026-09-08 01:52:34,029 - DEBUG - PIL.PngImagePlugin - STREAM b'IDAT' 41 54256
2026-09-08 01:52:34,054 - DEBUG - urllib3.connectionpool - https://www.gamerpower.com:443 "GET /offers/1b/6a998eb716bfe.jpg HTTP/1.1" 200 47772
2026-09-08 01:52:34,058 - DEBUG - PIL.PngImagePlugin - STREAM b'IHDR' 16 13
2026-09-08 01:52:34,058 - DEBUG - PIL.PngImagePlugin - STREAM b'IDAT' 41 54256
2026-09-08 01:52:34,085 - DEBUG - urllib3.connectionpool - https://www.gamerpower.com:443 "GET /offers/1b/6993208da38c7.jpg HTTP/1.1" 200 63785
2026-09-08 01:52:34,090 - DEBUG - PIL.PngImagePlugin - STREAM b'IHDR' 16 13
2026-09-08 01:52:34,090 - DEBUG - PIL.PngImagePlugin - STREAM b'IDAT' 41 54256
2026-09-08 01:52:34,116 - DEBUG - urllib3.connectionpool - https://www.gamerpower.com:443 "GET /offers/1b/69567c4ee0fa3.jpg HTTP/1.1" 200 67756
2026-09-08 01:52:34,120 - DEBUG - PIL.PngImagePlugin - STREAM b'IHDR' 16 13
2026-09-08 01:52:34,120 - DEBUG - PIL.PngImagePlugin - STREAM b'IDAT' 41 54256
2026-09-08 01:52:34,144 - DEBUG - urllib3.connectionpool - https://www.gamerpower.com:443 "GET /offers/1b/689aece93310e.jpg HTTP/1.1" 200 34152
2026-09-08 01:52:34,147 - DEBUG - PIL.PngImagePlugin - STREAM b'IHDR' 16 13
2026-09-08 01:52:34,148 - DEBUG - PIL.PngImagePlugin - STREAM b'IDAT' 41 54256
2026-09-08 01:52:36,727 - DEBUG - urllib3.connectionpool - Starting new HTTPS connection (1): www.gamerpower.com:443
2026-09-08 01:52:36,851 - DEBUG - urllib3.connectionpool - https://www.gamerpower.com:443 "GET /api/giveaways?type=game HTTP/1.1" 200 None
2026-09-08 01:52:36,878 - DEBUG - urllib3.connectionpool - https://www.gamerpower.com:443 "GET /offers/1b/6a998bd861dec.jpg HTTP/1.1" 200 25311
2026-09-08 01:52:36,883 - DEBUG - PIL.PngImagePlugin - STREAM b'IHDR' 16 13
2026-09-08 01:52:36,883 - DEBUG - PIL.PngImagePlugin - STREAM b'IDAT' 41 54256
2026-09-08 01:52:36,905 - DEBUG - urllib3.connectionpool - https://www.gamerpower.com:443 "GET /offers/1b/6a53a044a87b6.jpg HTTP/1.1" 200 36351
2026-09-08 01:52:36,909 - DEBUG - PIL.PngImagePlugin - STREAM b'IHDR' 16 13
2026-09-08 01:52:36,909 - DEBUG - PIL.PngImagePlugin - STREAM b'IDAT' 41 54256
2026-09-08 01:52:40,593 - DEBUG - urllib3.connectionpool - https://www.gamerpower.com:443 "GET /offers/1b/6a998eb716bfe.jpg HTTP/1.1" 200 47772
2026-09-08 01:52:40,597 - DEBUG - PIL.PngImagePlugin - STREAM b'IHDR' 16 13
2026-09-08 01:52:40,598 - DEBUG - PIL.PngImagePlugin - STREAM b'IDAT' 41 54256
2026-09-08 01:52:40,623 - DEBUG - urllib3.connectionpool - https://www.gamerpower.com:443 "GET /offers/1b/6993208da38c7.jpg HTTP/1.1" 200 63785
2026-09-08 01:52:40,627 - DEBUG - PIL.PngImagePlugin - STREAM b'IHDR' 16 13
2026-09-08 01:52:40,627 - DEBUG - PIL.PngImagePlugin - STREAM b'IDAT' 41 54256
2026-09-08 01:52:40,654 - DEBUG - urllib3.connectionpool - https://www.gamerpower.com:443 "GET /offers/1b/69567c4ee0fa3.jpg HTTP/1.1" 200 67756
2026-09-08 01:52:40,658 - DEBUG - PIL.PngImagePlugin - STREAM b'IHDR' 16 13
2026-09-08 01:52:40,658 - DEBUG - PIL.PngImagePlugin - STREAM b'IDAT' 41 54256
2026-09-08 01:52:40,681 - DEBUG - urllib3.connectionpool - https://www.gamerpower.com:443 "GET /offers/1b/689aece93310e.jpg HTTP/1.1" 200 34152
2026-09-08 01:52:40,684 - DEBUG - PIL.PngImagePlugin - STREAM b'IHDR' 16 13
2026-09-08 01:52:40,684 - DEBUG - PIL.PngImagePlugin - STREAM b'IDAT' 41 54256
2026-09-08 01:52:44,089 - DEBUG - PIL.PngImagePlugin - STREAM b'IHDR' 16 13
2026-09-08 01:52:44,089 - DEBUG - PIL.PngImagePlugin - STREAM b'IDAT' 41 62450
2026-09-08 01:52:44,389 - DEBUG - PIL.PngImagePlugin - STREAM b'IHDR' 16 13
2026-09-08 01:52:44,389 - DEBUG - PIL.PngImagePlugin - STREAM b'IDAT' 41 62450
2026-09-08 01:59:01,953 - DEBUG - urllib3.connectionpool - https://www.gamerpower.com:443 "GET /offers/1b/6a998bd861dec.jpg HTTP/1.1" 200 25311
2026-09-08 01:59:01,958 - DEBUG - PIL.PngImagePlugin - STREAM b'IHDR' 16 13
2026-09-08 01:59:01,958 - DEBUG - PIL.PngImagePlugin - STREAM b'IDAT' 41 54256
2026-09-08 01:59:01,982 - DEBUG - urllib3.connectionpool - https://www.gamerpower.com:443 "GET /offers/1b/6a53a044a87b6.jpg HTTP/1.1" 200 36351
2026-09-08 01:59:01,986 - DEBUG - PIL.PngImagePlugin - STREAM b'IHDR' 16 13
2026-09-08 01:59:01,986 - DEBUG - PIL.PngImagePlugin - STREAM b'IDAT' 41 54256
2026-09-08 01:59:02,586 - DEBUG - urllib3.connectionpool - Starting new HTTPS connection (1): www.gamerpower.com:443
2026-09-08 01:59:02,704 - DEBUG - urllib3.connectionpool - https://www.gamerpower.com:443 "GET /api/giveaways?type=game HTTP/1.1" 200 None
2026-09-08 01:59:02,739 - DEBUG - urllib3.connectionpool - https://www.gamerpower.com:443 "GET /offers/1b/6a998bd861dec.jpg HTTP/1.1" 200 25311
2026-09-08 01:59:02,743 - DEBUG - PIL.PngImagePlugin - STREAM b'IHDR' 16 13
2026-09-08 01:59:02,744 - DEBUG - PIL.PngImagePlugin - STREAM b'IDAT' 41 54256
2026-09-08 01:59:02,766 - DEBUG - urllib3.connectionpool - https://www.gamerpower.com:443 "GET /offers/1b/6a53a044a87b6.jpg HTTP/1.1" 200 36351
2026-09-08 01:59:02,770 - DEBUG - PIL.PngImagePlugin - STREAM b'IHDR' 16 13
2026-09-08 01:59:02,770 - DEBUG - PIL.PngImagePlugin - STREAM b'IDAT' 41 54256
2026-09-08 01:59:02,891 - DEBUG - urllib3.connectionpool - Starting new HTTPS connection (1): www.gamerpower.com:443
2026-09-08 01:59:02,996 - DEBUG - urllib3.connectionpool - https://www.gamerpower.com:443 "GET /api/giveaways?type=game HTTP/1.1" 200 None
2026-09-08 01:59:03,032 - DEBUG - urllib3.connectionpool - https://www.gamerpower.com:443 "GET /offers/1b/6a998bd861dec.jpg HTTP/1.1" 200 25311
2026-09-08 01:59:03,036 - DEBUG - PIL.PngImagePlugin - STREAM b'IHDR' 16 13
2026-09-08 01:59:03,036 - DEBUG - PIL.PngImagePlugin - STREAM b'IDAT' 41 54256
2026-09-08 01:59:03,060 - DEBUG - urllib3.connectionpool - https://www.gamerpower.com:443 "GET /offers/1b/6a53a044a87b6.jpg HTTP/1.1" 200 36351
2026-09-08 01:59:03,064 - DEBUG - PIL.PngImagePlugin - STREAM b'IHDR' 16 13
2026-09-08 01:59:03,065 - DEBUG - PIL.PngImagePlugin - STREAM b'IDAT' 41 54256
2026-09-08 01:59:05,185 - DEBUG - urllib3.connectionpool - https://www.gamerpower.com:443 "GET /offers/1b/6a59119a8eb8d.jpg HTTP/1.1" 200 40398
2026-09-08 01:59:07,897 - DEBUG - PIL.PngImagePlugin - STREAM b'IHDR' 16 13
2026-09-08 01:59:07,897 - DEBUG - PIL.PngImagePlugin - STREAM b'IDAT' 41 54256
2026-09-08 01:59:07,929 - DEBUG - urllib3.connectionpool - https://www.gamerpower.com:443 "GET /offers/1b/6a998bd861dec.jpg HTTP/1.1" 200 25311
2026-09-08 01:59:07,935 - DEBUG - PIL.PngImagePlugin - STREAM b'IHDR' 16 13
2026-09-08 01:59:07,935 - DEBUG - PIL.PngImagePlugin - STREAM b'IDAT' 41 54256
2026-09-08 01:59:07,958 - DEBUG - urllib3.connectionpool - https://www.gamerpower.com:443 "GET /offers/1b/6a53a044a87b6.jpg HTTP/1.1" 200 36351
2026-09-08 01:59:07,962 - DEBUG - PIL.PngImagePlugin - STREAM b'IHDR' 16 13
2026-09-08 01:59:07,962 - DEBUG - PIL.PngImagePlugin - STREAM b'IDAT' 41 54256
2026-09-08 01:59:07,994 - DEBUG - urllib3.connectionpool - Starting new HTTPS connection (1): www.gamerpower.com:443
2026-09-08 01:59:08,069 - DEBUG - urllib3.connectionpool - https://www.gamerpower.com:443 "GET /api/giveaways?type=game HTTP/1.1" 200 None
2026-09-08 01:59:08,669 - DEBUG - urllib3.connectionpool - https://www.gamerpower.com:443 "GET /offers/1b/6a998bd861dec.jpg HTTP/1.1" 200 25311
2026-09-08 01:59:08,673 - DEBUG - PIL.PngImagePlugin - STREAM b'IHDR' 16 13
2026-09-08 01:59:08,674 - DEBUG - PIL.PngImagePlugin - STREAM b'IDAT' 41 54256
2026-09-08 01:59:08,697 - DEBUG - urllib3.connectionpool - https://www.gamerpower.com:443 "GET /offers/1b/6a53a044a87b6.jpg HTTP/1.1" 200 36351
2026-09-08 01:59:08,701 - DEBUG - PIL.PngImagePlugin - STREAM b'IHDR' 16 13
2026-09-08 01:59:08,702 - DEBUG - PIL.PngImagePlugin - STREAM b'IDAT' 41 54256
2026-09-08 01:59:09,769 - DEBUG - urllib3.connectionpool - Starting new HTTPS connection (1): www.gamerpower.com:443
2026-09-08 01:59:09,871 - DEBUG - urllib3.connectionpool - https://www.gamerpower.com:443 "GET /api/giveaways?type=game HTTP/1.1" 200 None
2026-09-08 01:59:09,907 - DEBUG - urllib3.connectionpool - https://www.gamerpower.com:443 "GET /offers/1b/6a998bd861dec.jpg HTTP/1.1" 200 25311
2026-09-08 01:59:09,911 - DEBUG - PIL.PngImagePlugin - STREAM b'IHDR' 16 13
2026-09-08 01:59:09,911 - DEBUG - PIL.PngImagePlugin - STREAM b'IDAT' 41 54256
2026-09-08 01:59:09,934 - DEBUG - urllib3.connectionpool - https://www.gamerpower.com:443 "GET /offers/1b/6a53a044a87b6.jpg HTTP/1.1" 200 36351
2026-09-08 01:59:09,938 - DEBUG - PIL.PngImagePlugin - STREAM b'IHDR' 16 13
2026-09-08 01:59:09,938 - DEBUG - PIL.PngImagePlugin - STREAM b'IDAT' 41 54256
2026-09-08 01:59:10,385 - DEBUG - urllib3.connectionpool - https://www.gamerpower.com:443 "GET /offers/1b/6a9ebcfac0aab.jpg HTTP/1.1" 200 45431
2026-09-08 01:59:10,389 - DEBUG - PIL.PngImagePlugin - STREAM b'IHDR' 16 13
2026-09-08 01:59:10,389 - DEBUG - PIL.PngImagePlugin - STREAM b'IDAT' 41 54256
2026-09-08 01:59:12,509 - DEBUG - urllib3.connectionpool - https://www.gamerpower.com:443 "GET /offers/1b/6a456f543d3c9.jpg HTTP/1.1" 200 23987
2026-09-08 01:59:12,513 - DEBUG - PIL.PngImagePlugin - STREAM b'IHDR' 16 13
2026-09-08 01:59:12,513 - DEBUG - PIL.PngImagePlugin - STREAM b'IDAT' 41 54256
2026-09-08 01:59:12,539 - DEBUG - urllib3.connectionpool - https://www.gamerpower.com:443 "GET /offers/1b/6a27eafa35794.jpg HTTP/1.1" 200 28898
2026-09-08 01:59:12,542 - DEBUG - PIL.PngImagePlugin - STREAM b'IHDR' 16 13
2026-09-08 01:59:12,543 - DEBUG - PIL.PngImagePlugin - STREAM b'IDAT' 41 54256
2026-09-08 01:59:12,566 - DEBUG - urllib3.connectionpool - https://www.gamerpower.com:443 "GET /offers/1b/6946b7c157bca.jpg HTTP/1.1" 200 33903
2026-09-08 01:59:12,570 - DEBUG - PIL.PngImagePlugin - STREAM b'IHDR' 16 13
2026-09-08 01:59:12,570 - DEBUG - PIL.PngImagePlugin - STREAM b'IDAT' 41 54256
2026-09-08 01:59:12,597 - DEBUG - urllib3.connectionpool - https://www.gamerpower.com:443 "GET /offers/1b/698fa7369c1f5.jpg HTTP/1.1" 200 31147
2026-09-08 01:59:12,600 - DEBUG - PIL.PngImagePlugin - STREAM b'IHDR' 16 13
2026-09-08 01:59:12,600 - DEBUG - PIL.PngImagePlugin - STREAM b'IDAT' 41 54256
2026-09-08 01:59:12,623 - DEBUG - urllib3.connectionpool - https://www.gamerpower.com:443 "GET /offers/1b/6946b8c46bc9b.jpg HTTP/1.1" 200 41266
2026-09-08 01:59:12,628 - DEBUG - PIL.PngImagePlugin - STREAM b'IHDR' 16 13
2026-09-08 01:59:12,628 - DEBUG - PIL.PngImagePlugin - STREAM b'IDAT' 41 54256
2026-09-08 01:59:12,651 - DEBUG - urllib3.connectionpool - https://www.gamerpower.com:443 "GET /offers/1b/63c6f67bb9c8b.jpg HTTP/1.1" 200 49447
2026-09-08 01:59:12,655 - DEBUG - PIL.PngImagePlugin - STREAM b'IHDR' 16 13
2026-09-08 01:59:12,655 - DEBUG - PIL.PngImagePlugin - STREAM b'IDAT' 41 54256
2026-09-08 01:59:14,150 - DEBUG - urllib3.connectionpool - https://www.gamerpower.com:443 "GET /offers/1b/68efabd65f913.jpg HTTP/1.1" 200 32166
2026-09-08 01:59:14,154 - DEBUG - PIL.PngImagePlugin - STREAM b'IHDR' 16 13
2026-09-08 01:59:14,154 - DEBUG - PIL.PngImagePlugin - STREAM b'IDAT' 41 54256
2026-09-08 01:59:14,177 - DEBUG - urllib3.connectionpool - https://www.gamerpower.com:443 "GET /offers/1b/68e6513c31514.jpg HTTP/1.1" 200 18347
2026-09-08 01:59:14,181 - DEBUG - PIL.PngImagePlugin - STREAM b'IHDR' 16 13
2026-09-08 01:59:14,182 - DEBUG - PIL.PngImagePlugin - STREAM b'IDAT' 41 54256
2026-09-08 01:59:14,205 - DEBUG - urllib3.connectionpool - https://www.gamerpower.com:443 "GET /offers/1b/68e15e986da99.jpg HTTP/1.1" 200 23873
2026-09-08 01:59:14,209 - DEBUG - PIL.PngImagePlugin - STREAM b'IHDR' 16 13
2026-09-08 01:59:14,210 - DEBUG - PIL.PngImagePlugin - STREAM b'IDAT' 41 54256
2026-09-08 01:59:14,234 - DEBUG - urllib3.connectionpool - https://www.gamerpower.com:443 "GET /offers/1b/68d828fc4174f.jpg HTTP/1.1" 200 57980
2026-09-08 01:59:14,238 - DEBUG - PIL.PngImagePlugin - STREAM b'IHDR' 16 13
2026-09-08 01:59:14,238 - DEBUG - PIL.PngImagePlugin - STREAM b'IDAT' 41 54256
2026-09-08 01:59:14,261 - DEBUG - urllib3.connectionpool - https://www.gamerpower.com:443 "GET /offers/1b/68dd2161c3088.jpg HTTP/1.1" 200 36137
2026-09-08 01:59:14,271 - DEBUG - PIL.PngImagePlugin - STREAM b'IHDR' 16 13
2026-09-08 01:59:14,271 - DEBUG - PIL.PngImagePlugin - STREAM b'IDAT' 41 54256
2026-09-08 01:59:15,073 - DEBUG - urllib3.connectionpool - https://www.gamerpower.com:443 "GET /offers/1b/6a998eb716bfe.jpg HTTP/1.1" 200 47772
2026-09-08 01:59:15,086 - DEBUG - PIL.PngImagePlugin - STREAM b'IHDR' 16 13
2026-09-08 01:59:15,086 - DEBUG - PIL.PngImagePlugin - STREAM b'IDAT' 41 54256
2026-09-08 01:59:15,112 - DEBUG - urllib3.connectionpool - https://www.gamerpower.com:443 "GET /offers/1b/6993208da38c7.jpg HTTP/1.1" 200 63785
2026-09-08 01:59:15,117 - DEBUG - PIL.PngImagePlugin - STREAM b'IHDR' 16 13
2026-09-08 01:59:15,117 - DEBUG - PIL.PngImagePlugin - STREAM b'IDAT' 41 54256
2026-09-08 01:59:15,147 - DEBUG - urllib3.connectionpool - https://www.gamerpower.com:443 "GET /offers/1b/69567c4ee0fa3.jpg HTTP/1.1" 200 67756
2026-09-08 01:59:15,151 - DEBUG - PIL.PngImagePlugin - STREAM b'IHDR' 16 13
2026-09-08 01:59:15,152 - DEBUG - PIL.PngImagePlugin - STREAM b'IDAT' 41 54256
2026-09-08 01:59:15,175 - DEBUG - urllib3.connectionpool - https://www.gamerpower.com:443 "GET /offers/1b/689aece93310e.jpg HTTP/1.1" 200 34152
2026-09-08 01:59:15,179 - DEBUG - PIL.PngImagePlugin - STREAM b'IHDR' 16 13
2026-09-08 01:59:15,179 - DEBUG - PIL.PngImagePlugin - STREAM b'IDAT' 41 54256
2026-09-08 01:59:15,851 - DEBUG - urllib3.connectionpool - https://www.gamerpower.com:443 "GET /offers/1b/68efabd65f913.jpg HTTP/1.1" 200 32166
2026-09-08 01:59:15,855 - DEBUG - PIL.PngImagePlugin - STREAM b'IHDR' 16 13
2026-09-08 01:59:15,855 - DEBUG - PIL.PngImagePlugin - STREAM b'IDAT' 41 54256
2026-09-08 01:59:15,880 - DEBUG - urllib3.connectionpool - https://www.gamerpower.com:443 "GET /offers/1b/68e6513c31514.jpg HTTP/1.1" 200 18347
2026-09-08 01:59:15,884 - DEBUG - PIL.PngImagePlugin - STREAM b'IHDR' 16 13
2026-09-08 01:59:15,884 - DEBUG - PIL.PngImagePlugin - STREAM b'IDAT' 41 54256
2026-09-08 01:59:15,908 - DEBUG - urllib3.connectionpool - https://www.gamerpower.com:443 "GET /offers/1b/68e15e986da99.jpg HTTP/1.1" 200 23873
2026-09-08 01:59:15,912 - DEBUG - PIL.PngImagePlugin - STREAM b'IHDR' 16 13
2026-09-08 01:59:15,912 - DEBUG - PIL.PngImagePlugin - STREAM b'IDAT' 41 54256
2026-09-08 01:59:15,936 - DEBUG - urllib3.connectionpool - https://www.gamerpower.com:443 "GET /offers/1b/68d828fc4174f.jpg HTTP/1.1" 200 57980
2026-09-08 01:59:15,939 - DEBUG - PIL.PngImagePlugin - STREAM b'IHDR' 16 13
2026-09-08 01:59:15,940 - DEBUG - PIL.PngImagePlugin - STREAM b'IDAT' 41 54256
2026-09-08 01:59:15,963 - DEBUG - urllib3.connectionpool - https://www.gamerpower.com:443 "GET /offers/1b/68dd2161c3088.jpg HTTP/1.1" 200 36137
2026-09-08 01:59:15,968 - DEBUG - PIL.PngImagePlugin - STREAM b'IHDR' 16 13
2026-09-08 01:59:15,968 - DEBUG - PIL.PngImagePlugin - STREAM b'IDAT' 41 54256
2026-09-08 01:59:17,258 - DEBUG - urllib3.connectionpool - https://www.gamerpower.com:443 "GET /offers/1b/6a998eb716bfe.jpg HTTP/1.1" 200 47772
2026-09-08 01:59:17,262 - DEBUG - PIL.PngImagePlugin - STREAM b'IHDR' 16 13
2026-09-08 01:59:17,262 - DEBUG - PIL.PngImagePlugin - STREAM b'IDAT' 41 54256
2026-09-08 01:59:17,289 - DEBUG - urllib3.connectionpool - https://www.gamerpower.com:443 "GET /offers/1b/6993208da38c7.jpg HTTP/1.1" 200 63785
2026-09-08 01:59:17,293 - DEBUG - PIL.PngImagePlugin - STREAM b'IHDR' 16 13
2026-09-08 01:59:17,293 - DEBUG - PIL.PngImagePlugin - STREAM b'IDAT' 41 54256
2026-09-08 01:59:17,317 - DEBUG - urllib3.connectionpool - https://www.gamerpower.com:443 "GET /offers/1b/69567c4ee0fa3.jpg HTTP/1.1" 200 67756
2026-09-08 01:59:17,321 - DEBUG - PIL.PngImagePlugin - STREAM b'IHDR' 16 13
2026-09-08 01:59:17,321 - DEBUG - PIL.PngImagePlugin - STREAM b'IDAT' 41 54256
2026-09-08 01:59:17,344 - DEBUG - urllib3.connectionpool - https://www.gamerpower.com:443 "GET /offers/1b/689aece93310e.jpg HTTP/1.1" 200 34152
2026-09-08 01:59:17,347 - DEBUG - PIL.PngImagePlugin - STREAM b'IHDR' 16 13
2026-09-08 01:59:17,348 - DEBUG - PIL.PngImagePlugin - STREAM b'IDAT' 41 54256
2026-09-08 12:42:14,297 - INFO - KGameTracker - ℹ️  ==================================================
2026-09-08 12:42:14,304 - INFO - KGameTracker - ℹ️  K GAME TRACKER - INICIADA
2026-09-08 12:42:14,305 - INFO - KGameTracker - ℹ️  ==================================================
2026-09-08 12:42:14,642 - DEBUG - PIL.Image - Importing PngImagePlugin
2026-09-08 12:42:14,665 - DEBUG - PIL.PngImagePlugin - STREAM b'IHDR' 16 13
2026-09-08 12:42:14,666 - DEBUG - PIL.PngImagePlugin - STREAM b'caBX' 41 5758
2026-09-08 12:42:14,666 - DEBUG - PIL.PngImagePlugin - b'caBX' 41 5758 (unknown)
2026-09-08 12:42:14,667 - DEBUG - PIL.PngImagePlugin - STREAM b'IDAT' 5811 65536
2026-09-08 12:42:17,509 - DEBUG - PIL.PngImagePlugin - STREAM b'IHDR' 16 13
2026-09-08 12:42:17,510 - DEBUG - PIL.PngImagePlugin - STREAM b'caBX' 41 5758
2026-09-08 12:42:17,510 - DEBUG - PIL.PngImagePlugin - b'caBX' 41 5758 (unknown)
2026-09-08 12:42:17,510 - DEBUG - PIL.PngImagePlugin - STREAM b'IDAT' 5811 65536
2026-09-08 12:42:17,610 - DEBUG - PIL.PngImagePlugin - STREAM b'IHDR' 16 13
2026-09-08 12:42:17,611 - DEBUG - PIL.PngImagePlugin - STREAM b'IDAT' 41 53758
2026-09-08 12:42:17,634 - DEBUG - PIL.PngImagePlugin - STREAM b'IHDR' 16 13
2026-09-08 12:42:17,635 - DEBUG - PIL.PngImagePlugin - STREAM b'IDAT' 41 65536
2026-09-08 12:42:17,654 - DEBUG - PIL.PngImagePlugin - STREAM b'IHDR' 16 13
2026-09-08 12:42:17,654 - DEBUG - PIL.PngImagePlugin - STREAM b'IDAT' 41 58612
2026-09-08 12:42:17,666 - DEBUG - PIL.PngImagePlugin - STREAM b'IHDR' 16 13
2026-09-08 12:42:17,667 - DEBUG - PIL.PngImagePlugin - STREAM b'IDAT' 41 63613
2026-09-08 12:42:17,692 - DEBUG - PIL.PngImagePlugin - STREAM b'IHDR' 16 13
2026-09-08 12:42:17,693 - DEBUG - PIL.PngImagePlugin - STREAM b'IDAT' 41 65536
2026-09-08 12:42:17,715 - DEBUG - PIL.PngImagePlugin - STREAM b'IHDR' 16 13
2026-09-08 12:42:17,715 - DEBUG - PIL.PngImagePlugin - STREAM b'IDAT' 41 63580
2026-09-08 12:42:17,730 - DEBUG - PIL.PngImagePlugin - STREAM b'IHDR' 16 13
2026-09-08 12:42:17,730 - DEBUG - PIL.PngImagePlugin - STREAM b'IDAT' 41 64126
2026-09-08 12:42:17,747 - DEBUG - PIL.PngImagePlugin - STREAM b'IHDR' 16 13
2026-09-08 12:42:17,747 - DEBUG - PIL.PngImagePlugin - STREAM b'IDAT' 41 64126
2026-09-08 12:42:17,769 - DEBUG - PIL.PngImagePlugin - STREAM b'IHDR' 16 13
2026-09-08 12:42:17,769 - DEBUG - PIL.PngImagePlugin - STREAM b'IDAT' 41 64126
2026-09-08 12:42:17,783 - DEBUG - PIL.PngImagePlugin - STREAM b'IHDR' 16 13
2026-09-08 12:42:17,784 - DEBUG - PIL.PngImagePlugin - STREAM b'IDAT' 41 56150
2026-09-08 12:42:17,799 - DEBUG - PIL.PngImagePlugin - STREAM b'IHDR' 16 13
2026-09-08 12:42:17,799 - DEBUG - PIL.PngImagePlugin - STREAM b'IDAT' 41 64126
2026-09-08 12:42:17,814 - DEBUG - PIL.PngImagePlugin - STREAM b'IHDR' 16 13
2026-09-08 12:42:17,814 - DEBUG - PIL.PngImagePlugin - STREAM b'IDAT' 41 64126
2026-09-08 12:42:17,857 - DEBUG - PIL.PngImagePlugin - STREAM b'IHDR' 16 13
2026-09-08 12:42:17,858 - DEBUG - PIL.PngImagePlugin - STREAM b'IDAT' 41 62450
2026-09-08 12:42:18,076 - DEBUG - PIL.PngImagePlugin - STREAM b'IHDR' 16 13
2026-09-08 12:42:18,076 - DEBUG - PIL.PngImagePlugin - STREAM b'IDAT' 41 65536
2026-09-08 12:42:18,080 - DEBUG - PIL.PngImagePlugin - STREAM b'IHDR' 16 13
2026-09-08 12:42:18,081 - DEBUG - PIL.PngImagePlugin - STREAM b'IDAT' 41 65536
2026-09-08 12:42:18,224 - DEBUG - PIL.PngImagePlugin - STREAM b'IHDR' 16 13
2026-09-08 12:42:18,226 - DEBUG - PIL.PngImagePlugin - STREAM b'IDAT' 41 62450
2026-09-08 12:42:18,334 - DEBUG - PIL.PngImagePlugin - STREAM b'IHDR' 16 13
2026-09-08 12:42:18,334 - DEBUG - PIL.PngImagePlugin - STREAM b'IDAT' 41 62450
2026-09-08 12:42:18,441 - DEBUG - PIL.PngImagePlugin - STREAM b'IHDR' 16 13
2026-09-08 12:42:18,441 - DEBUG - PIL.PngImagePlugin - STREAM b'IDAT' 41 62450
2026-09-08 12:42:18,545 - DEBUG - PIL.PngImagePlugin - STREAM b'IHDR' 16 13
2026-09-08 12:42:18,545 - DEBUG - PIL.PngImagePlugin - STREAM b'IDAT' 41 62450
2026-09-08 12:42:18,649 - DEBUG - PIL.PngImagePlugin - STREAM b'IHDR' 16 13
2026-09-08 12:42:18,649 - DEBUG - PIL.PngImagePlugin - STREAM b'IDAT' 41 62450
2026-09-08 12:42:18,755 - DEBUG - PIL.PngImagePlugin - STREAM b'IHDR' 16 13
2026-09-08 12:42:18,755 - DEBUG - PIL.PngImagePlugin - STREAM b'IDAT' 41 62450
2026-09-08 12:42:18,861 - DEBUG - PIL.PngImagePlugin - STREAM b'IHDR' 16 13
2026-09-08 12:42:18,862 - DEBUG - PIL.PngImagePlugin - STREAM b'IDAT' 41 62450
2026-09-08 12:42:18,965 - DEBUG - PIL.PngImagePlugin - STREAM b'IHDR' 16 13
2026-09-08 12:42:18,965 - DEBUG - PIL.PngImagePlugin - STREAM b'IDAT' 41 62450
2026-09-08 12:42:19,069 - DEBUG - PIL.PngImagePlugin - STREAM b'IHDR' 16 13
2026-09-08 12:42:19,069 - DEBUG - PIL.PngImagePlugin - STREAM b'IDAT' 41 62450
2026-09-08 12:42:19,172 - DEBUG - PIL.PngImagePlugin - STREAM b'IHDR' 16 13
2026-09-08 12:42:19,172 - DEBUG - PIL.PngImagePlugin - STREAM b'IDAT' 41 62450
2026-09-08 12:42:21,533 - DEBUG - PIL.PngImagePlugin - STREAM b'IHDR' 16 13
2026-09-08 12:42:21,533 - DEBUG - PIL.PngImagePlugin - STREAM b'IDAT' 41 62450
2026-09-08 12:42:21,833 - DEBUG - PIL.PngImagePlugin - STREAM b'IHDR' 16 13
2026-09-08 12:42:21,833 - DEBUG - PIL.PngImagePlugin - STREAM b'IDAT' 41 62450
2026-09-08 12:42:21,933 - DEBUG - PIL.PngImagePlugin - STREAM b'IHDR' 16 13
2026-09-08 12:42:21,933 - DEBUG - PIL.PngImagePlugin - STREAM b'IDAT' 41 62450
2026-09-08 12:42:22,673 - DEBUG - PIL.PngImagePlugin - STREAM b'IHDR' 16 13
2026-09-08 12:42:22,673 - DEBUG - PIL.PngImagePlugin - STREAM b'IDAT' 41 62450
2026-09-08 12:42:22,680 - DEBUG - PIL.PngImagePlugin - STREAM b'IHDR' 16 13
2026-09-08 12:42:22,681 - DEBUG - PIL.PngImagePlugin - STREAM b'IDAT' 41 62450
2026-09-08 12:42:22,689 - DEBUG - PIL.PngImagePlugin - STREAM b'IHDR' 16 13
2026-09-08 12:42:22,689 - DEBUG - PIL.PngImagePlugin - STREAM b'IDAT' 41 62450
2026-09-08 12:42:22,697 - DEBUG - PIL.PngImagePlugin - STREAM b'IHDR' 16 13
2026-09-08 12:42:22,697 - DEBUG - PIL.PngImagePlugin - STREAM b'IDAT' 41 62450
2026-09-08 12:42:22,705 - DEBUG - PIL.PngImagePlugin - STREAM b'IHDR' 16 13
2026-09-08 12:42:22,705 - DEBUG - PIL.PngImagePlugin - STREAM b'IDAT' 41 62450
2026-09-08 12:42:22,713 - DEBUG - PIL.PngImagePlugin - STREAM b'IHDR' 16 13
2026-09-08 12:42:22,713 - DEBUG - PIL.PngImagePlugin - STREAM b'IDAT' 41 62450
2026-09-08 12:42:22,721 - DEBUG - PIL.PngImagePlugin - STREAM b'IHDR' 16 13
2026-09-08 12:42:22,721 - DEBUG - PIL.PngImagePlugin - STREAM b'IDAT' 41 62450
2026-09-08 12:42:22,729 - DEBUG - PIL.PngImagePlugin - STREAM b'IHDR' 16 13
2026-09-08 12:42:22,729 - DEBUG - PIL.PngImagePlugin - STREAM b'IDAT' 41 62450
2026-09-08 12:42:22,739 - DEBUG - PIL.PngImagePlugin - STREAM b'IHDR' 16 13
2026-09-08 12:42:22,739 - DEBUG - PIL.PngImagePlugin - STREAM b'IDAT' 41 62450
2026-09-08 12:42:22,747 - DEBUG - PIL.PngImagePlugin - STREAM b'IHDR' 16 13
2026-09-08 12:42:22,747 - DEBUG - PIL.PngImagePlugin - STREAM b'IDAT' 41 62450
2026-09-08 12:42:22,755 - DEBUG - PIL.PngImagePlugin - STREAM b'IHDR' 16 13
2026-09-08 12:42:22,755 - DEBUG - PIL.PngImagePlugin - STREAM b'IDAT' 41 62450
2026-09-08 12:42:22,763 - DEBUG - PIL.PngImagePlugin - STREAM b'IHDR' 16 13
2026-09-08 12:42:22,763 - DEBUG - PIL.PngImagePlugin - STREAM b'IDAT' 41 62450
2026-09-08 12:42:22,771 - DEBUG - PIL.PngImagePlugin - STREAM b'IHDR' 16 13
2026-09-08 12:42:22,771 - DEBUG - PIL.PngImagePlugin - STREAM b'IDAT' 41 62450
2026-09-08 12:42:22,778 - DEBUG - PIL.PngImagePlugin - STREAM b'IHDR' 16 13
2026-09-08 12:42:22,779 - DEBUG - PIL.PngImagePlugin - STREAM b'IDAT' 41 62450
2026-09-08 12:42:22,793 - DEBUG - PIL.PngImagePlugin - STREAM b'IHDR' 16 13
2026-09-08 12:42:22,793 - DEBUG - PIL.PngImagePlugin - STREAM b'IDAT' 41 62450
2026-09-08 12:42:22,801 - DEBUG - PIL.PngImagePlugin - STREAM b'IHDR' 16 13
2026-09-08 12:42:22,801 - DEBUG - PIL.PngImagePlugin - STREAM b'IDAT' 41 62450
2026-09-08 12:42:22,817 - DEBUG - PIL.PngImagePlugin - STREAM b'IHDR' 16 13
2026-09-08 12:42:22,817 - DEBUG - PIL.PngImagePlugin - STREAM b'IDAT' 41 62450
2026-09-08 12:42:22,832 - DEBUG - PIL.PngImagePlugin - STREAM b'IHDR' 16 13
2026-09-08 12:42:22,833 - DEBUG - PIL.PngImagePlugin - STREAM b'IDAT' 41 62450
2026-09-08 12:42:22,857 - DEBUG - PIL.PngImagePlugin - STREAM b'IHDR' 16 13
2026-09-08 12:42:22,857 - DEBUG - PIL.PngImagePlugin - STREAM b'IDAT' 41 62450
2026-09-08 12:42:22,873 - DEBUG - PIL.PngImagePlugin - STREAM b'IHDR' 16 13
2026-09-08 12:42:22,873 - DEBUG - PIL.PngImagePlugin - STREAM b'IDAT' 41 62450
2026-09-08 12:42:22,880 - DEBUG - PIL.PngImagePlugin - STREAM b'IHDR' 16 13
2026-09-08 12:42:22,881 - DEBUG - PIL.PngImagePlugin - STREAM b'IDAT' 41 62450
2026-09-08 12:42:22,889 - DEBUG - PIL.PngImagePlugin - STREAM b'IHDR' 16 13
2026-09-08 12:42:22,889 - DEBUG - PIL.PngImagePlugin - STREAM b'IDAT' 41 62450
2026-09-08 12:42:22,905 - DEBUG - PIL.PngImagePlugin - STREAM b'IHDR' 16 13
2026-09-08 12:42:22,905 - DEBUG - PIL.PngImagePlugin - STREAM b'IDAT' 41 62450
2026-09-08 12:42:23,416 - DEBUG - PIL.PngImagePlugin - STREAM b'IHDR' 16 13
2026-09-08 12:42:23,417 - DEBUG - PIL.PngImagePlugin - STREAM b'IDAT' 41 62450
2026-09-08 12:42:23,424 - DEBUG - PIL.PngImagePlugin - STREAM b'IHDR' 16 13
2026-09-08 12:42:23,425 - DEBUG - PIL.PngImagePlugin - STREAM b'IDAT' 41 62450
2026-09-08 12:42:23,433 - DEBUG - PIL.PngImagePlugin - STREAM b'IHDR' 16 13
2026-09-08 12:42:23,433 - DEBUG - PIL.PngImagePlugin - STREAM b'IDAT' 41 62450
2026-09-08 12:42:23,441 - DEBUG - PIL.PngImagePlugin - STREAM b'IHDR' 16 13
2026-09-08 12:42:23,441 - DEBUG - PIL.PngImagePlugin - STREAM b'IDAT' 41 62450
2026-09-08 12:42:23,449 - DEBUG - PIL.PngImagePlugin - STREAM b'IHDR' 16 13
2026-09-08 12:42:23,449 - DEBUG - PIL.PngImagePlugin - STREAM b'IDAT' 41 62450
2026-09-08 12:42:23,457 - DEBUG - PIL.PngImagePlugin - STREAM b'IHDR' 16 13
2026-09-08 12:42:23,457 - DEBUG - PIL.PngImagePlugin - STREAM b'IDAT' 41 62450
2026-09-08 12:42:23,465 - DEBUG - PIL.PngImagePlugin - STREAM b'IHDR' 16 13
2026-09-08 12:42:23,465 - DEBUG - PIL.PngImagePlugin - STREAM b'IDAT' 41 62450
2026-09-08 12:42:23,472 - DEBUG - PIL.PngImagePlugin - STREAM b'IHDR' 16 13
2026-09-08 12:42:23,473 - DEBUG - PIL.PngImagePlugin - STREAM b'IDAT' 41 62450
2026-09-08 12:42:23,481 - DEBUG - PIL.PngImagePlugin - STREAM b'IHDR' 16 13
2026-09-08 12:42:23,481 - DEBUG - PIL.PngImagePlugin - STREAM b'IDAT' 41 62450
2026-09-08 12:42:23,489 - DEBUG - PIL.PngImagePlugin - STREAM b'IHDR' 16 13
2026-09-08 12:42:23,489 - DEBUG - PIL.PngImagePlugin - STREAM b'IDAT' 41 62450
2026-09-08 12:42:23,496 - DEBUG - PIL.PngImagePlugin - STREAM b'IHDR' 16 13
2026-09-08 12:42:23,497 - DEBUG - PIL.PngImagePlugin - STREAM b'IDAT' 41 62450
2026-09-08 12:42:23,514 - DEBUG - PIL.PngImagePlugin - STREAM b'IHDR' 16 13
2026-09-08 12:42:23,514 - DEBUG - PIL.PngImagePlugin - STREAM b'IDAT' 41 62450
2026-09-08 12:42:23,521 - DEBUG - PIL.PngImagePlugin - STREAM b'IHDR' 16 13
2026-09-08 12:42:23,521 - DEBUG - PIL.PngImagePlugin - STREAM b'IDAT' 41 62450
2026-09-08 12:42:23,649 - DEBUG - PIL.PngImagePlugin - STREAM b'IHDR' 16 13
2026-09-08 12:42:23,649 - DEBUG - PIL.PngImagePlugin - STREAM b'IDAT' 41 62450
2026-09-08 12:42:23,657 - DEBUG - PIL.PngImagePlugin - STREAM b'IHDR' 16 13
2026-09-08 12:42:23,657 - DEBUG - PIL.PngImagePlugin - STREAM b'IDAT' 41 62450
2026-09-08 12:42:23,665 - DEBUG - PIL.PngImagePlugin - STREAM b'IHDR' 16 13
2026-09-08 12:42:23,665 - DEBUG - PIL.PngImagePlugin - STREAM b'IDAT' 41 62450
2026-09-08 12:42:23,672 - DEBUG - PIL.PngImagePlugin - STREAM b'IHDR' 16 13
2026-09-08 12:42:23,673 - DEBUG - PIL.PngImagePlugin - STREAM b'IDAT' 41 62450
2026-09-08 12:42:23,681 - DEBUG - PIL.PngImagePlugin - STREAM b'IHDR' 16 13
2026-09-08 12:42:23,681 - DEBUG - PIL.PngImagePlugin - STREAM b'IDAT' 41 62450
2026-09-08 12:42:23,689 - DEBUG - PIL.PngImagePlugin - STREAM b'IHDR' 16 13
2026-09-08 12:42:23,689 - DEBUG - PIL.PngImagePlugin - STREAM b'IDAT' 41 62450
2026-09-08 12:42:23,697 - DEBUG - PIL.PngImagePlugin - STREAM b'IHDR' 16 13
2026-09-08 12:42:23,697 - DEBUG - PIL.PngImagePlugin - STREAM b'IDAT' 41 62450
2026-09-08 12:42:23,705 - DEBUG - PIL.PngImagePlugin - STREAM b'IHDR' 16 13
2026-09-08 12:42:23,705 - DEBUG - PIL.PngImagePlugin - STREAM b'IDAT' 41 62450
2026-09-08 12:42:23,713 - DEBUG - PIL.PngImagePlugin - STREAM b'IHDR' 16 13
2026-09-08 12:42:23,713 - DEBUG - PIL.PngImagePlugin - STREAM b'IDAT' 41 62450
2026-09-08 12:42:23,729 - DEBUG - PIL.PngImagePlugin - STREAM b'IHDR' 16 13
2026-09-08 12:42:23,729 - DEBUG - PIL.PngImagePlugin - STREAM b'IDAT' 41 62450
2026-09-08 12:42:23,737 - DEBUG - PIL.PngImagePlugin - STREAM b'IHDR' 16 13
2026-09-08 12:42:23,737 - DEBUG - PIL.PngImagePlugin - STREAM b'IDAT' 41 62450
2026-09-08 12:42:23,745 - DEBUG - PIL.PngImagePlugin - STREAM b'IHDR' 16 13
2026-09-08 12:42:23,745 - DEBUG - PIL.PngImagePlugin - STREAM b'IDAT' 41 62450
2026-09-08 12:42:23,760 - DEBUG - PIL.PngImagePlugin - STREAM b'IHDR' 16 13
2026-09-08 12:42:23,761 - DEBUG - PIL.PngImagePlugin - STREAM b'IDAT' 41 62450
2026-09-08 12:42:23,768 - DEBUG - PIL.PngImagePlugin - STREAM b'IHDR' 16 13
2026-09-08 12:42:23,769 - DEBUG - PIL.PngImagePlugin - STREAM b'IDAT' 41 62450
2026-09-08 12:42:23,776 - DEBUG - PIL.PngImagePlugin - STREAM b'IHDR' 16 13
2026-09-08 12:42:23,777 - DEBUG - PIL.PngImagePlugin - STREAM b'IDAT' 41 62450
2026-09-08 12:42:23,785 - DEBUG - PIL.PngImagePlugin - STREAM b'IHDR' 16 13
2026-09-08 12:42:23,785 - DEBUG - PIL.PngImagePlugin - STREAM b'IDAT' 41 62450
2026-09-08 12:42:23,793 - DEBUG - PIL.PngImagePlugin - STREAM b'IHDR' 16 13
2026-09-08 12:42:23,793 - DEBUG - PIL.PngImagePlugin - STREAM b'IDAT' 41 62450
2026-09-08 12:42:23,800 - DEBUG - PIL.PngImagePlugin - STREAM b'IHDR' 16 13
2026-09-08 12:42:23,801 - DEBUG - PIL.PngImagePlugin - STREAM b'IDAT' 41 62450
2026-09-08 12:42:23,809 - DEBUG - PIL.PngImagePlugin - STREAM b'IHDR' 16 13
2026-09-08 12:42:23,809 - DEBUG - PIL.PngImagePlugin - STREAM b'IDAT' 41 62450
2026-09-08 12:42:23,816 - DEBUG - PIL.PngImagePlugin - STREAM b'IHDR' 16 13
2026-09-08 12:42:23,817 - DEBUG - PIL.PngImagePlugin - STREAM b'IDAT' 41 62450
2026-09-08 12:42:23,825 - DEBUG - PIL.PngImagePlugin - STREAM b'IHDR' 16 13
2026-09-08 12:42:23,825 - DEBUG - PIL.PngImagePlugin - STREAM b'IDAT' 41 62450
2026-09-08 12:42:23,832 - DEBUG - PIL.PngImagePlugin - STREAM b'IHDR' 16 13
2026-09-08 12:42:23,833 - DEBUG - PIL.PngImagePlugin - STREAM b'IDAT' 41 62450
2026-09-08 12:42:23,841 - DEBUG - PIL.PngImagePlugin - STREAM b'IHDR' 16 13
2026-09-08 12:42:23,841 - DEBUG - PIL.PngImagePlugin - STREAM b'IDAT' 41 62450
2026-09-08 12:42:23,849 - DEBUG - PIL.PngImagePlugin - STREAM b'IHDR' 16 13
2026-09-08 12:42:23,849 - DEBUG - PIL.PngImagePlugin - STREAM b'IDAT' 41 62450
2026-09-08 12:42:24,231 - DEBUG - PIL.PngImagePlugin - STREAM b'IHDR' 16 13
2026-09-08 12:42:24,231 - DEBUG - PIL.PngImagePlugin - STREAM b'IDAT' 41 62450
2026-09-08 12:42:24,239 - DEBUG - PIL.PngImagePlugin - STREAM b'IHDR' 16 13
2026-09-08 12:42:24,239 - DEBUG - PIL.PngImagePlugin - STREAM b'IDAT' 41 62450
2026-09-08 12:42:24,246 - DEBUG - PIL.PngImagePlugin - STREAM b'IHDR' 16 13
2026-09-08 12:42:24,247 - DEBUG - PIL.PngImagePlugin - STREAM b'IDAT' 41 62450
2026-09-08 12:42:24,279 - DEBUG - PIL.PngImagePlugin - STREAM b'IHDR' 16 13
2026-09-08 12:42:24,279 - DEBUG - PIL.PngImagePlugin - STREAM b'IDAT' 41 62450
2026-09-08 12:42:24,287 - DEBUG - PIL.PngImagePlugin - STREAM b'IHDR' 16 13
2026-09-08 12:42:24,287 - DEBUG - PIL.PngImagePlugin - STREAM b'IDAT' 41 62450
2026-09-08 12:42:24,295 - DEBUG - PIL.PngImagePlugin - STREAM b'IHDR' 16 13
2026-09-08 12:42:24,295 - DEBUG - PIL.PngImagePlugin - STREAM b'IDAT' 41 62450
2026-09-08 12:42:24,310 - DEBUG - PIL.PngImagePlugin - STREAM b'IHDR' 16 13
2026-09-08 12:42:24,311 - DEBUG - PIL.PngImagePlugin - STREAM b'IDAT' 41 62450
2026-09-08 12:42:24,318 - DEBUG - PIL.PngImagePlugin - STREAM b'IHDR' 16 13
2026-09-08 12:42:24,318 - DEBUG - PIL.PngImagePlugin - STREAM b'IDAT' 41 62450
2026-09-08 12:42:24,327 - DEBUG - PIL.PngImagePlugin - STREAM b'IHDR' 16 13
2026-09-08 12:42:24,327 - DEBUG - PIL.PngImagePlugin - STREAM b'IDAT' 41 62450
2026-09-08 12:42:24,334 - DEBUG - PIL.PngImagePlugin - STREAM b'IHDR' 16 13
2026-09-08 12:42:24,335 - DEBUG - PIL.PngImagePlugin - STREAM b'IDAT' 41 62450
2026-09-08 12:42:24,343 - DEBUG - PIL.PngImagePlugin - STREAM b'IHDR' 16 13
2026-09-08 12:42:24,343 - DEBUG - PIL.PngImagePlugin - STREAM b'IDAT' 41 62450
2026-09-08 12:42:24,351 - DEBUG - PIL.PngImagePlugin - STREAM b'IHDR' 16 13
2026-09-08 12:42:24,351 - DEBUG - PIL.PngImagePlugin - STREAM b'IDAT' 41 62450
2026-09-08 12:42:24,367 - DEBUG - PIL.PngImagePlugin - STREAM b'IHDR' 16 13
2026-09-08 12:42:24,367 - DEBUG - PIL.PngImagePlugin - STREAM b'IDAT' 41 62450
2026-09-08 12:42:24,375 - DEBUG - PIL.PngImagePlugin - STREAM b'IHDR' 16 13
2026-09-08 12:42:24,375 - DEBUG - PIL.PngImagePlugin - STREAM b'IDAT' 41 62450
2026-09-08 12:42:24,391 - DEBUG - PIL.PngImagePlugin - STREAM b'IHDR' 16 13
2026-09-08 12:42:24,391 - DEBUG - PIL.PngImagePlugin - STREAM b'IDAT' 41 62450
2026-09-08 12:42:24,414 - DEBUG - PIL.PngImagePlugin - STREAM b'IHDR' 16 13
2026-09-08 12:42:24,415 - DEBUG - PIL.PngImagePlugin - STREAM b'IDAT' 41 62450
2026-09-08 12:42:24,431 - DEBUG - PIL.PngImagePlugin - STREAM b'IHDR' 16 13
2026-09-08 12:42:24,431 - DEBUG - PIL.PngImagePlugin - STREAM b'IDAT' 41 62450
2026-09-08 12:42:24,439 - DEBUG - PIL.PngImagePlugin - STREAM b'IHDR' 16 13
2026-09-08 12:42:24,439 - DEBUG - PIL.PngImagePlugin - STREAM b'IDAT' 41 62450
2026-09-08 12:42:24,447 - DEBUG - PIL.PngImagePlugin - STREAM b'IHDR' 16 13
2026-09-08 12:42:24,447 - DEBUG - PIL.PngImagePlugin - STREAM b'IDAT' 41 62450
2026-09-08 12:42:24,455 - DEBUG - PIL.PngImagePlugin - STREAM b'IHDR' 16 13
2026-09-08 12:42:24,455 - DEBUG - PIL.PngImagePlugin - STREAM b'IDAT' 41 62450
2026-09-08 12:42:24,471 - DEBUG - PIL.PngImagePlugin - STREAM b'IHDR' 16 13
2026-09-08 12:42:24,471 - DEBUG - PIL.PngImagePlugin - STREAM b'IDAT' 41 62450
2026-09-08 12:42:24,487 - DEBUG - PIL.PngImagePlugin - STREAM b'IHDR' 16 13
2026-09-08 12:42:24,487 - DEBUG - PIL.PngImagePlugin - STREAM b'IDAT' 41 62450
2026-09-08 12:42:24,503 - DEBUG - PIL.PngImagePlugin - STREAM b'IHDR' 16 13
2026-09-08 12:42:24,503 - DEBUG - PIL.PngImagePlugin - STREAM b'IDAT' 41 62450
2026-09-08 12:42:24,525 - DEBUG - PIL.PngImagePlugin - STREAM b'IHDR' 16 13
2026-09-08 12:42:24,525 - DEBUG - PIL.PngImagePlugin - STREAM b'IDAT' 41 62450
2026-09-08 12:43:28,324 - INFO - KGameTracker - ℹ️  ==================================================
2026-09-08 12:43:28,324 - INFO - KGameTracker - ℹ️  K GAME TRACKER - CERRADA
2026-09-08 12:43:28,324 - INFO - KGameTracker - ℹ️  ==================================================
2026-09-08 12:44:04,407 - INFO - KGameTracker - ℹ️  ==================================================
2026-09-08 12:44:04,407 - INFO - KGameTracker - ℹ️  K GAME TRACKER - INICIADA
2026-09-08 12:44:04,407 - INFO - KGameTracker - ℹ️  ==================================================
2026-09-08 12:44:04,551 - DEBUG - PIL.Image - Importing PngImagePlugin
2026-09-08 12:44:04,568 - DEBUG - PIL.PngImagePlugin - STREAM b'IHDR' 16 13
2026-09-08 12:44:04,568 - DEBUG - PIL.PngImagePlugin - STREAM b'caBX' 41 5758
2026-09-08 12:44:04,568 - DEBUG - PIL.PngImagePlugin - b'caBX' 41 5758 (unknown)
2026-09-08 12:44:04,569 - DEBUG - PIL.PngImagePlugin - STREAM b'IDAT' 5811 65536
2026-09-08 12:44:07,018 - DEBUG - PIL.PngImagePlugin - STREAM b'IHDR' 16 13
2026-09-08 12:44:07,018 - DEBUG - PIL.PngImagePlugin - STREAM b'caBX' 41 5758
2026-09-08 12:44:07,019 - DEBUG - PIL.PngImagePlugin - b'caBX' 41 5758 (unknown)
2026-09-08 12:44:07,019 - DEBUG - PIL.PngImagePlugin - STREAM b'IDAT' 5811 65536
2026-09-08 12:44:07,065 - DEBUG - PIL.PngImagePlugin - STREAM b'IHDR' 16 13
2026-09-08 12:44:07,065 - DEBUG - PIL.PngImagePlugin - STREAM b'IDAT' 41 53758
2026-09-08 12:44:07,069 - DEBUG - PIL.PngImagePlugin - STREAM b'IHDR' 16 13
2026-09-08 12:44:07,070 - DEBUG - PIL.PngImagePlugin - STREAM b'IDAT' 41 65536
2026-09-08 12:44:07,073 - DEBUG - PIL.PngImagePlugin - STREAM b'IHDR' 16 13
2026-09-08 12:44:07,074 - DEBUG - PIL.PngImagePlugin - STREAM b'IDAT' 41 58612
2026-09-08 12:44:07,077 - DEBUG - PIL.PngImagePlugin - STREAM b'IHDR' 16 13
2026-09-08 12:44:07,077 - DEBUG - PIL.PngImagePlugin - STREAM b'IDAT' 41 63613
2026-09-08 12:44:07,082 - DEBUG - PIL.PngImagePlugin - STREAM b'IHDR' 16 13
2026-09-08 12:44:07,082 - DEBUG - PIL.PngImagePlugin - STREAM b'IDAT' 41 65536
2026-09-08 12:44:07,087 - DEBUG - PIL.PngImagePlugin - STREAM b'IHDR' 16 13
2026-09-08 12:44:07,087 - DEBUG - PIL.PngImagePlugin - STREAM b'IDAT' 41 63580
2026-09-08 12:44:07,091 - DEBUG - PIL.PngImagePlugin - STREAM b'IHDR' 16 13
2026-09-08 12:44:07,091 - DEBUG - PIL.PngImagePlugin - STREAM b'IDAT' 41 64126
2026-09-08 12:44:07,096 - DEBUG - PIL.PngImagePlugin - STREAM b'IHDR' 16 13
2026-09-08 12:44:07,096 - DEBUG - PIL.PngImagePlugin - STREAM b'IDAT' 41 64126
2026-09-08 12:44:07,100 - DEBUG - PIL.PngImagePlugin - STREAM b'IHDR' 16 13
2026-09-08 12:44:07,100 - DEBUG - PIL.PngImagePlugin - STREAM b'IDAT' 41 64126
2026-09-08 12:44:07,105 - DEBUG - PIL.PngImagePlugin - STREAM b'IHDR' 16 13
2026-09-08 12:44:07,105 - DEBUG - PIL.PngImagePlugin - STREAM b'IDAT' 41 56150
2026-09-08 12:44:07,109 - DEBUG - PIL.PngImagePlugin - STREAM b'IHDR' 16 13
2026-09-08 12:44:07,109 - DEBUG - PIL.PngImagePlugin - STREAM b'IDAT' 41 64126
2026-09-08 12:44:07,114 - DEBUG - PIL.PngImagePlugin - STREAM b'IHDR' 16 13
2026-09-08 12:44:07,114 - DEBUG - PIL.PngImagePlugin - STREAM b'IDAT' 41 64126
2026-09-08 12:44:07,128 - DEBUG - PIL.PngImagePlugin - STREAM b'IHDR' 16 13
2026-09-08 12:44:07,128 - DEBUG - PIL.PngImagePlugin - STREAM b'IDAT' 41 62450
2026-09-08 12:44:07,228 - DEBUG - PIL.PngImagePlugin - STREAM b'IHDR' 16 13
2026-09-08 12:44:07,228 - DEBUG - PIL.PngImagePlugin - STREAM b'IDAT' 41 65536
2026-09-08 12:44:07,231 - DEBUG - PIL.PngImagePlugin - STREAM b'IHDR' 16 13
2026-09-08 12:44:07,231 - DEBUG - PIL.PngImagePlugin - STREAM b'IDAT' 41 65536
2026-09-08 12:44:07,335 - DEBUG - PIL.PngImagePlugin - STREAM b'IHDR' 16 13
2026-09-08 12:44:07,335 - DEBUG - PIL.PngImagePlugin - STREAM b'IDAT' 41 62450
2026-09-08 12:44:07,439 - DEBUG - PIL.PngImagePlugin - STREAM b'IHDR' 16 13
2026-09-08 12:44:07,439 - DEBUG - PIL.PngImagePlugin - STREAM b'IDAT' 41 62450
2026-09-08 12:44:07,542 - DEBUG - PIL.PngImagePlugin - STREAM b'IHDR' 16 13
2026-09-08 12:44:07,543 - DEBUG - PIL.PngImagePlugin - STREAM b'IDAT' 41 62450
2026-09-08 12:44:07,646 - DEBUG - PIL.PngImagePlugin - STREAM b'IHDR' 16 13
2026-09-08 12:44:07,646 - DEBUG - PIL.PngImagePlugin - STREAM b'IDAT' 41 62450
2026-09-08 12:44:07,749 - DEBUG - PIL.PngImagePlugin - STREAM b'IHDR' 16 13
2026-09-08 12:44:07,749 - DEBUG - PIL.PngImagePlugin - STREAM b'IDAT' 41 62450
2026-09-08 12:44:07,852 - DEBUG - PIL.PngImagePlugin - STREAM b'IHDR' 16 13
2026-09-08 12:44:07,853 - DEBUG - PIL.PngImagePlugin - STREAM b'IDAT' 41 62450
2026-09-08 12:44:07,956 - DEBUG - PIL.PngImagePlugin - STREAM b'IHDR' 16 13
2026-09-08 12:44:07,956 - DEBUG - PIL.PngImagePlugin - STREAM b'IDAT' 41 62450
2026-09-08 12:44:08,060 - DEBUG - PIL.PngImagePlugin - STREAM b'IHDR' 16 13
2026-09-08 12:44:08,060 - DEBUG - PIL.PngImagePlugin - STREAM b'IDAT' 41 62450
2026-09-08 12:44:08,163 - DEBUG - PIL.PngImagePlugin - STREAM b'IHDR' 16 13
2026-09-08 12:44:08,163 - DEBUG - PIL.PngImagePlugin - STREAM b'IDAT' 41 62450
2026-09-08 12:44:08,266 - DEBUG - PIL.PngImagePlugin - STREAM b'IHDR' 16 13
2026-09-08 12:44:08,266 - DEBUG - PIL.PngImagePlugin - STREAM b'IDAT' 41 62450
2026-09-08 12:44:22,495 - DEBUG - PIL.PngImagePlugin - STREAM b'IHDR' 16 13
2026-09-08 12:44:22,495 - DEBUG - PIL.PngImagePlugin - STREAM b'IDAT' 41 62450
2026-09-08 12:44:22,503 - DEBUG - PIL.PngImagePlugin - STREAM b'IHDR' 16 13
2026-09-08 12:44:22,503 - DEBUG - PIL.PngImagePlugin - STREAM b'IDAT' 41 62450
2026-09-08 12:44:22,511 - DEBUG - PIL.PngImagePlugin - STREAM b'IHDR' 16 13
2026-09-08 12:44:22,511 - DEBUG - PIL.PngImagePlugin - STREAM b'IDAT' 41 62450
2026-09-08 12:44:22,519 - DEBUG - PIL.PngImagePlugin - STREAM b'IHDR' 16 13
2026-09-08 12:44:22,519 - DEBUG - PIL.PngImagePlugin - STREAM b'IDAT' 41 62450
2026-09-08 12:44:22,527 - DEBUG - PIL.PngImagePlugin - STREAM b'IHDR' 16 13
2026-09-08 12:44:22,528 - DEBUG - PIL.PngImagePlugin - STREAM b'IDAT' 41 62450
2026-09-08 12:44:22,544 - DEBUG - PIL.PngImagePlugin - STREAM b'IHDR' 16 13
2026-09-08 12:44:22,544 - DEBUG - PIL.PngImagePlugin - STREAM b'IDAT' 41 62450
2026-09-08 12:44:22,552 - DEBUG - PIL.PngImagePlugin - STREAM b'IHDR' 16 13
2026-09-08 12:44:22,552 - DEBUG - PIL.PngImagePlugin - STREAM b'IDAT' 41 62450
2026-09-08 12:44:22,559 - DEBUG - PIL.PngImagePlugin - STREAM b'IHDR' 16 13
2026-09-08 12:44:22,559 - DEBUG - PIL.PngImagePlugin - STREAM b'IDAT' 41 62450
2026-09-08 12:44:22,567 - DEBUG - PIL.PngImagePlugin - STREAM b'IHDR' 16 13
2026-09-08 12:44:22,567 - DEBUG - PIL.PngImagePlugin - STREAM b'IDAT' 41 62450
2026-09-08 12:44:22,575 - DEBUG - PIL.PngImagePlugin - STREAM b'IHDR' 16 13
2026-09-08 12:44:22,575 - DEBUG - PIL.PngImagePlugin - STREAM b'IDAT' 41 62450
2026-09-08 12:44:22,583 - DEBUG - PIL.PngImagePlugin - STREAM b'IHDR' 16 13
2026-09-08 12:44:22,583 - DEBUG - PIL.PngImagePlugin - STREAM b'IDAT' 41 62450
2026-09-08 12:44:22,591 - DEBUG - PIL.PngImagePlugin - STREAM b'IHDR' 16 13
2026-09-08 12:44:22,591 - DEBUG - PIL.PngImagePlugin - STREAM b'IDAT' 41 62450
2026-09-08 12:44:22,598 - DEBUG - PIL.PngImagePlugin - STREAM b'IHDR' 16 13
2026-09-08 12:44:22,599 - DEBUG - PIL.PngImagePlugin - STREAM b'IDAT' 41 62450
2026-09-08 12:44:22,607 - DEBUG - PIL.PngImagePlugin - STREAM b'IHDR' 16 13
2026-09-08 12:44:22,607 - DEBUG - PIL.PngImagePlugin - STREAM b'IDAT' 41 62450
2026-09-08 12:44:22,615 - DEBUG - PIL.PngImagePlugin - STREAM b'IHDR' 16 13
2026-09-08 12:44:22,615 - DEBUG - PIL.PngImagePlugin - STREAM b'IDAT' 41 62450
2026-09-08 12:44:22,623 - DEBUG - PIL.PngImagePlugin - STREAM b'IHDR' 16 13
2026-09-08 12:44:22,623 - DEBUG - PIL.PngImagePlugin - STREAM b'IDAT' 41 62450
2026-09-08 12:44:22,631 - DEBUG - PIL.PngImagePlugin - STREAM b'IHDR' 16 13
2026-09-08 12:44:22,631 - DEBUG - PIL.PngImagePlugin - STREAM b'IDAT' 41 62450
2026-09-08 12:44:22,639 - DEBUG - PIL.PngImagePlugin - STREAM b'IHDR' 16 13
2026-09-08 12:44:22,639 - DEBUG - PIL.PngImagePlugin - STREAM b'IDAT' 41 62450
2026-09-08 12:44:22,647 - DEBUG - PIL.PngImagePlugin - STREAM b'IHDR' 16 13
2026-09-08 12:44:22,647 - DEBUG - PIL.PngImagePlugin - STREAM b'IDAT' 41 62450
2026-09-08 12:44:22,655 - DEBUG - PIL.PngImagePlugin - STREAM b'IHDR' 16 13
2026-09-08 12:44:22,655 - DEBUG - PIL.PngImagePlugin - STREAM b'IDAT' 41 62450
2026-09-08 12:44:25,753 - DEBUG - PIL.PngImagePlugin - STREAM b'IHDR' 16 13
2026-09-08 12:44:25,753 - DEBUG - PIL.PngImagePlugin - STREAM b'IDAT' 41 62450
2026-09-08 12:44:25,761 - DEBUG - PIL.PngImagePlugin - STREAM b'IHDR' 16 13
2026-09-08 12:44:25,762 - DEBUG - PIL.PngImagePlugin - STREAM b'IDAT' 41 62450
2026-09-08 12:44:25,769 - DEBUG - PIL.PngImagePlugin - STREAM b'IHDR' 16 13
2026-09-08 12:44:25,769 - DEBUG - PIL.PngImagePlugin - STREAM b'IDAT' 41 62450
2026-09-08 12:44:25,777 - DEBUG - PIL.PngImagePlugin - STREAM b'IHDR' 16 13
2026-09-08 12:44:25,778 - DEBUG - PIL.PngImagePlugin - STREAM b'IDAT' 41 62450
2026-09-08 12:44:25,785 - DEBUG - PIL.PngImagePlugin - STREAM b'IHDR' 16 13
2026-09-08 12:44:25,786 - DEBUG - PIL.PngImagePlugin - STREAM b'IDAT' 41 62450
2026-09-08 12:44:25,793 - DEBUG - PIL.PngImagePlugin - STREAM b'IHDR' 16 13
2026-09-08 12:44:25,794 - DEBUG - PIL.PngImagePlugin - STREAM b'IDAT' 41 62450
2026-09-08 12:44:25,802 - DEBUG - PIL.PngImagePlugin - STREAM b'IHDR' 16 13
2026-09-08 12:44:25,802 - DEBUG - PIL.PngImagePlugin - STREAM b'IDAT' 41 62450
2026-09-08 12:44:25,809 - DEBUG - PIL.PngImagePlugin - STREAM b'IHDR' 16 13
2026-09-08 12:44:25,809 - DEBUG - PIL.PngImagePlugin - STREAM b'IDAT' 41 62450
2026-09-08 12:44:25,817 - DEBUG - PIL.PngImagePlugin - STREAM b'IHDR' 16 13
2026-09-08 12:44:25,818 - DEBUG - PIL.PngImagePlugin - STREAM b'IDAT' 41 62450
2026-09-08 12:44:25,825 - DEBUG - PIL.PngImagePlugin - STREAM b'IHDR' 16 13
2026-09-08 12:44:25,826 - DEBUG - PIL.PngImagePlugin - STREAM b'IDAT' 41 62450
2026-09-08 12:44:25,833 - DEBUG - PIL.PngImagePlugin - STREAM b'IHDR' 16 13
2026-09-08 12:44:25,833 - DEBUG - PIL.PngImagePlugin - STREAM b'IDAT' 41 62450
2026-09-08 12:44:25,841 - DEBUG - PIL.PngImagePlugin - STREAM b'IHDR' 16 13
2026-09-08 12:44:25,841 - DEBUG - PIL.PngImagePlugin - STREAM b'IDAT' 41 62450
2026-09-08 12:44:25,849 - DEBUG - PIL.PngImagePlugin - STREAM b'IHDR' 16 13
2026-09-08 12:44:25,849 - DEBUG - PIL.PngImagePlugin - STREAM b'IDAT' 41 62450
2026-09-08 12:44:25,857 - DEBUG - PIL.PngImagePlugin - STREAM b'IHDR' 16 13
2026-09-08 12:44:25,857 - DEBUG - PIL.PngImagePlugin - STREAM b'IDAT' 41 62450
2026-09-08 12:44:25,865 - DEBUG - PIL.PngImagePlugin - STREAM b'IHDR' 16 13
2026-09-08 12:44:25,865 - DEBUG - PIL.PngImagePlugin - STREAM b'IDAT' 41 62450
2026-09-08 12:44:25,873 - DEBUG - PIL.PngImagePlugin - STREAM b'IHDR' 16 13
2026-09-08 12:44:25,873 - DEBUG - PIL.PngImagePlugin - STREAM b'IDAT' 41 62450
2026-09-08 12:44:25,881 - DEBUG - PIL.PngImagePlugin - STREAM b'IHDR' 16 13
2026-09-08 12:44:25,881 - DEBUG - PIL.PngImagePlugin - STREAM b'IDAT' 41 62450
2026-09-08 12:44:25,889 - DEBUG - PIL.PngImagePlugin - STREAM b'IHDR' 16 13
2026-09-08 12:44:25,889 - DEBUG - PIL.PngImagePlugin - STREAM b'IDAT' 41 62450
2026-09-08 12:44:25,897 - DEBUG - PIL.PngImagePlugin - STREAM b'IHDR' 16 13
2026-09-08 12:44:25,897 - DEBUG - PIL.PngImagePlugin - STREAM b'IDAT' 41 62450
2026-09-08 12:44:25,905 - DEBUG - PIL.PngImagePlugin - STREAM b'IHDR' 16 13
2026-09-08 12:44:25,905 - DEBUG - PIL.PngImagePlugin - STREAM b'IDAT' 41 62450
2026-09-08 12:44:25,913 - DEBUG - PIL.PngImagePlugin - STREAM b'IHDR' 16 13
2026-09-08 12:44:25,913 - DEBUG - PIL.PngImagePlugin - STREAM b'IDAT' 41 62450
2026-09-08 12:44:25,921 - DEBUG - PIL.PngImagePlugin - STREAM b'IHDR' 16 13
2026-09-08 12:44:25,921 - DEBUG - PIL.PngImagePlugin - STREAM b'IDAT' 41 62450
2026-09-08 12:44:25,929 - DEBUG - PIL.PngImagePlugin - STREAM b'IHDR' 16 13
2026-09-08 12:44:25,929 - DEBUG - PIL.PngImagePlugin - STREAM b'IDAT' 41 62450
2026-09-08 12:44:25,937 - DEBUG - PIL.PngImagePlugin - STREAM b'IHDR' 16 13
2026-09-08 12:44:25,937 - DEBUG - PIL.PngImagePlugin - STREAM b'IDAT' 41 62450
2026-09-08 12:44:25,945 - DEBUG - PIL.PngImagePlugin - STREAM b'IHDR' 16 13
2026-09-08 12:44:25,945 - DEBUG - PIL.PngImagePlugin - STREAM b'IDAT' 41 62450
2026-09-08 12:44:25,953 - DEBUG - PIL.PngImagePlugin - STREAM b'IHDR' 16 13
2026-09-08 12:44:25,953 - DEBUG - PIL.PngImagePlugin - STREAM b'IDAT' 41 62450
2026-09-08 12:44:25,961 - DEBUG - PIL.PngImagePlugin - STREAM b'IHDR' 16 13
2026-09-08 12:44:25,961 - DEBUG - PIL.PngImagePlugin - STREAM b'IDAT' 41 62450
2026-09-08 12:44:25,969 - DEBUG - PIL.PngImagePlugin - STREAM b'IHDR' 16 13
2026-09-08 12:44:25,969 - DEBUG - PIL.PngImagePlugin - STREAM b'IDAT' 41 62450
2026-09-08 12:44:25,977 - DEBUG - PIL.PngImagePlugin - STREAM b'IHDR' 16 13
2026-09-08 12:44:25,977 - DEBUG - PIL.PngImagePlugin - STREAM b'IDAT' 41 62450
2026-09-08 12:44:26,049 - DEBUG - PIL.PngImagePlugin - STREAM b'IHDR' 16 13
2026-09-08 12:44:26,049 - DEBUG - PIL.PngImagePlugin - STREAM b'IDAT' 41 62450
2026-09-08 12:44:26,057 - DEBUG - PIL.PngImagePlugin - STREAM b'IHDR' 16 13
2026-09-08 12:44:26,057 - DEBUG - PIL.PngImagePlugin - STREAM b'IDAT' 41 62450
2026-09-08 12:44:26,081 - DEBUG - PIL.PngImagePlugin - STREAM b'IHDR' 16 13
2026-09-08 12:44:26,081 - DEBUG - PIL.PngImagePlugin - STREAM b'IDAT' 41 62450
2026-09-08 12:44:28,595 - DEBUG - PIL.PngImagePlugin - STREAM b'IHDR' 16 13
2026-09-08 12:44:28,595 - DEBUG - PIL.PngImagePlugin - STREAM b'IDAT' 41 65536
2026-09-08 12:44:28,598 - DEBUG - PIL.PngImagePlugin - STREAM b'IHDR' 16 13
2026-09-08 12:44:28,598 - DEBUG - PIL.PngImagePlugin - STREAM b'IDAT' 41 65536
2026-09-08 12:44:29,219 - DEBUG - PIL.PngImagePlugin - STREAM b'IHDR' 16 13
2026-09-08 12:44:29,219 - DEBUG - PIL.PngImagePlugin - STREAM b'IDAT' 41 62450
2026-09-08 12:44:29,221 - DEBUG - PIL.PngImagePlugin - STREAM b'IHDR' 16 13
2026-09-08 12:44:29,221 - DEBUG - PIL.PngImagePlugin - STREAM b'IDAT' 41 62450
2026-09-08 12:45:29,613 - DEBUG - PIL.PngImagePlugin - STREAM b'IHDR' 16 13
2026-09-08 12:45:29,614 - DEBUG - PIL.PngImagePlugin - STREAM b'IDAT' 41 65536
2026-09-08 12:45:30,407 - DEBUG - PIL.PngImagePlugin - STREAM b'IHDR' 16 13
2026-09-08 12:45:30,407 - DEBUG - PIL.PngImagePlugin - STREAM b'IDAT' 41 58612
2026-09-08 12:45:30,875 - DEBUG - PIL.PngImagePlugin - STREAM b'IHDR' 16 13
2026-09-08 12:45:30,875 - DEBUG - PIL.PngImagePlugin - STREAM b'IDAT' 41 65536
2026-09-08 12:45:31,471 - DEBUG - PIL.PngImagePlugin - STREAM b'IHDR' 16 13
2026-09-08 12:45:31,471 - DEBUG - PIL.PngImagePlugin - STREAM b'IDAT' 41 58612
2026-09-08 12:45:31,955 - DEBUG - PIL.PngImagePlugin - STREAM b'IHDR' 16 13
2026-09-08 12:45:31,955 - DEBUG - PIL.PngImagePlugin - STREAM b'IDAT' 41 65536
2026-09-08 12:45:32,781 - DEBUG - PIL.PngImagePlugin - STREAM b'IHDR' 16 13
2026-09-08 12:45:32,781 - DEBUG - PIL.PngImagePlugin - STREAM b'IDAT' 41 58612
2026-09-08 12:45:33,151 - DEBUG - PIL.PngImagePlugin - STREAM b'IHDR' 16 13
2026-09-08 12:45:33,152 - DEBUG - PIL.PngImagePlugin - STREAM b'IDAT' 41 65536
2026-09-08 12:45:33,731 - DEBUG - PIL.PngImagePlugin - STREAM b'IHDR' 16 13
2026-09-08 12:45:33,731 - DEBUG - PIL.PngImagePlugin - STREAM b'IDAT' 41 58612
2026-09-08 12:45:34,117 - DEBUG - PIL.PngImagePlugin - STREAM b'IHDR' 16 13
2026-09-08 12:45:34,117 - DEBUG - PIL.PngImagePlugin - STREAM b'IDAT' 41 65536
2026-09-08 12:45:35,505 - DEBUG - PIL.PngImagePlugin - STREAM b'IHDR' 16 13
2026-09-08 12:45:35,505 - DEBUG - PIL.PngImagePlugin - STREAM b'IDAT' 41 58612
2026-09-08 12:45:50,518 - DEBUG - urllib3.connectionpool - Starting new HTTPS connection (1): www.gamerpower.com:443
2026-09-08 12:45:50,668 - DEBUG - urllib3.connectionpool - https://www.gamerpower.com:443 "GET /api/giveaways?type=game HTTP/1.1" 200 None
2026-09-08 12:45:58,025 - DEBUG - urllib3.connectionpool - Starting new HTTPS connection (1): www.gamerpower.com:443
2026-09-08 12:45:58,149 - DEBUG - urllib3.connectionpool - https://www.gamerpower.com:443 "GET /offers/1b/6a998bd861dec.jpg HTTP/1.1" 200 25311
2026-09-08 12:45:58,216 - DEBUG - PIL.PngImagePlugin - STREAM b'IHDR' 16 13
2026-09-08 12:45:58,216 - DEBUG - PIL.PngImagePlugin - STREAM b'IDAT' 41 54256
2026-09-08 12:45:58,249 - DEBUG - urllib3.connectionpool - https://www.gamerpower.com:443 "GET /offers/1b/6a53a044a87b6.jpg HTTP/1.1" 200 36351
2026-09-08 12:45:58,253 - DEBUG - PIL.PngImagePlugin - STREAM b'IHDR' 16 13
2026-09-08 12:45:58,253 - DEBUG - PIL.PngImagePlugin - STREAM b'IDAT' 41 54256
2026-09-08 12:46:25,498 - DEBUG - urllib3.connectionpool - https://www.gamerpower.com:443 "GET /offers/1b/68efabd65f913.jpg HTTP/1.1" 200 32166
2026-09-08 12:46:25,502 - DEBUG - PIL.PngImagePlugin - STREAM b'IHDR' 16 13
2026-09-08 12:46:25,503 - DEBUG - PIL.PngImagePlugin - STREAM b'IDAT' 41 54256
2026-09-08 12:46:25,531 - DEBUG - urllib3.connectionpool - https://www.gamerpower.com:443 "GET /offers/1b/68e6513c31514.jpg HTTP/1.1" 200 18347
2026-09-08 12:46:25,535 - DEBUG - PIL.PngImagePlugin - STREAM b'IHDR' 16 13
2026-09-08 12:46:25,535 - DEBUG - PIL.PngImagePlugin - STREAM b'IDAT' 41 54256
2026-09-08 12:46:25,568 - DEBUG - urllib3.connectionpool - https://www.gamerpower.com:443 "GET /offers/1b/68e15e986da99.jpg HTTP/1.1" 200 23873
2026-09-08 12:46:25,574 - DEBUG - PIL.PngImagePlugin - STREAM b'IHDR' 16 13
2026-09-08 12:46:25,574 - DEBUG - PIL.PngImagePlugin - STREAM b'IDAT' 41 54256
2026-09-08 12:46:25,610 - DEBUG - urllib3.connectionpool - https://www.gamerpower.com:443 "GET /offers/1b/68d828fc4174f.jpg HTTP/1.1" 200 57980
2026-09-08 12:46:25,615 - DEBUG - PIL.PngImagePlugin - STREAM b'IHDR' 16 13
2026-09-08 12:46:25,615 - DEBUG - PIL.PngImagePlugin - STREAM b'IDAT' 41 54256
2026-09-08 12:46:25,647 - DEBUG - urllib3.connectionpool - https://www.gamerpower.com:443 "GET /offers/1b/68dd2161c3088.jpg HTTP/1.1" 200 36137
2026-09-08 12:46:25,651 - DEBUG - PIL.PngImagePlugin - STREAM b'IHDR' 16 13
2026-09-08 12:46:25,651 - DEBUG - PIL.PngImagePlugin - STREAM b'IDAT' 41 54256
2026-09-08 12:46:37,779 - DEBUG - urllib3.connectionpool - Starting new HTTPS connection (1): www.gamerpower.com:443
2026-09-08 12:46:37,860 - DEBUG - urllib3.connectionpool - https://www.gamerpower.com:443 "GET /api/giveaways?type=game HTTP/1.1" 200 None
2026-09-08 12:46:42,887 - DEBUG - urllib3.connectionpool - Starting new HTTPS connection (1): www.gamerpower.com:443
2026-09-08 12:46:42,964 - DEBUG - urllib3.connectionpool - https://www.gamerpower.com:443 "GET /api/giveaways?type=game HTTP/1.1" 200 None
2026-09-08 12:46:44,008 - DEBUG - urllib3.connectionpool - https://www.gamerpower.com:443 "GET /offers/1b/6a998bd861dec.jpg HTTP/1.1" 200 25311
2026-09-08 12:46:44,012 - DEBUG - PIL.PngImagePlugin - STREAM b'IHDR' 16 13
2026-09-08 12:46:44,012 - DEBUG - PIL.PngImagePlugin - STREAM b'IDAT' 41 54256
2026-09-08 12:46:44,038 - DEBUG - urllib3.connectionpool - https://www.gamerpower.com:443 "GET /offers/1b/6a53a044a87b6.jpg HTTP/1.1" 200 36351
2026-09-08 12:46:44,042 - DEBUG - PIL.PngImagePlugin - STREAM b'IHDR' 16 13
2026-09-08 12:46:44,043 - DEBUG - PIL.PngImagePlugin - STREAM b'IDAT' 41 54256
2026-09-08 12:46:52,526 - DEBUG - urllib3.connectionpool - https://www.gamerpower.com:443 "GET /offers/1b/6a59119a8eb8d.jpg HTTP/1.1" 200 40398
2026-09-08 12:46:52,532 - DEBUG - PIL.PngImagePlugin - STREAM b'IHDR' 16 13
2026-09-08 12:46:52,532 - DEBUG - PIL.PngImagePlugin - STREAM b'IDAT' 41 54256
2026-09-08 12:46:56,257 - DEBUG - urllib3.connectionpool - https://www.gamerpower.com:443 "GET /offers/1b/6a9ebcfac0aab.jpg HTTP/1.1" 200 45431
2026-09-08 12:46:56,262 - DEBUG - PIL.PngImagePlugin - STREAM b'IHDR' 16 13
2026-09-08 12:46:56,263 - DEBUG - PIL.PngImagePlugin - STREAM b'IDAT' 41 54256
2026-09-08 12:46:58,484 - DEBUG - urllib3.connectionpool - https://www.gamerpower.com:443 "GET /offers/1b/6a456f543d3c9.jpg HTTP/1.1" 200 23987
2026-09-08 12:46:58,488 - DEBUG - PIL.PngImagePlugin - STREAM b'IHDR' 16 13
2026-09-08 12:46:58,488 - DEBUG - PIL.PngImagePlugin - STREAM b'IDAT' 41 54256
2026-09-08 12:46:58,523 - DEBUG - urllib3.connectionpool - https://www.gamerpower.com:443 "GET /offers/1b/6a27eafa35794.jpg HTTP/1.1" 200 28898
2026-09-08 12:46:58,528 - DEBUG - PIL.PngImagePlugin - STREAM b'IHDR' 16 13
2026-09-08 12:46:58,528 - DEBUG - PIL.PngImagePlugin - STREAM b'IDAT' 41 54256
2026-09-08 12:46:58,556 - DEBUG - urllib3.connectionpool - https://www.gamerpower.com:443 "GET /offers/1b/6946b7c157bca.jpg HTTP/1.1" 200 33903
2026-09-08 12:46:58,563 - DEBUG - PIL.PngImagePlugin - STREAM b'IHDR' 16 13
2026-09-08 12:46:58,563 - DEBUG - PIL.PngImagePlugin - STREAM b'IDAT' 41 54256
2026-09-08 12:46:58,593 - DEBUG - urllib3.connectionpool - https://www.gamerpower.com:443 "GET /offers/1b/698fa7369c1f5.jpg HTTP/1.1" 200 31147
2026-09-08 12:46:58,596 - DEBUG - PIL.PngImagePlugin - STREAM b'IHDR' 16 13
2026-09-08 12:46:58,597 - DEBUG - PIL.PngImagePlugin - STREAM b'IDAT' 41 54256
2026-09-08 12:46:58,629 - DEBUG - urllib3.connectionpool - https://www.gamerpower.com:443 "GET /offers/1b/6946b8c46bc9b.jpg HTTP/1.1" 200 41266
2026-09-08 12:46:58,633 - DEBUG - PIL.PngImagePlugin - STREAM b'IHDR' 16 13
2026-09-08 12:46:58,633 - DEBUG - PIL.PngImagePlugin - STREAM b'IDAT' 41 54256
2026-09-08 12:46:58,663 - DEBUG - urllib3.connectionpool - https://www.gamerpower.com:443 "GET /offers/1b/63c6f67bb9c8b.jpg HTTP/1.1" 200 49447
2026-09-08 12:46:58,668 - DEBUG - PIL.PngImagePlugin - STREAM b'IHDR' 16 13
2026-09-08 12:46:58,668 - DEBUG - PIL.PngImagePlugin - STREAM b'IDAT' 41 54256
2026-09-08 12:46:59,833 - DEBUG - urllib3.connectionpool - https://www.gamerpower.com:443 "GET /offers/1b/6a9ebcfac0aab.jpg HTTP/1.1" 200 45431
2026-09-08 12:46:59,837 - DEBUG - PIL.PngImagePlugin - STREAM b'IHDR' 16 13
2026-09-08 12:46:59,838 - DEBUG - PIL.PngImagePlugin - STREAM b'IDAT' 41 54256
2026-09-08 12:47:19,872 - DEBUG - urllib3.connectionpool - https://www.gamerpower.com:443 "GET /offers/1b/6a998bd861dec.jpg HTTP/1.1" 200 25311
2026-09-08 12:47:19,877 - DEBUG - PIL.PngImagePlugin - STREAM b'IHDR' 16 13
2026-09-08 12:47:19,877 - DEBUG - PIL.PngImagePlugin - STREAM b'IDAT' 41 54256
2026-09-08 12:47:19,909 - DEBUG - urllib3.connectionpool - https://www.gamerpower.com:443 "GET /offers/1b/6a53a044a87b6.jpg HTTP/1.1" 200 36351
2026-09-08 12:47:19,913 - DEBUG - PIL.PngImagePlugin - STREAM b'IHDR' 16 13
2026-09-08 12:47:19,914 - DEBUG - PIL.PngImagePlugin - STREAM b'IDAT' 41 54256
2026-09-08 12:47:48,787 - DEBUG - urllib3.connectionpool - https://www.gamerpower.com:443 "GET /offers/1b/68efabd65f913.jpg HTTP/1.1" 200 32166
2026-09-08 12:47:48,791 - DEBUG - PIL.PngImagePlugin - STREAM b'IHDR' 16 13
2026-09-08 12:47:48,792 - DEBUG - PIL.PngImagePlugin - STREAM b'IDAT' 41 54256
2026-09-08 12:47:48,817 - DEBUG - urllib3.connectionpool - https://www.gamerpower.com:443 "GET /offers/1b/68e6513c31514.jpg HTTP/1.1" 200 18347
2026-09-08 12:47:48,821 - DEBUG - PIL.PngImagePlugin - STREAM b'IHDR' 16 13
2026-09-08 12:47:48,821 - DEBUG - PIL.PngImagePlugin - STREAM b'IDAT' 41 54256
2026-09-08 12:47:48,848 - DEBUG - urllib3.connectionpool - https://www.gamerpower.com:443 "GET /offers/1b/68e15e986da99.jpg HTTP/1.1" 200 23873
2026-09-08 12:47:48,853 - DEBUG - PIL.PngImagePlugin - STREAM b'IHDR' 16 13
2026-09-08 12:47:48,853 - DEBUG - PIL.PngImagePlugin - STREAM b'IDAT' 41 54256
2026-09-08 12:47:48,882 - DEBUG - urllib3.connectionpool - https://www.gamerpower.com:443 "GET /offers/1b/68d828fc4174f.jpg HTTP/1.1" 200 57980
2026-09-08 12:47:48,887 - DEBUG - PIL.PngImagePlugin - STREAM b'IHDR' 16 13
2026-09-08 12:47:48,887 - DEBUG - PIL.PngImagePlugin - STREAM b'IDAT' 41 54256
2026-09-08 12:47:48,915 - DEBUG - urllib3.connectionpool - https://www.gamerpower.com:443 "GET /offers/1b/68dd2161c3088.jpg HTTP/1.1" 200 36137
2026-09-08 12:47:48,919 - DEBUG - PIL.PngImagePlugin - STREAM b'IHDR' 16 13
2026-09-08 12:47:48,919 - DEBUG - PIL.PngImagePlugin - STREAM b'IDAT' 41 54256
2026-09-08 12:48:15,378 - INFO - KGameTracker - ℹ️  ==================================================
2026-09-08 12:48:15,378 - INFO - KGameTracker - ℹ️  K GAME TRACKER - CERRADA
2026-09-08 12:48:15,378 - INFO - KGameTracker - ℹ️  ==================================================
2026-09-08 13:35:58,420 - INFO - KGameTracker - ℹ️  ==================================================
2026-09-08 13:35:58,428 - INFO - KGameTracker - ℹ️  K GAME TRACKER - INICIADA
2026-09-08 13:35:58,428 - INFO - KGameTracker - ℹ️  ==================================================
2026-09-08 13:35:58,593 - DEBUG - PIL.Image - Importing PngImagePlugin
2026-09-08 13:35:58,604 - DEBUG - PIL.PngImagePlugin - STREAM b'IHDR' 16 13
2026-09-08 13:35:58,605 - DEBUG - PIL.PngImagePlugin - STREAM b'caBX' 41 5758
2026-09-08 13:35:58,605 - DEBUG - PIL.PngImagePlugin - b'caBX' 41 5758 (unknown)
2026-09-08 13:35:58,605 - DEBUG - PIL.PngImagePlugin - STREAM b'IDAT' 5811 65536
2026-09-08 13:36:01,027 - DEBUG - PIL.PngImagePlugin - STREAM b'IHDR' 16 13
2026-09-08 13:36:01,027 - DEBUG - PIL.PngImagePlugin - STREAM b'caBX' 41 5758
2026-09-08 13:36:01,028 - DEBUG - PIL.PngImagePlugin - b'caBX' 41 5758 (unknown)
2026-09-08 13:36:01,028 - DEBUG - PIL.PngImagePlugin - STREAM b'IDAT' 5811 65536
2026-09-08 13:36:01,101 - DEBUG - PIL.PngImagePlugin - STREAM b'IHDR' 16 13
2026-09-08 13:36:01,102 - DEBUG - PIL.PngImagePlugin - STREAM b'IDAT' 41 53758
2026-09-08 13:36:01,126 - DEBUG - PIL.PngImagePlugin - STREAM b'IHDR' 16 13
2026-09-08 13:36:01,126 - DEBUG - PIL.PngImagePlugin - STREAM b'IDAT' 41 65536
2026-09-08 13:36:01,135 - DEBUG - PIL.PngImagePlugin - STREAM b'IHDR' 16 13
2026-09-08 13:36:01,136 - DEBUG - PIL.PngImagePlugin - STREAM b'IDAT' 41 58612
2026-09-08 13:36:01,140 - DEBUG - PIL.PngImagePlugin - STREAM b'IHDR' 16 13
2026-09-08 13:36:01,140 - DEBUG - PIL.PngImagePlugin - STREAM b'IDAT' 41 63613
2026-09-08 13:36:01,152 - DEBUG - PIL.PngImagePlugin - STREAM b'IHDR' 16 13
2026-09-08 13:36:01,152 - DEBUG - PIL.PngImagePlugin - STREAM b'IDAT' 41 65536
2026-09-08 13:36:01,161 - DEBUG - PIL.PngImagePlugin - STREAM b'IHDR' 16 13
2026-09-08 13:36:01,161 - DEBUG - PIL.PngImagePlugin - STREAM b'IDAT' 41 63580
2026-09-08 13:36:01,166 - DEBUG - PIL.PngImagePlugin - STREAM b'IHDR' 16 13
2026-09-08 13:36:01,166 - DEBUG - PIL.PngImagePlugin - STREAM b'IDAT' 41 64126
2026-09-08 13:36:01,173 - DEBUG - PIL.PngImagePlugin - STREAM b'IHDR' 16 13
2026-09-08 13:36:01,173 - DEBUG - PIL.PngImagePlugin - STREAM b'IDAT' 41 64126
2026-09-08 13:36:01,184 - DEBUG - PIL.PngImagePlugin - STREAM b'IHDR' 16 13
2026-09-08 13:36:01,184 - DEBUG - PIL.PngImagePlugin - STREAM b'IDAT' 41 64126
2026-09-08 13:36:01,189 - DEBUG - PIL.PngImagePlugin - STREAM b'IHDR' 16 13
2026-09-08 13:36:01,189 - DEBUG - PIL.PngImagePlugin - STREAM b'IDAT' 41 56150
2026-09-08 13:36:01,194 - DEBUG - PIL.PngImagePlugin - STREAM b'IHDR' 16 13
2026-09-08 13:36:01,195 - DEBUG - PIL.PngImagePlugin - STREAM b'IDAT' 41 64126
2026-09-08 13:36:01,202 - DEBUG - PIL.PngImagePlugin - STREAM b'IHDR' 16 13
2026-09-08 13:36:01,203 - DEBUG - PIL.PngImagePlugin - STREAM b'IDAT' 41 64126
2026-09-08 13:36:01,222 - DEBUG - PIL.PngImagePlugin - STREAM b'IHDR' 16 13
2026-09-08 13:36:01,222 - DEBUG - PIL.PngImagePlugin - STREAM b'IDAT' 41 62450
2026-09-08 13:36:01,592 - DEBUG - PIL.PngImagePlugin - STREAM b'IHDR' 16 13
2026-09-08 13:36:01,593 - DEBUG - PIL.PngImagePlugin - STREAM b'IDAT' 41 65536
2026-09-08 13:36:01,596 - DEBUG - PIL.PngImagePlugin - STREAM b'IHDR' 16 13
2026-09-08 13:36:01,596 - DEBUG - PIL.PngImagePlugin - STREAM b'IDAT' 41 65536
2026-09-08 13:36:01,699 - DEBUG - PIL.PngImagePlugin - STREAM b'IHDR' 16 13
2026-09-08 13:36:01,699 - DEBUG - PIL.PngImagePlugin - STREAM b'IDAT' 41 62450
2026-09-08 13:36:01,803 - DEBUG - PIL.PngImagePlugin - STREAM b'IHDR' 16 13
2026-09-08 13:36:01,803 - DEBUG - PIL.PngImagePlugin - STREAM b'IDAT' 41 62450
2026-09-08 13:36:01,907 - DEBUG - PIL.PngImagePlugin - STREAM b'IHDR' 16 13
2026-09-08 13:36:01,907 - DEBUG - PIL.PngImagePlugin - STREAM b'IDAT' 41 62450
2026-09-08 13:36:02,010 - DEBUG - PIL.PngImagePlugin - STREAM b'IHDR' 16 13
2026-09-08 13:36:02,010 - DEBUG - PIL.PngImagePlugin - STREAM b'IDAT' 41 62450
2026-09-08 13:36:02,113 - DEBUG - PIL.PngImagePlugin - STREAM b'IHDR' 16 13
2026-09-08 13:36:02,113 - DEBUG - PIL.PngImagePlugin - STREAM b'IDAT' 41 62450
2026-09-08 13:36:02,216 - DEBUG - PIL.PngImagePlugin - STREAM b'IHDR' 16 13
2026-09-08 13:36:02,216 - DEBUG - PIL.PngImagePlugin - STREAM b'IDAT' 41 62450
2026-09-08 13:36:02,319 - DEBUG - PIL.PngImagePlugin - STREAM b'IHDR' 16 13
2026-09-08 13:36:02,320 - DEBUG - PIL.PngImagePlugin - STREAM b'IDAT' 41 62450
2026-09-08 13:36:02,423 - DEBUG - PIL.PngImagePlugin - STREAM b'IHDR' 16 13
2026-09-08 13:36:02,423 - DEBUG - PIL.PngImagePlugin - STREAM b'IDAT' 41 62450
2026-09-08 13:36:02,527 - DEBUG - PIL.PngImagePlugin - STREAM b'IHDR' 16 13
2026-09-08 13:36:02,527 - DEBUG - PIL.PngImagePlugin - STREAM b'IDAT' 41 62450
2026-09-08 13:36:02,630 - DEBUG - PIL.PngImagePlugin - STREAM b'IHDR' 16 13
2026-09-08 13:36:02,630 - DEBUG - PIL.PngImagePlugin - STREAM b'IDAT' 41 62450
2026-09-08 13:36:54,311 - DEBUG - urllib3.connectionpool - Starting new HTTPS connection (1): www.gamerpower.com:443
2026-09-08 13:36:54,447 - DEBUG - urllib3.connectionpool - https://www.gamerpower.com:443 "GET /api/giveaways?type=game HTTP/1.1" 200 None
2026-09-08 13:36:54,856 - DEBUG - urllib3.connectionpool - Starting new HTTPS connection (1): www.gamerpower.com:443
2026-09-08 13:36:54,972 - DEBUG - urllib3.connectionpool - https://www.gamerpower.com:443 "GET /offers/1b/6a998bd861dec.jpg HTTP/1.1" 200 25311
2026-09-08 13:36:55,031 - DEBUG - PIL.PngImagePlugin - STREAM b'IHDR' 16 13
2026-09-08 13:36:55,032 - DEBUG - PIL.PngImagePlugin - STREAM b'IDAT' 41 54256
2026-09-08 13:36:55,057 - DEBUG - urllib3.connectionpool - https://www.gamerpower.com:443 "GET /offers/1b/6a53a044a87b6.jpg HTTP/1.1" 200 36351
2026-09-08 13:36:55,061 - DEBUG - PIL.PngImagePlugin - STREAM b'IHDR' 16 13
2026-09-08 13:36:55,062 - DEBUG - PIL.PngImagePlugin - STREAM b'IDAT' 41 54256
2026-09-08 13:52:21,355 - DEBUG - urllib3.connectionpool - Starting new HTTPS connection (1): www.gamerpower.com:443
2026-09-08 13:52:21,489 - DEBUG - urllib3.connectionpool - https://www.gamerpower.com:443 "GET /api/giveaways?type=game HTTP/1.1" 200 None
2026-09-08 13:52:23,583 - DEBUG - urllib3.connectionpool - Resetting dropped connection: www.gamerpower.com
2026-09-08 13:52:23,693 - DEBUG - urllib3.connectionpool - https://www.gamerpower.com:443 "GET /offers/1b/6a998bd861dec.jpg HTTP/1.1" 200 25311
2026-09-08 13:52:23,697 - DEBUG - PIL.PngImagePlugin - STREAM b'IHDR' 16 13
2026-09-08 13:52:23,698 - DEBUG - PIL.PngImagePlugin - STREAM b'IDAT' 41 54256
2026-09-08 13:52:23,723 - DEBUG - urllib3.connectionpool - https://www.gamerpower.com:443 "GET /offers/1b/6a53a044a87b6.jpg HTTP/1.1" 200 36351
2026-09-08 13:52:23,727 - DEBUG - PIL.PngImagePlugin - STREAM b'IHDR' 16 13
2026-09-08 13:52:23,728 - DEBUG - PIL.PngImagePlugin - STREAM b'IDAT' 41 54256
2026-09-08 13:52:24,247 - DEBUG - urllib3.connectionpool - https://www.gamerpower.com:443 "GET /offers/1b/6a59119a8eb8d.jpg HTTP/1.1" 200 40398
2026-09-08 13:52:24,250 - DEBUG - PIL.PngImagePlugin - STREAM b'IHDR' 16 13
2026-09-08 13:52:24,251 - DEBUG - PIL.PngImagePlugin - STREAM b'IDAT' 41 54256
2026-09-08 13:52:24,621 - DEBUG - urllib3.connectionpool - https://www.gamerpower.com:443 "GET /offers/1b/6a9ebcfac0aab.jpg HTTP/1.1" 200 45431
2026-09-08 13:52:27,342 - DEBUG - PIL.PngImagePlugin - STREAM b'IHDR' 16 13
2026-09-08 13:52:27,342 - DEBUG - PIL.PngImagePlugin - STREAM b'IDAT' 41 54256
2026-09-08 13:52:27,392 - DEBUG - urllib3.connectionpool - https://www.gamerpower.com:443 "GET /offers/1b/6a998bd861dec.jpg HTTP/1.1" 200 25311
2026-09-08 13:52:27,399 - DEBUG - PIL.PngImagePlugin - STREAM b'IHDR' 16 13
2026-09-08 13:52:27,399 - DEBUG - PIL.PngImagePlugin - STREAM b'IDAT' 41 54256
2026-09-08 13:52:27,425 - DEBUG - urllib3.connectionpool - https://www.gamerpower.com:443 "GET /offers/1b/6a53a044a87b6.jpg HTTP/1.1" 200 36351
2026-09-08 13:52:27,430 - DEBUG - PIL.PngImagePlugin - STREAM b'IHDR' 16 13
2026-09-08 13:52:27,430 - DEBUG - PIL.PngImagePlugin - STREAM b'IDAT' 41 54256
2026-09-08 13:52:29,264 - DEBUG - urllib3.connectionpool - https://www.gamerpower.com:443 "GET /offers/1b/6a998bd861dec.jpg HTTP/1.1" 200 25311
2026-09-08 13:52:29,268 - DEBUG - PIL.PngImagePlugin - STREAM b'IHDR' 16 13
2026-09-08 13:52:29,268 - DEBUG - PIL.PngImagePlugin - STREAM b'IDAT' 41 54256
2026-09-08 13:52:29,292 - DEBUG - urllib3.connectionpool - https://www.gamerpower.com:443 "GET /offers/1b/6a53a044a87b6.jpg HTTP/1.1" 200 36351
2026-09-08 13:52:29,296 - DEBUG - PIL.PngImagePlugin - STREAM b'IHDR' 16 13
2026-09-08 13:52:29,296 - DEBUG - PIL.PngImagePlugin - STREAM b'IDAT' 41 54256
2026-09-08 13:52:48,416 - DEBUG - urllib3.connectionpool - https://www.gamerpower.com:443 "GET /offers/1b/6a998bd861dec.jpg HTTP/1.1" 200 25311
2026-09-08 13:52:48,421 - DEBUG - PIL.PngImagePlugin - STREAM b'IHDR' 16 13
2026-09-08 13:52:48,421 - DEBUG - PIL.PngImagePlugin - STREAM b'IDAT' 41 54256
2026-09-08 13:52:48,445 - DEBUG - urllib3.connectionpool - https://www.gamerpower.com:443 "GET /offers/1b/6a53a044a87b6.jpg HTTP/1.1" 200 36351
2026-09-08 13:52:48,450 - DEBUG - PIL.PngImagePlugin - STREAM b'IHDR' 16 13
2026-09-08 13:52:48,450 - DEBUG - PIL.PngImagePlugin - STREAM b'IDAT' 41 54256
2026-09-08 13:52:48,475 - DEBUG - urllib3.connectionpool - https://www.gamerpower.com:443 "GET /offers/1b/6a59119a8eb8d.jpg HTTP/1.1" 200 40398
2026-09-08 13:52:48,485 - DEBUG - PIL.PngImagePlugin - STREAM b'IHDR' 16 13
2026-09-08 13:52:48,485 - DEBUG - PIL.PngImagePlugin - STREAM b'IDAT' 41 54256
2026-09-08 13:52:48,508 - DEBUG - urllib3.connectionpool - https://www.gamerpower.com:443 "GET /offers/1b/6a9ebcfac0aab.jpg HTTP/1.1" 200 45431
2026-09-08 13:52:48,514 - DEBUG - PIL.PngImagePlugin - STREAM b'IHDR' 16 13
2026-09-08 13:52:48,514 - DEBUG - PIL.PngImagePlugin - STREAM b'IDAT' 41 54256
2026-09-08 13:52:48,542 - DEBUG - urllib3.connectionpool - https://www.gamerpower.com:443 "GET /offers/1b/6a456f543d3c9.jpg HTTP/1.1" 200 23987
2026-09-08 13:52:48,547 - DEBUG - PIL.PngImagePlugin - STREAM b'IHDR' 16 13
2026-09-08 13:52:48,547 - DEBUG - PIL.PngImagePlugin - STREAM b'IDAT' 41 54256
2026-09-08 13:52:48,574 - DEBUG - urllib3.connectionpool - https://www.gamerpower.com:443 "GET /offers/1b/6a27eafa35794.jpg HTTP/1.1" 200 28898
2026-09-08 13:52:48,578 - DEBUG - PIL.PngImagePlugin - STREAM b'IHDR' 16 13
2026-09-08 13:52:48,578 - DEBUG - PIL.PngImagePlugin - STREAM b'IDAT' 41 54256
2026-09-08 13:52:48,603 - DEBUG - urllib3.connectionpool - https://www.gamerpower.com:443 "GET /offers/1b/6946b7c157bca.jpg HTTP/1.1" 200 33903
2026-09-08 13:52:48,606 - DEBUG - PIL.PngImagePlugin - STREAM b'IHDR' 16 13
2026-09-08 13:52:48,606 - DEBUG - PIL.PngImagePlugin - STREAM b'IDAT' 41 54256
2026-09-08 13:52:48,630 - DEBUG - urllib3.connectionpool - https://www.gamerpower.com:443 "GET /offers/1b/698fa7369c1f5.jpg HTTP/1.1" 200 31147
2026-09-08 13:52:48,634 - DEBUG - PIL.PngImagePlugin - STREAM b'IHDR' 16 13
2026-09-08 13:52:48,635 - DEBUG - PIL.PngImagePlugin - STREAM b'IDAT' 41 54256
2026-09-08 13:52:48,662 - DEBUG - urllib3.connectionpool - https://www.gamerpower.com:443 "GET /offers/1b/6946b8c46bc9b.jpg HTTP/1.1" 200 41266
2026-09-08 13:52:48,668 - DEBUG - PIL.PngImagePlugin - STREAM b'IHDR' 16 13
2026-09-08 13:52:48,668 - DEBUG - PIL.PngImagePlugin - STREAM b'IDAT' 41 54256
2026-09-08 13:52:48,693 - DEBUG - urllib3.connectionpool - https://www.gamerpower.com:443 "GET /offers/1b/63c6f67bb9c8b.jpg HTTP/1.1" 200 49447
2026-09-08 13:52:48,700 - DEBUG - PIL.PngImagePlugin - STREAM b'IHDR' 16 13
2026-09-08 13:52:48,700 - DEBUG - PIL.PngImagePlugin - STREAM b'IDAT' 41 54256
2026-09-08 13:52:48,728 - DEBUG - urllib3.connectionpool - https://www.gamerpower.com:443 "GET /offers/1b/68efabd65f913.jpg HTTP/1.1" 200 32166
2026-09-08 13:52:48,731 - DEBUG - PIL.PngImagePlugin - STREAM b'IHDR' 16 13
2026-09-08 13:52:48,732 - DEBUG - PIL.PngImagePlugin - STREAM b'IDAT' 41 54256
2026-09-08 13:52:48,757 - DEBUG - urllib3.connectionpool - https://www.gamerpower.com:443 "GET /offers/1b/68e6513c31514.jpg HTTP/1.1" 200 18347
2026-09-08 13:52:48,761 - DEBUG - PIL.PngImagePlugin - STREAM b'IHDR' 16 13
2026-09-08 13:52:48,761 - DEBUG - PIL.PngImagePlugin - STREAM b'IDAT' 41 54256
2026-09-08 13:52:48,789 - DEBUG - urllib3.connectionpool - https://www.gamerpower.com:443 "GET /offers/1b/68e15e986da99.jpg HTTP/1.1" 200 23873
2026-09-08 13:52:48,793 - DEBUG - PIL.PngImagePlugin - STREAM b'IHDR' 16 13
2026-09-08 13:52:48,793 - DEBUG - PIL.PngImagePlugin - STREAM b'IDAT' 41 54256
2026-09-08 13:52:48,819 - DEBUG - urllib3.connectionpool - https://www.gamerpower.com:443 "GET /offers/1b/68d828fc4174f.jpg HTTP/1.1" 200 57980
2026-09-08 13:52:48,827 - DEBUG - PIL.PngImagePlugin - STREAM b'IHDR' 16 13
2026-09-08 13:52:48,827 - DEBUG - PIL.PngImagePlugin - STREAM b'IDAT' 41 54256
2026-09-08 13:52:48,851 - DEBUG - urllib3.connectionpool - https://www.gamerpower.com:443 "GET /offers/1b/68dd2161c3088.jpg HTTP/1.1" 200 36137
2026-09-08 13:52:48,856 - DEBUG - PIL.PngImagePlugin - STREAM b'IHDR' 16 13
2026-09-08 13:52:48,856 - DEBUG - PIL.PngImagePlugin - STREAM b'IDAT' 41 54256
2026-09-08 13:52:48,882 - DEBUG - urllib3.connectionpool - https://www.gamerpower.com:443 "GET /offers/1b/6a998eb716bfe.jpg HTTP/1.1" 200 47772
2026-09-08 13:52:48,886 - DEBUG - PIL.PngImagePlugin - STREAM b'IHDR' 16 13
2026-09-08 13:52:48,886 - DEBUG - PIL.PngImagePlugin - STREAM b'IDAT' 41 54256
2026-09-08 13:52:48,914 - DEBUG - urllib3.connectionpool - https://www.gamerpower.com:443 "GET /offers/1b/6993208da38c7.jpg HTTP/1.1" 200 63785
2026-09-08 13:52:48,918 - DEBUG - PIL.PngImagePlugin - STREAM b'IHDR' 16 13
2026-09-08 13:52:48,919 - DEBUG - PIL.PngImagePlugin - STREAM b'IDAT' 41 54256
2026-09-08 13:52:48,947 - DEBUG - urllib3.connectionpool - https://www.gamerpower.com:443 "GET /offers/1b/69567c4ee0fa3.jpg HTTP/1.1" 200 67756
2026-09-08 13:52:48,951 - DEBUG - PIL.PngImagePlugin - STREAM b'IHDR' 16 13
2026-09-08 13:52:48,951 - DEBUG - PIL.PngImagePlugin - STREAM b'IDAT' 41 54256
2026-09-08 13:52:48,976 - DEBUG - urllib3.connectionpool - https://www.gamerpower.com:443 "GET /offers/1b/689aece93310e.jpg HTTP/1.1" 200 34152
2026-09-08 13:52:48,979 - DEBUG - PIL.PngImagePlugin - STREAM b'IHDR' 16 13
2026-09-08 13:52:48,979 - DEBUG - PIL.PngImagePlugin - STREAM b'IDAT' 41 54256
2026-09-08 13:52:52,376 - DEBUG - urllib3.connectionpool - https://www.gamerpower.com:443 "GET /offers/1b/6a998bd861dec.jpg HTTP/1.1" 200 25311
2026-09-08 13:52:52,380 - DEBUG - PIL.PngImagePlugin - STREAM b'IHDR' 16 13
2026-09-08 13:52:52,380 - DEBUG - PIL.PngImagePlugin - STREAM b'IDAT' 41 54256
2026-09-08 13:52:52,405 - DEBUG - urllib3.connectionpool - https://www.gamerpower.com:443 "GET /offers/1b/6a53a044a87b6.jpg HTTP/1.1" 200 36351
2026-09-08 13:52:52,409 - DEBUG - PIL.PngImagePlugin - STREAM b'IHDR' 16 13
2026-09-08 13:52:52,409 - DEBUG - PIL.PngImagePlugin - STREAM b'IDAT' 41 54256
2026-09-08 13:52:52,436 - DEBUG - urllib3.connectionpool - https://www.gamerpower.com:443 "GET /offers/1b/6a59119a8eb8d.jpg HTTP/1.1" 200 40398
2026-09-08 13:52:52,440 - DEBUG - PIL.PngImagePlugin - STREAM b'IHDR' 16 13
2026-09-08 13:52:52,440 - DEBUG - PIL.PngImagePlugin - STREAM b'IDAT' 41 54256
2026-09-08 13:52:52,466 - DEBUG - urllib3.connectionpool - https://www.gamerpower.com:443 "GET /offers/1b/6a9ebcfac0aab.jpg HTTP/1.1" 200 45431
2026-09-08 13:52:52,471 - DEBUG - PIL.PngImagePlugin - STREAM b'IHDR' 16 13
2026-09-08 13:52:52,471 - DEBUG - PIL.PngImagePlugin - STREAM b'IDAT' 41 54256
2026-09-08 13:52:52,497 - DEBUG - urllib3.connectionpool - https://www.gamerpower.com:443 "GET /offers/1b/6a456f543d3c9.jpg HTTP/1.1" 200 23987
2026-09-08 13:52:52,501 - DEBUG - PIL.PngImagePlugin - STREAM b'IHDR' 16 13
2026-09-08 13:52:52,501 - DEBUG - PIL.PngImagePlugin - STREAM b'IDAT' 41 54256
2026-09-08 13:52:52,527 - DEBUG - urllib3.connectionpool - https://www.gamerpower.com:443 "GET /offers/1b/6a27eafa35794.jpg HTTP/1.1" 200 28898
2026-09-08 13:52:52,531 - DEBUG - PIL.PngImagePlugin - STREAM b'IHDR' 16 13
2026-09-08 13:52:52,531 - DEBUG - PIL.PngImagePlugin - STREAM b'IDAT' 41 54256
2026-09-08 13:52:52,556 - DEBUG - urllib3.connectionpool - https://www.gamerpower.com:443 "GET /offers/1b/6946b7c157bca.jpg HTTP/1.1" 200 33903
2026-09-08 13:52:52,560 - DEBUG - PIL.PngImagePlugin - STREAM b'IHDR' 16 13
2026-09-08 13:52:52,560 - DEBUG - PIL.PngImagePlugin - STREAM b'IDAT' 41 54256
2026-09-08 13:52:52,583 - DEBUG - urllib3.connectionpool - https://www.gamerpower.com:443 "GET /offers/1b/698fa7369c1f5.jpg HTTP/1.1" 200 31147
2026-09-08 13:52:52,586 - DEBUG - PIL.PngImagePlugin - STREAM b'IHDR' 16 13
2026-09-08 13:52:52,587 - DEBUG - PIL.PngImagePlugin - STREAM b'IDAT' 41 54256
2026-09-08 13:52:52,612 - DEBUG - urllib3.connectionpool - https://www.gamerpower.com:443 "GET /offers/1b/6946b8c46bc9b.jpg HTTP/1.1" 200 41266
2026-09-08 13:52:52,616 - DEBUG - PIL.PngImagePlugin - STREAM b'IHDR' 16 13
2026-09-08 13:52:52,616 - DEBUG - PIL.PngImagePlugin - STREAM b'IDAT' 41 54256
2026-09-08 13:52:52,642 - DEBUG - urllib3.connectionpool - https://www.gamerpower.com:443 "GET /offers/1b/63c6f67bb9c8b.jpg HTTP/1.1" 200 49447
2026-09-08 13:52:52,646 - DEBUG - PIL.PngImagePlugin - STREAM b'IHDR' 16 13
2026-09-08 13:52:52,646 - DEBUG - PIL.PngImagePlugin - STREAM b'IDAT' 41 54256
2026-09-08 13:52:52,672 - DEBUG - urllib3.connectionpool - https://www.gamerpower.com:443 "GET /offers/1b/68efabd65f913.jpg HTTP/1.1" 200 32166
2026-09-08 13:52:52,676 - DEBUG - PIL.PngImagePlugin - STREAM b'IHDR' 16 13
2026-09-08 13:52:52,676 - DEBUG - PIL.PngImagePlugin - STREAM b'IDAT' 41 54256
2026-09-08 13:52:52,702 - DEBUG - urllib3.connectionpool - https://www.gamerpower.com:443 "GET /offers/1b/68e6513c31514.jpg HTTP/1.1" 200 18347
2026-09-08 13:52:52,705 - DEBUG - PIL.PngImagePlugin - STREAM b'IHDR' 16 13
2026-09-08 13:52:52,705 - DEBUG - PIL.PngImagePlugin - STREAM b'IDAT' 41 54256
2026-09-08 13:52:52,729 - DEBUG - urllib3.connectionpool - https://www.gamerpower.com:443 "GET /offers/1b/68e15e986da99.jpg HTTP/1.1" 200 23873
2026-09-08 13:52:52,733 - DEBUG - PIL.PngImagePlugin - STREAM b'IHDR' 16 13
2026-09-08 13:52:52,734 - DEBUG - PIL.PngImagePlugin - STREAM b'IDAT' 41 54256
2026-09-08 13:52:52,756 - DEBUG - urllib3.connectionpool - https://www.gamerpower.com:443 "GET /offers/1b/68d828fc4174f.jpg HTTP/1.1" 200 57980
2026-09-08 13:52:52,770 - DEBUG - PIL.PngImagePlugin - STREAM b'IHDR' 16 13
2026-09-08 13:52:52,770 - DEBUG - PIL.PngImagePlugin - STREAM b'IDAT' 41 54256
2026-09-08 13:52:52,796 - DEBUG - urllib3.connectionpool - https://www.gamerpower.com:443 "GET /offers/1b/68dd2161c3088.jpg HTTP/1.1" 200 36137
2026-09-08 13:52:52,800 - DEBUG - PIL.PngImagePlugin - STREAM b'IHDR' 16 13
2026-09-08 13:52:52,800 - DEBUG - PIL.PngImagePlugin - STREAM b'IDAT' 41 54256
2026-09-08 13:52:52,824 - DEBUG - urllib3.connectionpool - https://www.gamerpower.com:443 "GET /offers/1b/6a998eb716bfe.jpg HTTP/1.1" 200 47772
2026-09-08 13:52:52,828 - DEBUG - PIL.PngImagePlugin - STREAM b'IHDR' 16 13
2026-09-08 13:52:52,828 - DEBUG - PIL.PngImagePlugin - STREAM b'IDAT' 41 54256
2026-09-08 13:52:52,857 - DEBUG - urllib3.connectionpool - https://www.gamerpower.com:443 "GET /offers/1b/6993208da38c7.jpg HTTP/1.1" 200 63785
2026-09-08 13:52:52,860 - DEBUG - PIL.PngImagePlugin - STREAM b'IHDR' 16 13
2026-09-08 13:52:52,861 - DEBUG - PIL.PngImagePlugin - STREAM b'IDAT' 41 54256
2026-09-08 13:52:52,889 - DEBUG - urllib3.connectionpool - https://www.gamerpower.com:443 "GET /offers/1b/69567c4ee0fa3.jpg HTTP/1.1" 200 67756
2026-09-08 13:52:52,893 - DEBUG - PIL.PngImagePlugin - STREAM b'IHDR' 16 13
2026-09-08 13:52:52,894 - DEBUG - PIL.PngImagePlugin - STREAM b'IDAT' 41 54256
2026-09-08 13:52:52,916 - DEBUG - urllib3.connectionpool - https://www.gamerpower.com:443 "GET /offers/1b/689aece93310e.jpg HTTP/1.1" 200 34152
2026-09-08 13:52:52,920 - DEBUG - PIL.PngImagePlugin - STREAM b'IHDR' 16 13
2026-09-08 13:52:52,920 - DEBUG - PIL.PngImagePlugin - STREAM b'IDAT' 41 54256
2026-09-08 13:52:55,685 - INFO - KGameTracker - ℹ️  ==================================================
2026-09-08 13:52:55,685 - INFO - KGameTracker - ℹ️  K GAME TRACKER - CERRADA
2026-09-08 13:52:55,685 - INFO - KGameTracker - ℹ️  ==================================================
2026-09-08 13:59:00,378 - INFO - KGameTracker - ℹ️  ==================================================
2026-09-08 13:59:00,378 - INFO - KGameTracker - ℹ️  K GAME TRACKER - INICIADA
2026-09-08 13:59:00,378 - INFO - KGameTracker - ℹ️  ==================================================
2026-09-08 13:59:00,516 - DEBUG - PIL.Image - Importing PngImagePlugin
2026-09-08 13:59:00,528 - DEBUG - PIL.PngImagePlugin - STREAM b'IHDR' 16 13
2026-09-08 13:59:00,529 - DEBUG - PIL.PngImagePlugin - STREAM b'caBX' 41 5758
2026-09-08 13:59:00,530 - DEBUG - PIL.PngImagePlugin - b'caBX' 41 5758 (unknown)
2026-09-08 13:59:00,530 - DEBUG - PIL.PngImagePlugin - STREAM b'IDAT' 5811 65536
2026-09-08 13:59:03,107 - DEBUG - PIL.PngImagePlugin - STREAM b'IHDR' 16 13
2026-09-08 13:59:03,107 - DEBUG - PIL.PngImagePlugin - STREAM b'caBX' 41 5758
2026-09-08 13:59:03,108 - DEBUG - PIL.PngImagePlugin - b'caBX' 41 5758 (unknown)
2026-09-08 13:59:03,108 - DEBUG - PIL.PngImagePlugin - STREAM b'IDAT' 5811 65536
2026-09-08 13:59:03,140 - DEBUG - PIL.PngImagePlugin - STREAM b'IHDR' 16 13
2026-09-08 13:59:03,140 - DEBUG - PIL.PngImagePlugin - STREAM b'IDAT' 41 53758
2026-09-08 13:59:03,145 - DEBUG - PIL.PngImagePlugin - STREAM b'IHDR' 16 13
2026-09-08 13:59:03,145 - DEBUG - PIL.PngImagePlugin - STREAM b'IDAT' 41 65536
2026-09-08 13:59:03,148 - DEBUG - PIL.PngImagePlugin - STREAM b'IHDR' 16 13
2026-09-08 13:59:03,148 - DEBUG - PIL.PngImagePlugin - STREAM b'IDAT' 41 58612
2026-09-08 13:59:03,154 - DEBUG - PIL.PngImagePlugin - STREAM b'IHDR' 16 13
2026-09-08 13:59:03,154 - DEBUG - PIL.PngImagePlugin - STREAM b'IDAT' 41 63613
2026-09-08 13:59:03,158 - DEBUG - PIL.PngImagePlugin - STREAM b'IHDR' 16 13
2026-09-08 13:59:03,158 - DEBUG - PIL.PngImagePlugin - STREAM b'IDAT' 41 65536
2026-09-08 13:59:03,163 - DEBUG - PIL.PngImagePlugin - STREAM b'IHDR' 16 13
2026-09-08 13:59:03,163 - DEBUG - PIL.PngImagePlugin - STREAM b'IDAT' 41 63580
2026-09-08 13:59:03,167 - DEBUG - PIL.PngImagePlugin - STREAM b'IHDR' 16 13
2026-09-08 13:59:03,167 - DEBUG - PIL.PngImagePlugin - STREAM b'IDAT' 41 64126
2026-09-08 13:59:03,171 - DEBUG - PIL.PngImagePlugin - STREAM b'IHDR' 16 13
2026-09-08 13:59:03,172 - DEBUG - PIL.PngImagePlugin - STREAM b'IDAT' 41 64126
2026-09-08 13:59:03,176 - DEBUG - PIL.PngImagePlugin - STREAM b'IHDR' 16 13
2026-09-08 13:59:03,176 - DEBUG - PIL.PngImagePlugin - STREAM b'IDAT' 41 64126
2026-09-08 13:59:03,180 - DEBUG - PIL.PngImagePlugin - STREAM b'IHDR' 16 13
2026-09-08 13:59:03,181 - DEBUG - PIL.PngImagePlugin - STREAM b'IDAT' 41 56150
2026-09-08 13:59:03,185 - DEBUG - PIL.PngImagePlugin - STREAM b'IHDR' 16 13
2026-09-08 13:59:03,185 - DEBUG - PIL.PngImagePlugin - STREAM b'IDAT' 41 64126
2026-09-08 13:59:03,189 - DEBUG - PIL.PngImagePlugin - STREAM b'IHDR' 16 13
2026-09-08 13:59:03,189 - DEBUG - PIL.PngImagePlugin - STREAM b'IDAT' 41 64126
2026-09-08 13:59:03,203 - DEBUG - PIL.PngImagePlugin - STREAM b'IHDR' 16 13
2026-09-08 13:59:03,204 - DEBUG - PIL.PngImagePlugin - STREAM b'IDAT' 41 62450
2026-09-08 13:59:03,305 - DEBUG - PIL.PngImagePlugin - STREAM b'IHDR' 16 13
2026-09-08 13:59:03,305 - DEBUG - PIL.PngImagePlugin - STREAM b'IDAT' 41 65536
2026-09-08 13:59:03,309 - DEBUG - PIL.PngImagePlugin - STREAM b'IHDR' 16 13
2026-09-08 13:59:03,309 - DEBUG - PIL.PngImagePlugin - STREAM b'IDAT' 41 65536
2026-09-08 13:59:03,428 - DEBUG - PIL.PngImagePlugin - STREAM b'IHDR' 16 13
2026-09-08 13:59:03,428 - DEBUG - PIL.PngImagePlugin - STREAM b'IDAT' 41 62450
2026-09-08 13:59:03,531 - DEBUG - PIL.PngImagePlugin - STREAM b'IHDR' 16 13
2026-09-08 13:59:03,531 - DEBUG - PIL.PngImagePlugin - STREAM b'IDAT' 41 62450
2026-09-08 13:59:03,635 - DEBUG - PIL.PngImagePlugin - STREAM b'IHDR' 16 13
2026-09-08 13:59:03,635 - DEBUG - PIL.PngImagePlugin - STREAM b'IDAT' 41 62450
2026-09-08 13:59:03,738 - DEBUG - PIL.PngImagePlugin - STREAM b'IHDR' 16 13
2026-09-08 13:59:03,738 - DEBUG - PIL.PngImagePlugin - STREAM b'IDAT' 41 62450
2026-09-08 13:59:03,841 - DEBUG - PIL.PngImagePlugin - STREAM b'IHDR' 16 13
2026-09-08 13:59:03,841 - DEBUG - PIL.PngImagePlugin - STREAM b'IDAT' 41 62450
2026-09-08 13:59:03,945 - DEBUG - PIL.PngImagePlugin - STREAM b'IHDR' 16 13
2026-09-08 13:59:03,945 - DEBUG - PIL.PngImagePlugin - STREAM b'IDAT' 41 62450
2026-09-08 13:59:04,048 - DEBUG - PIL.PngImagePlugin - STREAM b'IHDR' 16 13
2026-09-08 13:59:04,048 - DEBUG - PIL.PngImagePlugin - STREAM b'IDAT' 41 62450
2026-09-08 13:59:04,151 - DEBUG - PIL.PngImagePlugin - STREAM b'IHDR' 16 13
2026-09-08 13:59:04,152 - DEBUG - PIL.PngImagePlugin - STREAM b'IDAT' 41 62450
2026-09-08 13:59:04,255 - DEBUG - PIL.PngImagePlugin - STREAM b'IHDR' 16 13
2026-09-08 13:59:04,255 - DEBUG - PIL.PngImagePlugin - STREAM b'IDAT' 41 62450
2026-09-08 13:59:04,359 - DEBUG - PIL.PngImagePlugin - STREAM b'IHDR' 16 13
2026-09-08 13:59:04,359 - DEBUG - PIL.PngImagePlugin - STREAM b'IDAT' 41 62450
2026-09-08 13:59:05,899 - INFO - KGameTracker - ℹ️  ==================================================
2026-09-08 13:59:05,899 - INFO - KGameTracker - ℹ️  K GAME TRACKER - CERRADA
2026-09-08 13:59:05,900 - INFO - KGameTracker - ℹ️  ==================================================
2026-09-08 14:00:04,903 - INFO - KGameTracker - ℹ️  ==================================================
2026-09-08 14:00:04,904 - INFO - KGameTracker - ℹ️  K GAME TRACKER - INICIADA
2026-09-08 14:00:04,904 - INFO - KGameTracker - ℹ️  ==================================================
2026-09-08 14:00:05,043 - DEBUG - PIL.Image - Importing PngImagePlugin
2026-09-08 14:00:05,053 - DEBUG - PIL.PngImagePlugin - STREAM b'IHDR' 16 13
2026-09-08 14:00:05,053 - DEBUG - PIL.PngImagePlugin - STREAM b'caBX' 41 5758
2026-09-08 14:00:05,053 - DEBUG - PIL.PngImagePlugin - b'caBX' 41 5758 (unknown)
2026-09-08 14:00:05,054 - DEBUG - PIL.PngImagePlugin - STREAM b'IDAT' 5811 65536
2026-09-08 14:00:07,519 - DEBUG - PIL.PngImagePlugin - STREAM b'IHDR' 16 13
2026-09-08 14:00:07,520 - DEBUG - PIL.PngImagePlugin - STREAM b'caBX' 41 5758
2026-09-08 14:00:07,520 - DEBUG - PIL.PngImagePlugin - b'caBX' 41 5758 (unknown)
2026-09-08 14:00:07,520 - DEBUG - PIL.PngImagePlugin - STREAM b'IDAT' 5811 65536
2026-09-08 14:00:07,547 - DEBUG - PIL.PngImagePlugin - STREAM b'IHDR' 16 13
2026-09-08 14:00:07,547 - DEBUG - PIL.PngImagePlugin - STREAM b'IDAT' 41 53758
2026-09-08 14:00:07,552 - DEBUG - PIL.PngImagePlugin - STREAM b'IHDR' 16 13
2026-09-08 14:00:07,552 - DEBUG - PIL.PngImagePlugin - STREAM b'IDAT' 41 65536
2026-09-08 14:00:07,555 - DEBUG - PIL.PngImagePlugin - STREAM b'IHDR' 16 13
2026-09-08 14:00:07,555 - DEBUG - PIL.PngImagePlugin - STREAM b'IDAT' 41 58612
2026-09-08 14:00:07,558 - DEBUG - PIL.PngImagePlugin - STREAM b'IHDR' 16 13
2026-09-08 14:00:07,558 - DEBUG - PIL.PngImagePlugin - STREAM b'IDAT' 41 63613
2026-09-08 14:00:07,562 - DEBUG - PIL.PngImagePlugin - STREAM b'IHDR' 16 13
2026-09-08 14:00:07,563 - DEBUG - PIL.PngImagePlugin - STREAM b'IDAT' 41 65536
2026-09-08 14:00:07,568 - DEBUG - PIL.PngImagePlugin - STREAM b'IHDR' 16 13
2026-09-08 14:00:07,568 - DEBUG - PIL.PngImagePlugin - STREAM b'IDAT' 41 63580
2026-09-08 14:00:07,571 - DEBUG - PIL.PngImagePlugin - STREAM b'IHDR' 16 13
2026-09-08 14:00:07,571 - DEBUG - PIL.PngImagePlugin - STREAM b'IDAT' 41 64126
2026-09-08 14:00:07,577 - DEBUG - PIL.PngImagePlugin - STREAM b'IHDR' 16 13
2026-09-08 14:00:07,577 - DEBUG - PIL.PngImagePlugin - STREAM b'IDAT' 41 64126
2026-09-08 14:00:07,581 - DEBUG - PIL.PngImagePlugin - STREAM b'IHDR' 16 13
2026-09-08 14:00:07,581 - DEBUG - PIL.PngImagePlugin - STREAM b'IDAT' 41 64126
2026-09-08 14:00:07,585 - DEBUG - PIL.PngImagePlugin - STREAM b'IHDR' 16 13
2026-09-08 14:00:07,586 - DEBUG - PIL.PngImagePlugin - STREAM b'IDAT' 41 56150
2026-09-08 14:00:07,589 - DEBUG - PIL.PngImagePlugin - STREAM b'IHDR' 16 13
2026-09-08 14:00:07,589 - DEBUG - PIL.PngImagePlugin - STREAM b'IDAT' 41 64126
2026-09-08 14:00:07,593 - DEBUG - PIL.PngImagePlugin - STREAM b'IHDR' 16 13
2026-09-08 14:00:07,593 - DEBUG - PIL.PngImagePlugin - STREAM b'IDAT' 41 64126
2026-09-08 14:00:07,605 - DEBUG - PIL.PngImagePlugin - STREAM b'IHDR' 16 13
2026-09-08 14:00:07,606 - DEBUG - PIL.PngImagePlugin - STREAM b'IDAT' 41 62450
2026-09-08 14:00:07,702 - DEBUG - PIL.PngImagePlugin - STREAM b'IHDR' 16 13
2026-09-08 14:00:07,702 - DEBUG - PIL.PngImagePlugin - STREAM b'IDAT' 41 65536
2026-09-08 14:00:07,705 - DEBUG - PIL.PngImagePlugin - STREAM b'IHDR' 16 13
2026-09-08 14:00:07,705 - DEBUG - PIL.PngImagePlugin - STREAM b'IDAT' 41 65536
2026-09-08 14:00:07,816 - DEBUG - PIL.PngImagePlugin - STREAM b'IHDR' 16 13
2026-09-08 14:00:07,817 - DEBUG - PIL.PngImagePlugin - STREAM b'IDAT' 41 62450
2026-09-08 14:00:07,920 - DEBUG - PIL.PngImagePlugin - STREAM b'IHDR' 16 13
2026-09-08 14:00:07,920 - DEBUG - PIL.PngImagePlugin - STREAM b'IDAT' 41 62450
2026-09-08 14:00:08,023 - DEBUG - PIL.PngImagePlugin - STREAM b'IHDR' 16 13
2026-09-08 14:00:08,024 - DEBUG - PIL.PngImagePlugin - STREAM b'IDAT' 41 62450
2026-09-08 14:00:08,127 - DEBUG - PIL.PngImagePlugin - STREAM b'IHDR' 16 13
2026-09-08 14:00:08,127 - DEBUG - PIL.PngImagePlugin - STREAM b'IDAT' 41 62450
2026-09-08 14:00:08,230 - DEBUG - PIL.PngImagePlugin - STREAM b'IHDR' 16 13
2026-09-08 14:00:08,230 - DEBUG - PIL.PngImagePlugin - STREAM b'IDAT' 41 62450
2026-09-08 14:00:08,334 - DEBUG - PIL.PngImagePlugin - STREAM b'IHDR' 16 13
2026-09-08 14:00:08,335 - DEBUG - PIL.PngImagePlugin - STREAM b'IDAT' 41 62450
2026-09-08 14:00:08,438 - DEBUG - PIL.PngImagePlugin - STREAM b'IHDR' 16 13
2026-09-08 14:00:08,438 - DEBUG - PIL.PngImagePlugin - STREAM b'IDAT' 41 62450
2026-09-08 14:00:08,541 - DEBUG - PIL.PngImagePlugin - STREAM b'IHDR' 16 13
2026-09-08 14:00:08,542 - DEBUG - PIL.PngImagePlugin - STREAM b'IDAT' 41 62450
2026-09-08 14:00:08,645 - DEBUG - PIL.PngImagePlugin - STREAM b'IHDR' 16 13
2026-09-08 14:00:08,645 - DEBUG - PIL.PngImagePlugin - STREAM b'IDAT' 41 62450
2026-09-08 14:00:08,750 - DEBUG - PIL.PngImagePlugin - STREAM b'IHDR' 16 13
2026-09-08 14:00:08,750 - DEBUG - PIL.PngImagePlugin - STREAM b'IDAT' 41 62450
2026-09-08 14:00:10,604 - DEBUG - urllib3.connectionpool - Starting new HTTPS connection (1): www.gamerpower.com:443
2026-09-08 14:00:10,726 - DEBUG - urllib3.connectionpool - https://www.gamerpower.com:443 "GET /api/giveaways?type=game HTTP/1.1" 200 None
2026-09-08 14:00:11,900 - DEBUG - urllib3.connectionpool - Starting new HTTPS connection (1): www.gamerpower.com:443
2026-09-08 14:00:12,002 - DEBUG - urllib3.connectionpool - https://www.gamerpower.com:443 "GET /api/giveaways?type=game HTTP/1.1" 200 None
2026-09-08 14:01:10,020 - INFO - KGameTracker - ℹ️  ==================================================
2026-09-08 14:01:10,021 - INFO - KGameTracker - ℹ️  K GAME TRACKER - CERRADA
2026-09-08 14:01:10,021 - INFO - KGameTracker - ℹ️  ==================================================
2026-09-08 14:01:35,234 - INFO - KGameTracker - ℹ️  ==================================================
2026-09-08 14:01:35,234 - INFO - KGameTracker - ℹ️  K GAME TRACKER - INICIADA
2026-09-08 14:01:35,234 - INFO - KGameTracker - ℹ️  ==================================================
2026-09-08 14:01:35,374 - DEBUG - PIL.Image - Importing PngImagePlugin
2026-09-08 14:01:35,386 - DEBUG - PIL.PngImagePlugin - STREAM b'IHDR' 16 13
2026-09-08 14:01:35,387 - DEBUG - PIL.PngImagePlugin - STREAM b'caBX' 41 5758
2026-09-08 14:01:35,387 - DEBUG - PIL.PngImagePlugin - b'caBX' 41 5758 (unknown)
2026-09-08 14:01:35,387 - DEBUG - PIL.PngImagePlugin - STREAM b'IDAT' 5811 65536
2026-09-08 14:01:37,828 - DEBUG - PIL.PngImagePlugin - STREAM b'IHDR' 16 13
2026-09-08 14:01:37,828 - DEBUG - PIL.PngImagePlugin - STREAM b'caBX' 41 5758
2026-09-08 14:01:37,828 - DEBUG - PIL.PngImagePlugin - b'caBX' 41 5758 (unknown)
2026-09-08 14:01:37,829 - DEBUG - PIL.PngImagePlugin - STREAM b'IDAT' 5811 65536
2026-09-08 14:01:37,860 - DEBUG - PIL.PngImagePlugin - STREAM b'IHDR' 16 13
2026-09-08 14:01:37,860 - DEBUG - PIL.PngImagePlugin - STREAM b'IDAT' 41 53758
2026-09-08 14:01:37,863 - DEBUG - PIL.PngImagePlugin - STREAM b'IHDR' 16 13
2026-09-08 14:01:37,864 - DEBUG - PIL.PngImagePlugin - STREAM b'IDAT' 41 65536
2026-09-08 14:01:37,867 - DEBUG - PIL.PngImagePlugin - STREAM b'IHDR' 16 13
2026-09-08 14:01:37,867 - DEBUG - PIL.PngImagePlugin - STREAM b'IDAT' 41 58612
2026-09-08 14:01:37,870 - DEBUG - PIL.PngImagePlugin - STREAM b'IHDR' 16 13
2026-09-08 14:01:37,870 - DEBUG - PIL.PngImagePlugin - STREAM b'IDAT' 41 63613
2026-09-08 14:01:37,875 - DEBUG - PIL.PngImagePlugin - STREAM b'IHDR' 16 13
2026-09-08 14:01:37,876 - DEBUG - PIL.PngImagePlugin - STREAM b'IDAT' 41 65536
2026-09-08 14:01:37,880 - DEBUG - PIL.PngImagePlugin - STREAM b'IHDR' 16 13
2026-09-08 14:01:37,880 - DEBUG - PIL.PngImagePlugin - STREAM b'IDAT' 41 63580
2026-09-08 14:01:37,884 - DEBUG - PIL.PngImagePlugin - STREAM b'IHDR' 16 13
2026-09-08 14:01:37,885 - DEBUG - PIL.PngImagePlugin - STREAM b'IDAT' 41 64126
2026-09-08 14:01:37,888 - DEBUG - PIL.PngImagePlugin - STREAM b'IHDR' 16 13
2026-09-08 14:01:37,889 - DEBUG - PIL.PngImagePlugin - STREAM b'IDAT' 41 64126
2026-09-08 14:01:37,893 - DEBUG - PIL.PngImagePlugin - STREAM b'IHDR' 16 13
2026-09-08 14:01:37,894 - DEBUG - PIL.PngImagePlugin - STREAM b'IDAT' 41 64126
2026-09-08 14:01:37,898 - DEBUG - PIL.PngImagePlugin - STREAM b'IHDR' 16 13
2026-09-08 14:01:37,899 - DEBUG - PIL.PngImagePlugin - STREAM b'IDAT' 41 56150
2026-09-08 14:01:37,902 - DEBUG - PIL.PngImagePlugin - STREAM b'IHDR' 16 13
2026-09-08 14:01:37,903 - DEBUG - PIL.PngImagePlugin - STREAM b'IDAT' 41 64126
2026-09-08 14:01:37,907 - DEBUG - PIL.PngImagePlugin - STREAM b'IHDR' 16 13
2026-09-08 14:01:37,908 - DEBUG - PIL.PngImagePlugin - STREAM b'IDAT' 41 64126
2026-09-08 14:01:37,920 - DEBUG - PIL.PngImagePlugin - STREAM b'IHDR' 16 13
2026-09-08 14:01:37,920 - DEBUG - PIL.PngImagePlugin - STREAM b'IDAT' 41 62450
2026-09-08 14:01:38,023 - DEBUG - PIL.PngImagePlugin - STREAM b'IHDR' 16 13
2026-09-08 14:01:38,023 - DEBUG - PIL.PngImagePlugin - STREAM b'IDAT' 41 65536
2026-09-08 14:01:38,026 - DEBUG - PIL.PngImagePlugin - STREAM b'IHDR' 16 13
2026-09-08 14:01:38,026 - DEBUG - PIL.PngImagePlugin - STREAM b'IDAT' 41 65536
2026-09-08 14:01:38,137 - DEBUG - PIL.PngImagePlugin - STREAM b'IHDR' 16 13
2026-09-08 14:01:38,137 - DEBUG - PIL.PngImagePlugin - STREAM b'IDAT' 41 62450
2026-09-08 14:01:38,240 - DEBUG - PIL.PngImagePlugin - STREAM b'IHDR' 16 13
2026-09-08 14:01:38,240 - DEBUG - PIL.PngImagePlugin - STREAM b'IDAT' 41 62450
2026-09-08 14:01:38,343 - DEBUG - PIL.PngImagePlugin - STREAM b'IHDR' 16 13
2026-09-08 14:01:38,344 - DEBUG - PIL.PngImagePlugin - STREAM b'IDAT' 41 62450
2026-09-08 14:01:38,447 - DEBUG - PIL.PngImagePlugin - STREAM b'IHDR' 16 13
2026-09-08 14:01:38,447 - DEBUG - PIL.PngImagePlugin - STREAM b'IDAT' 41 62450
2026-09-08 14:01:38,550 - DEBUG - PIL.PngImagePlugin - STREAM b'IHDR' 16 13
2026-09-08 14:01:38,551 - DEBUG - PIL.PngImagePlugin - STREAM b'IDAT' 41 62450
2026-09-08 14:01:38,653 - DEBUG - PIL.PngImagePlugin - STREAM b'IHDR' 16 13
2026-09-08 14:01:38,654 - DEBUG - PIL.PngImagePlugin - STREAM b'IDAT' 41 62450
2026-09-08 14:01:38,757 - DEBUG - PIL.PngImagePlugin - STREAM b'IHDR' 16 13
2026-09-08 14:01:38,757 - DEBUG - PIL.PngImagePlugin - STREAM b'IDAT' 41 62450
2026-09-08 14:01:38,860 - DEBUG - PIL.PngImagePlugin - STREAM b'IHDR' 16 13
2026-09-08 14:01:38,860 - DEBUG - PIL.PngImagePlugin - STREAM b'IDAT' 41 62450
2026-09-08 14:01:38,964 - DEBUG - PIL.PngImagePlugin - STREAM b'IHDR' 16 13
2026-09-08 14:01:38,964 - DEBUG - PIL.PngImagePlugin - STREAM b'IDAT' 41 62450
2026-09-08 14:01:39,067 - DEBUG - PIL.PngImagePlugin - STREAM b'IHDR' 16 13
2026-09-08 14:01:39,067 - DEBUG - PIL.PngImagePlugin - STREAM b'IDAT' 41 62450
2026-09-08 14:01:54,658 - INFO - KGameTracker - ℹ️  ==================================================
2026-09-08 14:01:54,659 - INFO - KGameTracker - ℹ️  K GAME TRACKER - CERRADA
2026-09-08 14:01:54,660 - INFO - KGameTracker - ℹ️  ==================================================
2026-09-08 14:02:04,700 - INFO - KGameTracker - ℹ️  ==================================================
2026-09-08 14:02:04,701 - INFO - KGameTracker - ℹ️  K GAME TRACKER - INICIADA
2026-09-08 14:02:04,701 - INFO - KGameTracker - ℹ️  ==================================================
2026-09-08 14:02:04,861 - DEBUG - PIL.Image - Importing PngImagePlugin
2026-09-08 14:02:04,874 - DEBUG - PIL.PngImagePlugin - STREAM b'IHDR' 16 13
2026-09-08 14:02:04,876 - DEBUG - PIL.PngImagePlugin - STREAM b'caBX' 41 5758
2026-09-08 14:02:04,877 - DEBUG - PIL.PngImagePlugin - b'caBX' 41 5758 (unknown)
2026-09-08 14:02:04,877 - DEBUG - PIL.PngImagePlugin - STREAM b'IDAT' 5811 65536
2026-09-08 14:02:07,387 - DEBUG - PIL.PngImagePlugin - STREAM b'IHDR' 16 13
2026-09-08 14:02:07,387 - DEBUG - PIL.PngImagePlugin - STREAM b'caBX' 41 5758
2026-09-08 14:02:07,387 - DEBUG - PIL.PngImagePlugin - b'caBX' 41 5758 (unknown)
2026-09-08 14:02:07,387 - DEBUG - PIL.PngImagePlugin - STREAM b'IDAT' 5811 65536
2026-09-08 14:02:07,415 - DEBUG - PIL.PngImagePlugin - STREAM b'IHDR' 16 13
2026-09-08 14:02:07,415 - DEBUG - PIL.PngImagePlugin - STREAM b'IDAT' 41 53758
2026-09-08 14:02:07,418 - DEBUG - PIL.PngImagePlugin - STREAM b'IHDR' 16 13
2026-09-08 14:02:07,419 - DEBUG - PIL.PngImagePlugin - STREAM b'IDAT' 41 65536
2026-09-08 14:02:07,422 - DEBUG - PIL.PngImagePlugin - STREAM b'IHDR' 16 13
2026-09-08 14:02:07,423 - DEBUG - PIL.PngImagePlugin - STREAM b'IDAT' 41 58612
2026-09-08 14:02:07,426 - DEBUG - PIL.PngImagePlugin - STREAM b'IHDR' 16 13
2026-09-08 14:02:07,426 - DEBUG - PIL.PngImagePlugin - STREAM b'IDAT' 41 63613
2026-09-08 14:02:07,429 - DEBUG - PIL.PngImagePlugin - STREAM b'IHDR' 16 13
2026-09-08 14:02:07,430 - DEBUG - PIL.PngImagePlugin - STREAM b'IDAT' 41 65536
2026-09-08 14:02:07,434 - DEBUG - PIL.PngImagePlugin - STREAM b'IHDR' 16 13
2026-09-08 14:02:07,434 - DEBUG - PIL.PngImagePlugin - STREAM b'IDAT' 41 63580
2026-09-08 14:02:07,438 - DEBUG - PIL.PngImagePlugin - STREAM b'IHDR' 16 13
2026-09-08 14:02:07,438 - DEBUG - PIL.PngImagePlugin - STREAM b'IDAT' 41 64126
2026-09-08 14:02:07,442 - DEBUG - PIL.PngImagePlugin - STREAM b'IHDR' 16 13
2026-09-08 14:02:07,442 - DEBUG - PIL.PngImagePlugin - STREAM b'IDAT' 41 64126
2026-09-08 14:02:07,446 - DEBUG - PIL.PngImagePlugin - STREAM b'IHDR' 16 13
2026-09-08 14:02:07,446 - DEBUG - PIL.PngImagePlugin - STREAM b'IDAT' 41 64126
2026-09-08 14:02:07,450 - DEBUG - PIL.PngImagePlugin - STREAM b'IHDR' 16 13
2026-09-08 14:02:07,450 - DEBUG - PIL.PngImagePlugin - STREAM b'IDAT' 41 56150
2026-09-08 14:02:07,454 - DEBUG - PIL.PngImagePlugin - STREAM b'IHDR' 16 13
2026-09-08 14:02:07,454 - DEBUG - PIL.PngImagePlugin - STREAM b'IDAT' 41 64126
2026-09-08 14:02:07,458 - DEBUG - PIL.PngImagePlugin - STREAM b'IHDR' 16 13
2026-09-08 14:02:07,459 - DEBUG - PIL.PngImagePlugin - STREAM b'IDAT' 41 64126
2026-09-08 14:02:07,472 - DEBUG - PIL.PngImagePlugin - STREAM b'IHDR' 16 13
2026-09-08 14:02:07,472 - DEBUG - PIL.PngImagePlugin - STREAM b'IDAT' 41 62450
2026-09-08 14:02:07,568 - DEBUG - PIL.PngImagePlugin - STREAM b'IHDR' 16 13
2026-09-08 14:02:07,568 - DEBUG - PIL.PngImagePlugin - STREAM b'IDAT' 41 65536
2026-09-08 14:02:07,571 - DEBUG - PIL.PngImagePlugin - STREAM b'IHDR' 16 13
2026-09-08 14:02:07,571 - DEBUG - PIL.PngImagePlugin - STREAM b'IDAT' 41 65536
2026-09-08 14:02:07,680 - DEBUG - PIL.PngImagePlugin - STREAM b'IHDR' 16 13
2026-09-08 14:02:07,681 - DEBUG - PIL.PngImagePlugin - STREAM b'IDAT' 41 62450
2026-09-08 14:02:07,784 - DEBUG - PIL.PngImagePlugin - STREAM b'IHDR' 16 13
2026-09-08 14:02:07,785 - DEBUG - PIL.PngImagePlugin - STREAM b'IDAT' 41 62450
2026-09-08 14:02:07,888 - DEBUG - PIL.PngImagePlugin - STREAM b'IHDR' 16 13
2026-09-08 14:02:07,888 - DEBUG - PIL.PngImagePlugin - STREAM b'IDAT' 41 62450
2026-09-08 14:02:07,992 - DEBUG - PIL.PngImagePlugin - STREAM b'IHDR' 16 13
2026-09-08 14:02:07,992 - DEBUG - PIL.PngImagePlugin - STREAM b'IDAT' 41 62450
2026-09-08 14:02:08,096 - DEBUG - PIL.PngImagePlugin - STREAM b'IHDR' 16 13
2026-09-08 14:02:08,097 - DEBUG - PIL.PngImagePlugin - STREAM b'IDAT' 41 62450
2026-09-08 14:02:08,200 - DEBUG - PIL.PngImagePlugin - STREAM b'IHDR' 16 13
2026-09-08 14:02:08,201 - DEBUG - PIL.PngImagePlugin - STREAM b'IDAT' 41 62450
2026-09-08 14:02:08,304 - DEBUG - PIL.PngImagePlugin - STREAM b'IHDR' 16 13
2026-09-08 14:02:08,304 - DEBUG - PIL.PngImagePlugin - STREAM b'IDAT' 41 62450
2026-09-08 14:02:08,407 - DEBUG - PIL.PngImagePlugin - STREAM b'IHDR' 16 13
2026-09-08 14:02:08,407 - DEBUG - PIL.PngImagePlugin - STREAM b'IDAT' 41 62450
2026-09-08 14:02:08,510 - DEBUG - PIL.PngImagePlugin - STREAM b'IHDR' 16 13
2026-09-08 14:02:08,510 - DEBUG - PIL.PngImagePlugin - STREAM b'IDAT' 41 62450
2026-09-08 14:02:08,614 - DEBUG - PIL.PngImagePlugin - STREAM b'IHDR' 16 13
2026-09-08 14:02:08,614 - DEBUG - PIL.PngImagePlugin - STREAM b'IDAT' 41 62450
2026-09-08 14:02:37,322 - INFO - KGameTracker - ℹ️  ==================================================
2026-09-08 14:02:37,322 - INFO - KGameTracker - ℹ️  K GAME TRACKER - CERRADA
2026-09-08 14:02:37,322 - INFO - KGameTracker - ℹ️  ==================================================
2026-09-08 14:03:43,539 - INFO - KGameTracker - ℹ️  ==================================================
2026-09-08 14:03:43,539 - INFO - KGameTracker - ℹ️  K GAME TRACKER - INICIADA
2026-09-08 14:03:43,540 - INFO - KGameTracker - ℹ️  ==================================================
2026-09-08 14:03:43,683 - DEBUG - PIL.Image - Importing PngImagePlugin
2026-09-08 14:03:43,697 - DEBUG - PIL.PngImagePlugin - STREAM b'IHDR' 16 13
2026-09-08 14:03:43,700 - DEBUG - PIL.PngImagePlugin - STREAM b'caBX' 41 5758
2026-09-08 14:03:43,700 - DEBUG - PIL.PngImagePlugin - b'caBX' 41 5758 (unknown)
2026-09-08 14:03:43,700 - DEBUG - PIL.PngImagePlugin - STREAM b'IDAT' 5811 65536
2026-09-08 14:03:46,233 - DEBUG - PIL.PngImagePlugin - STREAM b'IHDR' 16 13
2026-09-08 14:03:46,234 - DEBUG - PIL.PngImagePlugin - STREAM b'caBX' 41 5758
2026-09-08 14:03:46,234 - DEBUG - PIL.PngImagePlugin - b'caBX' 41 5758 (unknown)
2026-09-08 14:03:46,234 - DEBUG - PIL.PngImagePlugin - STREAM b'IDAT' 5811 65536
2026-09-08 14:03:46,262 - DEBUG - PIL.PngImagePlugin - STREAM b'IHDR' 16 13
2026-09-08 14:03:46,263 - DEBUG - PIL.PngImagePlugin - STREAM b'IDAT' 41 53758
2026-09-08 14:03:46,266 - DEBUG - PIL.PngImagePlugin - STREAM b'IHDR' 16 13
2026-09-08 14:03:46,266 - DEBUG - PIL.PngImagePlugin - STREAM b'IDAT' 41 65536
2026-09-08 14:03:46,269 - DEBUG - PIL.PngImagePlugin - STREAM b'IHDR' 16 13
2026-09-08 14:03:46,269 - DEBUG - PIL.PngImagePlugin - STREAM b'IDAT' 41 58612
2026-09-08 14:03:46,272 - DEBUG - PIL.PngImagePlugin - STREAM b'IHDR' 16 13
2026-09-08 14:03:46,273 - DEBUG - PIL.PngImagePlugin - STREAM b'IDAT' 41 63613
2026-09-08 14:03:46,277 - DEBUG - PIL.PngImagePlugin - STREAM b'IHDR' 16 13
2026-09-08 14:03:46,278 - DEBUG - PIL.PngImagePlugin - STREAM b'IDAT' 41 65536
2026-09-08 14:03:46,282 - DEBUG - PIL.PngImagePlugin - STREAM b'IHDR' 16 13
2026-09-08 14:03:46,282 - DEBUG - PIL.PngImagePlugin - STREAM b'IDAT' 41 63580
2026-09-08 14:03:46,285 - DEBUG - PIL.PngImagePlugin - STREAM b'IHDR' 16 13
2026-09-08 14:03:46,285 - DEBUG - PIL.PngImagePlugin - STREAM b'IDAT' 41 64126
2026-09-08 14:03:46,289 - DEBUG - PIL.PngImagePlugin - STREAM b'IHDR' 16 13
2026-09-08 14:03:46,289 - DEBUG - PIL.PngImagePlugin - STREAM b'IDAT' 41 64126
2026-09-08 14:03:46,293 - DEBUG - PIL.PngImagePlugin - STREAM b'IHDR' 16 13
2026-09-08 14:03:46,293 - DEBUG - PIL.PngImagePlugin - STREAM b'IDAT' 41 64126
2026-09-08 14:03:46,297 - DEBUG - PIL.PngImagePlugin - STREAM b'IHDR' 16 13
2026-09-08 14:03:46,297 - DEBUG - PIL.PngImagePlugin - STREAM b'IDAT' 41 56150
2026-09-08 14:03:46,301 - DEBUG - PIL.PngImagePlugin - STREAM b'IHDR' 16 13
2026-09-08 14:03:46,301 - DEBUG - PIL.PngImagePlugin - STREAM b'IDAT' 41 64126
2026-09-08 14:03:46,306 - DEBUG - PIL.PngImagePlugin - STREAM b'IHDR' 16 13
2026-09-08 14:03:46,306 - DEBUG - PIL.PngImagePlugin - STREAM b'IDAT' 41 64126
2026-09-08 14:03:46,318 - DEBUG - PIL.PngImagePlugin - STREAM b'IHDR' 16 13
2026-09-08 14:03:46,318 - DEBUG - PIL.PngImagePlugin - STREAM b'IDAT' 41 62450
2026-09-08 14:03:46,415 - DEBUG - PIL.PngImagePlugin - STREAM b'IHDR' 16 13
2026-09-08 14:03:46,415 - DEBUG - PIL.PngImagePlugin - STREAM b'IDAT' 41 65536
2026-09-08 14:03:46,418 - DEBUG - PIL.PngImagePlugin - STREAM b'IHDR' 16 13
2026-09-08 14:03:46,418 - DEBUG - PIL.PngImagePlugin - STREAM b'IDAT' 41 65536
2026-09-08 14:03:46,531 - DEBUG - PIL.PngImagePlugin - STREAM b'IHDR' 16 13
2026-09-08 14:03:46,532 - DEBUG - PIL.PngImagePlugin - STREAM b'IDAT' 41 62450
2026-09-08 14:03:46,635 - DEBUG - PIL.PngImagePlugin - STREAM b'IHDR' 16 13
2026-09-08 14:03:46,635 - DEBUG - PIL.PngImagePlugin - STREAM b'IDAT' 41 62450
2026-09-08 14:03:46,738 - DEBUG - PIL.PngImagePlugin - STREAM b'IHDR' 16 13
2026-09-08 14:03:46,738 - DEBUG - PIL.PngImagePlugin - STREAM b'IDAT' 41 62450
2026-09-08 14:03:46,841 - DEBUG - PIL.PngImagePlugin - STREAM b'IHDR' 16 13
2026-09-08 14:03:46,841 - DEBUG - PIL.PngImagePlugin - STREAM b'IDAT' 41 62450
2026-09-08 14:03:46,945 - DEBUG - PIL.PngImagePlugin - STREAM b'IHDR' 16 13
2026-09-08 14:03:46,945 - DEBUG - PIL.PngImagePlugin - STREAM b'IDAT' 41 62450
2026-09-08 14:03:47,048 - DEBUG - PIL.PngImagePlugin - STREAM b'IHDR' 16 13
2026-09-08 14:03:47,048 - DEBUG - PIL.PngImagePlugin - STREAM b'IDAT' 41 62450
2026-09-08 14:03:47,151 - DEBUG - PIL.PngImagePlugin - STREAM b'IHDR' 16 13
2026-09-08 14:03:47,151 - DEBUG - PIL.PngImagePlugin - STREAM b'IDAT' 41 62450
2026-09-08 14:03:47,254 - DEBUG - PIL.PngImagePlugin - STREAM b'IHDR' 16 13
2026-09-08 14:03:47,255 - DEBUG - PIL.PngImagePlugin - STREAM b'IDAT' 41 62450
2026-09-08 14:03:47,357 - DEBUG - PIL.PngImagePlugin - STREAM b'IHDR' 16 13
2026-09-08 14:03:47,358 - DEBUG - PIL.PngImagePlugin - STREAM b'IDAT' 41 62450
2026-09-08 14:03:47,461 - DEBUG - PIL.PngImagePlugin - STREAM b'IHDR' 16 13
2026-09-08 14:03:47,461 - DEBUG - PIL.PngImagePlugin - STREAM b'IDAT' 41 62450
2026-09-08 14:05:13,866 - INFO - KGameTracker - ℹ️  ==================================================
2026-09-08 14:05:13,867 - INFO - KGameTracker - ℹ️  K GAME TRACKER - INICIADA
2026-09-08 14:05:13,867 - INFO - KGameTracker - ℹ️  ==================================================
2026-09-08 14:05:14,004 - DEBUG - PIL.Image - Importing PngImagePlugin
2026-09-08 14:05:14,014 - DEBUG - PIL.PngImagePlugin - STREAM b'IHDR' 16 13
2026-09-08 14:05:14,015 - DEBUG - PIL.PngImagePlugin - STREAM b'caBX' 41 5758
2026-09-08 14:05:14,015 - DEBUG - PIL.PngImagePlugin - b'caBX' 41 5758 (unknown)
2026-09-08 14:05:14,015 - DEBUG - PIL.PngImagePlugin - STREAM b'IDAT' 5811 65536
2026-09-08 14:05:16,439 - DEBUG - PIL.PngImagePlugin - STREAM b'IHDR' 16 13
2026-09-08 14:05:16,439 - DEBUG - PIL.PngImagePlugin - STREAM b'caBX' 41 5758
2026-09-08 14:05:16,440 - DEBUG - PIL.PngImagePlugin - b'caBX' 41 5758 (unknown)
2026-09-08 14:05:16,440 - DEBUG - PIL.PngImagePlugin - STREAM b'IDAT' 5811 65536
2026-09-08 14:05:16,467 - DEBUG - PIL.PngImagePlugin - STREAM b'IHDR' 16 13
2026-09-08 14:05:16,468 - DEBUG - PIL.PngImagePlugin - STREAM b'IDAT' 41 53758
2026-09-08 14:05:16,471 - DEBUG - PIL.PngImagePlugin - STREAM b'IHDR' 16 13
2026-09-08 14:05:16,471 - DEBUG - PIL.PngImagePlugin - STREAM b'IDAT' 41 65536
2026-09-08 14:05:16,474 - DEBUG - PIL.PngImagePlugin - STREAM b'IHDR' 16 13
2026-09-08 14:05:16,474 - DEBUG - PIL.PngImagePlugin - STREAM b'IDAT' 41 58612
2026-09-08 14:05:16,478 - DEBUG - PIL.PngImagePlugin - STREAM b'IHDR' 16 13
2026-09-08 14:05:16,479 - DEBUG - PIL.PngImagePlugin - STREAM b'IDAT' 41 63613
2026-09-08 14:05:16,482 - DEBUG - PIL.PngImagePlugin - STREAM b'IHDR' 16 13
2026-09-08 14:05:16,482 - DEBUG - PIL.PngImagePlugin - STREAM b'IDAT' 41 65536
2026-09-08 14:05:16,487 - DEBUG - PIL.PngImagePlugin - STREAM b'IHDR' 16 13
2026-09-08 14:05:16,487 - DEBUG - PIL.PngImagePlugin - STREAM b'IDAT' 41 63580
2026-09-08 14:05:16,490 - DEBUG - PIL.PngImagePlugin - STREAM b'IHDR' 16 13
2026-09-08 14:05:16,491 - DEBUG - PIL.PngImagePlugin - STREAM b'IDAT' 41 64126
2026-09-08 14:05:16,496 - DEBUG - PIL.PngImagePlugin - STREAM b'IHDR' 16 13
2026-09-08 14:05:16,496 - DEBUG - PIL.PngImagePlugin - STREAM b'IDAT' 41 64126
2026-09-08 14:05:16,499 - DEBUG - PIL.PngImagePlugin - STREAM b'IHDR' 16 13
2026-09-08 14:05:16,500 - DEBUG - PIL.PngImagePlugin - STREAM b'IDAT' 41 64126
2026-09-08 14:05:16,504 - DEBUG - PIL.PngImagePlugin - STREAM b'IHDR' 16 13
2026-09-08 14:05:16,504 - DEBUG - PIL.PngImagePlugin - STREAM b'IDAT' 41 56150
2026-09-08 14:05:16,509 - DEBUG - PIL.PngImagePlugin - STREAM b'IHDR' 16 13
2026-09-08 14:05:16,510 - DEBUG - PIL.PngImagePlugin - STREAM b'IDAT' 41 64126
2026-09-08 14:05:16,514 - DEBUG - PIL.PngImagePlugin - STREAM b'IHDR' 16 13
2026-09-08 14:05:16,514 - DEBUG - PIL.PngImagePlugin - STREAM b'IDAT' 41 64126
2026-09-08 14:05:16,528 - DEBUG - PIL.PngImagePlugin - STREAM b'IHDR' 16 13
2026-09-08 14:05:16,529 - DEBUG - PIL.PngImagePlugin - STREAM b'IDAT' 41 62450
2026-09-08 14:05:16,625 - DEBUG - PIL.PngImagePlugin - STREAM b'IHDR' 16 13
2026-09-08 14:05:16,625 - DEBUG - PIL.PngImagePlugin - STREAM b'IDAT' 41 65536
2026-09-08 14:05:16,628 - DEBUG - PIL.PngImagePlugin - STREAM b'IHDR' 16 13
2026-09-08 14:05:16,628 - DEBUG - PIL.PngImagePlugin - STREAM b'IDAT' 41 65536
2026-09-08 14:05:16,741 - DEBUG - PIL.PngImagePlugin - STREAM b'IHDR' 16 13
2026-09-08 14:05:16,741 - DEBUG - PIL.PngImagePlugin - STREAM b'IDAT' 41 62450
2026-09-08 14:05:16,844 - DEBUG - PIL.PngImagePlugin - STREAM b'IHDR' 16 13
2026-09-08 14:05:16,844 - DEBUG - PIL.PngImagePlugin - STREAM b'IDAT' 41 62450
2026-09-08 14:05:16,948 - DEBUG - PIL.PngImagePlugin - STREAM b'IHDR' 16 13
2026-09-08 14:05:16,948 - DEBUG - PIL.PngImagePlugin - STREAM b'IDAT' 41 62450
2026-09-08 14:05:17,052 - DEBUG - PIL.PngImagePlugin - STREAM b'IHDR' 16 13
2026-09-08 14:05:17,052 - DEBUG - PIL.PngImagePlugin - STREAM b'IDAT' 41 62450
2026-09-08 14:05:17,156 - DEBUG - PIL.PngImagePlugin - STREAM b'IHDR' 16 13
2026-09-08 14:05:17,156 - DEBUG - PIL.PngImagePlugin - STREAM b'IDAT' 41 62450
2026-09-08 14:05:17,259 - DEBUG - PIL.PngImagePlugin - STREAM b'IHDR' 16 13
2026-09-08 14:05:17,260 - DEBUG - PIL.PngImagePlugin - STREAM b'IDAT' 41 62450
2026-09-08 14:05:17,363 - DEBUG - PIL.PngImagePlugin - STREAM b'IHDR' 16 13
2026-09-08 14:05:17,363 - DEBUG - PIL.PngImagePlugin - STREAM b'IDAT' 41 62450
2026-09-08 14:05:17,466 - DEBUG - PIL.PngImagePlugin - STREAM b'IHDR' 16 13
2026-09-08 14:05:17,467 - DEBUG - PIL.PngImagePlugin - STREAM b'IDAT' 41 62450
2026-09-08 14:05:17,571 - DEBUG - PIL.PngImagePlugin - STREAM b'IHDR' 16 13
2026-09-08 14:05:17,571 - DEBUG - PIL.PngImagePlugin - STREAM b'IDAT' 41 62450
2026-09-08 14:05:17,674 - DEBUG - PIL.PngImagePlugin - STREAM b'IHDR' 16 13
2026-09-08 14:05:17,674 - DEBUG - PIL.PngImagePlugin - STREAM b'IDAT' 41 62450
2026-09-08 14:05:18,931 - DEBUG - urllib3.connectionpool - Starting new HTTPS connection (1): www.gamerpower.com:443
2026-09-08 14:05:19,064 - DEBUG - urllib3.connectionpool - https://www.gamerpower.com:443 "GET /api/giveaways?type=game HTTP/1.1" 200 None
2026-09-08 14:05:19,923 - DEBUG - urllib3.connectionpool - Starting new HTTPS connection (1): www.gamerpower.com:443
2026-09-08 14:05:20,046 - DEBUG - urllib3.connectionpool - https://www.gamerpower.com:443 "GET /offers/1b/6a998bd861dec.jpg HTTP/1.1" 200 25311
2026-09-08 14:05:20,056 - DEBUG - PIL.PngImagePlugin - STREAM b'IHDR' 16 13
2026-09-08 14:05:20,056 - DEBUG - PIL.PngImagePlugin - STREAM b'IDAT' 41 54256
2026-09-08 14:05:20,084 - DEBUG - urllib3.connectionpool - https://www.gamerpower.com:443 "GET /offers/1b/6a53a044a87b6.jpg HTTP/1.1" 200 36351
2026-09-08 14:05:20,089 - DEBUG - PIL.PngImagePlugin - STREAM b'IHDR' 16 13
2026-09-08 14:05:20,089 - DEBUG - PIL.PngImagePlugin - STREAM b'IDAT' 41 54256
2026-09-08 14:05:20,117 - DEBUG - urllib3.connectionpool - https://www.gamerpower.com:443 "GET /offers/1b/6a59119a8eb8d.jpg HTTP/1.1" 200 40398
2026-09-08 14:05:20,127 - DEBUG - PIL.PngImagePlugin - STREAM b'IHDR' 16 13
2026-09-08 14:05:20,127 - DEBUG - PIL.PngImagePlugin - STREAM b'IDAT' 41 54256
2026-09-08 14:05:20,155 - DEBUG - urllib3.connectionpool - https://www.gamerpower.com:443 "GET /offers/1b/6a9ebcfac0aab.jpg HTTP/1.1" 200 45431
2026-09-08 14:05:20,161 - DEBUG - PIL.PngImagePlugin - STREAM b'IHDR' 16 13
2026-09-08 14:05:20,161 - DEBUG - PIL.PngImagePlugin - STREAM b'IDAT' 41 54256
2026-09-08 14:05:20,190 - DEBUG - urllib3.connectionpool - https://www.gamerpower.com:443 "GET /offers/1b/6a456f543d3c9.jpg HTTP/1.1" 200 23987
2026-09-08 14:05:20,194 - DEBUG - PIL.PngImagePlugin - STREAM b'IHDR' 16 13
2026-09-08 14:05:20,194 - DEBUG - PIL.PngImagePlugin - STREAM b'IDAT' 41 54256
2026-09-08 14:05:20,222 - DEBUG - urllib3.connectionpool - https://www.gamerpower.com:443 "GET /offers/1b/6a27eafa35794.jpg HTTP/1.1" 200 28898
2026-09-08 14:05:20,228 - DEBUG - PIL.PngImagePlugin - STREAM b'IHDR' 16 13
2026-09-08 14:05:20,228 - DEBUG - PIL.PngImagePlugin - STREAM b'IDAT' 41 54256
2026-09-08 14:05:20,258 - DEBUG - urllib3.connectionpool - https://www.gamerpower.com:443 "GET /offers/1b/6946b7c157bca.jpg HTTP/1.1" 200 33903
2026-09-08 14:05:20,262 - DEBUG - PIL.PngImagePlugin - STREAM b'IHDR' 16 13
2026-09-08 14:05:20,262 - DEBUG - PIL.PngImagePlugin - STREAM b'IDAT' 41 54256
2026-09-08 14:05:20,289 - DEBUG - urllib3.connectionpool - https://www.gamerpower.com:443 "GET /offers/1b/698fa7369c1f5.jpg HTTP/1.1" 200 31147
2026-09-08 14:05:20,292 - DEBUG - PIL.PngImagePlugin - STREAM b'IHDR' 16 13
2026-09-08 14:05:20,292 - DEBUG - PIL.PngImagePlugin - STREAM b'IDAT' 41 54256
2026-09-08 14:05:20,322 - DEBUG - urllib3.connectionpool - https://www.gamerpower.com:443 "GET /offers/1b/6946b8c46bc9b.jpg HTTP/1.1" 200 41266
2026-09-08 14:05:20,327 - DEBUG - PIL.PngImagePlugin - STREAM b'IHDR' 16 13
2026-09-08 14:05:20,327 - DEBUG - PIL.PngImagePlugin - STREAM b'IDAT' 41 54256
2026-09-08 14:05:20,358 - DEBUG - urllib3.connectionpool - https://www.gamerpower.com:443 "GET /offers/1b/63c6f67bb9c8b.jpg HTTP/1.1" 200 49447
2026-09-08 14:05:20,364 - DEBUG - PIL.PngImagePlugin - STREAM b'IHDR' 16 13
2026-09-08 14:05:20,364 - DEBUG - PIL.PngImagePlugin - STREAM b'IDAT' 41 54256
2026-09-08 14:05:20,398 - DEBUG - urllib3.connectionpool - https://www.gamerpower.com:443 "GET /offers/1b/68efabd65f913.jpg HTTP/1.1" 200 32166
2026-09-08 14:05:20,401 - DEBUG - PIL.PngImagePlugin - STREAM b'IHDR' 16 13
2026-09-08 14:05:20,402 - DEBUG - PIL.PngImagePlugin - STREAM b'IDAT' 41 54256
2026-09-08 14:05:20,426 - DEBUG - urllib3.connectionpool - https://www.gamerpower.com:443 "GET /offers/1b/68e6513c31514.jpg HTTP/1.1" 200 18347
2026-09-08 14:05:20,429 - DEBUG - PIL.PngImagePlugin - STREAM b'IHDR' 16 13
2026-09-08 14:05:20,430 - DEBUG - PIL.PngImagePlugin - STREAM b'IDAT' 41 54256
2026-09-08 14:05:20,456 - DEBUG - urllib3.connectionpool - https://www.gamerpower.com:443 "GET /offers/1b/68e15e986da99.jpg HTTP/1.1" 200 23873
2026-09-08 14:05:20,461 - DEBUG - PIL.PngImagePlugin - STREAM b'IHDR' 16 13
2026-09-08 14:05:20,461 - DEBUG - PIL.PngImagePlugin - STREAM b'IDAT' 41 54256
2026-09-08 14:05:20,492 - DEBUG - urllib3.connectionpool - https://www.gamerpower.com:443 "GET /offers/1b/68d828fc4174f.jpg HTTP/1.1" 200 57980
2026-09-08 14:05:20,495 - DEBUG - PIL.PngImagePlugin - STREAM b'IHDR' 16 13
2026-09-08 14:05:20,496 - DEBUG - PIL.PngImagePlugin - STREAM b'IDAT' 41 54256
2026-09-08 14:05:20,522 - DEBUG - urllib3.connectionpool - https://www.gamerpower.com:443 "GET /offers/1b/68dd2161c3088.jpg HTTP/1.1" 200 36137
2026-09-08 14:05:20,526 - DEBUG - PIL.PngImagePlugin - STREAM b'IHDR' 16 13
2026-09-08 14:05:20,527 - DEBUG - PIL.PngImagePlugin - STREAM b'IDAT' 41 54256
2026-09-08 14:05:20,555 - DEBUG - urllib3.connectionpool - https://www.gamerpower.com:443 "GET /offers/1b/6a998eb716bfe.jpg HTTP/1.1" 200 47772
2026-09-08 14:05:20,560 - DEBUG - PIL.PngImagePlugin - STREAM b'IHDR' 16 13
2026-09-08 14:05:20,561 - DEBUG - PIL.PngImagePlugin - STREAM b'IDAT' 41 54256
2026-09-08 14:05:20,587 - DEBUG - urllib3.connectionpool - https://www.gamerpower.com:443 "GET /offers/1b/6993208da38c7.jpg HTTP/1.1" 200 63785
2026-09-08 14:05:20,594 - DEBUG - PIL.PngImagePlugin - STREAM b'IHDR' 16 13
2026-09-08 14:05:20,595 - DEBUG - PIL.PngImagePlugin - STREAM b'IDAT' 41 54256
2026-09-08 14:05:20,623 - DEBUG - urllib3.connectionpool - https://www.gamerpower.com:443 "GET /offers/1b/69567c4ee0fa3.jpg HTTP/1.1" 200 67756
2026-09-08 14:05:20,632 - DEBUG - PIL.PngImagePlugin - STREAM b'IHDR' 16 13
2026-09-08 14:05:20,632 - DEBUG - PIL.PngImagePlugin - STREAM b'IDAT' 41 54256
2026-09-08 14:05:20,660 - DEBUG - urllib3.connectionpool - https://www.gamerpower.com:443 "GET /offers/1b/689aece93310e.jpg HTTP/1.1" 200 34152
2026-09-08 14:05:20,664 - DEBUG - PIL.PngImagePlugin - STREAM b'IHDR' 16 13
2026-09-08 14:05:20,664 - DEBUG - PIL.PngImagePlugin - STREAM b'IDAT' 41 54256
2026-09-08 14:05:21,747 - INFO - KGameTracker - ℹ️  ==================================================
2026-09-08 14:05:21,747 - INFO - KGameTracker - ℹ️  K GAME TRACKER - CERRADA
2026-09-08 14:05:21,748 - INFO - KGameTracker - ℹ️  ==================================================
2026-09-08 15:18:26,411 - INFO - KGameTracker - ℹ️  ==================================================
2026-09-08 15:18:26,455 - INFO - KGameTracker - ℹ️  K GAME TRACKER - INICIADA
2026-09-08 15:18:26,455 - INFO - KGameTracker - ℹ️  ==================================================
2026-09-08 15:18:26,730 - DEBUG - PIL.Image - Importing PngImagePlugin
2026-09-08 15:18:26,751 - DEBUG - PIL.PngImagePlugin - STREAM b'IHDR' 16 13
2026-09-08 15:18:26,751 - DEBUG - PIL.PngImagePlugin - STREAM b'caBX' 41 5758
2026-09-08 15:18:26,751 - DEBUG - PIL.PngImagePlugin - b'caBX' 41 5758 (unknown)
2026-09-08 15:18:26,751 - DEBUG - PIL.PngImagePlugin - STREAM b'IDAT' 5811 65536
2026-09-08 15:18:29,180 - DEBUG - PIL.PngImagePlugin - STREAM b'IHDR' 16 13
2026-09-08 15:18:29,180 - DEBUG - PIL.PngImagePlugin - STREAM b'caBX' 41 5758
2026-09-08 15:18:29,180 - DEBUG - PIL.PngImagePlugin - b'caBX' 41 5758 (unknown)
2026-09-08 15:18:29,180 - DEBUG - PIL.PngImagePlugin - STREAM b'IDAT' 5811 65536
2026-09-08 15:18:29,248 - DEBUG - PIL.PngImagePlugin - STREAM b'IHDR' 16 13
2026-09-08 15:18:29,248 - DEBUG - PIL.PngImagePlugin - STREAM b'IDAT' 41 53758
2026-09-08 15:18:29,282 - DEBUG - PIL.PngImagePlugin - STREAM b'IHDR' 16 13
2026-09-08 15:18:29,283 - DEBUG - PIL.PngImagePlugin - STREAM b'IDAT' 41 65536
2026-09-08 15:18:29,285 - INFO - KGameTracker - ℹ️  ❌ Error creando la ventana principal: name 'COLOR_PRIMARY_HOVER' is not defined
2026-09-08 15:18:29,289 - INFO - KGameTracker - ℹ️  ==================================================
2026-09-08 15:18:29,289 - INFO - KGameTracker - ℹ️  K GAME TRACKER - CERRADA
2026-09-08 15:18:29,289 - INFO - KGameTracker - ℹ️  ==================================================
2026-09-08 15:18:41,731 - INFO - KGameTracker - ℹ️  ==================================================
2026-09-08 15:18:41,732 - INFO - KGameTracker - ℹ️  K GAME TRACKER - INICIADA
2026-09-08 15:18:41,732 - INFO - KGameTracker - ℹ️  ==================================================
2026-09-08 15:18:41,868 - DEBUG - PIL.Image - Importing PngImagePlugin
2026-09-08 15:18:41,880 - DEBUG - PIL.PngImagePlugin - STREAM b'IHDR' 16 13
2026-09-08 15:18:41,880 - DEBUG - PIL.PngImagePlugin - STREAM b'caBX' 41 5758
2026-09-08 15:18:41,880 - DEBUG - PIL.PngImagePlugin - b'caBX' 41 5758 (unknown)
2026-09-08 15:18:41,880 - DEBUG - PIL.PngImagePlugin - STREAM b'IDAT' 5811 65536
2026-09-08 15:18:44,237 - DEBUG - PIL.PngImagePlugin - STREAM b'IHDR' 16 13
2026-09-08 15:18:44,238 - DEBUG - PIL.PngImagePlugin - STREAM b'caBX' 41 5758
2026-09-08 15:18:44,238 - DEBUG - PIL.PngImagePlugin - b'caBX' 41 5758 (unknown)
2026-09-08 15:18:44,238 - DEBUG - PIL.PngImagePlugin - STREAM b'IDAT' 5811 65536
2026-09-08 15:18:44,265 - DEBUG - PIL.PngImagePlugin - STREAM b'IHDR' 16 13
2026-09-08 15:18:44,265 - DEBUG - PIL.PngImagePlugin - STREAM b'IDAT' 41 53758
2026-09-08 15:18:44,268 - DEBUG - PIL.PngImagePlugin - STREAM b'IHDR' 16 13
2026-09-08 15:18:44,268 - DEBUG - PIL.PngImagePlugin - STREAM b'IDAT' 41 65536
2026-09-08 15:18:44,271 - INFO - KGameTracker - ℹ️  ❌ Error creando la ventana principal: name 'COLOR_PRIMARY_HOVER' is not defined
2026-09-08 15:18:44,273 - INFO - KGameTracker - ℹ️  ==================================================
2026-09-08 15:18:44,274 - INFO - KGameTracker - ℹ️  K GAME TRACKER - CERRADA
2026-09-08 15:18:44,274 - INFO - KGameTracker - ℹ️  ==================================================
2026-09-08 15:19:15,279 - INFO - KGameTracker - ℹ️  ==================================================
2026-09-08 15:19:15,279 - INFO - KGameTracker - ℹ️  K GAME TRACKER - INICIADA
2026-09-08 15:19:15,280 - INFO - KGameTracker - ℹ️  ==================================================
2026-09-08 15:19:15,416 - DEBUG - PIL.Image - Importing PngImagePlugin
2026-09-08 15:19:15,430 - DEBUG - PIL.PngImagePlugin - STREAM b'IHDR' 16 13
2026-09-08 15:19:15,431 - DEBUG - PIL.PngImagePlugin - STREAM b'caBX' 41 5758
2026-09-08 15:19:15,431 - DEBUG - PIL.PngImagePlugin - b'caBX' 41 5758 (unknown)
2026-09-08 15:19:15,431 - DEBUG - PIL.PngImagePlugin - STREAM b'IDAT' 5811 65536
2026-09-08 15:19:17,846 - DEBUG - PIL.PngImagePlugin - STREAM b'IHDR' 16 13
2026-09-08 15:19:17,846 - DEBUG - PIL.PngImagePlugin - STREAM b'caBX' 41 5758
2026-09-08 15:19:17,847 - DEBUG - PIL.PngImagePlugin - b'caBX' 41 5758 (unknown)
2026-09-08 15:19:17,847 - DEBUG - PIL.PngImagePlugin - STREAM b'IDAT' 5811 65536
2026-09-08 15:19:17,874 - DEBUG - PIL.PngImagePlugin - STREAM b'IHDR' 16 13
2026-09-08 15:19:17,875 - DEBUG - PIL.PngImagePlugin - STREAM b'IDAT' 41 53758
2026-09-08 15:19:17,879 - DEBUG - PIL.PngImagePlugin - STREAM b'IHDR' 16 13
2026-09-08 15:19:17,879 - DEBUG - PIL.PngImagePlugin - STREAM b'IDAT' 41 65536
2026-09-08 15:19:17,883 - INFO - KGameTracker - ℹ️  ❌ Error creando la ventana principal: unknown option "-bg_color"
2026-09-08 15:19:17,887 - INFO - KGameTracker - ℹ️  ==================================================
2026-09-08 15:19:17,887 - INFO - KGameTracker - ℹ️  K GAME TRACKER - CERRADA
2026-09-08 15:19:17,887 - INFO - KGameTracker - ℹ️  ==================================================
2026-09-08 15:19:46,769 - INFO - KGameTracker - ℹ️  ==================================================
2026-09-08 15:19:46,769 - INFO - KGameTracker - ℹ️  K GAME TRACKER - INICIADA
2026-09-08 15:19:46,770 - INFO - KGameTracker - ℹ️  ==================================================
2026-09-08 15:19:46,905 - DEBUG - PIL.Image - Importing PngImagePlugin
2026-09-08 15:19:46,923 - DEBUG - PIL.PngImagePlugin - STREAM b'IHDR' 16 13
2026-09-08 15:19:46,923 - DEBUG - PIL.PngImagePlugin - STREAM b'caBX' 41 5758
2026-09-08 15:19:46,924 - DEBUG - PIL.PngImagePlugin - b'caBX' 41 5758 (unknown)
2026-09-08 15:19:46,924 - DEBUG - PIL.PngImagePlugin - STREAM b'IDAT' 5811 65536
2026-09-08 15:19:49,307 - DEBUG - PIL.PngImagePlugin - STREAM b'IHDR' 16 13
2026-09-08 15:19:49,307 - DEBUG - PIL.PngImagePlugin - STREAM b'caBX' 41 5758
2026-09-08 15:19:49,308 - DEBUG - PIL.PngImagePlugin - b'caBX' 41 5758 (unknown)
2026-09-08 15:19:49,308 - DEBUG - PIL.PngImagePlugin - STREAM b'IDAT' 5811 65536
2026-09-08 15:19:49,335 - DEBUG - PIL.PngImagePlugin - STREAM b'IHDR' 16 13
2026-09-08 15:19:49,335 - DEBUG - PIL.PngImagePlugin - STREAM b'IDAT' 41 53758
2026-09-08 15:19:49,339 - DEBUG - PIL.PngImagePlugin - STREAM b'IHDR' 16 13
2026-09-08 15:19:49,339 - DEBUG - PIL.PngImagePlugin - STREAM b'IDAT' 41 65536
2026-09-08 15:19:49,343 - INFO - KGameTracker - ℹ️  ❌ Error creando la ventana principal: unknown option "-bg_color"
2026-09-08 15:19:49,348 - INFO - KGameTracker - ℹ️  ==================================================
2026-09-08 15:19:49,348 - INFO - KGameTracker - ℹ️  K GAME TRACKER - CERRADA
2026-09-08 15:19:49,348 - INFO - KGameTracker - ℹ️  ==================================================
2026-09-08 15:20:14,452 - INFO - KGameTracker - ℹ️  ==================================================
2026-09-08 15:20:14,452 - INFO - KGameTracker - ℹ️  K GAME TRACKER - INICIADA
2026-09-08 15:20:14,452 - INFO - KGameTracker - ℹ️  ==================================================
2026-09-08 15:20:14,579 - DEBUG - PIL.Image - Importing PngImagePlugin
2026-09-08 15:20:14,592 - DEBUG - PIL.PngImagePlugin - STREAM b'IHDR' 16 13
2026-09-08 15:20:14,592 - DEBUG - PIL.PngImagePlugin - STREAM b'caBX' 41 5758
2026-09-08 15:20:14,592 - DEBUG - PIL.PngImagePlugin - b'caBX' 41 5758 (unknown)
2026-09-08 15:20:14,592 - DEBUG - PIL.PngImagePlugin - STREAM b'IDAT' 5811 65536
2026-09-08 15:20:16,914 - DEBUG - PIL.PngImagePlugin - STREAM b'IHDR' 16 13
2026-09-08 15:20:16,914 - DEBUG - PIL.PngImagePlugin - STREAM b'caBX' 41 5758
2026-09-08 15:20:16,914 - DEBUG - PIL.PngImagePlugin - b'caBX' 41 5758 (unknown)
2026-09-08 15:20:16,914 - DEBUG - PIL.PngImagePlugin - STREAM b'IDAT' 5811 65536
2026-09-08 15:20:16,943 - DEBUG - PIL.PngImagePlugin - STREAM b'IHDR' 16 13
2026-09-08 15:20:16,943 - DEBUG - PIL.PngImagePlugin - STREAM b'IDAT' 41 53758
2026-09-08 15:20:16,947 - DEBUG - PIL.PngImagePlugin - STREAM b'IHDR' 16 13
2026-09-08 15:20:16,947 - DEBUG - PIL.PngImagePlugin - STREAM b'IDAT' 41 65536
2026-09-08 15:20:17,177 - DEBUG - PIL.PngImagePlugin - STREAM b'IHDR' 16 13
2026-09-08 15:20:17,177 - DEBUG - PIL.PngImagePlugin - STREAM b'IDAT' 41 58612
2026-09-08 15:20:17,188 - DEBUG - PIL.PngImagePlugin - STREAM b'IHDR' 16 13
2026-09-08 15:20:17,188 - DEBUG - PIL.PngImagePlugin - STREAM b'IDAT' 41 63613
2026-09-08 15:20:17,208 - DEBUG - PIL.PngImagePlugin - STREAM b'IHDR' 16 13
2026-09-08 15:20:17,208 - DEBUG - PIL.PngImagePlugin - STREAM b'IDAT' 41 65536
2026-09-08 15:20:17,230 - DEBUG - PIL.PngImagePlugin - STREAM b'IHDR' 16 13
2026-09-08 15:20:17,230 - DEBUG - PIL.PngImagePlugin - STREAM b'IDAT' 41 63580
2026-09-08 15:20:17,244 - DEBUG - PIL.PngImagePlugin - STREAM b'IHDR' 16 13
2026-09-08 15:20:17,244 - DEBUG - PIL.PngImagePlugin - STREAM b'IDAT' 41 64126
2026-09-08 15:20:17,258 - DEBUG - PIL.PngImagePlugin - STREAM b'IHDR' 16 13
2026-09-08 15:20:17,258 - DEBUG - PIL.PngImagePlugin - STREAM b'IDAT' 41 64126
2026-09-08 15:20:17,280 - DEBUG - PIL.PngImagePlugin - STREAM b'IHDR' 16 13
2026-09-08 15:20:17,281 - DEBUG - PIL.PngImagePlugin - STREAM b'IDAT' 41 64126
2026-09-08 15:20:17,293 - DEBUG - PIL.PngImagePlugin - STREAM b'IHDR' 16 13
2026-09-08 15:20:17,294 - DEBUG - PIL.PngImagePlugin - STREAM b'IDAT' 41 56150
2026-09-08 15:20:17,305 - DEBUG - PIL.PngImagePlugin - STREAM b'IHDR' 16 13
2026-09-08 15:20:17,306 - DEBUG - PIL.PngImagePlugin - STREAM b'IDAT' 41 64126
2026-09-08 15:20:17,319 - DEBUG - PIL.PngImagePlugin - STREAM b'IHDR' 16 13
2026-09-08 15:20:17,320 - DEBUG - PIL.PngImagePlugin - STREAM b'IDAT' 41 64126
2026-09-08 15:20:17,355 - DEBUG - PIL.PngImagePlugin - STREAM b'IHDR' 16 13
2026-09-08 15:20:17,355 - DEBUG - PIL.PngImagePlugin - STREAM b'IDAT' 41 62450
2026-09-08 15:20:17,489 - DEBUG - PIL.PngImagePlugin - STREAM b'IHDR' 16 13
2026-09-08 15:20:17,489 - DEBUG - PIL.PngImagePlugin - STREAM b'IDAT' 41 65536
2026-09-08 15:20:17,492 - DEBUG - PIL.PngImagePlugin - STREAM b'IHDR' 16 13
2026-09-08 15:20:17,492 - DEBUG - PIL.PngImagePlugin - STREAM b'IDAT' 41 65536
2026-09-08 15:20:17,595 - DEBUG - PIL.PngImagePlugin - STREAM b'IHDR' 16 13
2026-09-08 15:20:17,596 - DEBUG - PIL.PngImagePlugin - STREAM b'IDAT' 41 62450
2026-09-08 15:20:17,698 - DEBUG - PIL.PngImagePlugin - STREAM b'IHDR' 16 13
2026-09-08 15:20:17,699 - DEBUG - PIL.PngImagePlugin - STREAM b'IDAT' 41 62450
2026-09-08 15:20:17,802 - DEBUG - PIL.PngImagePlugin - STREAM b'IHDR' 16 13
2026-09-08 15:20:17,803 - DEBUG - PIL.PngImagePlugin - STREAM b'IDAT' 41 62450
2026-09-08 15:20:17,906 - DEBUG - PIL.PngImagePlugin - STREAM b'IHDR' 16 13
2026-09-08 15:20:17,906 - DEBUG - PIL.PngImagePlugin - STREAM b'IDAT' 41 62450
2026-09-08 15:20:18,009 - DEBUG - PIL.PngImagePlugin - STREAM b'IHDR' 16 13
2026-09-08 15:20:18,009 - DEBUG - PIL.PngImagePlugin - STREAM b'IDAT' 41 62450
2026-09-08 15:20:18,112 - DEBUG - PIL.PngImagePlugin - STREAM b'IHDR' 16 13
2026-09-08 15:20:18,112 - DEBUG - PIL.PngImagePlugin - STREAM b'IDAT' 41 62450
2026-09-08 15:20:18,215 - DEBUG - PIL.PngImagePlugin - STREAM b'IHDR' 16 13
2026-09-08 15:20:18,215 - DEBUG - PIL.PngImagePlugin - STREAM b'IDAT' 41 62450
2026-09-08 15:20:18,318 - DEBUG - PIL.PngImagePlugin - STREAM b'IHDR' 16 13
2026-09-08 15:20:18,319 - DEBUG - PIL.PngImagePlugin - STREAM b'IDAT' 41 62450
2026-09-08 15:20:18,422 - DEBUG - PIL.PngImagePlugin - STREAM b'IHDR' 16 13
2026-09-08 15:20:18,422 - DEBUG - PIL.PngImagePlugin - STREAM b'IDAT' 41 62450
2026-09-08 15:20:18,525 - DEBUG - PIL.PngImagePlugin - STREAM b'IHDR' 16 13
2026-09-08 15:20:18,525 - DEBUG - PIL.PngImagePlugin - STREAM b'IDAT' 41 62450
2026-09-08 15:20:43,117 - INFO - KGameTracker - ℹ️  ==================================================
2026-09-08 15:20:43,117 - INFO - KGameTracker - ℹ️  K GAME TRACKER - CERRADA
2026-09-08 15:20:43,117 - INFO - KGameTracker - ℹ️  ==================================================
2026-09-08 15:20:51,978 - INFO - KGameTracker - ℹ️  ==================================================
2026-09-08 15:20:51,978 - INFO - KGameTracker - ℹ️  K GAME TRACKER - INICIADA
2026-09-08 15:20:51,978 - INFO - KGameTracker - ℹ️  ==================================================
2026-09-08 15:20:52,114 - DEBUG - PIL.Image - Importing PngImagePlugin
2026-09-08 15:20:52,124 - DEBUG - PIL.PngImagePlugin - STREAM b'IHDR' 16 13
2026-09-08 15:20:52,124 - DEBUG - PIL.PngImagePlugin - STREAM b'caBX' 41 5758
2026-09-08 15:20:52,124 - DEBUG - PIL.PngImagePlugin - b'caBX' 41 5758 (unknown)
2026-09-08 15:20:52,124 - DEBUG - PIL.PngImagePlugin - STREAM b'IDAT' 5811 65536
2026-09-08 15:20:54,502 - DEBUG - PIL.PngImagePlugin - STREAM b'IHDR' 16 13
2026-09-08 15:20:54,503 - DEBUG - PIL.PngImagePlugin - STREAM b'caBX' 41 5758
2026-09-08 15:20:54,503 - DEBUG - PIL.PngImagePlugin - b'caBX' 41 5758 (unknown)
2026-09-08 15:20:54,503 - DEBUG - PIL.PngImagePlugin - STREAM b'IDAT' 5811 65536
2026-09-08 15:20:54,529 - DEBUG - PIL.PngImagePlugin - STREAM b'IHDR' 16 13
2026-09-08 15:20:54,530 - DEBUG - PIL.PngImagePlugin - STREAM b'IDAT' 41 53758
2026-09-08 15:20:54,533 - DEBUG - PIL.PngImagePlugin - STREAM b'IHDR' 16 13
2026-09-08 15:20:54,533 - DEBUG - PIL.PngImagePlugin - STREAM b'IDAT' 41 65536
2026-09-08 15:20:54,658 - DEBUG - PIL.PngImagePlugin - STREAM b'IHDR' 16 13
2026-09-08 15:20:54,658 - DEBUG - PIL.PngImagePlugin - STREAM b'IDAT' 41 58612
2026-09-08 15:20:54,661 - DEBUG - PIL.PngImagePlugin - STREAM b'IHDR' 16 13
2026-09-08 15:20:54,661 - DEBUG - PIL.PngImagePlugin - STREAM b'IDAT' 41 63613
2026-09-08 15:20:54,665 - DEBUG - PIL.PngImagePlugin - STREAM b'IHDR' 16 13
2026-09-08 15:20:54,665 - DEBUG - PIL.PngImagePlugin - STREAM b'IDAT' 41 65536
2026-09-08 15:20:54,669 - DEBUG - PIL.PngImagePlugin - STREAM b'IHDR' 16 13
2026-09-08 15:20:54,670 - DEBUG - PIL.PngImagePlugin - STREAM b'IDAT' 41 63580
2026-09-08 15:20:54,673 - DEBUG - PIL.PngImagePlugin - STREAM b'IHDR' 16 13
2026-09-08 15:20:54,673 - DEBUG - PIL.PngImagePlugin - STREAM b'IDAT' 41 64126
2026-09-08 15:20:54,677 - DEBUG - PIL.PngImagePlugin - STREAM b'IHDR' 16 13
2026-09-08 15:20:54,677 - DEBUG - PIL.PngImagePlugin - STREAM b'IDAT' 41 64126
2026-09-08 15:20:54,681 - DEBUG - PIL.PngImagePlugin - STREAM b'IHDR' 16 13
2026-09-08 15:20:54,681 - DEBUG - PIL.PngImagePlugin - STREAM b'IDAT' 41 64126
2026-09-08 15:20:54,686 - DEBUG - PIL.PngImagePlugin - STREAM b'IHDR' 16 13
2026-09-08 15:20:54,686 - DEBUG - PIL.PngImagePlugin - STREAM b'IDAT' 41 56150
2026-09-08 15:20:54,690 - DEBUG - PIL.PngImagePlugin - STREAM b'IHDR' 16 13
2026-09-08 15:20:54,690 - DEBUG - PIL.PngImagePlugin - STREAM b'IDAT' 41 64126
2026-09-08 15:20:54,694 - DEBUG - PIL.PngImagePlugin - STREAM b'IHDR' 16 13
2026-09-08 15:20:54,695 - DEBUG - PIL.PngImagePlugin - STREAM b'IDAT' 41 64126
2026-09-08 15:20:54,710 - DEBUG - PIL.PngImagePlugin - STREAM b'IHDR' 16 13
2026-09-08 15:20:54,710 - DEBUG - PIL.PngImagePlugin - STREAM b'IDAT' 41 62450
2026-09-08 15:20:54,796 - DEBUG - PIL.PngImagePlugin - STREAM b'IHDR' 16 13
2026-09-08 15:20:54,796 - DEBUG - PIL.PngImagePlugin - STREAM b'IDAT' 41 65536
2026-09-08 15:20:54,799 - DEBUG - PIL.PngImagePlugin - STREAM b'IHDR' 16 13
2026-09-08 15:20:54,799 - DEBUG - PIL.PngImagePlugin - STREAM b'IDAT' 41 65536
2026-09-08 15:20:54,904 - DEBUG - PIL.PngImagePlugin - STREAM b'IHDR' 16 13
2026-09-08 15:20:54,904 - DEBUG - PIL.PngImagePlugin - STREAM b'IDAT' 41 62450
2026-09-08 15:20:55,007 - DEBUG - PIL.PngImagePlugin - STREAM b'IHDR' 16 13
2026-09-08 15:20:55,008 - DEBUG - PIL.PngImagePlugin - STREAM b'IDAT' 41 62450
2026-09-08 15:20:55,113 - DEBUG - PIL.PngImagePlugin - STREAM b'IHDR' 16 13
2026-09-08 15:20:55,113 - DEBUG - PIL.PngImagePlugin - STREAM b'IDAT' 41 62450
2026-09-08 15:20:55,216 - DEBUG - PIL.PngImagePlugin - STREAM b'IHDR' 16 13
2026-09-08 15:20:55,216 - DEBUG - PIL.PngImagePlugin - STREAM b'IDAT' 41 62450
2026-09-08 15:20:55,319 - DEBUG - PIL.PngImagePlugin - STREAM b'IHDR' 16 13
2026-09-08 15:20:55,319 - DEBUG - PIL.PngImagePlugin - STREAM b'IDAT' 41 62450
2026-09-08 15:20:55,422 - DEBUG - PIL.PngImagePlugin - STREAM b'IHDR' 16 13
2026-09-08 15:20:55,422 - DEBUG - PIL.PngImagePlugin - STREAM b'IDAT' 41 62450
2026-09-08 15:20:55,525 - DEBUG - PIL.PngImagePlugin - STREAM b'IHDR' 16 13
2026-09-08 15:20:55,525 - DEBUG - PIL.PngImagePlugin - STREAM b'IDAT' 41 62450
2026-09-08 15:20:55,628 - DEBUG - PIL.PngImagePlugin - STREAM b'IHDR' 16 13
2026-09-08 15:20:55,628 - DEBUG - PIL.PngImagePlugin - STREAM b'IDAT' 41 62450
2026-09-08 15:20:55,731 - DEBUG - PIL.PngImagePlugin - STREAM b'IHDR' 16 13
2026-09-08 15:20:55,731 - DEBUG - PIL.PngImagePlugin - STREAM b'IDAT' 41 62450
2026-09-08 15:20:55,834 - DEBUG - PIL.PngImagePlugin - STREAM b'IHDR' 16 13
2026-09-08 15:20:55,834 - DEBUG - PIL.PngImagePlugin - STREAM b'IDAT' 41 62450
2026-09-08 15:22:23,677 - INFO - KGameTracker - ℹ️  ==================================================
2026-09-08 15:22:23,678 - INFO - KGameTracker - ℹ️  K GAME TRACKER - CERRADA
2026-09-08 15:22:23,678 - INFO - KGameTracker - ℹ️  ==================================================
2026-09-08 15:22:56,130 - INFO - KGameTracker - ℹ️  ==================================================
2026-09-08 15:22:56,131 - INFO - KGameTracker - ℹ️  K GAME TRACKER - INICIADA
2026-09-08 15:22:56,131 - INFO - KGameTracker - ℹ️  ==================================================
2026-09-08 15:22:56,287 - DEBUG - PIL.Image - Importing PngImagePlugin
2026-09-08 15:22:56,301 - DEBUG - PIL.PngImagePlugin - STREAM b'IHDR' 16 13
2026-09-08 15:22:56,302 - DEBUG - PIL.PngImagePlugin - STREAM b'caBX' 41 5758
2026-09-08 15:22:56,302 - DEBUG - PIL.PngImagePlugin - b'caBX' 41 5758 (unknown)
2026-09-08 15:22:56,302 - DEBUG - PIL.PngImagePlugin - STREAM b'IDAT' 5811 65536
2026-09-08 15:22:58,689 - DEBUG - PIL.PngImagePlugin - STREAM b'IHDR' 16 13
2026-09-08 15:22:58,689 - DEBUG - PIL.PngImagePlugin - STREAM b'caBX' 41 5758
2026-09-08 15:22:58,689 - DEBUG - PIL.PngImagePlugin - b'caBX' 41 5758 (unknown)
2026-09-08 15:22:58,689 - DEBUG - PIL.PngImagePlugin - STREAM b'IDAT' 5811 65536
2026-09-08 15:22:58,717 - DEBUG - PIL.PngImagePlugin - STREAM b'IHDR' 16 13
2026-09-08 15:22:58,717 - DEBUG - PIL.PngImagePlugin - STREAM b'IDAT' 41 53758
2026-09-08 15:22:58,721 - DEBUG - PIL.PngImagePlugin - STREAM b'IHDR' 16 13
2026-09-08 15:22:58,721 - DEBUG - PIL.PngImagePlugin - STREAM b'IDAT' 41 65536
2026-09-08 15:22:58,848 - DEBUG - PIL.PngImagePlugin - STREAM b'IHDR' 16 13
2026-09-08 15:22:58,848 - DEBUG - PIL.PngImagePlugin - STREAM b'IDAT' 41 58612
2026-09-08 15:22:58,851 - DEBUG - PIL.PngImagePlugin - STREAM b'IHDR' 16 13
2026-09-08 15:22:58,852 - DEBUG - PIL.PngImagePlugin - STREAM b'IDAT' 41 63613
2026-09-08 15:22:58,855 - DEBUG - PIL.PngImagePlugin - STREAM b'IHDR' 16 13
2026-09-08 15:22:58,855 - DEBUG - PIL.PngImagePlugin - STREAM b'IDAT' 41 65536
2026-09-08 15:22:58,859 - DEBUG - PIL.PngImagePlugin - STREAM b'IHDR' 16 13
2026-09-08 15:22:58,860 - DEBUG - PIL.PngImagePlugin - STREAM b'IDAT' 41 63580
2026-09-08 15:22:58,863 - DEBUG - PIL.PngImagePlugin - STREAM b'IHDR' 16 13
2026-09-08 15:22:58,863 - DEBUG - PIL.PngImagePlugin - STREAM b'IDAT' 41 64126
2026-09-08 15:22:58,867 - DEBUG - PIL.PngImagePlugin - STREAM b'IHDR' 16 13
2026-09-08 15:22:58,867 - DEBUG - PIL.PngImagePlugin - STREAM b'IDAT' 41 64126
2026-09-08 15:22:58,870 - DEBUG - PIL.PngImagePlugin - STREAM b'IHDR' 16 13
2026-09-08 15:22:58,870 - DEBUG - PIL.PngImagePlugin - STREAM b'IDAT' 41 64126
2026-09-08 15:22:58,874 - DEBUG - PIL.PngImagePlugin - STREAM b'IHDR' 16 13
2026-09-08 15:22:58,875 - DEBUG - PIL.PngImagePlugin - STREAM b'IDAT' 41 56150
2026-09-08 15:22:58,878 - DEBUG - PIL.PngImagePlugin - STREAM b'IHDR' 16 13
2026-09-08 15:22:58,878 - DEBUG - PIL.PngImagePlugin - STREAM b'IDAT' 41 64126
2026-09-08 15:22:58,882 - DEBUG - PIL.PngImagePlugin - STREAM b'IHDR' 16 13
2026-09-08 15:22:58,882 - DEBUG - PIL.PngImagePlugin - STREAM b'IDAT' 41 64126
2026-09-08 15:22:58,898 - DEBUG - PIL.PngImagePlugin - STREAM b'IHDR' 16 13
2026-09-08 15:22:58,898 - DEBUG - PIL.PngImagePlugin - STREAM b'IDAT' 41 62450
2026-09-08 15:22:58,985 - DEBUG - PIL.PngImagePlugin - STREAM b'IHDR' 16 13
2026-09-08 15:22:58,985 - DEBUG - PIL.PngImagePlugin - STREAM b'IDAT' 41 65536
2026-09-08 15:22:58,988 - DEBUG - PIL.PngImagePlugin - STREAM b'IHDR' 16 13
2026-09-08 15:22:58,988 - DEBUG - PIL.PngImagePlugin - STREAM b'IDAT' 41 65536
2026-09-08 15:22:59,091 - DEBUG - PIL.PngImagePlugin - STREAM b'IHDR' 16 13
2026-09-08 15:22:59,091 - DEBUG - PIL.PngImagePlugin - STREAM b'IDAT' 41 62450
2026-09-08 15:22:59,194 - DEBUG - PIL.PngImagePlugin - STREAM b'IHDR' 16 13
2026-09-08 15:22:59,194 - DEBUG - PIL.PngImagePlugin - STREAM b'IDAT' 41 62450
2026-09-08 15:22:59,297 - DEBUG - PIL.PngImagePlugin - STREAM b'IHDR' 16 13
2026-09-08 15:22:59,297 - DEBUG - PIL.PngImagePlugin - STREAM b'IDAT' 41 62450
2026-09-08 15:22:59,401 - DEBUG - PIL.PngImagePlugin - STREAM b'IHDR' 16 13
2026-09-08 15:22:59,401 - DEBUG - PIL.PngImagePlugin - STREAM b'IDAT' 41 62450
2026-09-08 15:22:59,504 - DEBUG - PIL.PngImagePlugin - STREAM b'IHDR' 16 13
2026-09-08 15:22:59,504 - DEBUG - PIL.PngImagePlugin - STREAM b'IDAT' 41 62450
2026-09-08 15:22:59,607 - DEBUG - PIL.PngImagePlugin - STREAM b'IHDR' 16 13
2026-09-08 15:22:59,608 - DEBUG - PIL.PngImagePlugin - STREAM b'IDAT' 41 62450
2026-09-08 15:22:59,711 - DEBUG - PIL.PngImagePlugin - STREAM b'IHDR' 16 13
2026-09-08 15:22:59,711 - DEBUG - PIL.PngImagePlugin - STREAM b'IDAT' 41 62450
2026-09-08 15:22:59,814 - DEBUG - PIL.PngImagePlugin - STREAM b'IHDR' 16 13
2026-09-08 15:22:59,814 - DEBUG - PIL.PngImagePlugin - STREAM b'IDAT' 41 62450
2026-09-08 15:22:59,917 - DEBUG - PIL.PngImagePlugin - STREAM b'IHDR' 16 13
2026-09-08 15:22:59,917 - DEBUG - PIL.PngImagePlugin - STREAM b'IDAT' 41 62450
2026-09-08 15:23:00,020 - DEBUG - PIL.PngImagePlugin - STREAM b'IHDR' 16 13
2026-09-08 15:23:00,020 - DEBUG - PIL.PngImagePlugin - STREAM b'IDAT' 41 62450
2026-09-08 15:24:08,125 - DEBUG - urllib3.connectionpool - Starting new HTTPS connection (1): www.gamerpower.com:443
2026-09-08 15:24:08,268 - DEBUG - urllib3.connectionpool - https://www.gamerpower.com:443 "GET /api/giveaways?type=game HTTP/1.1" 200 None
2026-09-08 15:24:09,703 - DEBUG - urllib3.connectionpool - Starting new HTTPS connection (1): www.gamerpower.com:443
2026-09-08 15:24:09,815 - DEBUG - urllib3.connectionpool - https://www.gamerpower.com:443 "GET /offers/1b/6a998bd861dec.jpg HTTP/1.1" 200 25311
2026-09-08 15:24:10,182 - DEBUG - PIL.PngImagePlugin - STREAM b'IHDR' 16 13
2026-09-08 15:24:10,182 - DEBUG - PIL.PngImagePlugin - STREAM b'IDAT' 41 54256
2026-09-08 15:24:10,209 - DEBUG - urllib3.connectionpool - https://www.gamerpower.com:443 "GET /offers/1b/6a53a044a87b6.jpg HTTP/1.1" 200 36351
2026-09-08 15:24:10,213 - DEBUG - PIL.PngImagePlugin - STREAM b'IHDR' 16 13
2026-09-08 15:24:10,213 - DEBUG - PIL.PngImagePlugin - STREAM b'IDAT' 41 54256
2026-09-08 15:24:47,869 - INFO - KGameTracker - ℹ️  ==================================================
2026-09-08 15:24:47,869 - INFO - KGameTracker - ℹ️  K GAME TRACKER - CERRADA
2026-09-08 15:24:47,869 - INFO - KGameTracker - ℹ️  ==================================================
2026-09-08 15:45:01,785 - INFO - KGameTracker - ℹ️  ==================================================
2026-09-08 15:45:01,786 - INFO - KGameTracker - ℹ️  K GAME TRACKER - INICIADA
2026-09-08 15:45:01,786 - INFO - KGameTracker - ℹ️  ==================================================
2026-09-08 15:45:02,038 - DEBUG - PIL.Image - Importing PngImagePlugin
2026-09-08 15:45:02,055 - DEBUG - PIL.PngImagePlugin - STREAM b'IHDR' 16 13
2026-09-08 15:45:02,056 - DEBUG - PIL.PngImagePlugin - STREAM b'caBX' 41 5758
2026-09-08 15:45:02,056 - DEBUG - PIL.PngImagePlugin - b'caBX' 41 5758 (unknown)
2026-09-08 15:45:02,056 - DEBUG - PIL.PngImagePlugin - STREAM b'IDAT' 5811 65536
2026-09-08 15:45:04,416 - DEBUG - PIL.PngImagePlugin - STREAM b'IHDR' 16 13
2026-09-08 15:45:04,423 - DEBUG - PIL.PngImagePlugin - STREAM b'caBX' 41 5758
2026-09-08 15:45:04,423 - DEBUG - PIL.PngImagePlugin - b'caBX' 41 5758 (unknown)
2026-09-08 15:45:04,423 - DEBUG - PIL.PngImagePlugin - STREAM b'IDAT' 5811 65536
2026-09-08 15:45:04,489 - DEBUG - PIL.PngImagePlugin - STREAM b'IHDR' 16 13
2026-09-08 15:45:04,489 - DEBUG - PIL.PngImagePlugin - STREAM b'IDAT' 41 53758
2026-09-08 15:45:04,494 - DEBUG - PIL.PngImagePlugin - STREAM b'IHDR' 16 13
2026-09-08 15:45:04,495 - DEBUG - PIL.PngImagePlugin - STREAM b'IDAT' 41 65536
2026-09-08 15:45:04,627 - DEBUG - PIL.PngImagePlugin - STREAM b'IHDR' 16 13
2026-09-08 15:45:04,627 - DEBUG - PIL.PngImagePlugin - STREAM b'IDAT' 41 58612
2026-09-08 15:45:04,631 - DEBUG - PIL.PngImagePlugin - STREAM b'IHDR' 16 13
2026-09-08 15:45:04,631 - DEBUG - PIL.PngImagePlugin - STREAM b'IDAT' 41 63613
2026-09-08 15:45:04,642 - DEBUG - PIL.PngImagePlugin - STREAM b'IHDR' 16 13
2026-09-08 15:45:04,642 - DEBUG - PIL.PngImagePlugin - STREAM b'IDAT' 41 65536
2026-09-08 15:45:04,647 - DEBUG - PIL.PngImagePlugin - STREAM b'IHDR' 16 13
2026-09-08 15:45:04,647 - DEBUG - PIL.PngImagePlugin - STREAM b'IDAT' 41 63580
2026-09-08 15:45:04,651 - DEBUG - PIL.PngImagePlugin - STREAM b'IHDR' 16 13
2026-09-08 15:45:04,651 - DEBUG - PIL.PngImagePlugin - STREAM b'IDAT' 41 64126
2026-09-08 15:45:04,656 - DEBUG - PIL.PngImagePlugin - STREAM b'IHDR' 16 13
2026-09-08 15:45:04,656 - DEBUG - PIL.PngImagePlugin - STREAM b'IDAT' 41 64126
2026-09-08 15:45:04,660 - DEBUG - PIL.PngImagePlugin - STREAM b'IHDR' 16 13
2026-09-08 15:45:04,661 - DEBUG - PIL.PngImagePlugin - STREAM b'IDAT' 41 64126
2026-09-08 15:45:04,665 - DEBUG - PIL.PngImagePlugin - STREAM b'IHDR' 16 13
2026-09-08 15:45:04,665 - DEBUG - PIL.PngImagePlugin - STREAM b'IDAT' 41 56150
2026-09-08 15:45:04,670 - DEBUG - PIL.PngImagePlugin - STREAM b'IHDR' 16 13
2026-09-08 15:45:04,670 - DEBUG - PIL.PngImagePlugin - STREAM b'IDAT' 41 64126
2026-09-08 15:45:04,685 - DEBUG - PIL.PngImagePlugin - STREAM b'IHDR' 16 13
2026-09-08 15:45:04,686 - DEBUG - PIL.PngImagePlugin - STREAM b'IDAT' 41 64126
2026-09-08 15:45:04,705 - DEBUG - PIL.PngImagePlugin - STREAM b'IHDR' 16 13
2026-09-08 15:45:04,705 - DEBUG - PIL.PngImagePlugin - STREAM b'IDAT' 41 62450
2026-09-08 15:45:04,850 - DEBUG - PIL.PngImagePlugin - STREAM b'IHDR' 16 13
2026-09-08 15:45:04,850 - DEBUG - PIL.PngImagePlugin - STREAM b'IDAT' 41 65536
2026-09-08 15:45:04,853 - DEBUG - PIL.PngImagePlugin - STREAM b'IHDR' 16 13
2026-09-08 15:45:04,853 - DEBUG - PIL.PngImagePlugin - STREAM b'IDAT' 41 65536
2026-09-08 15:45:04,964 - DEBUG - PIL.PngImagePlugin - STREAM b'IHDR' 16 13
2026-09-08 15:45:04,964 - DEBUG - PIL.PngImagePlugin - STREAM b'IDAT' 41 62450
2026-09-08 15:45:05,068 - DEBUG - PIL.PngImagePlugin - STREAM b'IHDR' 16 13
2026-09-08 15:45:05,068 - DEBUG - PIL.PngImagePlugin - STREAM b'IDAT' 41 62450
2026-09-08 15:45:05,171 - DEBUG - PIL.PngImagePlugin - STREAM b'IHDR' 16 13
2026-09-08 15:45:05,171 - DEBUG - PIL.PngImagePlugin - STREAM b'IDAT' 41 62450
2026-09-08 15:45:05,274 - DEBUG - PIL.PngImagePlugin - STREAM b'IHDR' 16 13
2026-09-08 15:45:05,274 - DEBUG - PIL.PngImagePlugin - STREAM b'IDAT' 41 62450
2026-09-08 15:45:05,377 - DEBUG - PIL.PngImagePlugin - STREAM b'IHDR' 16 13
2026-09-08 15:45:05,377 - DEBUG - PIL.PngImagePlugin - STREAM b'IDAT' 41 62450
2026-09-08 15:45:05,482 - DEBUG - PIL.PngImagePlugin - STREAM b'IHDR' 16 13
2026-09-08 15:45:05,482 - DEBUG - PIL.PngImagePlugin - STREAM b'IDAT' 41 62450
2026-09-08 15:45:05,585 - DEBUG - PIL.PngImagePlugin - STREAM b'IHDR' 16 13
2026-09-08 15:45:05,585 - DEBUG - PIL.PngImagePlugin - STREAM b'IDAT' 41 62450
2026-09-08 15:45:05,688 - DEBUG - PIL.PngImagePlugin - STREAM b'IHDR' 16 13
2026-09-08 15:45:05,688 - DEBUG - PIL.PngImagePlugin - STREAM b'IDAT' 41 62450
2026-09-08 15:45:05,791 - DEBUG - PIL.PngImagePlugin - STREAM b'IHDR' 16 13
2026-09-08 15:45:05,791 - DEBUG - PIL.PngImagePlugin - STREAM b'IDAT' 41 62450
2026-09-08 15:45:05,894 - DEBUG - PIL.PngImagePlugin - STREAM b'IHDR' 16 13
2026-09-08 15:45:05,894 - DEBUG - PIL.PngImagePlugin - STREAM b'IDAT' 41 62450
2026-09-08 15:45:31,070 - INFO - KGameTracker - ℹ️  ==================================================
2026-09-08 15:45:31,070 - INFO - KGameTracker - ℹ️  K GAME TRACKER - CERRADA
2026-09-08 15:45:31,070 - INFO - KGameTracker - ℹ️  ==================================================
2026-09-08 15:45:33,394 - INFO - KGameTracker - ℹ️  ==================================================
2026-09-08 15:45:33,394 - INFO - KGameTracker - ℹ️  K GAME TRACKER - INICIADA
2026-09-08 15:45:33,395 - INFO - KGameTracker - ℹ️  ==================================================
2026-09-08 15:45:33,539 - DEBUG - PIL.Image - Importing PngImagePlugin
2026-09-08 15:45:33,550 - DEBUG - PIL.PngImagePlugin - STREAM b'IHDR' 16 13
2026-09-08 15:45:33,550 - DEBUG - PIL.PngImagePlugin - STREAM b'caBX' 41 5758
2026-09-08 15:45:33,551 - DEBUG - PIL.PngImagePlugin - b'caBX' 41 5758 (unknown)
2026-09-08 15:45:33,551 - DEBUG - PIL.PngImagePlugin - STREAM b'IDAT' 5811 65536
2026-09-08 15:45:35,967 - DEBUG - PIL.PngImagePlugin - STREAM b'IHDR' 16 13
2026-09-08 15:45:35,968 - DEBUG - PIL.PngImagePlugin - STREAM b'caBX' 41 5758
2026-09-08 15:45:35,968 - DEBUG - PIL.PngImagePlugin - b'caBX' 41 5758 (unknown)
2026-09-08 15:45:35,968 - DEBUG - PIL.PngImagePlugin - STREAM b'IDAT' 5811 65536
2026-09-08 15:45:35,993 - DEBUG - PIL.PngImagePlugin - STREAM b'IHDR' 16 13
2026-09-08 15:45:35,994 - DEBUG - PIL.PngImagePlugin - STREAM b'IDAT' 41 53758
2026-09-08 15:45:35,998 - DEBUG - PIL.PngImagePlugin - STREAM b'IHDR' 16 13
2026-09-08 15:45:35,998 - DEBUG - PIL.PngImagePlugin - STREAM b'IDAT' 41 65536
2026-09-08 15:45:36,120 - DEBUG - PIL.PngImagePlugin - STREAM b'IHDR' 16 13
2026-09-08 15:45:36,120 - DEBUG - PIL.PngImagePlugin - STREAM b'IDAT' 41 58612
2026-09-08 15:45:36,123 - DEBUG - PIL.PngImagePlugin - STREAM b'IHDR' 16 13
2026-09-08 15:45:36,123 - DEBUG - PIL.PngImagePlugin - STREAM b'IDAT' 41 63613
2026-09-08 15:45:36,127 - DEBUG - PIL.PngImagePlugin - STREAM b'IHDR' 16 13
2026-09-08 15:45:36,127 - DEBUG - PIL.PngImagePlugin - STREAM b'IDAT' 41 65536
2026-09-08 15:45:36,130 - DEBUG - PIL.PngImagePlugin - STREAM b'IHDR' 16 13
2026-09-08 15:45:36,131 - DEBUG - PIL.PngImagePlugin - STREAM b'IDAT' 41 63580
2026-09-08 15:45:36,134 - DEBUG - PIL.PngImagePlugin - STREAM b'IHDR' 16 13
2026-09-08 15:45:36,134 - DEBUG - PIL.PngImagePlugin - STREAM b'IDAT' 41 64126
2026-09-08 15:45:36,138 - DEBUG - PIL.PngImagePlugin - STREAM b'IHDR' 16 13
2026-09-08 15:45:36,138 - DEBUG - PIL.PngImagePlugin - STREAM b'IDAT' 41 64126
2026-09-08 15:45:36,142 - DEBUG - PIL.PngImagePlugin - STREAM b'IHDR' 16 13
2026-09-08 15:45:36,142 - DEBUG - PIL.PngImagePlugin - STREAM b'IDAT' 41 64126
2026-09-08 15:45:36,146 - DEBUG - PIL.PngImagePlugin - STREAM b'IHDR' 16 13
2026-09-08 15:45:36,146 - DEBUG - PIL.PngImagePlugin - STREAM b'IDAT' 41 56150
2026-09-08 15:45:36,151 - DEBUG - PIL.PngImagePlugin - STREAM b'IHDR' 16 13
2026-09-08 15:45:36,151 - DEBUG - PIL.PngImagePlugin - STREAM b'IDAT' 41 64126
2026-09-08 15:45:36,155 - DEBUG - PIL.PngImagePlugin - STREAM b'IHDR' 16 13
2026-09-08 15:45:36,155 - DEBUG - PIL.PngImagePlugin - STREAM b'IDAT' 41 64126
2026-09-08 15:45:36,172 - DEBUG - PIL.PngImagePlugin - STREAM b'IHDR' 16 13
2026-09-08 15:45:36,172 - DEBUG - PIL.PngImagePlugin - STREAM b'IDAT' 41 62450
2026-09-08 15:45:36,258 - DEBUG - PIL.PngImagePlugin - STREAM b'IHDR' 16 13
2026-09-08 15:45:36,258 - DEBUG - PIL.PngImagePlugin - STREAM b'IDAT' 41 65536
2026-09-08 15:45:36,262 - DEBUG - PIL.PngImagePlugin - STREAM b'IHDR' 16 13
2026-09-08 15:45:36,262 - DEBUG - PIL.PngImagePlugin - STREAM b'IDAT' 41 65536
2026-09-08 15:45:36,366 - DEBUG - PIL.PngImagePlugin - STREAM b'IHDR' 16 13
2026-09-08 15:45:36,366 - DEBUG - PIL.PngImagePlugin - STREAM b'IDAT' 41 62450
2026-09-08 15:45:36,469 - DEBUG - PIL.PngImagePlugin - STREAM b'IHDR' 16 13
2026-09-08 15:45:36,469 - DEBUG - PIL.PngImagePlugin - STREAM b'IDAT' 41 62450
2026-09-08 15:45:36,572 - DEBUG - PIL.PngImagePlugin - STREAM b'IHDR' 16 13
2026-09-08 15:45:36,572 - DEBUG - PIL.PngImagePlugin - STREAM b'IDAT' 41 62450
2026-09-08 15:45:36,675 - DEBUG - PIL.PngImagePlugin - STREAM b'IHDR' 16 13
2026-09-08 15:45:36,675 - DEBUG - PIL.PngImagePlugin - STREAM b'IDAT' 41 62450
2026-09-08 15:45:36,778 - DEBUG - PIL.PngImagePlugin - STREAM b'IHDR' 16 13
2026-09-08 15:45:36,778 - DEBUG - PIL.PngImagePlugin - STREAM b'IDAT' 41 62450
2026-09-08 15:45:36,881 - DEBUG - PIL.PngImagePlugin - STREAM b'IHDR' 16 13
2026-09-08 15:45:36,882 - DEBUG - PIL.PngImagePlugin - STREAM b'IDAT' 41 62450
2026-09-08 15:45:36,984 - DEBUG - PIL.PngImagePlugin - STREAM b'IHDR' 16 13
2026-09-08 15:45:36,985 - DEBUG - PIL.PngImagePlugin - STREAM b'IDAT' 41 62450
2026-09-08 15:45:37,088 - DEBUG - PIL.PngImagePlugin - STREAM b'IHDR' 16 13
2026-09-08 15:45:37,088 - DEBUG - PIL.PngImagePlugin - STREAM b'IDAT' 41 62450
2026-09-08 15:45:37,191 - DEBUG - PIL.PngImagePlugin - STREAM b'IHDR' 16 13
2026-09-08 15:45:37,191 - DEBUG - PIL.PngImagePlugin - STREAM b'IDAT' 41 62450
2026-09-08 15:45:37,294 - DEBUG - PIL.PngImagePlugin - STREAM b'IHDR' 16 13
2026-09-08 15:45:37,294 - DEBUG - PIL.PngImagePlugin - STREAM b'IDAT' 41 62450
2026-09-08 15:46:13,512 - INFO - KGameTracker - ℹ️  ==================================================
2026-09-08 15:46:13,512 - INFO - KGameTracker - ℹ️  K GAME TRACKER - CERRADA
2026-09-08 15:46:13,512 - INFO - KGameTracker - ℹ️  ==================================================
2026-09-08 15:48:19,929 - INFO - KGameTracker - ℹ️  ==================================================
2026-09-08 15:48:19,930 - INFO - KGameTracker - ℹ️  K GAME TRACKER - INICIADA
2026-09-08 15:48:19,930 - INFO - KGameTracker - ℹ️  ==================================================
2026-09-08 15:48:20,114 - DEBUG - PIL.Image - Importing PngImagePlugin
2026-09-08 15:48:20,130 - DEBUG - PIL.PngImagePlugin - STREAM b'IHDR' 16 13
2026-09-08 15:48:20,131 - DEBUG - PIL.PngImagePlugin - STREAM b'caBX' 41 5758
2026-09-08 15:48:20,131 - DEBUG - PIL.PngImagePlugin - b'caBX' 41 5758 (unknown)
2026-09-08 15:48:20,131 - DEBUG - PIL.PngImagePlugin - STREAM b'IDAT' 5811 65536
2026-09-08 15:48:22,635 - DEBUG - PIL.PngImagePlugin - STREAM b'IHDR' 16 13
2026-09-08 15:48:22,635 - DEBUG - PIL.PngImagePlugin - STREAM b'caBX' 41 5758
2026-09-08 15:48:22,635 - DEBUG - PIL.PngImagePlugin - b'caBX' 41 5758 (unknown)
2026-09-08 15:48:22,635 - DEBUG - PIL.PngImagePlugin - STREAM b'IDAT' 5811 65536
2026-09-08 15:48:22,666 - DEBUG - PIL.PngImagePlugin - STREAM b'IHDR' 16 13
2026-09-08 15:48:22,666 - DEBUG - PIL.PngImagePlugin - STREAM b'IDAT' 41 53758
2026-09-08 15:48:22,671 - DEBUG - PIL.PngImagePlugin - STREAM b'IHDR' 16 13
2026-09-08 15:48:22,672 - DEBUG - PIL.PngImagePlugin - STREAM b'IDAT' 41 65536
2026-09-08 15:48:22,806 - DEBUG - PIL.PngImagePlugin - STREAM b'IHDR' 16 13
2026-09-08 15:48:22,806 - DEBUG - PIL.PngImagePlugin - STREAM b'IDAT' 41 58612
2026-09-08 15:48:22,810 - DEBUG - PIL.PngImagePlugin - STREAM b'IHDR' 16 13
2026-09-08 15:48:22,810 - DEBUG - PIL.PngImagePlugin - STREAM b'IDAT' 41 63613
2026-09-08 15:48:22,814 - DEBUG - PIL.PngImagePlugin - STREAM b'IHDR' 16 13
2026-09-08 15:48:22,814 - DEBUG - PIL.PngImagePlugin - STREAM b'IDAT' 41 65536
2026-09-08 15:48:22,819 - DEBUG - PIL.PngImagePlugin - STREAM b'IHDR' 16 13
2026-09-08 15:48:22,819 - DEBUG - PIL.PngImagePlugin - STREAM b'IDAT' 41 63580
2026-09-08 15:48:22,823 - DEBUG - PIL.PngImagePlugin - STREAM b'IHDR' 16 13
2026-09-08 15:48:22,823 - DEBUG - PIL.PngImagePlugin - STREAM b'IDAT' 41 64126
2026-09-08 15:48:22,829 - DEBUG - PIL.PngImagePlugin - STREAM b'IHDR' 16 13
2026-09-08 15:48:22,829 - DEBUG - PIL.PngImagePlugin - STREAM b'IDAT' 41 64126
2026-09-08 15:48:22,832 - DEBUG - PIL.PngImagePlugin - STREAM b'IHDR' 16 13
2026-09-08 15:48:22,833 - DEBUG - PIL.PngImagePlugin - STREAM b'IDAT' 41 64126
2026-09-08 15:48:22,837 - DEBUG - PIL.PngImagePlugin - STREAM b'IHDR' 16 13
2026-09-08 15:48:22,837 - DEBUG - PIL.PngImagePlugin - STREAM b'IDAT' 41 56150
2026-09-08 15:48:22,841 - DEBUG - PIL.PngImagePlugin - STREAM b'IHDR' 16 13
2026-09-08 15:48:22,842 - DEBUG - PIL.PngImagePlugin - STREAM b'IDAT' 41 64126
2026-09-08 15:48:22,846 - DEBUG - PIL.PngImagePlugin - STREAM b'IHDR' 16 13
2026-09-08 15:48:22,846 - DEBUG - PIL.PngImagePlugin - STREAM b'IDAT' 41 64126
2026-09-08 15:48:22,866 - DEBUG - PIL.PngImagePlugin - STREAM b'IHDR' 16 13
2026-09-08 15:48:22,866 - DEBUG - PIL.PngImagePlugin - STREAM b'IDAT' 41 62450
2026-09-08 15:48:22,961 - DEBUG - PIL.PngImagePlugin - STREAM b'IHDR' 16 13
2026-09-08 15:48:22,962 - DEBUG - PIL.PngImagePlugin - STREAM b'IDAT' 41 65536
2026-09-08 15:48:22,965 - DEBUG - PIL.PngImagePlugin - STREAM b'IHDR' 16 13
2026-09-08 15:48:22,965 - DEBUG - PIL.PngImagePlugin - STREAM b'IDAT' 41 65536
2026-09-08 15:48:23,070 - DEBUG - PIL.PngImagePlugin - STREAM b'IHDR' 16 13
2026-09-08 15:48:23,070 - DEBUG - PIL.PngImagePlugin - STREAM b'IDAT' 41 62450
2026-09-08 15:48:23,173 - DEBUG - PIL.PngImagePlugin - STREAM b'IHDR' 16 13
2026-09-08 15:48:23,174 - DEBUG - PIL.PngImagePlugin - STREAM b'IDAT' 41 62450
2026-09-08 15:48:23,277 - DEBUG - PIL.PngImagePlugin - STREAM b'IHDR' 16 13
2026-09-08 15:48:23,277 - DEBUG - PIL.PngImagePlugin - STREAM b'IDAT' 41 62450
2026-09-08 15:48:23,380 - DEBUG - PIL.PngImagePlugin - STREAM b'IHDR' 16 13
2026-09-08 15:48:23,380 - DEBUG - PIL.PngImagePlugin - STREAM b'IDAT' 41 62450
2026-09-08 15:48:23,483 - DEBUG - PIL.PngImagePlugin - STREAM b'IHDR' 16 13
2026-09-08 15:48:23,483 - DEBUG - PIL.PngImagePlugin - STREAM b'IDAT' 41 62450
2026-09-08 15:48:23,586 - DEBUG - PIL.PngImagePlugin - STREAM b'IHDR' 16 13
2026-09-08 15:48:23,587 - DEBUG - PIL.PngImagePlugin - STREAM b'IDAT' 41 62450
2026-09-08 15:48:23,690 - DEBUG - PIL.PngImagePlugin - STREAM b'IHDR' 16 13
2026-09-08 15:48:23,690 - DEBUG - PIL.PngImagePlugin - STREAM b'IDAT' 41 62450
2026-09-08 15:48:23,793 - DEBUG - PIL.PngImagePlugin - STREAM b'IHDR' 16 13
2026-09-08 15:48:23,793 - DEBUG - PIL.PngImagePlugin - STREAM b'IDAT' 41 62450
2026-09-08 15:48:23,896 - DEBUG - PIL.PngImagePlugin - STREAM b'IHDR' 16 13
2026-09-08 15:48:23,896 - DEBUG - PIL.PngImagePlugin - STREAM b'IDAT' 41 62450
2026-09-08 15:48:23,999 - DEBUG - PIL.PngImagePlugin - STREAM b'IHDR' 16 13
2026-09-08 15:48:23,999 - DEBUG - PIL.PngImagePlugin - STREAM b'IDAT' 41 62450
2026-09-08 15:48:24,149 - INFO - KGameTracker - ℹ️  ==================================================
2026-09-08 15:48:24,150 - INFO - KGameTracker - ℹ️  K GAME TRACKER - CERRADA
2026-09-08 15:48:24,150 - INFO - KGameTracker - ℹ️  ==================================================
2026-09-08 15:50:48,063 - INFO - KGameTracker - ℹ️  ==================================================
2026-09-08 15:50:48,064 - INFO - KGameTracker - ℹ️  K GAME TRACKER - INICIADA
2026-09-08 15:50:48,064 - INFO - KGameTracker - ℹ️  ==================================================
2026-09-08 15:50:48,190 - DEBUG - PIL.Image - Importing PngImagePlugin
2026-09-08 15:50:48,197 - DEBUG - PIL.PngImagePlugin - STREAM b'IHDR' 16 13
2026-09-08 15:50:48,198 - DEBUG - PIL.PngImagePlugin - STREAM b'caBX' 41 5758
2026-09-08 15:50:48,198 - DEBUG - PIL.PngImagePlugin - b'caBX' 41 5758 (unknown)
2026-09-08 15:50:48,198 - DEBUG - PIL.PngImagePlugin - STREAM b'IDAT' 5811 65536
2026-09-08 15:50:50,639 - DEBUG - PIL.PngImagePlugin - STREAM b'IHDR' 16 13
2026-09-08 15:50:50,639 - DEBUG - PIL.PngImagePlugin - STREAM b'caBX' 41 5758
2026-09-08 15:50:50,640 - DEBUG - PIL.PngImagePlugin - b'caBX' 41 5758 (unknown)
2026-09-08 15:50:50,640 - DEBUG - PIL.PngImagePlugin - STREAM b'IDAT' 5811 65536
2026-09-08 15:50:50,667 - DEBUG - PIL.PngImagePlugin - STREAM b'IHDR' 16 13
2026-09-08 15:50:50,667 - DEBUG - PIL.PngImagePlugin - STREAM b'IDAT' 41 53758
2026-09-08 15:50:50,671 - DEBUG - PIL.PngImagePlugin - STREAM b'IHDR' 16 13
2026-09-08 15:50:50,671 - DEBUG - PIL.PngImagePlugin - STREAM b'IDAT' 41 65536
2026-09-08 15:50:50,793 - DEBUG - PIL.PngImagePlugin - STREAM b'IHDR' 16 13
2026-09-08 15:50:50,793 - DEBUG - PIL.PngImagePlugin - STREAM b'IDAT' 41 58612
2026-09-08 15:50:50,796 - DEBUG - PIL.PngImagePlugin - STREAM b'IHDR' 16 13
2026-09-08 15:50:50,796 - DEBUG - PIL.PngImagePlugin - STREAM b'IDAT' 41 63613
2026-09-08 15:50:50,800 - DEBUG - PIL.PngImagePlugin - STREAM b'IHDR' 16 13
2026-09-08 15:50:50,800 - DEBUG - PIL.PngImagePlugin - STREAM b'IDAT' 41 65536
2026-09-08 15:50:50,804 - DEBUG - PIL.PngImagePlugin - STREAM b'IHDR' 16 13
2026-09-08 15:50:50,804 - DEBUG - PIL.PngImagePlugin - STREAM b'IDAT' 41 63580
2026-09-08 15:50:50,808 - DEBUG - PIL.PngImagePlugin - STREAM b'IHDR' 16 13
2026-09-08 15:50:50,808 - DEBUG - PIL.PngImagePlugin - STREAM b'IDAT' 41 64126
2026-09-08 15:50:50,811 - DEBUG - PIL.PngImagePlugin - STREAM b'IHDR' 16 13
2026-09-08 15:50:50,811 - DEBUG - PIL.PngImagePlugin - STREAM b'IDAT' 41 64126
2026-09-08 15:50:50,815 - DEBUG - PIL.PngImagePlugin - STREAM b'IHDR' 16 13
2026-09-08 15:50:50,816 - DEBUG - PIL.PngImagePlugin - STREAM b'IDAT' 41 64126
2026-09-08 15:50:50,820 - DEBUG - PIL.PngImagePlugin - STREAM b'IHDR' 16 13
2026-09-08 15:50:50,820 - DEBUG - PIL.PngImagePlugin - STREAM b'IDAT' 41 56150
2026-09-08 15:50:50,824 - DEBUG - PIL.PngImagePlugin - STREAM b'IHDR' 16 13
2026-09-08 15:50:50,824 - DEBUG - PIL.PngImagePlugin - STREAM b'IDAT' 41 64126
2026-09-08 15:50:50,828 - DEBUG - PIL.PngImagePlugin - STREAM b'IHDR' 16 13
2026-09-08 15:50:50,828 - DEBUG - PIL.PngImagePlugin - STREAM b'IDAT' 41 64126
2026-09-08 15:50:50,843 - DEBUG - PIL.PngImagePlugin - STREAM b'IHDR' 16 13
2026-09-08 15:50:50,844 - DEBUG - PIL.PngImagePlugin - STREAM b'IDAT' 41 62450
2026-09-08 15:50:50,926 - DEBUG - PIL.PngImagePlugin - STREAM b'IHDR' 16 13
2026-09-08 15:50:50,927 - DEBUG - PIL.PngImagePlugin - STREAM b'IDAT' 41 65536
2026-09-08 15:50:50,929 - DEBUG - PIL.PngImagePlugin - STREAM b'IHDR' 16 13
2026-09-08 15:50:50,929 - DEBUG - PIL.PngImagePlugin - STREAM b'IDAT' 41 65536
2026-09-08 15:50:51,043 - DEBUG - PIL.PngImagePlugin - STREAM b'IHDR' 16 13
2026-09-08 15:50:51,043 - DEBUG - PIL.PngImagePlugin - STREAM b'IDAT' 41 62450
2026-09-08 15:50:51,146 - DEBUG - PIL.PngImagePlugin - STREAM b'IHDR' 16 13
2026-09-08 15:50:51,147 - DEBUG - PIL.PngImagePlugin - STREAM b'IDAT' 41 62450
2026-09-08 15:50:51,250 - DEBUG - PIL.PngImagePlugin - STREAM b'IHDR' 16 13
2026-09-08 15:50:51,250 - DEBUG - PIL.PngImagePlugin - STREAM b'IDAT' 41 62450
2026-09-08 15:50:51,353 - DEBUG - PIL.PngImagePlugin - STREAM b'IHDR' 16 13
2026-09-08 15:50:51,353 - DEBUG - PIL.PngImagePlugin - STREAM b'IDAT' 41 62450
2026-09-08 15:50:51,456 - DEBUG - PIL.PngImagePlugin - STREAM b'IHDR' 16 13
2026-09-08 15:50:51,456 - DEBUG - PIL.PngImagePlugin - STREAM b'IDAT' 41 62450
2026-09-08 15:50:51,559 - DEBUG - PIL.PngImagePlugin - STREAM b'IHDR' 16 13
2026-09-08 15:50:51,559 - DEBUG - PIL.PngImagePlugin - STREAM b'IDAT' 41 62450
2026-09-08 15:50:51,662 - DEBUG - PIL.PngImagePlugin - STREAM b'IHDR' 16 13
2026-09-08 15:50:51,662 - DEBUG - PIL.PngImagePlugin - STREAM b'IDAT' 41 62450
2026-09-08 15:50:51,765 - DEBUG - PIL.PngImagePlugin - STREAM b'IHDR' 16 13
2026-09-08 15:50:51,766 - DEBUG - PIL.PngImagePlugin - STREAM b'IDAT' 41 62450
2026-09-08 15:50:51,869 - DEBUG - PIL.PngImagePlugin - STREAM b'IHDR' 16 13
2026-09-08 15:50:51,869 - DEBUG - PIL.PngImagePlugin - STREAM b'IDAT' 41 62450
2026-09-08 15:50:51,972 - DEBUG - PIL.PngImagePlugin - STREAM b'IHDR' 16 13
2026-09-08 15:50:51,972 - DEBUG - PIL.PngImagePlugin - STREAM b'IDAT' 41 62450
2026-09-08 15:50:52,575 - INFO - KGameTracker - ℹ️  ==================================================
2026-09-08 15:50:52,575 - INFO - KGameTracker - ℹ️  K GAME TRACKER - CERRADA
2026-09-08 15:50:52,576 - INFO - KGameTracker - ℹ️  ==================================================
2026-09-08 15:50:53,886 - INFO - KGameTracker - ℹ️  ==================================================
2026-09-08 15:50:53,886 - INFO - KGameTracker - ℹ️  K GAME TRACKER - INICIADA
2026-09-08 15:50:53,886 - INFO - KGameTracker - ℹ️  ==================================================
2026-09-08 15:50:54,012 - DEBUG - PIL.Image - Importing PngImagePlugin
2026-09-08 15:50:54,019 - DEBUG - PIL.PngImagePlugin - STREAM b'IHDR' 16 13
2026-09-08 15:50:54,019 - DEBUG - PIL.PngImagePlugin - STREAM b'caBX' 41 5758
2026-09-08 15:50:54,019 - DEBUG - PIL.PngImagePlugin - b'caBX' 41 5758 (unknown)
2026-09-08 15:50:54,020 - DEBUG - PIL.PngImagePlugin - STREAM b'IDAT' 5811 65536
2026-09-08 15:50:56,408 - DEBUG - PIL.PngImagePlugin - STREAM b'IHDR' 16 13
2026-09-08 15:50:56,408 - DEBUG - PIL.PngImagePlugin - STREAM b'caBX' 41 5758
2026-09-08 15:50:56,408 - DEBUG - PIL.PngImagePlugin - b'caBX' 41 5758 (unknown)
2026-09-08 15:50:56,408 - DEBUG - PIL.PngImagePlugin - STREAM b'IDAT' 5811 65536
2026-09-08 15:50:56,438 - DEBUG - PIL.PngImagePlugin - STREAM b'IHDR' 16 13
2026-09-08 15:50:56,438 - DEBUG - PIL.PngImagePlugin - STREAM b'IDAT' 41 53758
2026-09-08 15:50:56,443 - DEBUG - PIL.PngImagePlugin - STREAM b'IHDR' 16 13
2026-09-08 15:50:56,443 - DEBUG - PIL.PngImagePlugin - STREAM b'IDAT' 41 65536
2026-09-08 15:50:56,569 - DEBUG - PIL.PngImagePlugin - STREAM b'IHDR' 16 13
2026-09-08 15:50:56,569 - DEBUG - PIL.PngImagePlugin - STREAM b'IDAT' 41 58612
2026-09-08 15:50:56,573 - DEBUG - PIL.PngImagePlugin - STREAM b'IHDR' 16 13
2026-09-08 15:50:56,573 - DEBUG - PIL.PngImagePlugin - STREAM b'IDAT' 41 63613
2026-09-08 15:50:56,577 - DEBUG - PIL.PngImagePlugin - STREAM b'IHDR' 16 13
2026-09-08 15:50:56,577 - DEBUG - PIL.PngImagePlugin - STREAM b'IDAT' 41 65536
2026-09-08 15:50:56,580 - DEBUG - PIL.PngImagePlugin - STREAM b'IHDR' 16 13
2026-09-08 15:50:56,581 - DEBUG - PIL.PngImagePlugin - STREAM b'IDAT' 41 63580
2026-09-08 15:50:56,584 - DEBUG - PIL.PngImagePlugin - STREAM b'IHDR' 16 13
2026-09-08 15:50:56,584 - DEBUG - PIL.PngImagePlugin - STREAM b'IDAT' 41 64126
2026-09-08 15:50:56,588 - DEBUG - PIL.PngImagePlugin - STREAM b'IHDR' 16 13
2026-09-08 15:50:56,588 - DEBUG - PIL.PngImagePlugin - STREAM b'IDAT' 41 64126
2026-09-08 15:50:56,592 - DEBUG - PIL.PngImagePlugin - STREAM b'IHDR' 16 13
2026-09-08 15:50:56,593 - DEBUG - PIL.PngImagePlugin - STREAM b'IDAT' 41 64126
2026-09-08 15:50:56,596 - DEBUG - PIL.PngImagePlugin - STREAM b'IHDR' 16 13
2026-09-08 15:50:56,596 - DEBUG - PIL.PngImagePlugin - STREAM b'IDAT' 41 56150
2026-09-08 15:50:56,600 - DEBUG - PIL.PngImagePlugin - STREAM b'IHDR' 16 13
2026-09-08 15:50:56,600 - DEBUG - PIL.PngImagePlugin - STREAM b'IDAT' 41 64126
2026-09-08 15:50:56,604 - DEBUG - PIL.PngImagePlugin - STREAM b'IHDR' 16 13
2026-09-08 15:50:56,604 - DEBUG - PIL.PngImagePlugin - STREAM b'IDAT' 41 64126
2026-09-08 15:50:56,620 - DEBUG - PIL.PngImagePlugin - STREAM b'IHDR' 16 13
2026-09-08 15:50:56,620 - DEBUG - PIL.PngImagePlugin - STREAM b'IDAT' 41 62450
2026-09-08 15:50:56,703 - DEBUG - PIL.PngImagePlugin - STREAM b'IHDR' 16 13
2026-09-08 15:50:56,703 - DEBUG - PIL.PngImagePlugin - STREAM b'IDAT' 41 65536
2026-09-08 15:50:56,706 - DEBUG - PIL.PngImagePlugin - STREAM b'IHDR' 16 13
2026-09-08 15:50:56,706 - DEBUG - PIL.PngImagePlugin - STREAM b'IDAT' 41 65536
2026-09-08 15:50:56,809 - DEBUG - PIL.PngImagePlugin - STREAM b'IHDR' 16 13
2026-09-08 15:50:56,809 - DEBUG - PIL.PngImagePlugin - STREAM b'IDAT' 41 62450
2026-09-08 15:50:56,912 - DEBUG - PIL.PngImagePlugin - STREAM b'IHDR' 16 13
2026-09-08 15:50:56,912 - DEBUG - PIL.PngImagePlugin - STREAM b'IDAT' 41 62450
2026-09-08 15:50:57,016 - DEBUG - PIL.PngImagePlugin - STREAM b'IHDR' 16 13
2026-09-08 15:50:57,016 - DEBUG - PIL.PngImagePlugin - STREAM b'IDAT' 41 62450
2026-09-08 15:50:57,119 - DEBUG - PIL.PngImagePlugin - STREAM b'IHDR' 16 13
2026-09-08 15:50:57,119 - DEBUG - PIL.PngImagePlugin - STREAM b'IDAT' 41 62450
2026-09-08 15:50:57,222 - DEBUG - PIL.PngImagePlugin - STREAM b'IHDR' 16 13
2026-09-08 15:50:57,222 - DEBUG - PIL.PngImagePlugin - STREAM b'IDAT' 41 62450
2026-09-08 15:50:57,325 - DEBUG - PIL.PngImagePlugin - STREAM b'IHDR' 16 13
2026-09-08 15:50:57,325 - DEBUG - PIL.PngImagePlugin - STREAM b'IDAT' 41 62450
2026-09-08 15:50:57,428 - DEBUG - PIL.PngImagePlugin - STREAM b'IHDR' 16 13
2026-09-08 15:50:57,428 - DEBUG - PIL.PngImagePlugin - STREAM b'IDAT' 41 62450
2026-09-08 15:50:57,531 - DEBUG - PIL.PngImagePlugin - STREAM b'IHDR' 16 13
2026-09-08 15:50:57,531 - DEBUG - PIL.PngImagePlugin - STREAM b'IDAT' 41 62450
2026-09-08 15:50:57,634 - DEBUG - PIL.PngImagePlugin - STREAM b'IHDR' 16 13
2026-09-08 15:50:57,634 - DEBUG - PIL.PngImagePlugin - STREAM b'IDAT' 41 62450
2026-09-08 15:50:57,737 - DEBUG - PIL.PngImagePlugin - STREAM b'IHDR' 16 13
2026-09-08 15:50:57,737 - DEBUG - PIL.PngImagePlugin - STREAM b'IDAT' 41 62450
2026-09-08 15:56:02,236 - INFO - KGameTracker - ℹ️  ==================================================
2026-09-08 15:56:02,237 - INFO - KGameTracker - ℹ️  K GAME TRACKER - CERRADA
2026-09-08 15:56:02,237 - INFO - KGameTracker - ℹ️  ==================================================
2026-09-08 16:08:11,812 - INFO - KGameTracker - ℹ️  ==================================================
2026-09-08 16:08:11,812 - INFO - KGameTracker - ℹ️  K GAME TRACKER - INICIADA
2026-09-08 16:08:11,812 - INFO - KGameTracker - ℹ️  ==================================================
2026-09-08 16:08:11,955 - DEBUG - PIL.Image - Importing PngImagePlugin
2026-09-08 16:08:11,962 - DEBUG - PIL.PngImagePlugin - STREAM b'IHDR' 16 13
2026-09-08 16:08:11,962 - DEBUG - PIL.PngImagePlugin - STREAM b'caBX' 41 5758
2026-09-08 16:08:11,962 - DEBUG - PIL.PngImagePlugin - b'caBX' 41 5758 (unknown)
2026-09-08 16:08:11,963 - DEBUG - PIL.PngImagePlugin - STREAM b'IDAT' 5811 65536
2026-09-08 16:08:14,360 - DEBUG - PIL.PngImagePlugin - STREAM b'IHDR' 16 13
2026-09-08 16:08:14,360 - DEBUG - PIL.PngImagePlugin - STREAM b'caBX' 41 5758
2026-09-08 16:08:14,360 - DEBUG - PIL.PngImagePlugin - b'caBX' 41 5758 (unknown)
2026-09-08 16:08:14,360 - DEBUG - PIL.PngImagePlugin - STREAM b'IDAT' 5811 65536
2026-09-08 16:08:14,394 - DEBUG - PIL.PngImagePlugin - STREAM b'IHDR' 16 13
2026-09-08 16:08:14,394 - DEBUG - PIL.PngImagePlugin - STREAM b'IDAT' 41 53758
2026-09-08 16:08:14,403 - DEBUG - PIL.PngImagePlugin - STREAM b'IHDR' 16 13
2026-09-08 16:08:14,403 - DEBUG - PIL.PngImagePlugin - STREAM b'IDAT' 41 65536
2026-09-08 16:08:14,539 - DEBUG - PIL.PngImagePlugin - STREAM b'IHDR' 16 13
2026-09-08 16:08:14,539 - DEBUG - PIL.PngImagePlugin - STREAM b'IDAT' 41 58612
2026-09-08 16:08:14,546 - DEBUG - PIL.PngImagePlugin - STREAM b'IHDR' 16 13
2026-09-08 16:08:14,547 - DEBUG - PIL.PngImagePlugin - STREAM b'IDAT' 41 63613
2026-09-08 16:08:14,556 - DEBUG - PIL.PngImagePlugin - STREAM b'IHDR' 16 13
2026-09-08 16:08:14,556 - DEBUG - PIL.PngImagePlugin - STREAM b'IDAT' 41 65536
2026-09-08 16:08:14,565 - DEBUG - PIL.PngImagePlugin - STREAM b'IHDR' 16 13
2026-09-08 16:08:14,566 - DEBUG - PIL.PngImagePlugin - STREAM b'IDAT' 41 63580
2026-09-08 16:08:14,575 - DEBUG - PIL.PngImagePlugin - STREAM b'IHDR' 16 13
2026-09-08 16:08:14,576 - DEBUG - PIL.PngImagePlugin - STREAM b'IDAT' 41 64126
2026-09-08 16:08:14,584 - DEBUG - PIL.PngImagePlugin - STREAM b'IHDR' 16 13
2026-09-08 16:08:14,584 - DEBUG - PIL.PngImagePlugin - STREAM b'IDAT' 41 64126
2026-09-08 16:08:14,592 - DEBUG - PIL.PngImagePlugin - STREAM b'IHDR' 16 13
2026-09-08 16:08:14,593 - DEBUG - PIL.PngImagePlugin - STREAM b'IDAT' 41 64126
2026-09-08 16:08:14,602 - DEBUG - PIL.PngImagePlugin - STREAM b'IHDR' 16 13
2026-09-08 16:08:14,602 - DEBUG - PIL.PngImagePlugin - STREAM b'IDAT' 41 56150
2026-09-08 16:08:14,612 - DEBUG - PIL.PngImagePlugin - STREAM b'IHDR' 16 13
2026-09-08 16:08:14,612 - DEBUG - PIL.PngImagePlugin - STREAM b'IDAT' 41 64126
2026-09-08 16:08:14,620 - DEBUG - PIL.PngImagePlugin - STREAM b'IHDR' 16 13
2026-09-08 16:08:14,621 - DEBUG - PIL.PngImagePlugin - STREAM b'IDAT' 41 64126
2026-09-08 16:08:14,642 - DEBUG - PIL.PngImagePlugin - STREAM b'IHDR' 16 13
2026-09-08 16:08:14,643 - DEBUG - PIL.PngImagePlugin - STREAM b'IDAT' 41 62450
2026-09-08 16:08:14,739 - DEBUG - PIL.PngImagePlugin - STREAM b'IHDR' 16 13
2026-09-08 16:08:14,739 - DEBUG - PIL.PngImagePlugin - STREAM b'IDAT' 41 65536
2026-09-08 16:08:14,742 - DEBUG - PIL.PngImagePlugin - STREAM b'IHDR' 16 13
2026-09-08 16:08:14,742 - DEBUG - PIL.PngImagePlugin - STREAM b'IDAT' 41 65536
2026-09-08 16:08:14,847 - DEBUG - PIL.PngImagePlugin - STREAM b'IHDR' 16 13
2026-09-08 16:08:14,848 - DEBUG - PIL.PngImagePlugin - STREAM b'IDAT' 41 62450
2026-09-08 16:08:14,950 - DEBUG - PIL.PngImagePlugin - STREAM b'IHDR' 16 13
2026-09-08 16:08:14,951 - DEBUG - PIL.PngImagePlugin - STREAM b'IDAT' 41 62450
2026-09-08 16:08:15,054 - DEBUG - PIL.PngImagePlugin - STREAM b'IHDR' 16 13
2026-09-08 16:08:15,055 - DEBUG - PIL.PngImagePlugin - STREAM b'IDAT' 41 62450
2026-09-08 16:08:15,157 - DEBUG - PIL.PngImagePlugin - STREAM b'IHDR' 16 13
2026-09-08 16:08:15,158 - DEBUG - PIL.PngImagePlugin - STREAM b'IDAT' 41 62450
2026-09-08 16:08:15,261 - DEBUG - PIL.PngImagePlugin - STREAM b'IHDR' 16 13
2026-09-08 16:08:15,261 - DEBUG - PIL.PngImagePlugin - STREAM b'IDAT' 41 62450
2026-09-08 16:08:15,364 - DEBUG - PIL.PngImagePlugin - STREAM b'IHDR' 16 13
2026-09-08 16:08:15,364 - DEBUG - PIL.PngImagePlugin - STREAM b'IDAT' 41 62450
2026-09-08 16:08:15,468 - DEBUG - PIL.PngImagePlugin - STREAM b'IHDR' 16 13
2026-09-08 16:08:15,468 - DEBUG - PIL.PngImagePlugin - STREAM b'IDAT' 41 62450
2026-09-08 16:08:15,571 - DEBUG - PIL.PngImagePlugin - STREAM b'IHDR' 16 13
2026-09-08 16:08:15,571 - DEBUG - PIL.PngImagePlugin - STREAM b'IDAT' 41 62450
2026-09-08 16:08:15,674 - DEBUG - PIL.PngImagePlugin - STREAM b'IHDR' 16 13
2026-09-08 16:08:15,674 - DEBUG - PIL.PngImagePlugin - STREAM b'IDAT' 41 62450
2026-09-08 16:08:15,778 - DEBUG - PIL.PngImagePlugin - STREAM b'IHDR' 16 13
2026-09-08 16:08:15,778 - DEBUG - PIL.PngImagePlugin - STREAM b'IDAT' 41 62450
2026-09-08 16:08:16,133 - DEBUG - urllib3.connectionpool - Starting new HTTPS connection (1): www.gamerpower.com:443
2026-09-08 16:08:16,306 - DEBUG - urllib3.connectionpool - https://www.gamerpower.com:443 "GET /api/giveaways?type=game HTTP/1.1" 200 None
2026-09-08 16:08:16,833 - DEBUG - urllib3.connectionpool - Starting new HTTPS connection (1): www.gamerpower.com:443
2026-09-08 16:08:16,960 - DEBUG - urllib3.connectionpool - https://www.gamerpower.com:443 "GET /offers/1b/6a998bd861dec.jpg HTTP/1.1" 200 25311
2026-09-08 16:08:16,985 - DEBUG - PIL.PngImagePlugin - STREAM b'IHDR' 16 13
2026-09-08 16:08:16,985 - DEBUG - PIL.PngImagePlugin - STREAM b'IDAT' 41 54256
2026-09-08 16:08:17,020 - DEBUG - urllib3.connectionpool - https://www.gamerpower.com:443 "GET /offers/1b/6a53a044a87b6.jpg HTTP/1.1" 200 36351
2026-09-08 16:08:17,025 - DEBUG - PIL.PngImagePlugin - STREAM b'IHDR' 16 13
2026-09-08 16:08:17,025 - DEBUG - PIL.PngImagePlugin - STREAM b'IDAT' 41 54256
2026-09-08 16:09:19,368 - INFO - KGameTracker - ℹ️  ==================================================
2026-09-08 16:09:19,368 - INFO - KGameTracker - ℹ️  K GAME TRACKER - CERRADA
2026-09-08 16:09:19,368 - INFO - KGameTracker - ℹ️  ==================================================
2026-09-08 16:27:57,126 - INFO - KGameTracker - ℹ️  ==================================================
2026-09-08 16:27:57,150 - INFO - KGameTracker - ℹ️  K GAME TRACKER - INICIADA
2026-09-08 16:27:57,151 - INFO - KGameTracker - ℹ️  ==================================================
2026-09-08 16:27:57,356 - DEBUG - PIL.Image - Importing PngImagePlugin
2026-09-08 16:27:57,375 - DEBUG - PIL.PngImagePlugin - STREAM b'IHDR' 16 13
2026-09-08 16:27:57,376 - DEBUG - PIL.PngImagePlugin - STREAM b'caBX' 41 5758
2026-09-08 16:27:57,376 - DEBUG - PIL.PngImagePlugin - b'caBX' 41 5758 (unknown)
2026-09-08 16:27:57,376 - DEBUG - PIL.PngImagePlugin - STREAM b'IDAT' 5811 65536
2026-09-08 16:27:59,847 - DEBUG - PIL.PngImagePlugin - STREAM b'IHDR' 16 13
2026-09-08 16:27:59,848 - DEBUG - PIL.PngImagePlugin - STREAM b'caBX' 41 5758
2026-09-08 16:27:59,848 - DEBUG - PIL.PngImagePlugin - b'caBX' 41 5758 (unknown)
2026-09-08 16:27:59,848 - DEBUG - PIL.PngImagePlugin - STREAM b'IDAT' 5811 65536
2026-09-08 16:27:59,911 - DEBUG - PIL.PngImagePlugin - STREAM b'IHDR' 16 13
2026-09-08 16:27:59,911 - DEBUG - PIL.PngImagePlugin - STREAM b'IDAT' 41 53758
2026-09-08 16:27:59,917 - DEBUG - PIL.PngImagePlugin - STREAM b'IHDR' 16 13
2026-09-08 16:27:59,917 - DEBUG - PIL.PngImagePlugin - STREAM b'IDAT' 41 65536
2026-09-08 16:28:00,064 - DEBUG - PIL.PngImagePlugin - STREAM b'IHDR' 16 13
2026-09-08 16:28:00,064 - DEBUG - PIL.PngImagePlugin - STREAM b'IDAT' 41 58612
2026-09-08 16:28:00,068 - DEBUG - PIL.PngImagePlugin - STREAM b'IHDR' 16 13
2026-09-08 16:28:00,068 - DEBUG - PIL.PngImagePlugin - STREAM b'IDAT' 41 63613
2026-09-08 16:28:00,072 - DEBUG - PIL.PngImagePlugin - STREAM b'IHDR' 16 13
2026-09-08 16:28:00,072 - DEBUG - PIL.PngImagePlugin - STREAM b'IDAT' 41 65536
2026-09-08 16:28:00,077 - DEBUG - PIL.PngImagePlugin - STREAM b'IHDR' 16 13
2026-09-08 16:28:00,077 - DEBUG - PIL.PngImagePlugin - STREAM b'IDAT' 41 63580
2026-09-08 16:28:00,081 - DEBUG - PIL.PngImagePlugin - STREAM b'IHDR' 16 13
2026-09-08 16:28:00,082 - DEBUG - PIL.PngImagePlugin - STREAM b'IDAT' 41 64126
2026-09-08 16:28:00,086 - DEBUG - PIL.PngImagePlugin - STREAM b'IHDR' 16 13
2026-09-08 16:28:00,086 - DEBUG - PIL.PngImagePlugin - STREAM b'IDAT' 41 64126
2026-09-08 16:28:00,090 - DEBUG - PIL.PngImagePlugin - STREAM b'IHDR' 16 13
2026-09-08 16:28:00,091 - DEBUG - PIL.PngImagePlugin - STREAM b'IDAT' 41 64126
2026-09-08 16:28:00,095 - DEBUG - PIL.PngImagePlugin - STREAM b'IHDR' 16 13
2026-09-08 16:28:00,095 - DEBUG - PIL.PngImagePlugin - STREAM b'IDAT' 41 56150
2026-09-08 16:28:00,100 - DEBUG - PIL.PngImagePlugin - STREAM b'IHDR' 16 13
2026-09-08 16:28:00,100 - DEBUG - PIL.PngImagePlugin - STREAM b'IDAT' 41 64126
2026-09-08 16:28:00,104 - DEBUG - PIL.PngImagePlugin - STREAM b'IHDR' 16 13
2026-09-08 16:28:00,104 - DEBUG - PIL.PngImagePlugin - STREAM b'IDAT' 41 64126
2026-09-08 16:28:00,123 - DEBUG - PIL.PngImagePlugin - STREAM b'IHDR' 16 13
2026-09-08 16:28:00,123 - DEBUG - PIL.PngImagePlugin - STREAM b'IDAT' 41 62450
2026-09-08 16:28:00,244 - DEBUG - PIL.PngImagePlugin - STREAM b'IHDR' 16 13
2026-09-08 16:28:00,244 - DEBUG - PIL.PngImagePlugin - STREAM b'IDAT' 41 65536
2026-09-08 16:28:00,247 - DEBUG - PIL.PngImagePlugin - STREAM b'IHDR' 16 13
2026-09-08 16:28:00,247 - DEBUG - PIL.PngImagePlugin - STREAM b'IDAT' 41 65536
2026-09-08 16:28:00,355 - DEBUG - PIL.PngImagePlugin - STREAM b'IHDR' 16 13
2026-09-08 16:28:00,356 - DEBUG - PIL.PngImagePlugin - STREAM b'IDAT' 41 62450
2026-09-08 16:28:00,459 - DEBUG - PIL.PngImagePlugin - STREAM b'IHDR' 16 13
2026-09-08 16:28:00,460 - DEBUG - PIL.PngImagePlugin - STREAM b'IDAT' 41 62450
2026-09-08 16:28:00,563 - DEBUG - PIL.PngImagePlugin - STREAM b'IHDR' 16 13
2026-09-08 16:28:00,563 - DEBUG - PIL.PngImagePlugin - STREAM b'IDAT' 41 62450
2026-09-08 16:28:00,667 - DEBUG - PIL.PngImagePlugin - STREAM b'IHDR' 16 13
2026-09-08 16:28:00,667 - DEBUG - PIL.PngImagePlugin - STREAM b'IDAT' 41 62450
2026-09-08 16:28:00,770 - DEBUG - PIL.PngImagePlugin - STREAM b'IHDR' 16 13
2026-09-08 16:28:00,770 - DEBUG - PIL.PngImagePlugin - STREAM b'IDAT' 41 62450
2026-09-08 16:28:00,873 - DEBUG - PIL.PngImagePlugin - STREAM b'IHDR' 16 13
2026-09-08 16:28:00,873 - DEBUG - PIL.PngImagePlugin - STREAM b'IDAT' 41 62450
2026-09-08 16:28:00,976 - DEBUG - PIL.PngImagePlugin - STREAM b'IHDR' 16 13
2026-09-08 16:28:00,976 - DEBUG - PIL.PngImagePlugin - STREAM b'IDAT' 41 62450
2026-09-08 16:28:01,079 - DEBUG - PIL.PngImagePlugin - STREAM b'IHDR' 16 13
2026-09-08 16:28:01,079 - DEBUG - PIL.PngImagePlugin - STREAM b'IDAT' 41 62450
2026-09-08 16:28:01,182 - DEBUG - PIL.PngImagePlugin - STREAM b'IHDR' 16 13
2026-09-08 16:28:01,182 - DEBUG - PIL.PngImagePlugin - STREAM b'IDAT' 41 62450
2026-09-08 16:28:01,285 - DEBUG - PIL.PngImagePlugin - STREAM b'IHDR' 16 13
2026-09-08 16:28:01,285 - DEBUG - PIL.PngImagePlugin - STREAM b'IDAT' 41 62450
2026-09-08 16:28:03,223 - DEBUG - urllib3.connectionpool - Starting new HTTPS connection (1): www.gamerpower.com:443
2026-09-08 16:28:03,432 - DEBUG - urllib3.connectionpool - https://www.gamerpower.com:443 "GET /api/giveaways?type=game HTTP/1.1" 200 None
2026-09-08 16:28:05,159 - DEBUG - urllib3.connectionpool - Starting new HTTPS connection (1): www.gamerpower.com:443
2026-09-08 16:28:05,263 - DEBUG - urllib3.connectionpool - https://www.gamerpower.com:443 "GET /offers/1b/6a998bd861dec.jpg HTTP/1.1" 200 25311
2026-09-08 16:28:05,320 - DEBUG - PIL.PngImagePlugin - STREAM b'IHDR' 16 13
2026-09-08 16:28:05,320 - DEBUG - PIL.PngImagePlugin - STREAM b'IDAT' 41 54256
2026-09-08 16:28:05,355 - DEBUG - urllib3.connectionpool - https://www.gamerpower.com:443 "GET /offers/1b/6a53a044a87b6.jpg HTTP/1.1" 200 36351
2026-09-08 16:28:05,359 - DEBUG - PIL.PngImagePlugin - STREAM b'IHDR' 16 13
2026-09-08 16:28:05,359 - DEBUG - PIL.PngImagePlugin - STREAM b'IDAT' 41 54256
2026-09-08 16:29:56,018 - INFO - KGameTracker - ℹ️  ==================================================
2026-09-08 16:29:56,019 - INFO - KGameTracker - ℹ️  K GAME TRACKER - CERRADA
2026-09-08 16:29:56,019 - INFO - KGameTracker - ℹ️  ==================================================
2026-09-08 16:33:56,169 - INFO - KGameTracker - ℹ️  ==================================================
2026-09-08 16:33:56,169 - INFO - KGameTracker - ℹ️  K GAME TRACKER - INICIADA
2026-09-08 16:33:56,169 - INFO - KGameTracker - ℹ️  ==================================================
2026-09-08 16:33:56,293 - DEBUG - PIL.Image - Importing PngImagePlugin
2026-09-08 16:33:56,301 - DEBUG - PIL.PngImagePlugin - STREAM b'IHDR' 16 13
2026-09-08 16:33:56,301 - DEBUG - PIL.PngImagePlugin - STREAM b'caBX' 41 5758
2026-09-08 16:33:56,301 - DEBUG - PIL.PngImagePlugin - b'caBX' 41 5758 (unknown)
2026-09-08 16:33:56,301 - DEBUG - PIL.PngImagePlugin - STREAM b'IDAT' 5811 65536
2026-09-08 16:33:58,747 - DEBUG - PIL.PngImagePlugin - STREAM b'IHDR' 16 13
2026-09-08 16:33:58,747 - DEBUG - PIL.PngImagePlugin - STREAM b'caBX' 41 5758
2026-09-08 16:33:58,747 - DEBUG - PIL.PngImagePlugin - b'caBX' 41 5758 (unknown)
2026-09-08 16:33:58,747 - DEBUG - PIL.PngImagePlugin - STREAM b'IDAT' 5811 65536
2026-09-08 16:33:58,777 - DEBUG - PIL.PngImagePlugin - STREAM b'IHDR' 16 13
2026-09-08 16:33:58,777 - DEBUG - PIL.PngImagePlugin - STREAM b'IDAT' 41 53758
2026-09-08 16:33:58,780 - DEBUG - PIL.PngImagePlugin - STREAM b'IHDR' 16 13
2026-09-08 16:33:58,781 - DEBUG - PIL.PngImagePlugin - STREAM b'IDAT' 41 65536
2026-09-08 16:33:58,916 - DEBUG - PIL.PngImagePlugin - STREAM b'IHDR' 16 13
2026-09-08 16:34:01,821 - DEBUG - PIL.PngImagePlugin - STREAM b'IDAT' 41 58612
2026-09-08 16:34:01,824 - DEBUG - PIL.PngImagePlugin - STREAM b'IHDR' 16 13
2026-09-08 16:34:01,824 - DEBUG - PIL.PngImagePlugin - STREAM b'IDAT' 41 63613
2026-09-08 16:34:01,828 - DEBUG - PIL.PngImagePlugin - STREAM b'IHDR' 16 13
2026-09-08 16:34:01,829 - DEBUG - PIL.PngImagePlugin - STREAM b'IDAT' 41 65536
2026-09-08 16:34:01,832 - DEBUG - PIL.PngImagePlugin - STREAM b'IHDR' 16 13
2026-09-08 16:34:01,833 - DEBUG - PIL.PngImagePlugin - STREAM b'IDAT' 41 63580
2026-09-08 16:34:01,836 - DEBUG - PIL.PngImagePlugin - STREAM b'IHDR' 16 13
2026-09-08 16:34:01,836 - DEBUG - PIL.PngImagePlugin - STREAM b'IDAT' 41 64126
2026-09-08 16:34:01,842 - DEBUG - PIL.PngImagePlugin - STREAM b'IHDR' 16 13
2026-09-08 16:34:01,842 - DEBUG - PIL.PngImagePlugin - STREAM b'IDAT' 41 64126
2026-09-08 16:34:01,848 - DEBUG - PIL.PngImagePlugin - STREAM b'IHDR' 16 13
2026-09-08 16:34:01,848 - DEBUG - PIL.PngImagePlugin - STREAM b'IDAT' 41 64126
2026-09-08 16:34:01,853 - DEBUG - PIL.PngImagePlugin - STREAM b'IHDR' 16 13
2026-09-08 16:34:01,853 - DEBUG - PIL.PngImagePlugin - STREAM b'IDAT' 41 56150
2026-09-08 16:34:01,859 - DEBUG - PIL.PngImagePlugin - STREAM b'IHDR' 16 13
2026-09-08 16:34:01,860 - DEBUG - PIL.PngImagePlugin - STREAM b'IDAT' 41 64126
2026-09-08 16:34:01,864 - DEBUG - PIL.PngImagePlugin - STREAM b'IHDR' 16 13
2026-09-08 16:34:01,864 - DEBUG - PIL.PngImagePlugin - STREAM b'IDAT' 41 64126
2026-09-08 16:34:01,881 - DEBUG - PIL.PngImagePlugin - STREAM b'IHDR' 16 13
2026-09-08 16:34:01,881 - DEBUG - PIL.PngImagePlugin - STREAM b'IDAT' 41 62450
2026-09-08 16:34:01,971 - DEBUG - PIL.PngImagePlugin - STREAM b'IHDR' 16 13
2026-09-08 16:34:01,971 - DEBUG - PIL.PngImagePlugin - STREAM b'IDAT' 41 65536
2026-09-08 16:34:01,974 - DEBUG - PIL.PngImagePlugin - STREAM b'IHDR' 16 13
2026-09-08 16:34:01,974 - DEBUG - PIL.PngImagePlugin - STREAM b'IDAT' 41 65536
2026-09-08 16:34:02,077 - DEBUG - PIL.PngImagePlugin - STREAM b'IHDR' 16 13
2026-09-08 16:34:02,077 - DEBUG - PIL.PngImagePlugin - STREAM b'IDAT' 41 62450
2026-09-08 16:34:02,180 - DEBUG - PIL.PngImagePlugin - STREAM b'IHDR' 16 13
2026-09-08 16:34:02,181 - DEBUG - PIL.PngImagePlugin - STREAM b'IDAT' 41 62450
2026-09-08 16:34:02,285 - DEBUG - PIL.PngImagePlugin - STREAM b'IHDR' 16 13
2026-09-08 16:34:02,285 - DEBUG - PIL.PngImagePlugin - STREAM b'IDAT' 41 62450
2026-09-08 16:34:02,388 - DEBUG - PIL.PngImagePlugin - STREAM b'IHDR' 16 13
2026-09-08 16:34:02,388 - DEBUG - PIL.PngImagePlugin - STREAM b'IDAT' 41 62450
2026-09-08 16:34:02,491 - DEBUG - PIL.PngImagePlugin - STREAM b'IHDR' 16 13
2026-09-08 16:34:02,491 - DEBUG - PIL.PngImagePlugin - STREAM b'IDAT' 41 62450
2026-09-08 16:34:02,594 - DEBUG - PIL.PngImagePlugin - STREAM b'IHDR' 16 13
2026-09-08 16:34:02,594 - DEBUG - PIL.PngImagePlugin - STREAM b'IDAT' 41 62450
2026-09-08 16:34:02,697 - DEBUG - PIL.PngImagePlugin - STREAM b'IHDR' 16 13
2026-09-08 16:34:02,697 - DEBUG - PIL.PngImagePlugin - STREAM b'IDAT' 41 62450
2026-09-08 16:34:02,801 - DEBUG - PIL.PngImagePlugin - STREAM b'IHDR' 16 13
2026-09-08 16:34:02,801 - DEBUG - PIL.PngImagePlugin - STREAM b'IDAT' 41 62450
2026-09-08 16:34:02,903 - DEBUG - PIL.PngImagePlugin - STREAM b'IHDR' 16 13
2026-09-08 16:34:02,904 - DEBUG - PIL.PngImagePlugin - STREAM b'IDAT' 41 62450
2026-09-08 16:34:03,006 - DEBUG - PIL.PngImagePlugin - STREAM b'IHDR' 16 13
2026-09-08 16:34:03,007 - DEBUG - PIL.PngImagePlugin - STREAM b'IDAT' 41 62450
2026-09-08 16:34:03,719 - INFO - KGameTracker - ℹ️  ==================================================
2026-09-08 16:34:03,720 - INFO - KGameTracker - ℹ️  K GAME TRACKER - CERRADA
2026-09-08 16:34:03,720 - INFO - KGameTracker - ℹ️  ==================================================
2026-09-08 16:38:53,678 - INFO - KGameTracker - ℹ️  ==================================================
2026-09-08 16:38:53,678 - INFO - KGameTracker - ℹ️  K GAME TRACKER - INICIADA
2026-09-08 16:38:53,678 - INFO - KGameTracker - ℹ️  ==================================================
2026-09-08 16:38:53,802 - DEBUG - PIL.Image - Importing PngImagePlugin
2026-09-08 16:38:53,809 - DEBUG - PIL.PngImagePlugin - STREAM b'IHDR' 16 13
2026-09-08 16:38:53,809 - DEBUG - PIL.PngImagePlugin - STREAM b'caBX' 41 5758
2026-09-08 16:38:53,809 - DEBUG - PIL.PngImagePlugin - b'caBX' 41 5758 (unknown)
2026-09-08 16:38:53,809 - DEBUG - PIL.PngImagePlugin - STREAM b'IDAT' 5811 65536
2026-09-08 16:38:56,156 - DEBUG - PIL.PngImagePlugin - STREAM b'IHDR' 16 13
2026-09-08 16:38:56,156 - DEBUG - PIL.PngImagePlugin - STREAM b'caBX' 41 5758
2026-09-08 16:38:56,157 - DEBUG - PIL.PngImagePlugin - b'caBX' 41 5758 (unknown)
2026-09-08 16:38:56,157 - DEBUG - PIL.PngImagePlugin - STREAM b'IDAT' 5811 65536
2026-09-08 16:38:56,184 - DEBUG - PIL.PngImagePlugin - STREAM b'IHDR' 16 13
2026-09-08 16:38:56,184 - DEBUG - PIL.PngImagePlugin - STREAM b'IDAT' 41 53758
2026-09-08 16:38:56,189 - DEBUG - PIL.PngImagePlugin - STREAM b'IHDR' 16 13
2026-09-08 16:38:56,189 - DEBUG - PIL.PngImagePlugin - STREAM b'IDAT' 41 65536
2026-09-08 16:38:56,316 - DEBUG - PIL.PngImagePlugin - STREAM b'IHDR' 16 13
2026-09-08 16:38:56,316 - DEBUG - PIL.PngImagePlugin - STREAM b'IDAT' 41 58612
2026-09-08 16:38:56,319 - DEBUG - PIL.PngImagePlugin - STREAM b'IHDR' 16 13
2026-09-08 16:38:56,319 - DEBUG - PIL.PngImagePlugin - STREAM b'IDAT' 41 63613
2026-09-08 16:38:56,322 - DEBUG - PIL.PngImagePlugin - STREAM b'IHDR' 16 13
2026-09-08 16:38:56,322 - DEBUG - PIL.PngImagePlugin - STREAM b'IDAT' 41 65536
2026-09-08 16:38:56,326 - DEBUG - PIL.PngImagePlugin - STREAM b'IHDR' 16 13
2026-09-08 16:38:56,327 - DEBUG - PIL.PngImagePlugin - STREAM b'IDAT' 41 63580
2026-09-08 16:38:56,331 - DEBUG - PIL.PngImagePlugin - STREAM b'IHDR' 16 13
2026-09-08 16:38:56,331 - DEBUG - PIL.PngImagePlugin - STREAM b'IDAT' 41 64126
2026-09-08 16:38:56,335 - DEBUG - PIL.PngImagePlugin - STREAM b'IHDR' 16 13
2026-09-08 16:38:56,335 - DEBUG - PIL.PngImagePlugin - STREAM b'IDAT' 41 64126
2026-09-08 16:38:56,339 - DEBUG - PIL.PngImagePlugin - STREAM b'IHDR' 16 13
2026-09-08 16:38:56,339 - DEBUG - PIL.PngImagePlugin - STREAM b'IDAT' 41 64126
2026-09-08 16:38:56,343 - DEBUG - PIL.PngImagePlugin - STREAM b'IHDR' 16 13
2026-09-08 16:38:56,343 - DEBUG - PIL.PngImagePlugin - STREAM b'IDAT' 41 56150
2026-09-08 16:38:56,347 - DEBUG - PIL.PngImagePlugin - STREAM b'IHDR' 16 13
2026-09-08 16:38:56,347 - DEBUG - PIL.PngImagePlugin - STREAM b'IDAT' 41 64126
2026-09-08 16:38:56,352 - DEBUG - PIL.PngImagePlugin - STREAM b'IHDR' 16 13
2026-09-08 16:38:56,352 - DEBUG - PIL.PngImagePlugin - STREAM b'IDAT' 41 64126
2026-09-08 16:38:56,370 - DEBUG - PIL.PngImagePlugin - STREAM b'IHDR' 16 13
2026-09-08 16:38:56,371 - DEBUG - PIL.PngImagePlugin - STREAM b'IDAT' 41 62450
2026-09-08 16:38:56,456 - DEBUG - PIL.PngImagePlugin - STREAM b'IHDR' 16 13
2026-09-08 16:38:56,457 - DEBUG - PIL.PngImagePlugin - STREAM b'IDAT' 41 65536
2026-09-08 16:38:56,459 - DEBUG - PIL.PngImagePlugin - STREAM b'IHDR' 16 13
2026-09-08 16:38:56,460 - DEBUG - PIL.PngImagePlugin - STREAM b'IDAT' 41 65536
2026-09-08 16:38:56,568 - DEBUG - PIL.PngImagePlugin - STREAM b'IHDR' 16 13
2026-09-08 16:38:56,568 - DEBUG - PIL.PngImagePlugin - STREAM b'IDAT' 41 62450
2026-09-08 16:38:56,671 - DEBUG - PIL.PngImagePlugin - STREAM b'IHDR' 16 13
2026-09-08 16:38:56,672 - DEBUG - PIL.PngImagePlugin - STREAM b'IDAT' 41 62450
2026-09-08 16:38:56,774 - DEBUG - PIL.PngImagePlugin - STREAM b'IHDR' 16 13
2026-09-08 16:38:56,775 - DEBUG - PIL.PngImagePlugin - STREAM b'IDAT' 41 62450
2026-09-08 16:38:56,877 - DEBUG - PIL.PngImagePlugin - STREAM b'IHDR' 16 13
2026-09-08 16:38:56,878 - DEBUG - PIL.PngImagePlugin - STREAM b'IDAT' 41 62450
2026-09-08 16:38:56,980 - DEBUG - PIL.PngImagePlugin - STREAM b'IHDR' 16 13
2026-09-08 16:38:56,980 - DEBUG - PIL.PngImagePlugin - STREAM b'IDAT' 41 62450
2026-09-08 16:38:57,083 - DEBUG - PIL.PngImagePlugin - STREAM b'IHDR' 16 13
2026-09-08 16:38:57,084 - DEBUG - PIL.PngImagePlugin - STREAM b'IDAT' 41 62450
2026-09-08 16:38:57,187 - DEBUG - PIL.PngImagePlugin - STREAM b'IHDR' 16 13
2026-09-08 16:38:57,187 - DEBUG - PIL.PngImagePlugin - STREAM b'IDAT' 41 62450
2026-09-08 16:38:57,290 - DEBUG - PIL.PngImagePlugin - STREAM b'IHDR' 16 13
2026-09-08 16:38:57,290 - DEBUG - PIL.PngImagePlugin - STREAM b'IDAT' 41 62450
2026-09-08 16:38:57,393 - DEBUG - PIL.PngImagePlugin - STREAM b'IHDR' 16 13
2026-09-08 16:38:57,393 - DEBUG - PIL.PngImagePlugin - STREAM b'IDAT' 41 62450
2026-09-08 16:38:57,496 - DEBUG - PIL.PngImagePlugin - STREAM b'IHDR' 16 13
2026-09-08 16:38:57,496 - DEBUG - PIL.PngImagePlugin - STREAM b'IDAT' 41 62450
2026-09-08 16:38:57,630 - DEBUG - urllib3.connectionpool - Starting new HTTPS connection (1): www.gamerpower.com:443
2026-09-08 16:38:57,813 - DEBUG - urllib3.connectionpool - https://www.gamerpower.com:443 "GET /api/giveaways?type=game HTTP/1.1" 200 None
2026-09-08 16:38:58,169 - DEBUG - urllib3.connectionpool - Starting new HTTPS connection (1): www.gamerpower.com:443
2026-09-08 16:38:58,265 - DEBUG - urllib3.connectionpool - https://www.gamerpower.com:443 "GET /offers/1b/6a998bd861dec.jpg HTTP/1.1" 200 25311
2026-09-08 16:38:58,277 - DEBUG - PIL.PngImagePlugin - STREAM b'IHDR' 16 13
2026-09-08 16:38:58,277 - DEBUG - PIL.PngImagePlugin - STREAM b'IDAT' 41 54256
2026-09-08 16:38:58,304 - DEBUG - urllib3.connectionpool - https://www.gamerpower.com:443 "GET /offers/1b/6a53a044a87b6.jpg HTTP/1.1" 200 36351
2026-09-08 16:38:58,309 - DEBUG - PIL.PngImagePlugin - STREAM b'IHDR' 16 13
2026-09-08 16:38:58,309 - DEBUG - PIL.PngImagePlugin - STREAM b'IDAT' 41 54256
2026-09-08 16:39:51,630 - INFO - KGameTracker - ℹ️  ==================================================
2026-09-08 16:39:51,630 - INFO - KGameTracker - ℹ️  K GAME TRACKER - CERRADA
2026-09-08 16:39:51,630 - INFO - KGameTracker - ℹ️  ==================================================
2026-09-08 16:44:33,928 - INFO - KGameTracker - ℹ️  ==================================================
2026-09-08 16:44:33,928 - INFO - KGameTracker - ℹ️  K GAME TRACKER - INICIADA
2026-09-08 16:44:33,928 - INFO - KGameTracker - ℹ️  ==================================================
2026-09-08 16:44:34,053 - DEBUG - PIL.Image - Importing PngImagePlugin
2026-09-08 16:44:34,060 - DEBUG - PIL.PngImagePlugin - STREAM b'IHDR' 16 13
2026-09-08 16:44:34,061 - DEBUG - PIL.PngImagePlugin - STREAM b'caBX' 41 5758
2026-09-08 16:44:34,061 - DEBUG - PIL.PngImagePlugin - b'caBX' 41 5758 (unknown)
2026-09-08 16:44:34,061 - DEBUG - PIL.PngImagePlugin - STREAM b'IDAT' 5811 65536
2026-09-08 16:44:36,524 - DEBUG - PIL.PngImagePlugin - STREAM b'IHDR' 16 13
2026-09-08 16:44:36,524 - DEBUG - PIL.PngImagePlugin - STREAM b'caBX' 41 5758
2026-09-08 16:44:36,524 - DEBUG - PIL.PngImagePlugin - b'caBX' 41 5758 (unknown)
2026-09-08 16:44:36,524 - DEBUG - PIL.PngImagePlugin - STREAM b'IDAT' 5811 65536
2026-09-08 16:44:36,555 - DEBUG - PIL.PngImagePlugin - STREAM b'IHDR' 16 13
2026-09-08 16:44:36,556 - DEBUG - PIL.PngImagePlugin - STREAM b'IDAT' 41 53758
2026-09-08 16:44:36,559 - DEBUG - PIL.PngImagePlugin - STREAM b'IHDR' 16 13
2026-09-08 16:44:36,559 - DEBUG - PIL.PngImagePlugin - STREAM b'IDAT' 41 65536
2026-09-08 16:44:36,682 - DEBUG - PIL.PngImagePlugin - STREAM b'IHDR' 16 13
2026-09-08 16:44:36,682 - DEBUG - PIL.PngImagePlugin - STREAM b'IDAT' 41 58612
2026-09-08 16:44:36,685 - DEBUG - PIL.PngImagePlugin - STREAM b'IHDR' 16 13
2026-09-08 16:44:36,685 - DEBUG - PIL.PngImagePlugin - STREAM b'IDAT' 41 63613
2026-09-08 16:44:36,688 - DEBUG - PIL.PngImagePlugin - STREAM b'IHDR' 16 13
2026-09-08 16:44:36,689 - DEBUG - PIL.PngImagePlugin - STREAM b'IDAT' 41 65536
2026-09-08 16:44:36,692 - DEBUG - PIL.PngImagePlugin - STREAM b'IHDR' 16 13
2026-09-08 16:44:36,693 - DEBUG - PIL.PngImagePlugin - STREAM b'IDAT' 41 63580
2026-09-08 16:44:36,697 - DEBUG - PIL.PngImagePlugin - STREAM b'IHDR' 16 13
2026-09-08 16:44:36,697 - DEBUG - PIL.PngImagePlugin - STREAM b'IDAT' 41 64126
2026-09-08 16:44:36,700 - DEBUG - PIL.PngImagePlugin - STREAM b'IHDR' 16 13
2026-09-08 16:44:36,700 - DEBUG - PIL.PngImagePlugin - STREAM b'IDAT' 41 64126
2026-09-08 16:44:36,704 - DEBUG - PIL.PngImagePlugin - STREAM b'IHDR' 16 13
2026-09-08 16:44:36,704 - DEBUG - PIL.PngImagePlugin - STREAM b'IDAT' 41 64126
2026-09-08 16:44:36,708 - DEBUG - PIL.PngImagePlugin - STREAM b'IHDR' 16 13
2026-09-08 16:44:36,708 - DEBUG - PIL.PngImagePlugin - STREAM b'IDAT' 41 56150
2026-09-08 16:44:36,712 - DEBUG - PIL.PngImagePlugin - STREAM b'IHDR' 16 13
2026-09-08 16:44:36,712 - DEBUG - PIL.PngImagePlugin - STREAM b'IDAT' 41 64126
2026-09-08 16:44:36,716 - DEBUG - PIL.PngImagePlugin - STREAM b'IHDR' 16 13
2026-09-08 16:44:36,716 - DEBUG - PIL.PngImagePlugin - STREAM b'IDAT' 41 64126
2026-09-08 16:44:36,732 - DEBUG - PIL.PngImagePlugin - STREAM b'IHDR' 16 13
2026-09-08 16:44:36,732 - DEBUG - PIL.PngImagePlugin - STREAM b'IDAT' 41 62450
2026-09-08 16:44:36,824 - DEBUG - PIL.PngImagePlugin - STREAM b'IHDR' 16 13
2026-09-08 16:44:36,824 - DEBUG - PIL.PngImagePlugin - STREAM b'IDAT' 41 65536
2026-09-08 16:44:36,827 - DEBUG - PIL.PngImagePlugin - STREAM b'IHDR' 16 13
2026-09-08 16:44:36,827 - DEBUG - PIL.PngImagePlugin - STREAM b'IDAT' 41 65536
2026-09-08 16:44:36,942 - DEBUG - PIL.PngImagePlugin - STREAM b'IHDR' 16 13
2026-09-08 16:44:36,942 - DEBUG - PIL.PngImagePlugin - STREAM b'IDAT' 41 62450
2026-09-08 16:44:37,045 - DEBUG - PIL.PngImagePlugin - STREAM b'IHDR' 16 13
2026-09-08 16:44:37,045 - DEBUG - PIL.PngImagePlugin - STREAM b'IDAT' 41 62450
2026-09-08 16:44:37,149 - DEBUG - PIL.PngImagePlugin - STREAM b'IHDR' 16 13
2026-09-08 16:44:37,150 - DEBUG - PIL.PngImagePlugin - STREAM b'IDAT' 41 62450
2026-09-08 16:44:37,252 - DEBUG - PIL.PngImagePlugin - STREAM b'IHDR' 16 13
2026-09-08 16:44:37,253 - DEBUG - PIL.PngImagePlugin - STREAM b'IDAT' 41 62450
2026-09-08 16:44:37,356 - DEBUG - PIL.PngImagePlugin - STREAM b'IHDR' 16 13
2026-09-08 16:44:37,357 - DEBUG - PIL.PngImagePlugin - STREAM b'IDAT' 41 62450
2026-09-08 16:44:37,460 - DEBUG - PIL.PngImagePlugin - STREAM b'IHDR' 16 13
2026-09-08 16:44:37,460 - DEBUG - PIL.PngImagePlugin - STREAM b'IDAT' 41 62450
2026-09-08 16:44:37,564 - DEBUG - PIL.PngImagePlugin - STREAM b'IHDR' 16 13
2026-09-08 16:44:37,564 - DEBUG - PIL.PngImagePlugin - STREAM b'IDAT' 41 62450
2026-09-08 16:44:37,667 - DEBUG - PIL.PngImagePlugin - STREAM b'IHDR' 16 13
2026-09-08 16:44:37,667 - DEBUG - PIL.PngImagePlugin - STREAM b'IDAT' 41 62450
2026-09-08 16:44:37,771 - DEBUG - PIL.PngImagePlugin - STREAM b'IHDR' 16 13
2026-09-08 16:44:37,771 - DEBUG - PIL.PngImagePlugin - STREAM b'IDAT' 41 62450
2026-09-08 16:44:37,873 - DEBUG - PIL.PngImagePlugin - STREAM b'IHDR' 16 13
2026-09-08 16:44:37,874 - DEBUG - PIL.PngImagePlugin - STREAM b'IDAT' 41 62450
2026-09-08 16:44:38,032 - DEBUG - urllib3.connectionpool - Starting new HTTPS connection (1): www.gamerpower.com:443
2026-09-08 16:44:38,175 - DEBUG - urllib3.connectionpool - https://www.gamerpower.com:443 "GET /api/giveaways?type=game HTTP/1.1" 200 None
2026-09-08 16:44:38,507 - DEBUG - urllib3.connectionpool - Starting new HTTPS connection (1): www.gamerpower.com:443
2026-09-08 16:44:38,623 - DEBUG - urllib3.connectionpool - https://www.gamerpower.com:443 "GET /offers/1b/6a998bd861dec.jpg HTTP/1.1" 200 25311
2026-09-08 16:44:38,637 - DEBUG - PIL.PngImagePlugin - STREAM b'IHDR' 16 13
2026-09-08 16:44:38,638 - DEBUG - PIL.PngImagePlugin - STREAM b'IDAT' 41 54256
2026-09-08 16:44:38,669 - DEBUG - urllib3.connectionpool - https://www.gamerpower.com:443 "GET /offers/1b/6a53a044a87b6.jpg HTTP/1.1" 200 36351
2026-09-08 16:44:38,676 - DEBUG - PIL.PngImagePlugin - STREAM b'IHDR' 16 13
2026-09-08 16:44:38,676 - DEBUG - PIL.PngImagePlugin - STREAM b'IDAT' 41 54256
2026-09-08 16:45:00,452 - DEBUG - PIL.PngImagePlugin - STREAM b'IHDR' 16 13
2026-09-08 16:45:00,452 - DEBUG - PIL.PngImagePlugin - STREAM b'IDAT' 41 65536
2026-09-08 16:45:00,456 - DEBUG - PIL.PngImagePlugin - STREAM b'IHDR' 16 13
2026-09-08 16:45:00,457 - DEBUG - PIL.PngImagePlugin - STREAM b'IDAT' 41 65536
2026-09-08 16:45:42,535 - INFO - KGameTracker - ℹ️  ==================================================
2026-09-08 16:45:42,536 - INFO - KGameTracker - ℹ️  K GAME TRACKER - CERRADA
2026-09-08 16:45:42,537 - INFO - KGameTracker - ℹ️  ==================================================
2026-09-08 16:45:53,047 - INFO - KGameTracker - ℹ️  ==================================================
2026-09-08 16:45:53,048 - INFO - KGameTracker - ℹ️  K GAME TRACKER - INICIADA
2026-09-08 16:45:53,048 - INFO - KGameTracker - ℹ️  ==================================================
2026-09-08 16:45:53,173 - DEBUG - PIL.Image - Importing PngImagePlugin
2026-09-08 16:45:53,180 - DEBUG - PIL.PngImagePlugin - STREAM b'IHDR' 16 13
2026-09-08 16:45:53,180 - DEBUG - PIL.PngImagePlugin - STREAM b'caBX' 41 5758
2026-09-08 16:45:53,180 - DEBUG - PIL.PngImagePlugin - b'caBX' 41 5758 (unknown)
2026-09-08 16:45:53,180 - DEBUG - PIL.PngImagePlugin - STREAM b'IDAT' 5811 65536
2026-09-08 16:45:55,503 - DEBUG - PIL.PngImagePlugin - STREAM b'IHDR' 16 13
2026-09-08 16:45:55,504 - DEBUG - PIL.PngImagePlugin - STREAM b'caBX' 41 5758
2026-09-08 16:45:55,504 - DEBUG - PIL.PngImagePlugin - b'caBX' 41 5758 (unknown)
2026-09-08 16:45:55,504 - DEBUG - PIL.PngImagePlugin - STREAM b'IDAT' 5811 65536
2026-09-08 16:45:55,533 - DEBUG - PIL.PngImagePlugin - STREAM b'IHDR' 16 13
2026-09-08 16:45:55,533 - DEBUG - PIL.PngImagePlugin - STREAM b'IDAT' 41 53758
2026-09-08 16:45:55,538 - DEBUG - PIL.PngImagePlugin - STREAM b'IHDR' 16 13
2026-09-08 16:45:55,538 - DEBUG - PIL.PngImagePlugin - STREAM b'IDAT' 41 65536
2026-09-08 16:45:55,668 - DEBUG - PIL.PngImagePlugin - STREAM b'IHDR' 16 13
2026-09-08 16:45:55,668 - DEBUG - PIL.PngImagePlugin - STREAM b'IDAT' 41 58612
2026-09-08 16:45:55,672 - DEBUG - PIL.PngImagePlugin - STREAM b'IHDR' 16 13
2026-09-08 16:45:55,672 - DEBUG - PIL.PngImagePlugin - STREAM b'IDAT' 41 63613
2026-09-08 16:45:55,677 - DEBUG - PIL.PngImagePlugin - STREAM b'IHDR' 16 13
2026-09-08 16:45:55,677 - DEBUG - PIL.PngImagePlugin - STREAM b'IDAT' 41 65536
2026-09-08 16:45:55,681 - DEBUG - PIL.PngImagePlugin - STREAM b'IHDR' 16 13
2026-09-08 16:45:55,682 - DEBUG - PIL.PngImagePlugin - STREAM b'IDAT' 41 63580
2026-09-08 16:45:55,686 - DEBUG - PIL.PngImagePlugin - STREAM b'IHDR' 16 13
2026-09-08 16:45:55,686 - DEBUG - PIL.PngImagePlugin - STREAM b'IDAT' 41 64126
2026-09-08 16:45:55,690 - DEBUG - PIL.PngImagePlugin - STREAM b'IHDR' 16 13
2026-09-08 16:45:55,691 - DEBUG - PIL.PngImagePlugin - STREAM b'IDAT' 41 64126
2026-09-08 16:45:55,696 - DEBUG - PIL.PngImagePlugin - STREAM b'IHDR' 16 13
2026-09-08 16:45:55,696 - DEBUG - PIL.PngImagePlugin - STREAM b'IDAT' 41 64126
2026-09-08 16:45:55,700 - DEBUG - PIL.PngImagePlugin - STREAM b'IHDR' 16 13
2026-09-08 16:45:55,700 - DEBUG - PIL.PngImagePlugin - STREAM b'IDAT' 41 56150
2026-09-08 16:45:55,705 - DEBUG - PIL.PngImagePlugin - STREAM b'IHDR' 16 13
2026-09-08 16:45:55,705 - DEBUG - PIL.PngImagePlugin - STREAM b'IDAT' 41 64126
2026-09-08 16:45:55,709 - DEBUG - PIL.PngImagePlugin - STREAM b'IHDR' 16 13
2026-09-08 16:45:55,709 - DEBUG - PIL.PngImagePlugin - STREAM b'IDAT' 41 64126
2026-09-08 16:45:55,727 - DEBUG - PIL.PngImagePlugin - STREAM b'IHDR' 16 13
2026-09-08 16:45:55,727 - DEBUG - PIL.PngImagePlugin - STREAM b'IDAT' 41 62450
2026-09-08 16:45:55,816 - DEBUG - PIL.PngImagePlugin - STREAM b'IHDR' 16 13
2026-09-08 16:45:55,817 - DEBUG - PIL.PngImagePlugin - STREAM b'IDAT' 41 65536
2026-09-08 16:45:55,820 - DEBUG - PIL.PngImagePlugin - STREAM b'IHDR' 16 13
2026-09-08 16:45:55,820 - DEBUG - PIL.PngImagePlugin - STREAM b'IDAT' 41 65536
2026-09-08 16:45:55,924 - DEBUG - PIL.PngImagePlugin - STREAM b'IHDR' 16 13
2026-09-08 16:45:55,924 - DEBUG - PIL.PngImagePlugin - STREAM b'IDAT' 41 62450
2026-09-08 16:45:56,027 - DEBUG - PIL.PngImagePlugin - STREAM b'IHDR' 16 13
2026-09-08 16:45:56,027 - DEBUG - PIL.PngImagePlugin - STREAM b'IDAT' 41 62450
2026-09-08 16:45:56,131 - DEBUG - PIL.PngImagePlugin - STREAM b'IHDR' 16 13
2026-09-08 16:45:56,131 - DEBUG - PIL.PngImagePlugin - STREAM b'IDAT' 41 62450
2026-09-08 16:45:56,234 - DEBUG - PIL.PngImagePlugin - STREAM b'IHDR' 16 13
2026-09-08 16:45:56,235 - DEBUG - PIL.PngImagePlugin - STREAM b'IDAT' 41 62450
2026-09-08 16:45:56,339 - DEBUG - PIL.PngImagePlugin - STREAM b'IHDR' 16 13
2026-09-08 16:45:56,339 - DEBUG - PIL.PngImagePlugin - STREAM b'IDAT' 41 62450
2026-09-08 16:45:56,442 - DEBUG - PIL.PngImagePlugin - STREAM b'IHDR' 16 13
2026-09-08 16:45:56,443 - DEBUG - PIL.PngImagePlugin - STREAM b'IDAT' 41 62450
2026-09-08 16:45:56,546 - DEBUG - PIL.PngImagePlugin - STREAM b'IHDR' 16 13
2026-09-08 16:45:56,547 - DEBUG - PIL.PngImagePlugin - STREAM b'IDAT' 41 62450
2026-09-08 16:45:56,649 - DEBUG - PIL.PngImagePlugin - STREAM b'IHDR' 16 13
2026-09-08 16:45:56,650 - DEBUG - PIL.PngImagePlugin - STREAM b'IDAT' 41 62450
2026-09-08 16:45:56,754 - DEBUG - PIL.PngImagePlugin - STREAM b'IHDR' 16 13
2026-09-08 16:45:56,754 - DEBUG - PIL.PngImagePlugin - STREAM b'IDAT' 41 62450
2026-09-08 16:45:56,857 - DEBUG - PIL.PngImagePlugin - STREAM b'IHDR' 16 13
2026-09-08 16:45:56,857 - DEBUG - PIL.PngImagePlugin - STREAM b'IDAT' 41 62450
2026-09-08 16:45:57,226 - DEBUG - urllib3.connectionpool - Starting new HTTPS connection (1): www.gamerpower.com:443
2026-09-08 16:45:57,348 - DEBUG - urllib3.connectionpool - https://www.gamerpower.com:443 "GET /api/giveaways?type=game HTTP/1.1" 200 None
2026-09-08 16:45:58,305 - DEBUG - urllib3.connectionpool - Starting new HTTPS connection (1): www.gamerpower.com:443
2026-09-08 16:45:58,425 - DEBUG - urllib3.connectionpool - https://www.gamerpower.com:443 "GET /offers/1b/6a998bd861dec.jpg HTTP/1.1" 200 25311
2026-09-08 16:45:58,438 - DEBUG - PIL.PngImagePlugin - STREAM b'IHDR' 16 13
2026-09-08 16:45:58,438 - DEBUG - PIL.PngImagePlugin - STREAM b'IDAT' 41 54256
2026-09-08 16:45:58,463 - DEBUG - urllib3.connectionpool - https://www.gamerpower.com:443 "GET /offers/1b/6a53a044a87b6.jpg HTTP/1.1" 200 36351
2026-09-08 16:45:58,469 - DEBUG - PIL.PngImagePlugin - STREAM b'IHDR' 16 13
2026-09-08 16:45:58,469 - DEBUG - PIL.PngImagePlugin - STREAM b'IDAT' 41 54256
2026-09-08 16:46:04,250 - DEBUG - urllib3.connectionpool - https://www.gamerpower.com:443 "GET /offers/1b/6a59119a8eb8d.jpg HTTP/1.1" 200 40398
2026-09-08 16:46:04,255 - DEBUG - PIL.PngImagePlugin - STREAM b'IHDR' 16 13
2026-09-08 16:46:04,255 - DEBUG - PIL.PngImagePlugin - STREAM b'IDAT' 41 54256
2026-09-08 16:46:05,537 - DEBUG - urllib3.connectionpool - https://www.gamerpower.com:443 "GET /offers/1b/6a9ebcfac0aab.jpg HTTP/1.1" 200 45431
2026-09-08 16:46:05,543 - DEBUG - PIL.PngImagePlugin - STREAM b'IHDR' 16 13
2026-09-08 16:46:05,543 - DEBUG - PIL.PngImagePlugin - STREAM b'IDAT' 41 54256
2026-09-08 16:46:07,321 - DEBUG - urllib3.connectionpool - https://www.gamerpower.com:443 "GET /offers/1b/6a456f543d3c9.jpg HTTP/1.1" 200 23987
2026-09-08 16:46:07,326 - DEBUG - PIL.PngImagePlugin - STREAM b'IHDR' 16 13
2026-09-08 16:46:07,326 - DEBUG - PIL.PngImagePlugin - STREAM b'IDAT' 41 54256
2026-09-08 16:46:07,355 - DEBUG - urllib3.connectionpool - https://www.gamerpower.com:443 "GET /offers/1b/6a27eafa35794.jpg HTTP/1.1" 200 28898
2026-09-08 16:46:07,359 - DEBUG - PIL.PngImagePlugin - STREAM b'IHDR' 16 13
2026-09-08 16:46:07,359 - DEBUG - PIL.PngImagePlugin - STREAM b'IDAT' 41 54256
2026-09-08 16:46:07,388 - DEBUG - urllib3.connectionpool - https://www.gamerpower.com:443 "GET /offers/1b/6946b7c157bca.jpg HTTP/1.1" 200 33903
2026-09-08 16:46:07,393 - DEBUG - PIL.PngImagePlugin - STREAM b'IHDR' 16 13
2026-09-08 16:46:07,393 - DEBUG - PIL.PngImagePlugin - STREAM b'IDAT' 41 54256
2026-09-08 16:46:07,420 - DEBUG - urllib3.connectionpool - https://www.gamerpower.com:443 "GET /offers/1b/698fa7369c1f5.jpg HTTP/1.1" 200 31147
2026-09-08 16:46:07,424 - DEBUG - PIL.PngImagePlugin - STREAM b'IHDR' 16 13
2026-09-08 16:46:07,424 - DEBUG - PIL.PngImagePlugin - STREAM b'IDAT' 41 54256
2026-09-08 16:46:07,454 - DEBUG - urllib3.connectionpool - https://www.gamerpower.com:443 "GET /offers/1b/6946b8c46bc9b.jpg HTTP/1.1" 200 41266
2026-09-08 16:46:07,459 - DEBUG - PIL.PngImagePlugin - STREAM b'IHDR' 16 13
2026-09-08 16:46:07,460 - DEBUG - PIL.PngImagePlugin - STREAM b'IDAT' 41 54256
2026-09-08 16:46:07,488 - DEBUG - urllib3.connectionpool - https://www.gamerpower.com:443 "GET /offers/1b/63c6f67bb9c8b.jpg HTTP/1.1" 200 49447
2026-09-08 16:46:07,492 - DEBUG - PIL.PngImagePlugin - STREAM b'IHDR' 16 13
2026-09-08 16:46:07,492 - DEBUG - PIL.PngImagePlugin - STREAM b'IDAT' 41 54256
2026-09-08 16:46:39,776 - INFO - KGameTracker - ℹ️  ==================================================
2026-09-08 16:46:39,776 - INFO - KGameTracker - ℹ️  K GAME TRACKER - CERRADA
2026-09-08 16:46:39,776 - INFO - KGameTracker - ℹ️  ==================================================
2026-09-08 16:48:59,510 - INFO - KGameTracker - ℹ️  ==================================================
2026-09-08 16:48:59,510 - INFO - KGameTracker - ℹ️  K GAME TRACKER - INICIADA
2026-09-08 16:48:59,510 - INFO - KGameTracker - ℹ️  ==================================================
2026-09-08 16:48:59,632 - DEBUG - PIL.Image - Importing PngImagePlugin
2026-09-08 16:48:59,639 - DEBUG - PIL.PngImagePlugin - STREAM b'IHDR' 16 13
2026-09-08 16:48:59,639 - DEBUG - PIL.PngImagePlugin - STREAM b'caBX' 41 5758
2026-09-08 16:48:59,639 - DEBUG - PIL.PngImagePlugin - b'caBX' 41 5758 (unknown)
2026-09-08 16:48:59,639 - DEBUG - PIL.PngImagePlugin - STREAM b'IDAT' 5811 65536
2026-09-08 16:49:02,043 - DEBUG - PIL.PngImagePlugin - STREAM b'IHDR' 16 13
2026-09-08 16:49:02,043 - DEBUG - PIL.PngImagePlugin - STREAM b'caBX' 41 5758
2026-09-08 16:49:02,044 - DEBUG - PIL.PngImagePlugin - b'caBX' 41 5758 (unknown)
2026-09-08 16:49:02,044 - DEBUG - PIL.PngImagePlugin - STREAM b'IDAT' 5811 65536
2026-09-08 16:49:02,073 - DEBUG - PIL.PngImagePlugin - STREAM b'IHDR' 16 13
2026-09-08 16:49:02,074 - DEBUG - PIL.PngImagePlugin - STREAM b'IDAT' 41 53758
2026-09-08 16:49:02,078 - DEBUG - PIL.PngImagePlugin - STREAM b'IHDR' 16 13
2026-09-08 16:49:02,078 - DEBUG - PIL.PngImagePlugin - STREAM b'IDAT' 41 65536
2026-09-08 16:49:02,082 - DEBUG - PIL.PngImagePlugin - STREAM b'IHDR' 16 13
2026-09-08 16:49:02,082 - DEBUG - PIL.PngImagePlugin - STREAM b'IDAT' 41 58612
2026-09-08 16:49:02,085 - DEBUG - PIL.PngImagePlugin - STREAM b'IHDR' 16 13
2026-09-08 16:49:02,085 - DEBUG - PIL.PngImagePlugin - STREAM b'IDAT' 41 63613
2026-09-08 16:49:02,089 - DEBUG - PIL.PngImagePlugin - STREAM b'IHDR' 16 13
2026-09-08 16:49:02,089 - DEBUG - PIL.PngImagePlugin - STREAM b'IDAT' 41 65536
2026-09-08 16:49:02,094 - DEBUG - PIL.PngImagePlugin - STREAM b'IHDR' 16 13
2026-09-08 16:49:02,094 - DEBUG - PIL.PngImagePlugin - STREAM b'IDAT' 41 63580
2026-09-08 16:49:02,099 - DEBUG - PIL.PngImagePlugin - STREAM b'IHDR' 16 13
2026-09-08 16:49:02,099 - DEBUG - PIL.PngImagePlugin - STREAM b'IDAT' 41 64126
2026-09-08 16:49:02,102 - DEBUG - PIL.PngImagePlugin - STREAM b'IHDR' 16 13
2026-09-08 16:49:02,103 - DEBUG - PIL.PngImagePlugin - STREAM b'IDAT' 41 64126
2026-09-08 16:49:02,107 - DEBUG - PIL.PngImagePlugin - STREAM b'IHDR' 16 13
2026-09-08 16:49:02,107 - DEBUG - PIL.PngImagePlugin - STREAM b'IDAT' 41 64126
2026-09-08 16:49:02,111 - DEBUG - PIL.PngImagePlugin - STREAM b'IHDR' 16 13
2026-09-08 16:49:02,111 - DEBUG - PIL.PngImagePlugin - STREAM b'IDAT' 41 56150
2026-09-08 16:49:02,115 - DEBUG - PIL.PngImagePlugin - STREAM b'IHDR' 16 13
2026-09-08 16:49:02,115 - DEBUG - PIL.PngImagePlugin - STREAM b'IDAT' 41 64126
2026-09-08 16:49:02,119 - DEBUG - PIL.PngImagePlugin - STREAM b'IHDR' 16 13
2026-09-08 16:49:02,120 - DEBUG - PIL.PngImagePlugin - STREAM b'IDAT' 41 64126
2026-09-08 16:49:02,127 - DEBUG - PIL.PngImagePlugin - STREAM b'IHDR' 16 13
2026-09-08 16:49:02,127 - DEBUG - PIL.PngImagePlugin - STREAM b'IDAT' 41 62450
2026-09-08 16:49:02,212 - DEBUG - PIL.PngImagePlugin - STREAM b'IHDR' 16 13
2026-09-08 16:49:02,212 - DEBUG - PIL.PngImagePlugin - STREAM b'IDAT' 41 65536
2026-09-08 16:49:02,215 - DEBUG - PIL.PngImagePlugin - STREAM b'IHDR' 16 13
2026-09-08 16:49:02,215 - DEBUG - PIL.PngImagePlugin - STREAM b'IDAT' 41 65536
2026-09-08 16:49:02,326 - DEBUG - PIL.PngImagePlugin - STREAM b'IHDR' 16 13
2026-09-08 16:49:02,327 - DEBUG - PIL.PngImagePlugin - STREAM b'IDAT' 41 62450
2026-09-08 16:49:02,430 - DEBUG - PIL.PngImagePlugin - STREAM b'IHDR' 16 13
2026-09-08 16:49:02,430 - DEBUG - PIL.PngImagePlugin - STREAM b'IDAT' 41 62450
2026-09-08 16:49:02,533 - DEBUG - PIL.PngImagePlugin - STREAM b'IHDR' 16 13
2026-09-08 16:49:02,534 - DEBUG - PIL.PngImagePlugin - STREAM b'IDAT' 41 62450
2026-09-08 16:49:02,637 - DEBUG - PIL.PngImagePlugin - STREAM b'IHDR' 16 13
2026-09-08 16:49:02,637 - DEBUG - PIL.PngImagePlugin - STREAM b'IDAT' 41 62450
2026-09-08 16:49:02,740 - DEBUG - PIL.PngImagePlugin - STREAM b'IHDR' 16 13
2026-09-08 16:49:02,741 - DEBUG - PIL.PngImagePlugin - STREAM b'IDAT' 41 62450
2026-09-08 16:49:02,843 - DEBUG - PIL.PngImagePlugin - STREAM b'IHDR' 16 13
2026-09-08 16:49:02,844 - DEBUG - PIL.PngImagePlugin - STREAM b'IDAT' 41 62450
2026-09-08 16:49:02,946 - DEBUG - PIL.PngImagePlugin - STREAM b'IHDR' 16 13
2026-09-08 16:49:02,947 - DEBUG - PIL.PngImagePlugin - STREAM b'IDAT' 41 62450
2026-09-08 16:49:03,050 - DEBUG - PIL.PngImagePlugin - STREAM b'IHDR' 16 13
2026-09-08 16:49:03,050 - DEBUG - PIL.PngImagePlugin - STREAM b'IDAT' 41 62450
2026-09-08 16:49:03,153 - DEBUG - PIL.PngImagePlugin - STREAM b'IHDR' 16 13
2026-09-08 16:49:03,153 - DEBUG - PIL.PngImagePlugin - STREAM b'IDAT' 41 62450
2026-09-08 16:49:03,257 - DEBUG - PIL.PngImagePlugin - STREAM b'IHDR' 16 13
2026-09-08 16:49:03,257 - DEBUG - PIL.PngImagePlugin - STREAM b'IDAT' 41 62450
2026-09-08 16:49:03,493 - DEBUG - urllib3.connectionpool - Starting new HTTPS connection (1): www.gamerpower.com:443
2026-09-08 16:49:03,612 - DEBUG - urllib3.connectionpool - https://www.gamerpower.com:443 "GET /api/giveaways?type=game HTTP/1.1" 200 None
2026-09-08 16:49:04,029 - DEBUG - urllib3.connectionpool - Starting new HTTPS connection (1): www.gamerpower.com:443
2026-09-08 16:49:04,133 - DEBUG - urllib3.connectionpool - https://www.gamerpower.com:443 "GET /offers/1b/6a998bd861dec.jpg HTTP/1.1" 200 25311
2026-09-08 16:49:04,146 - DEBUG - PIL.PngImagePlugin - STREAM b'IHDR' 16 13
2026-09-08 16:49:04,146 - DEBUG - PIL.PngImagePlugin - STREAM b'IDAT' 41 54256
2026-09-08 16:49:04,174 - DEBUG - urllib3.connectionpool - https://www.gamerpower.com:443 "GET /offers/1b/6a53a044a87b6.jpg HTTP/1.1" 200 36351
2026-09-08 16:49:04,178 - DEBUG - PIL.PngImagePlugin - STREAM b'IHDR' 16 13
2026-09-08 16:49:04,178 - DEBUG - PIL.PngImagePlugin - STREAM b'IDAT' 41 54256
2026-09-08 16:49:06,719 - DEBUG - urllib3.connectionpool - https://www.gamerpower.com:443 "GET /offers/1b/6a59119a8eb8d.jpg HTTP/1.1" 200 40398
2026-09-08 16:49:06,724 - DEBUG - PIL.PngImagePlugin - STREAM b'IHDR' 16 13
2026-09-08 16:49:06,724 - DEBUG - PIL.PngImagePlugin - STREAM b'IDAT' 41 54256
2026-09-08 16:49:07,746 - DEBUG - urllib3.connectionpool - https://www.gamerpower.com:443 "GET /offers/1b/6a9ebcfac0aab.jpg HTTP/1.1" 200 45431
2026-09-08 16:49:07,753 - DEBUG - PIL.PngImagePlugin - STREAM b'IHDR' 16 13
2026-09-08 16:49:07,754 - DEBUG - PIL.PngImagePlugin - STREAM b'IDAT' 41 54256
2026-09-08 16:49:08,876 - DEBUG - urllib3.connectionpool - https://www.gamerpower.com:443 "GET /offers/1b/6a456f543d3c9.jpg HTTP/1.1" 200 23987
2026-09-08 16:49:08,884 - DEBUG - PIL.PngImagePlugin - STREAM b'IHDR' 16 13
2026-09-08 16:49:08,885 - DEBUG - PIL.PngImagePlugin - STREAM b'IDAT' 41 54256
2026-09-08 16:49:08,917 - DEBUG - urllib3.connectionpool - https://www.gamerpower.com:443 "GET /offers/1b/6a27eafa35794.jpg HTTP/1.1" 200 28898
2026-09-08 16:49:08,921 - DEBUG - PIL.PngImagePlugin - STREAM b'IHDR' 16 13
2026-09-08 16:49:08,921 - DEBUG - PIL.PngImagePlugin - STREAM b'IDAT' 41 54256
2026-09-08 16:49:08,957 - DEBUG - urllib3.connectionpool - https://www.gamerpower.com:443 "GET /offers/1b/6946b7c157bca.jpg HTTP/1.1" 200 33903
2026-09-08 16:49:08,961 - DEBUG - PIL.PngImagePlugin - STREAM b'IHDR' 16 13
2026-09-08 16:49:08,961 - DEBUG - PIL.PngImagePlugin - STREAM b'IDAT' 41 54256
2026-09-08 16:49:08,990 - DEBUG - urllib3.connectionpool - https://www.gamerpower.com:443 "GET /offers/1b/698fa7369c1f5.jpg HTTP/1.1" 200 31147
2026-09-08 16:49:08,994 - DEBUG - PIL.PngImagePlugin - STREAM b'IHDR' 16 13
2026-09-08 16:49:08,994 - DEBUG - PIL.PngImagePlugin - STREAM b'IDAT' 41 54256
2026-09-08 16:49:09,023 - DEBUG - urllib3.connectionpool - https://www.gamerpower.com:443 "GET /offers/1b/6946b8c46bc9b.jpg HTTP/1.1" 200 41266
2026-09-08 16:49:09,028 - DEBUG - PIL.PngImagePlugin - STREAM b'IHDR' 16 13
2026-09-08 16:49:09,028 - DEBUG - PIL.PngImagePlugin - STREAM b'IDAT' 41 54256
2026-09-08 16:49:09,056 - DEBUG - urllib3.connectionpool - https://www.gamerpower.com:443 "GET /offers/1b/63c6f67bb9c8b.jpg HTTP/1.1" 200 49447
2026-09-08 16:49:09,061 - DEBUG - PIL.PngImagePlugin - STREAM b'IHDR' 16 13
2026-09-08 16:49:09,061 - DEBUG - PIL.PngImagePlugin - STREAM b'IDAT' 41 54256
2026-09-08 16:49:10,761 - DEBUG - urllib3.connectionpool - https://www.gamerpower.com:443 "GET /offers/1b/6a456f543d3c9.jpg HTTP/1.1" 200 23987
2026-09-08 16:49:10,766 - DEBUG - PIL.PngImagePlugin - STREAM b'IHDR' 16 13
2026-09-08 16:49:10,766 - DEBUG - PIL.PngImagePlugin - STREAM b'IDAT' 41 54256
2026-09-08 16:49:10,793 - DEBUG - urllib3.connectionpool - https://www.gamerpower.com:443 "GET /offers/1b/6a27eafa35794.jpg HTTP/1.1" 200 28898
2026-09-08 16:49:10,797 - DEBUG - PIL.PngImagePlugin - STREAM b'IHDR' 16 13
2026-09-08 16:49:10,798 - DEBUG - PIL.PngImagePlugin - STREAM b'IDAT' 41 54256
2026-09-08 16:49:10,823 - DEBUG - urllib3.connectionpool - https://www.gamerpower.com:443 "GET /offers/1b/6946b7c157bca.jpg HTTP/1.1" 200 33903
2026-09-08 16:49:10,827 - DEBUG - PIL.PngImagePlugin - STREAM b'IHDR' 16 13
2026-09-08 16:49:10,827 - DEBUG - PIL.PngImagePlugin - STREAM b'IDAT' 41 54256
2026-09-08 16:49:10,856 - DEBUG - urllib3.connectionpool - https://www.gamerpower.com:443 "GET /offers/1b/698fa7369c1f5.jpg HTTP/1.1" 200 31147
2026-09-08 16:49:10,860 - DEBUG - PIL.PngImagePlugin - STREAM b'IHDR' 16 13
2026-09-08 16:49:10,860 - DEBUG - PIL.PngImagePlugin - STREAM b'IDAT' 41 54256
2026-09-08 16:49:10,886 - DEBUG - urllib3.connectionpool - https://www.gamerpower.com:443 "GET /offers/1b/6946b8c46bc9b.jpg HTTP/1.1" 200 41266
2026-09-08 16:49:10,891 - DEBUG - PIL.PngImagePlugin - STREAM b'IHDR' 16 13
2026-09-08 16:49:10,891 - DEBUG - PIL.PngImagePlugin - STREAM b'IDAT' 41 54256
2026-09-08 16:49:10,919 - DEBUG - urllib3.connectionpool - https://www.gamerpower.com:443 "GET /offers/1b/63c6f67bb9c8b.jpg HTTP/1.1" 200 49447
2026-09-08 16:49:10,924 - DEBUG - PIL.PngImagePlugin - STREAM b'IHDR' 16 13
2026-09-08 16:49:10,925 - DEBUG - PIL.PngImagePlugin - STREAM b'IDAT' 41 54256
2026-09-08 16:49:12,691 - DEBUG - urllib3.connectionpool - https://www.gamerpower.com:443 "GET /offers/1b/68efabd65f913.jpg HTTP/1.1" 200 32166
2026-09-08 16:49:12,695 - DEBUG - PIL.PngImagePlugin - STREAM b'IHDR' 16 13
2026-09-08 16:49:12,695 - DEBUG - PIL.PngImagePlugin - STREAM b'IDAT' 41 54256
2026-09-08 16:49:12,725 - DEBUG - urllib3.connectionpool - https://www.gamerpower.com:443 "GET /offers/1b/68e6513c31514.jpg HTTP/1.1" 200 18347
2026-09-08 16:49:12,729 - DEBUG - PIL.PngImagePlugin - STREAM b'IHDR' 16 13
2026-09-08 16:49:12,729 - DEBUG - PIL.PngImagePlugin - STREAM b'IDAT' 41 54256
2026-09-08 16:49:12,757 - DEBUG - urllib3.connectionpool - https://www.gamerpower.com:443 "GET /offers/1b/68e15e986da99.jpg HTTP/1.1" 200 23873
2026-09-08 16:49:12,761 - DEBUG - PIL.PngImagePlugin - STREAM b'IHDR' 16 13
2026-09-08 16:49:12,761 - DEBUG - PIL.PngImagePlugin - STREAM b'IDAT' 41 54256
2026-09-08 16:49:12,793 - DEBUG - urllib3.connectionpool - https://www.gamerpower.com:443 "GET /offers/1b/68d828fc4174f.jpg HTTP/1.1" 200 57980
2026-09-08 16:49:12,798 - DEBUG - PIL.PngImagePlugin - STREAM b'IHDR' 16 13
2026-09-08 16:49:12,798 - DEBUG - PIL.PngImagePlugin - STREAM b'IDAT' 41 54256
2026-09-08 16:49:12,827 - DEBUG - urllib3.connectionpool - https://www.gamerpower.com:443 "GET /offers/1b/68dd2161c3088.jpg HTTP/1.1" 200 36137
2026-09-08 16:49:12,835 - DEBUG - PIL.PngImagePlugin - STREAM b'IHDR' 16 13
2026-09-08 16:49:12,835 - DEBUG - PIL.PngImagePlugin - STREAM b'IDAT' 41 54256
2026-09-08 16:49:13,095 - DEBUG - urllib3.connectionpool - https://www.gamerpower.com:443 "GET /offers/1b/6a998eb716bfe.jpg HTTP/1.1" 200 47772
2026-09-08 16:49:13,100 - DEBUG - PIL.PngImagePlugin - STREAM b'IHDR' 16 13
2026-09-08 16:49:13,101 - DEBUG - PIL.PngImagePlugin - STREAM b'IDAT' 41 54256
2026-09-08 16:49:13,139 - DEBUG - urllib3.connectionpool - https://www.gamerpower.com:443 "GET /offers/1b/6993208da38c7.jpg HTTP/1.1" 200 63785
2026-09-08 16:49:13,143 - DEBUG - PIL.PngImagePlugin - STREAM b'IHDR' 16 13
2026-09-08 16:49:13,143 - DEBUG - PIL.PngImagePlugin - STREAM b'IDAT' 41 54256
2026-09-08 16:49:13,174 - DEBUG - urllib3.connectionpool - https://www.gamerpower.com:443 "GET /offers/1b/69567c4ee0fa3.jpg HTTP/1.1" 200 67756
2026-09-08 16:49:13,179 - DEBUG - PIL.PngImagePlugin - STREAM b'IHDR' 16 13
2026-09-08 16:49:13,179 - DEBUG - PIL.PngImagePlugin - STREAM b'IDAT' 41 54256
2026-09-08 16:49:13,206 - DEBUG - urllib3.connectionpool - https://www.gamerpower.com:443 "GET /offers/1b/689aece93310e.jpg HTTP/1.1" 200 34152
2026-09-08 16:49:13,215 - DEBUG - PIL.PngImagePlugin - STREAM b'IHDR' 16 13
2026-09-08 16:49:13,215 - DEBUG - PIL.PngImagePlugin - STREAM b'IDAT' 41 54256
2026-09-08 16:49:14,345 - DEBUG - urllib3.connectionpool - https://www.gamerpower.com:443 "GET /offers/1b/6a998eb716bfe.jpg HTTP/1.1" 200 47772
2026-09-08 16:49:14,350 - DEBUG - PIL.PngImagePlugin - STREAM b'IHDR' 16 13
2026-09-08 16:49:14,351 - DEBUG - PIL.PngImagePlugin - STREAM b'IDAT' 41 54256
2026-09-08 16:49:14,377 - DEBUG - urllib3.connectionpool - https://www.gamerpower.com:443 "GET /offers/1b/6993208da38c7.jpg HTTP/1.1" 200 63785
2026-09-08 16:49:14,384 - DEBUG - PIL.PngImagePlugin - STREAM b'IHDR' 16 13
2026-09-08 16:49:14,384 - DEBUG - PIL.PngImagePlugin - STREAM b'IDAT' 41 54256
2026-09-08 16:49:14,413 - DEBUG - urllib3.connectionpool - https://www.gamerpower.com:443 "GET /offers/1b/69567c4ee0fa3.jpg HTTP/1.1" 200 67756
2026-09-08 16:49:14,418 - DEBUG - PIL.PngImagePlugin - STREAM b'IHDR' 16 13
2026-09-08 16:49:14,418 - DEBUG - PIL.PngImagePlugin - STREAM b'IDAT' 41 54256
2026-09-08 16:49:14,443 - DEBUG - urllib3.connectionpool - https://www.gamerpower.com:443 "GET /offers/1b/689aece93310e.jpg HTTP/1.1" 200 34152
2026-09-08 16:49:14,448 - DEBUG - PIL.PngImagePlugin - STREAM b'IHDR' 16 13
2026-09-08 16:49:14,448 - DEBUG - PIL.PngImagePlugin - STREAM b'IDAT' 41 54256
2026-09-08 16:49:14,913 - DEBUG - urllib3.connectionpool - https://www.gamerpower.com:443 "GET /offers/1b/6a998bd861dec.jpg HTTP/1.1" 200 25311
2026-09-08 16:49:14,917 - DEBUG - PIL.PngImagePlugin - STREAM b'IHDR' 16 13
2026-09-08 16:49:14,917 - DEBUG - PIL.PngImagePlugin - STREAM b'IDAT' 41 54256
2026-09-08 16:49:14,948 - DEBUG - urllib3.connectionpool - https://www.gamerpower.com:443 "GET /offers/1b/6a53a044a87b6.jpg HTTP/1.1" 200 36351
2026-09-08 16:49:14,952 - DEBUG - PIL.PngImagePlugin - STREAM b'IHDR' 16 13
2026-09-08 16:49:14,952 - DEBUG - PIL.PngImagePlugin - STREAM b'IDAT' 41 54256
2026-09-08 16:49:15,456 - DEBUG - urllib3.connectionpool - https://www.gamerpower.com:443 "GET /offers/1b/6a59119a8eb8d.jpg HTTP/1.1" 200 40398
2026-09-08 16:49:15,461 - DEBUG - PIL.PngImagePlugin - STREAM b'IHDR' 16 13
2026-09-08 16:49:15,461 - DEBUG - PIL.PngImagePlugin - STREAM b'IDAT' 41 54256
2026-09-08 16:49:15,957 - DEBUG - urllib3.connectionpool - https://www.gamerpower.com:443 "GET /offers/1b/6a9ebcfac0aab.jpg HTTP/1.1" 200 45431
2026-09-08 16:49:15,961 - DEBUG - PIL.PngImagePlugin - STREAM b'IHDR' 16 13
2026-09-08 16:49:15,961 - DEBUG - PIL.PngImagePlugin - STREAM b'IDAT' 41 54256
2026-09-08 16:49:16,817 - DEBUG - urllib3.connectionpool - https://www.gamerpower.com:443 "GET /offers/1b/6a456f543d3c9.jpg HTTP/1.1" 200 23987
2026-09-08 16:49:16,821 - DEBUG - PIL.PngImagePlugin - STREAM b'IHDR' 16 13
2026-09-08 16:49:16,821 - DEBUG - PIL.PngImagePlugin - STREAM b'IDAT' 41 54256
2026-09-08 16:49:16,848 - DEBUG - urllib3.connectionpool - https://www.gamerpower.com:443 "GET /offers/1b/6a27eafa35794.jpg HTTP/1.1" 200 28898
2026-09-08 16:49:16,851 - DEBUG - PIL.PngImagePlugin - STREAM b'IHDR' 16 13
2026-09-08 16:49:16,852 - DEBUG - PIL.PngImagePlugin - STREAM b'IDAT' 41 54256
2026-09-08 16:49:16,877 - DEBUG - urllib3.connectionpool - https://www.gamerpower.com:443 "GET /offers/1b/6946b7c157bca.jpg HTTP/1.1" 200 33903
2026-09-08 16:49:16,881 - DEBUG - PIL.PngImagePlugin - STREAM b'IHDR' 16 13
2026-09-08 16:49:16,881 - DEBUG - PIL.PngImagePlugin - STREAM b'IDAT' 41 54256
2026-09-08 16:49:16,906 - DEBUG - urllib3.connectionpool - https://www.gamerpower.com:443 "GET /offers/1b/698fa7369c1f5.jpg HTTP/1.1" 200 31147
2026-09-08 16:49:16,910 - DEBUG - PIL.PngImagePlugin - STREAM b'IHDR' 16 13
2026-09-08 16:49:16,910 - DEBUG - PIL.PngImagePlugin - STREAM b'IDAT' 41 54256
2026-09-08 16:49:16,936 - DEBUG - urllib3.connectionpool - https://www.gamerpower.com:443 "GET /offers/1b/6946b8c46bc9b.jpg HTTP/1.1" 200 41266
2026-09-08 16:49:16,941 - DEBUG - PIL.PngImagePlugin - STREAM b'IHDR' 16 13
2026-09-08 16:49:16,941 - DEBUG - PIL.PngImagePlugin - STREAM b'IDAT' 41 54256
2026-09-08 16:49:16,970 - DEBUG - urllib3.connectionpool - https://www.gamerpower.com:443 "GET /offers/1b/63c6f67bb9c8b.jpg HTTP/1.1" 200 49447
2026-09-08 16:49:16,974 - DEBUG - PIL.PngImagePlugin - STREAM b'IHDR' 16 13
2026-09-08 16:49:16,974 - DEBUG - PIL.PngImagePlugin - STREAM b'IDAT' 41 54256
2026-09-08 16:50:01,987 - INFO - KGameTracker - ℹ️  ==================================================
2026-09-08 16:50:01,987 - INFO - KGameTracker - ℹ️  K GAME TRACKER - CERRADA
2026-09-08 16:50:01,987 - INFO - KGameTracker - ℹ️  ==================================================
2026-09-08 16:50:19,011 - INFO - KGameTracker - ℹ️  ==================================================
2026-09-08 16:50:19,011 - INFO - KGameTracker - ℹ️  K GAME TRACKER - INICIADA
2026-09-08 16:50:19,011 - INFO - KGameTracker - ℹ️  ==================================================
2026-09-08 16:50:19,122 - DEBUG - PIL.Image - Importing PngImagePlugin
2026-09-08 16:50:19,129 - DEBUG - PIL.PngImagePlugin - STREAM b'IHDR' 16 13
2026-09-08 16:50:19,130 - DEBUG - PIL.PngImagePlugin - STREAM b'caBX' 41 5758
2026-09-08 16:50:19,130 - DEBUG - PIL.PngImagePlugin - b'caBX' 41 5758 (unknown)
2026-09-08 16:50:19,130 - DEBUG - PIL.PngImagePlugin - STREAM b'IDAT' 5811 65536
2026-09-08 16:50:21,552 - DEBUG - PIL.PngImagePlugin - STREAM b'IHDR' 16 13
2026-09-08 16:50:21,553 - DEBUG - PIL.PngImagePlugin - STREAM b'caBX' 41 5758
2026-09-08 16:50:21,553 - DEBUG - PIL.PngImagePlugin - b'caBX' 41 5758 (unknown)
2026-09-08 16:50:21,553 - DEBUG - PIL.PngImagePlugin - STREAM b'IDAT' 5811 65536
2026-09-08 16:50:21,580 - DEBUG - PIL.PngImagePlugin - STREAM b'IHDR' 16 13
2026-09-08 16:50:21,580 - DEBUG - PIL.PngImagePlugin - STREAM b'IDAT' 41 53758
2026-09-08 16:50:21,584 - DEBUG - PIL.PngImagePlugin - STREAM b'IHDR' 16 13
2026-09-08 16:50:21,584 - DEBUG - PIL.PngImagePlugin - STREAM b'IDAT' 41 65536
2026-09-08 16:50:21,587 - DEBUG - PIL.PngImagePlugin - STREAM b'IHDR' 16 13
2026-09-08 16:50:21,587 - DEBUG - PIL.PngImagePlugin - STREAM b'IDAT' 41 58612
2026-09-08 16:50:21,591 - DEBUG - PIL.PngImagePlugin - STREAM b'IHDR' 16 13
2026-09-08 16:50:21,591 - DEBUG - PIL.PngImagePlugin - STREAM b'IDAT' 41 63613
2026-09-08 16:50:21,594 - DEBUG - PIL.PngImagePlugin - STREAM b'IHDR' 16 13
2026-09-08 16:50:21,595 - DEBUG - PIL.PngImagePlugin - STREAM b'IDAT' 41 65536
2026-09-08 16:50:21,600 - DEBUG - PIL.PngImagePlugin - STREAM b'IHDR' 16 13
2026-09-08 16:50:21,600 - DEBUG - PIL.PngImagePlugin - STREAM b'IDAT' 41 63580
2026-09-08 16:50:21,604 - DEBUG - PIL.PngImagePlugin - STREAM b'IHDR' 16 13
2026-09-08 16:50:21,604 - DEBUG - PIL.PngImagePlugin - STREAM b'IDAT' 41 64126
2026-09-08 16:50:21,608 - DEBUG - PIL.PngImagePlugin - STREAM b'IHDR' 16 13
2026-09-08 16:50:21,608 - DEBUG - PIL.PngImagePlugin - STREAM b'IDAT' 41 64126
2026-09-08 16:50:21,613 - DEBUG - PIL.PngImagePlugin - STREAM b'IHDR' 16 13
2026-09-08 16:50:21,613 - DEBUG - PIL.PngImagePlugin - STREAM b'IDAT' 41 64126
2026-09-08 16:50:21,617 - DEBUG - PIL.PngImagePlugin - STREAM b'IHDR' 16 13
2026-09-08 16:50:21,617 - DEBUG - PIL.PngImagePlugin - STREAM b'IDAT' 41 56150
2026-09-08 16:50:21,621 - DEBUG - PIL.PngImagePlugin - STREAM b'IHDR' 16 13
2026-09-08 16:50:21,622 - DEBUG - PIL.PngImagePlugin - STREAM b'IDAT' 41 64126
2026-09-08 16:50:21,626 - DEBUG - PIL.PngImagePlugin - STREAM b'IHDR' 16 13
2026-09-08 16:50:21,626 - DEBUG - PIL.PngImagePlugin - STREAM b'IDAT' 41 64126
2026-09-08 16:50:21,634 - DEBUG - PIL.PngImagePlugin - STREAM b'IHDR' 16 13
2026-09-08 16:50:21,634 - DEBUG - PIL.PngImagePlugin - STREAM b'IDAT' 41 62450
2026-09-08 16:50:21,723 - DEBUG - PIL.PngImagePlugin - STREAM b'IHDR' 16 13
2026-09-08 16:50:21,724 - DEBUG - PIL.PngImagePlugin - STREAM b'IDAT' 41 65536
2026-09-08 16:50:21,726 - DEBUG - PIL.PngImagePlugin - STREAM b'IHDR' 16 13
2026-09-08 16:50:21,726 - DEBUG - PIL.PngImagePlugin - STREAM b'IDAT' 41 65536
2026-09-08 16:50:21,837 - DEBUG - PIL.PngImagePlugin - STREAM b'IHDR' 16 13
2026-09-08 16:50:21,837 - DEBUG - PIL.PngImagePlugin - STREAM b'IDAT' 41 62450
2026-09-08 16:50:21,941 - DEBUG - PIL.PngImagePlugin - STREAM b'IHDR' 16 13
2026-09-08 16:50:21,941 - DEBUG - PIL.PngImagePlugin - STREAM b'IDAT' 41 62450
2026-09-08 16:50:22,043 - DEBUG - PIL.PngImagePlugin - STREAM b'IHDR' 16 13
2026-09-08 16:50:22,044 - DEBUG - PIL.PngImagePlugin - STREAM b'IDAT' 41 62450
2026-09-08 16:50:22,147 - DEBUG - PIL.PngImagePlugin - STREAM b'IHDR' 16 13
2026-09-08 16:50:22,147 - DEBUG - PIL.PngImagePlugin - STREAM b'IDAT' 41 62450
2026-09-08 16:50:22,249 - DEBUG - PIL.PngImagePlugin - STREAM b'IHDR' 16 13
2026-09-08 16:50:22,250 - DEBUG - PIL.PngImagePlugin - STREAM b'IDAT' 41 62450
2026-09-08 16:50:22,353 - DEBUG - PIL.PngImagePlugin - STREAM b'IHDR' 16 13
2026-09-08 16:50:22,353 - DEBUG - PIL.PngImagePlugin - STREAM b'IDAT' 41 62450
2026-09-08 16:50:22,456 - DEBUG - PIL.PngImagePlugin - STREAM b'IHDR' 16 13
2026-09-08 16:50:22,456 - DEBUG - PIL.PngImagePlugin - STREAM b'IDAT' 41 62450
2026-09-08 16:50:22,559 - DEBUG - PIL.PngImagePlugin - STREAM b'IHDR' 16 13
2026-09-08 16:50:22,559 - DEBUG - PIL.PngImagePlugin - STREAM b'IDAT' 41 62450
2026-09-08 16:50:22,662 - DEBUG - PIL.PngImagePlugin - STREAM b'IHDR' 16 13
2026-09-08 16:50:22,662 - DEBUG - PIL.PngImagePlugin - STREAM b'IDAT' 41 62450
2026-09-08 16:50:22,765 - DEBUG - PIL.PngImagePlugin - STREAM b'IHDR' 16 13
2026-09-08 16:50:22,765 - DEBUG - PIL.PngImagePlugin - STREAM b'IDAT' 41 62450
2026-09-08 16:50:22,909 - DEBUG - urllib3.connectionpool - Starting new HTTPS connection (1): www.gamerpower.com:443
2026-09-08 16:50:23,090 - DEBUG - urllib3.connectionpool - https://www.gamerpower.com:443 "GET /api/giveaways?type=game HTTP/1.1" 200 None
2026-09-08 16:50:24,604 - DEBUG - urllib3.connectionpool - Starting new HTTPS connection (1): www.gamerpower.com:443
2026-09-08 16:50:24,724 - DEBUG - urllib3.connectionpool - https://www.gamerpower.com:443 "GET /api/giveaways?type=game HTTP/1.1" 200 None
2026-09-08 16:50:25,019 - DEBUG - urllib3.connectionpool - Starting new HTTPS connection (1): www.gamerpower.com:443
2026-09-08 16:50:25,094 - DEBUG - urllib3.connectionpool - https://www.gamerpower.com:443 "GET /offers/1b/6a998bd861dec.jpg HTTP/1.1" 200 25311
2026-09-08 16:50:25,103 - DEBUG - PIL.PngImagePlugin - STREAM b'IHDR' 16 13
2026-09-08 16:50:25,103 - DEBUG - PIL.PngImagePlugin - STREAM b'IDAT' 41 54256
2026-09-08 16:50:25,136 - DEBUG - urllib3.connectionpool - https://www.gamerpower.com:443 "GET /offers/1b/6a53a044a87b6.jpg HTTP/1.1" 200 36351
2026-09-08 16:50:25,140 - DEBUG - PIL.PngImagePlugin - STREAM b'IHDR' 16 13
2026-09-08 16:50:25,140 - DEBUG - PIL.PngImagePlugin - STREAM b'IDAT' 41 54256
2026-09-08 16:50:25,629 - DEBUG - urllib3.connectionpool - Starting new HTTPS connection (1): www.gamerpower.com:443
2026-09-08 16:50:25,749 - DEBUG - urllib3.connectionpool - https://www.gamerpower.com:443 "GET /api/giveaways?type=game HTTP/1.1" 200 None
2026-09-08 16:50:25,784 - DEBUG - urllib3.connectionpool - https://www.gamerpower.com:443 "GET /offers/1b/6a998bd861dec.jpg HTTP/1.1" 200 25311
2026-09-08 16:50:25,788 - DEBUG - PIL.PngImagePlugin - STREAM b'IHDR' 16 13
2026-09-08 16:50:25,788 - DEBUG - PIL.PngImagePlugin - STREAM b'IDAT' 41 54256
2026-09-08 16:50:25,821 - DEBUG - urllib3.connectionpool - https://www.gamerpower.com:443 "GET /offers/1b/6a53a044a87b6.jpg HTTP/1.1" 200 36351
2026-09-08 16:50:25,825 - DEBUG - PIL.PngImagePlugin - STREAM b'IHDR' 16 13
2026-09-08 16:50:25,826 - DEBUG - PIL.PngImagePlugin - STREAM b'IDAT' 41 54256
2026-09-08 16:50:27,487 - DEBUG - urllib3.connectionpool - https://www.gamerpower.com:443 "GET /offers/1b/6a59119a8eb8d.jpg HTTP/1.1" 200 40398
2026-09-08 16:50:27,492 - DEBUG - PIL.PngImagePlugin - STREAM b'IHDR' 16 13
2026-09-08 16:50:27,492 - DEBUG - PIL.PngImagePlugin - STREAM b'IDAT' 41 54256
2026-09-08 16:50:30,037 - DEBUG - urllib3.connectionpool - https://www.gamerpower.com:443 "GET /offers/1b/6a9ebcfac0aab.jpg HTTP/1.1" 200 45431
2026-09-08 16:50:30,042 - DEBUG - PIL.PngImagePlugin - STREAM b'IHDR' 16 13
2026-09-08 16:50:30,042 - DEBUG - PIL.PngImagePlugin - STREAM b'IDAT' 41 54256
2026-09-08 16:50:31,316 - DEBUG - urllib3.connectionpool - https://www.gamerpower.com:443 "GET /offers/1b/68efabd65f913.jpg HTTP/1.1" 200 32166
2026-09-08 16:50:31,321 - DEBUG - PIL.PngImagePlugin - STREAM b'IHDR' 16 13
2026-09-08 16:50:31,321 - DEBUG - PIL.PngImagePlugin - STREAM b'IDAT' 41 54256
2026-09-08 16:50:31,347 - DEBUG - urllib3.connectionpool - https://www.gamerpower.com:443 "GET /offers/1b/68e6513c31514.jpg HTTP/1.1" 200 18347
2026-09-08 16:50:31,350 - DEBUG - PIL.PngImagePlugin - STREAM b'IHDR' 16 13
2026-09-08 16:50:31,350 - DEBUG - PIL.PngImagePlugin - STREAM b'IDAT' 41 54256
2026-09-08 16:50:31,375 - DEBUG - urllib3.connectionpool - https://www.gamerpower.com:443 "GET /offers/1b/68e15e986da99.jpg HTTP/1.1" 200 23873
2026-09-08 16:50:31,379 - DEBUG - PIL.PngImagePlugin - STREAM b'IHDR' 16 13
2026-09-08 16:50:31,380 - DEBUG - PIL.PngImagePlugin - STREAM b'IDAT' 41 54256
2026-09-08 16:50:31,409 - DEBUG - urllib3.connectionpool - https://www.gamerpower.com:443 "GET /offers/1b/68d828fc4174f.jpg HTTP/1.1" 200 57980
2026-09-08 16:50:31,413 - DEBUG - PIL.PngImagePlugin - STREAM b'IHDR' 16 13
2026-09-08 16:50:31,414 - DEBUG - PIL.PngImagePlugin - STREAM b'IDAT' 41 54256
2026-09-08 16:50:31,438 - DEBUG - urllib3.connectionpool - https://www.gamerpower.com:443 "GET /offers/1b/68dd2161c3088.jpg HTTP/1.1" 200 36137
2026-09-08 16:50:31,443 - DEBUG - PIL.PngImagePlugin - STREAM b'IHDR' 16 13
2026-09-08 16:50:31,443 - DEBUG - PIL.PngImagePlugin - STREAM b'IDAT' 41 54256
2026-09-08 16:50:40,315 - DEBUG - urllib3.connectionpool - https://www.gamerpower.com:443 "GET /offers/1b/6a998bd861dec.jpg HTTP/1.1" 200 25311
2026-09-08 16:50:40,321 - DEBUG - PIL.PngImagePlugin - STREAM b'IHDR' 16 13
2026-09-08 16:50:40,321 - DEBUG - PIL.PngImagePlugin - STREAM b'IDAT' 41 54256
2026-09-08 16:50:40,351 - DEBUG - urllib3.connectionpool - https://www.gamerpower.com:443 "GET /offers/1b/6a53a044a87b6.jpg HTTP/1.1" 200 36351
2026-09-08 16:50:40,356 - DEBUG - PIL.PngImagePlugin - STREAM b'IHDR' 16 13
2026-09-08 16:50:40,356 - DEBUG - PIL.PngImagePlugin - STREAM b'IDAT' 41 54256
2026-09-08 16:50:45,117 - DEBUG - urllib3.connectionpool - https://www.gamerpower.com:443 "GET /offers/1b/6a59119a8eb8d.jpg HTTP/1.1" 200 40398
2026-09-08 16:50:45,121 - DEBUG - PIL.PngImagePlugin - STREAM b'IHDR' 16 13
2026-09-08 16:50:45,121 - DEBUG - PIL.PngImagePlugin - STREAM b'IDAT' 41 54256
2026-09-08 16:50:45,736 - DEBUG - urllib3.connectionpool - https://www.gamerpower.com:443 "GET /offers/1b/6a9ebcfac0aab.jpg HTTP/1.1" 200 45431
2026-09-08 16:50:45,740 - DEBUG - PIL.PngImagePlugin - STREAM b'IHDR' 16 13
2026-09-08 16:50:45,740 - DEBUG - PIL.PngImagePlugin - STREAM b'IDAT' 41 54256
2026-09-08 16:50:47,388 - DEBUG - urllib3.connectionpool - https://www.gamerpower.com:443 "GET /offers/1b/6a456f543d3c9.jpg HTTP/1.1" 200 23987
2026-09-08 16:50:47,392 - DEBUG - PIL.PngImagePlugin - STREAM b'IHDR' 16 13
2026-09-08 16:50:47,392 - DEBUG - PIL.PngImagePlugin - STREAM b'IDAT' 41 54256
2026-09-08 16:50:47,419 - DEBUG - urllib3.connectionpool - https://www.gamerpower.com:443 "GET /offers/1b/6a27eafa35794.jpg HTTP/1.1" 200 28898
2026-09-08 16:50:47,423 - DEBUG - PIL.PngImagePlugin - STREAM b'IHDR' 16 13
2026-09-08 16:50:47,423 - DEBUG - PIL.PngImagePlugin - STREAM b'IDAT' 41 54256
2026-09-08 16:50:47,448 - DEBUG - urllib3.connectionpool - https://www.gamerpower.com:443 "GET /offers/1b/6946b7c157bca.jpg HTTP/1.1" 200 33903
2026-09-08 16:50:47,452 - DEBUG - PIL.PngImagePlugin - STREAM b'IHDR' 16 13
2026-09-08 16:50:47,452 - DEBUG - PIL.PngImagePlugin - STREAM b'IDAT' 41 54256
2026-09-08 16:50:47,479 - DEBUG - urllib3.connectionpool - https://www.gamerpower.com:443 "GET /offers/1b/698fa7369c1f5.jpg HTTP/1.1" 200 31147
2026-09-08 16:50:47,483 - DEBUG - PIL.PngImagePlugin - STREAM b'IHDR' 16 13
2026-09-08 16:50:47,483 - DEBUG - PIL.PngImagePlugin - STREAM b'IDAT' 41 54256
2026-09-08 16:50:47,512 - DEBUG - urllib3.connectionpool - https://www.gamerpower.com:443 "GET /offers/1b/6946b8c46bc9b.jpg HTTP/1.1" 200 41266
2026-09-08 16:50:47,517 - DEBUG - PIL.PngImagePlugin - STREAM b'IHDR' 16 13
2026-09-08 16:50:47,518 - DEBUG - PIL.PngImagePlugin - STREAM b'IDAT' 41 54256
2026-09-08 16:50:47,548 - DEBUG - urllib3.connectionpool - https://www.gamerpower.com:443 "GET /offers/1b/63c6f67bb9c8b.jpg HTTP/1.1" 200 49447
2026-09-08 16:50:47,552 - DEBUG - PIL.PngImagePlugin - STREAM b'IHDR' 16 13
2026-09-08 16:50:47,552 - DEBUG - PIL.PngImagePlugin - STREAM b'IDAT' 41 54256
2026-09-08 16:51:00,115 - INFO - KGameTracker - ℹ️  ==================================================
2026-09-08 16:51:00,115 - INFO - KGameTracker - ℹ️  K GAME TRACKER - CERRADA
2026-09-08 16:51:00,116 - INFO - KGameTracker - ℹ️  ==================================================
2026-09-08 16:51:19,120 - INFO - KGameTracker - ℹ️  ==================================================
2026-09-08 16:51:19,120 - INFO - KGameTracker - ℹ️  K GAME TRACKER - INICIADA
2026-09-08 16:51:19,120 - INFO - KGameTracker - ℹ️  ==================================================
2026-09-08 16:51:19,237 - DEBUG - PIL.Image - Importing PngImagePlugin
2026-09-08 16:51:19,243 - DEBUG - PIL.PngImagePlugin - STREAM b'IHDR' 16 13
2026-09-08 16:51:19,243 - DEBUG - PIL.PngImagePlugin - STREAM b'caBX' 41 5758
2026-09-08 16:51:19,244 - DEBUG - PIL.PngImagePlugin - b'caBX' 41 5758 (unknown)
2026-09-08 16:51:19,244 - DEBUG - PIL.PngImagePlugin - STREAM b'IDAT' 5811 65536
2026-09-08 16:51:21,560 - DEBUG - PIL.PngImagePlugin - STREAM b'IHDR' 16 13
2026-09-08 16:51:21,560 - DEBUG - PIL.PngImagePlugin - STREAM b'caBX' 41 5758
2026-09-08 16:51:21,560 - DEBUG - PIL.PngImagePlugin - b'caBX' 41 5758 (unknown)
2026-09-08 16:51:21,560 - DEBUG - PIL.PngImagePlugin - STREAM b'IDAT' 5811 65536
2026-09-08 16:51:21,588 - DEBUG - PIL.PngImagePlugin - STREAM b'IHDR' 16 13
2026-09-08 16:51:21,588 - DEBUG - PIL.PngImagePlugin - STREAM b'IDAT' 41 53758
2026-09-08 16:51:21,593 - DEBUG - PIL.PngImagePlugin - STREAM b'IHDR' 16 13
2026-09-08 16:51:21,593 - DEBUG - PIL.PngImagePlugin - STREAM b'IDAT' 41 65536
2026-09-08 16:51:21,597 - DEBUG - PIL.PngImagePlugin - STREAM b'IHDR' 16 13
2026-09-08 16:51:21,597 - DEBUG - PIL.PngImagePlugin - STREAM b'IDAT' 41 58612
2026-09-08 16:51:21,600 - DEBUG - PIL.PngImagePlugin - STREAM b'IHDR' 16 13
2026-09-08 16:51:21,601 - DEBUG - PIL.PngImagePlugin - STREAM b'IDAT' 41 63613
2026-09-08 16:51:21,605 - DEBUG - PIL.PngImagePlugin - STREAM b'IHDR' 16 13
2026-09-08 16:51:21,605 - DEBUG - PIL.PngImagePlugin - STREAM b'IDAT' 41 65536
2026-09-08 16:51:21,610 - DEBUG - PIL.PngImagePlugin - STREAM b'IHDR' 16 13
2026-09-08 16:51:21,610 - DEBUG - PIL.PngImagePlugin - STREAM b'IDAT' 41 63580
2026-09-08 16:51:21,614 - DEBUG - PIL.PngImagePlugin - STREAM b'IHDR' 16 13
2026-09-08 16:51:21,614 - DEBUG - PIL.PngImagePlugin - STREAM b'IDAT' 41 64126
2026-09-08 16:51:21,618 - DEBUG - PIL.PngImagePlugin - STREAM b'IHDR' 16 13
2026-09-08 16:51:21,618 - DEBUG - PIL.PngImagePlugin - STREAM b'IDAT' 41 64126
2026-09-08 16:51:21,622 - DEBUG - PIL.PngImagePlugin - STREAM b'IHDR' 16 13
2026-09-08 16:51:21,622 - DEBUG - PIL.PngImagePlugin - STREAM b'IDAT' 41 64126
2026-09-08 16:51:21,627 - DEBUG - PIL.PngImagePlugin - STREAM b'IHDR' 16 13
2026-09-08 16:51:21,627 - DEBUG - PIL.PngImagePlugin - STREAM b'IDAT' 41 56150
2026-09-08 16:51:21,631 - DEBUG - PIL.PngImagePlugin - STREAM b'IHDR' 16 13
2026-09-08 16:51:21,631 - DEBUG - PIL.PngImagePlugin - STREAM b'IDAT' 41 64126
2026-09-08 16:51:21,634 - DEBUG - PIL.PngImagePlugin - STREAM b'IHDR' 16 13
2026-09-08 16:51:21,635 - DEBUG - PIL.PngImagePlugin - STREAM b'IDAT' 41 64126
2026-09-08 16:51:21,647 - DEBUG - PIL.PngImagePlugin - STREAM b'IHDR' 16 13
2026-09-08 16:51:21,648 - DEBUG - PIL.PngImagePlugin - STREAM b'IDAT' 41 62450
2026-09-08 16:51:21,737 - DEBUG - PIL.PngImagePlugin - STREAM b'IHDR' 16 13
2026-09-08 16:51:21,737 - DEBUG - PIL.PngImagePlugin - STREAM b'IDAT' 41 65536
2026-09-08 16:51:21,740 - DEBUG - PIL.PngImagePlugin - STREAM b'IHDR' 16 13
2026-09-08 16:51:21,740 - DEBUG - PIL.PngImagePlugin - STREAM b'IDAT' 41 65536
2026-09-08 16:51:21,844 - DEBUG - PIL.PngImagePlugin - STREAM b'IHDR' 16 13
2026-09-08 16:51:21,844 - DEBUG - PIL.PngImagePlugin - STREAM b'IDAT' 41 62450
2026-09-08 16:51:21,949 - DEBUG - PIL.PngImagePlugin - STREAM b'IHDR' 16 13
2026-09-08 16:51:21,949 - DEBUG - PIL.PngImagePlugin - STREAM b'IDAT' 41 62450
2026-09-08 16:51:22,052 - DEBUG - PIL.PngImagePlugin - STREAM b'IHDR' 16 13
2026-09-08 16:51:22,052 - DEBUG - PIL.PngImagePlugin - STREAM b'IDAT' 41 62450
2026-09-08 16:51:22,156 - DEBUG - PIL.PngImagePlugin - STREAM b'IHDR' 16 13
2026-09-08 16:51:22,156 - DEBUG - PIL.PngImagePlugin - STREAM b'IDAT' 41 62450
2026-09-08 16:51:22,259 - DEBUG - PIL.PngImagePlugin - STREAM b'IHDR' 16 13
2026-09-08 16:51:22,259 - DEBUG - PIL.PngImagePlugin - STREAM b'IDAT' 41 62450
2026-09-08 16:51:22,362 - DEBUG - PIL.PngImagePlugin - STREAM b'IHDR' 16 13
2026-09-08 16:51:22,363 - DEBUG - PIL.PngImagePlugin - STREAM b'IDAT' 41 62450
2026-09-08 16:51:22,466 - DEBUG - PIL.PngImagePlugin - STREAM b'IHDR' 16 13
2026-09-08 16:51:22,466 - DEBUG - PIL.PngImagePlugin - STREAM b'IDAT' 41 62450
2026-09-08 16:51:22,569 - DEBUG - PIL.PngImagePlugin - STREAM b'IHDR' 16 13
2026-09-08 16:51:22,569 - DEBUG - PIL.PngImagePlugin - STREAM b'IDAT' 41 62450
2026-09-08 16:51:22,673 - DEBUG - PIL.PngImagePlugin - STREAM b'IHDR' 16 13
2026-09-08 16:51:22,673 - DEBUG - PIL.PngImagePlugin - STREAM b'IDAT' 41 62450
2026-09-08 16:51:22,776 - DEBUG - PIL.PngImagePlugin - STREAM b'IHDR' 16 13
2026-09-08 16:51:22,776 - DEBUG - PIL.PngImagePlugin - STREAM b'IDAT' 41 62450
2026-09-08 16:51:23,123 - DEBUG - urllib3.connectionpool - Starting new HTTPS connection (1): www.gamerpower.com:443
2026-09-08 16:51:23,244 - DEBUG - urllib3.connectionpool - https://www.gamerpower.com:443 "GET /api/giveaways?type=game HTTP/1.1" 200 None
2026-09-08 16:51:23,640 - DEBUG - urllib3.connectionpool - Starting new HTTPS connection (1): www.gamerpower.com:443
2026-09-08 16:51:23,735 - DEBUG - urllib3.connectionpool - https://www.gamerpower.com:443 "GET /offers/1b/6a998bd861dec.jpg HTTP/1.1" 200 25311
2026-09-08 16:51:23,745 - DEBUG - PIL.PngImagePlugin - STREAM b'IHDR' 16 13
2026-09-08 16:51:23,745 - DEBUG - PIL.PngImagePlugin - STREAM b'IDAT' 41 54256
2026-09-08 16:51:23,773 - DEBUG - urllib3.connectionpool - https://www.gamerpower.com:443 "GET /offers/1b/6a53a044a87b6.jpg HTTP/1.1" 200 36351
2026-09-08 16:51:23,777 - DEBUG - PIL.PngImagePlugin - STREAM b'IHDR' 16 13
2026-09-08 16:51:23,777 - DEBUG - PIL.PngImagePlugin - STREAM b'IDAT' 41 54256
2026-09-08 16:51:35,941 - INFO - KGameTracker - ℹ️  ==================================================
2026-09-08 16:51:35,941 - INFO - KGameTracker - ℹ️  K GAME TRACKER - CERRADA
2026-09-08 16:51:35,941 - INFO - KGameTracker - ℹ️  ==================================================
2026-09-08 16:51:43,019 - INFO - KGameTracker - ℹ️  ==================================================
2026-09-08 16:51:43,019 - INFO - KGameTracker - ℹ️  K GAME TRACKER - INICIADA
2026-09-08 16:51:43,019 - INFO - KGameTracker - ℹ️  ==================================================
2026-09-08 16:51:43,153 - DEBUG - PIL.Image - Importing PngImagePlugin
2026-09-08 16:51:43,161 - DEBUG - PIL.PngImagePlugin - STREAM b'IHDR' 16 13
2026-09-08 16:51:43,161 - DEBUG - PIL.PngImagePlugin - STREAM b'caBX' 41 5758
2026-09-08 16:51:43,161 - DEBUG - PIL.PngImagePlugin - b'caBX' 41 5758 (unknown)
2026-09-08 16:51:43,162 - DEBUG - PIL.PngImagePlugin - STREAM b'IDAT' 5811 65536
2026-09-08 16:51:45,653 - DEBUG - PIL.PngImagePlugin - STREAM b'IHDR' 16 13
2026-09-08 16:51:45,653 - DEBUG - PIL.PngImagePlugin - STREAM b'caBX' 41 5758
2026-09-08 16:51:45,654 - DEBUG - PIL.PngImagePlugin - b'caBX' 41 5758 (unknown)
2026-09-08 16:51:45,654 - DEBUG - PIL.PngImagePlugin - STREAM b'IDAT' 5811 65536
2026-09-08 16:51:45,681 - DEBUG - PIL.PngImagePlugin - STREAM b'IHDR' 16 13
2026-09-08 16:51:45,681 - DEBUG - PIL.PngImagePlugin - STREAM b'IDAT' 41 53758
2026-09-08 16:51:45,685 - DEBUG - PIL.PngImagePlugin - STREAM b'IHDR' 16 13
2026-09-08 16:51:45,685 - DEBUG - PIL.PngImagePlugin - STREAM b'IDAT' 41 65536
2026-09-08 16:51:45,688 - DEBUG - PIL.PngImagePlugin - STREAM b'IHDR' 16 13
2026-09-08 16:51:45,689 - DEBUG - PIL.PngImagePlugin - STREAM b'IDAT' 41 58612
2026-09-08 16:51:45,692 - DEBUG - PIL.PngImagePlugin - STREAM b'IHDR' 16 13
2026-09-08 16:51:45,692 - DEBUG - PIL.PngImagePlugin - STREAM b'IDAT' 41 63613
2026-09-08 16:51:45,696 - DEBUG - PIL.PngImagePlugin - STREAM b'IHDR' 16 13
2026-09-08 16:51:45,696 - DEBUG - PIL.PngImagePlugin - STREAM b'IDAT' 41 65536
2026-09-08 16:51:45,700 - DEBUG - PIL.PngImagePlugin - STREAM b'IHDR' 16 13
2026-09-08 16:51:45,700 - DEBUG - PIL.PngImagePlugin - STREAM b'IDAT' 41 63580
2026-09-08 16:51:45,705 - DEBUG - PIL.PngImagePlugin - STREAM b'IHDR' 16 13
2026-09-08 16:51:45,705 - DEBUG - PIL.PngImagePlugin - STREAM b'IDAT' 41 64126
2026-09-08 16:51:45,709 - DEBUG - PIL.PngImagePlugin - STREAM b'IHDR' 16 13
2026-09-08 16:51:45,709 - DEBUG - PIL.PngImagePlugin - STREAM b'IDAT' 41 64126
2026-09-08 16:51:45,713 - DEBUG - PIL.PngImagePlugin - STREAM b'IHDR' 16 13
2026-09-08 16:51:45,714 - DEBUG - PIL.PngImagePlugin - STREAM b'IDAT' 41 64126
2026-09-08 16:51:45,717 - DEBUG - PIL.PngImagePlugin - STREAM b'IHDR' 16 13
2026-09-08 16:51:45,717 - DEBUG - PIL.PngImagePlugin - STREAM b'IDAT' 41 56150
2026-09-08 16:51:45,722 - DEBUG - PIL.PngImagePlugin - STREAM b'IHDR' 16 13
2026-09-08 16:51:45,722 - DEBUG - PIL.PngImagePlugin - STREAM b'IDAT' 41 64126
2026-09-08 16:51:45,726 - DEBUG - PIL.PngImagePlugin - STREAM b'IHDR' 16 13
2026-09-08 16:51:45,726 - DEBUG - PIL.PngImagePlugin - STREAM b'IDAT' 41 64126
2026-09-08 16:51:45,739 - DEBUG - PIL.PngImagePlugin - STREAM b'IHDR' 16 13
2026-09-08 16:51:45,740 - DEBUG - PIL.PngImagePlugin - STREAM b'IDAT' 41 62450
2026-09-08 16:51:45,833 - DEBUG - PIL.PngImagePlugin - STREAM b'IHDR' 16 13
2026-09-08 16:51:45,833 - DEBUG - PIL.PngImagePlugin - STREAM b'IDAT' 41 65536
2026-09-08 16:51:45,836 - DEBUG - PIL.PngImagePlugin - STREAM b'IHDR' 16 13
2026-09-08 16:51:45,836 - DEBUG - PIL.PngImagePlugin - STREAM b'IDAT' 41 65536
2026-09-08 16:51:45,940 - DEBUG - PIL.PngImagePlugin - STREAM b'IHDR' 16 13
2026-09-08 16:51:45,941 - DEBUG - PIL.PngImagePlugin - STREAM b'IDAT' 41 62450
2026-09-08 16:51:46,044 - DEBUG - PIL.PngImagePlugin - STREAM b'IHDR' 16 13
2026-09-08 16:51:46,044 - DEBUG - PIL.PngImagePlugin - STREAM b'IDAT' 41 62450
2026-09-08 16:51:46,148 - DEBUG - PIL.PngImagePlugin - STREAM b'IHDR' 16 13
2026-09-08 16:51:46,148 - DEBUG - PIL.PngImagePlugin - STREAM b'IDAT' 41 62450
2026-09-08 16:51:46,251 - DEBUG - PIL.PngImagePlugin - STREAM b'IHDR' 16 13
2026-09-08 16:51:46,251 - DEBUG - PIL.PngImagePlugin - STREAM b'IDAT' 41 62450
2026-09-08 16:51:46,355 - DEBUG - PIL.PngImagePlugin - STREAM b'IHDR' 16 13
2026-09-08 16:51:46,355 - DEBUG - PIL.PngImagePlugin - STREAM b'IDAT' 41 62450
2026-09-08 16:51:46,458 - DEBUG - PIL.PngImagePlugin - STREAM b'IHDR' 16 13
2026-09-08 16:51:46,458 - DEBUG - PIL.PngImagePlugin - STREAM b'IDAT' 41 62450
2026-09-08 16:51:46,561 - DEBUG - PIL.PngImagePlugin - STREAM b'IHDR' 16 13
2026-09-08 16:51:46,561 - DEBUG - PIL.PngImagePlugin - STREAM b'IDAT' 41 62450
2026-09-08 16:51:46,664 - DEBUG - PIL.PngImagePlugin - STREAM b'IHDR' 16 13
2026-09-08 16:51:46,664 - DEBUG - PIL.PngImagePlugin - STREAM b'IDAT' 41 62450
2026-09-08 16:51:46,767 - DEBUG - PIL.PngImagePlugin - STREAM b'IHDR' 16 13
2026-09-08 16:51:46,767 - DEBUG - PIL.PngImagePlugin - STREAM b'IDAT' 41 62450
2026-09-08 16:51:46,849 - DEBUG - urllib3.connectionpool - Starting new HTTPS connection (1): www.gamerpower.com:443
2026-09-08 16:51:46,968 - DEBUG - urllib3.connectionpool - https://www.gamerpower.com:443 "GET /api/giveaways?type=game HTTP/1.1" 200 None
2026-09-08 16:51:46,971 - DEBUG - PIL.PngImagePlugin - STREAM b'IHDR' 16 13
2026-09-08 16:51:46,971 - DEBUG - PIL.PngImagePlugin - STREAM b'IDAT' 41 62450
2026-09-08 16:51:47,368 - DEBUG - urllib3.connectionpool - Starting new HTTPS connection (1): www.gamerpower.com:443
2026-09-08 16:51:47,458 - DEBUG - urllib3.connectionpool - https://www.gamerpower.com:443 "GET /offers/1b/6a998bd861dec.jpg HTTP/1.1" 200 25311
2026-09-08 16:51:47,468 - DEBUG - PIL.PngImagePlugin - STREAM b'IHDR' 16 13
2026-09-08 16:51:47,468 - DEBUG - PIL.PngImagePlugin - STREAM b'IDAT' 41 54256
2026-09-08 16:51:47,494 - DEBUG - urllib3.connectionpool - https://www.gamerpower.com:443 "GET /offers/1b/6a53a044a87b6.jpg HTTP/1.1" 200 36351
2026-09-08 16:51:47,501 - DEBUG - PIL.PngImagePlugin - STREAM b'IHDR' 16 13
2026-09-08 16:51:47,502 - DEBUG - PIL.PngImagePlugin - STREAM b'IDAT' 41 54256
2026-09-08 16:51:50,667 - DEBUG - urllib3.connectionpool - https://www.gamerpower.com:443 "GET /offers/1b/6a9ebcfac0aab.jpg HTTP/1.1" 200 45431
2026-09-08 16:51:50,671 - DEBUG - PIL.PngImagePlugin - STREAM b'IHDR' 16 13
2026-09-08 16:51:50,671 - DEBUG - PIL.PngImagePlugin - STREAM b'IDAT' 41 54256
2026-09-08 16:51:51,065 - DEBUG - urllib3.connectionpool - https://www.gamerpower.com:443 "GET /offers/1b/6a59119a8eb8d.jpg HTTP/1.1" 200 40398
2026-09-08 16:51:51,071 - DEBUG - PIL.PngImagePlugin - STREAM b'IHDR' 16 13
2026-09-08 16:51:51,071 - DEBUG - PIL.PngImagePlugin - STREAM b'IDAT' 41 54256
2026-09-08 16:51:52,251 - DEBUG - urllib3.connectionpool - https://www.gamerpower.com:443 "GET /offers/1b/6a456f543d3c9.jpg HTTP/1.1" 200 23987
2026-09-08 16:51:52,255 - DEBUG - PIL.PngImagePlugin - STREAM b'IHDR' 16 13
2026-09-08 16:51:52,256 - DEBUG - PIL.PngImagePlugin - STREAM b'IDAT' 41 54256
2026-09-08 16:51:52,282 - DEBUG - urllib3.connectionpool - https://www.gamerpower.com:443 "GET /offers/1b/6a27eafa35794.jpg HTTP/1.1" 200 28898
2026-09-08 16:51:52,286 - DEBUG - PIL.PngImagePlugin - STREAM b'IHDR' 16 13
2026-09-08 16:51:52,286 - DEBUG - PIL.PngImagePlugin - STREAM b'IDAT' 41 54256
2026-09-08 16:51:52,311 - DEBUG - urllib3.connectionpool - https://www.gamerpower.com:443 "GET /offers/1b/6946b7c157bca.jpg HTTP/1.1" 200 33903
2026-09-08 16:51:52,315 - DEBUG - PIL.PngImagePlugin - STREAM b'IHDR' 16 13
2026-09-08 16:51:52,316 - DEBUG - PIL.PngImagePlugin - STREAM b'IDAT' 41 54256
2026-09-08 16:51:52,346 - DEBUG - urllib3.connectionpool - https://www.gamerpower.com:443 "GET /offers/1b/698fa7369c1f5.jpg HTTP/1.1" 200 31147
2026-09-08 16:51:52,350 - DEBUG - PIL.PngImagePlugin - STREAM b'IHDR' 16 13
2026-09-08 16:51:52,350 - DEBUG - PIL.PngImagePlugin - STREAM b'IDAT' 41 54256
2026-09-08 16:51:52,379 - DEBUG - urllib3.connectionpool - https://www.gamerpower.com:443 "GET /offers/1b/6946b8c46bc9b.jpg HTTP/1.1" 200 41266
2026-09-08 16:51:52,384 - DEBUG - PIL.PngImagePlugin - STREAM b'IHDR' 16 13
2026-09-08 16:51:52,384 - DEBUG - PIL.PngImagePlugin - STREAM b'IDAT' 41 54256
2026-09-08 16:51:52,412 - DEBUG - urllib3.connectionpool - https://www.gamerpower.com:443 "GET /offers/1b/63c6f67bb9c8b.jpg HTTP/1.1" 200 49447
2026-09-08 16:51:52,416 - DEBUG - PIL.PngImagePlugin - STREAM b'IHDR' 16 13
2026-09-08 16:51:52,416 - DEBUG - PIL.PngImagePlugin - STREAM b'IDAT' 41 54256
2026-09-08 16:51:53,635 - DEBUG - urllib3.connectionpool - https://www.gamerpower.com:443 "GET /offers/1b/68efabd65f913.jpg HTTP/1.1" 200 32166
2026-09-08 16:51:53,640 - DEBUG - PIL.PngImagePlugin - STREAM b'IHDR' 16 13
2026-09-08 16:51:53,640 - DEBUG - PIL.PngImagePlugin - STREAM b'IDAT' 41 54256
2026-09-08 16:51:53,665 - DEBUG - urllib3.connectionpool - https://www.gamerpower.com:443 "GET /offers/1b/68e6513c31514.jpg HTTP/1.1" 200 18347
2026-09-08 16:51:53,668 - DEBUG - PIL.PngImagePlugin - STREAM b'IHDR' 16 13
2026-09-08 16:51:53,669 - DEBUG - PIL.PngImagePlugin - STREAM b'IDAT' 41 54256
2026-09-08 16:51:53,701 - DEBUG - urllib3.connectionpool - https://www.gamerpower.com:443 "GET /offers/1b/68e15e986da99.jpg HTTP/1.1" 200 23873
2026-09-08 16:51:53,705 - DEBUG - PIL.PngImagePlugin - STREAM b'IHDR' 16 13
2026-09-08 16:51:53,705 - DEBUG - PIL.PngImagePlugin - STREAM b'IDAT' 41 54256
2026-09-08 16:51:53,739 - DEBUG - urllib3.connectionpool - https://www.gamerpower.com:443 "GET /offers/1b/68d828fc4174f.jpg HTTP/1.1" 200 57980
2026-09-08 16:51:53,745 - DEBUG - PIL.PngImagePlugin - STREAM b'IHDR' 16 13
2026-09-08 16:51:53,745 - DEBUG - PIL.PngImagePlugin - STREAM b'IDAT' 41 54256
2026-09-08 16:51:53,772 - DEBUG - urllib3.connectionpool - https://www.gamerpower.com:443 "GET /offers/1b/68dd2161c3088.jpg HTTP/1.1" 200 36137
2026-09-08 16:51:53,776 - DEBUG - PIL.PngImagePlugin - STREAM b'IHDR' 16 13
2026-09-08 16:51:53,776 - DEBUG - PIL.PngImagePlugin - STREAM b'IDAT' 41 54256
2026-09-08 16:51:57,215 - DEBUG - urllib3.connectionpool - https://www.gamerpower.com:443 "GET /offers/1b/6a998eb716bfe.jpg HTTP/1.1" 200 47772
2026-09-08 16:51:57,219 - DEBUG - PIL.PngImagePlugin - STREAM b'IHDR' 16 13
2026-09-08 16:51:57,220 - DEBUG - PIL.PngImagePlugin - STREAM b'IDAT' 41 54256
2026-09-08 16:51:57,249 - DEBUG - urllib3.connectionpool - https://www.gamerpower.com:443 "GET /offers/1b/6993208da38c7.jpg HTTP/1.1" 200 63785
2026-09-08 16:51:57,253 - DEBUG - PIL.PngImagePlugin - STREAM b'IHDR' 16 13
2026-09-08 16:51:57,253 - DEBUG - PIL.PngImagePlugin - STREAM b'IDAT' 41 54256
2026-09-08 16:51:57,279 - DEBUG - urllib3.connectionpool - https://www.gamerpower.com:443 "GET /offers/1b/69567c4ee0fa3.jpg HTTP/1.1" 200 67756
2026-09-08 16:51:57,286 - DEBUG - PIL.PngImagePlugin - STREAM b'IHDR' 16 13
2026-09-08 16:51:57,286 - DEBUG - PIL.PngImagePlugin - STREAM b'IDAT' 41 54256
2026-09-08 16:51:57,311 - DEBUG - urllib3.connectionpool - https://www.gamerpower.com:443 "GET /offers/1b/689aece93310e.jpg HTTP/1.1" 200 34152
2026-09-08 16:51:57,315 - DEBUG - PIL.PngImagePlugin - STREAM b'IHDR' 16 13
2026-09-08 16:51:57,315 - DEBUG - PIL.PngImagePlugin - STREAM b'IDAT' 41 54256
2026-09-08 16:51:57,847 - DEBUG - urllib3.connectionpool - https://www.gamerpower.com:443 "GET /offers/1b/68efabd65f913.jpg HTTP/1.1" 200 32166
2026-09-08 16:51:57,851 - DEBUG - PIL.PngImagePlugin - STREAM b'IHDR' 16 13
2026-09-08 16:51:57,851 - DEBUG - PIL.PngImagePlugin - STREAM b'IDAT' 41 54256
2026-09-08 16:51:57,884 - DEBUG - urllib3.connectionpool - https://www.gamerpower.com:443 "GET /offers/1b/68e6513c31514.jpg HTTP/1.1" 200 18347
2026-09-08 16:51:57,888 - DEBUG - PIL.PngImagePlugin - STREAM b'IHDR' 16 13
2026-09-08 16:51:57,888 - DEBUG - PIL.PngImagePlugin - STREAM b'IDAT' 41 54256
2026-09-08 16:51:57,914 - DEBUG - urllib3.connectionpool - https://www.gamerpower.com:443 "GET /offers/1b/68e15e986da99.jpg HTTP/1.1" 200 23873
2026-09-08 16:51:57,918 - DEBUG - PIL.PngImagePlugin - STREAM b'IHDR' 16 13
2026-09-08 16:51:57,918 - DEBUG - PIL.PngImagePlugin - STREAM b'IDAT' 41 54256
2026-09-08 16:51:57,959 - DEBUG - urllib3.connectionpool - https://www.gamerpower.com:443 "GET /offers/1b/68d828fc4174f.jpg HTTP/1.1" 200 57980
2026-09-08 16:51:57,963 - DEBUG - PIL.PngImagePlugin - STREAM b'IHDR' 16 13
2026-09-08 16:51:57,963 - DEBUG - PIL.PngImagePlugin - STREAM b'IDAT' 41 54256
2026-09-08 16:51:57,989 - DEBUG - urllib3.connectionpool - https://www.gamerpower.com:443 "GET /offers/1b/68dd2161c3088.jpg HTTP/1.1" 200 36137
2026-09-08 16:51:57,994 - DEBUG - PIL.PngImagePlugin - STREAM b'IHDR' 16 13
2026-09-08 16:51:57,995 - DEBUG - PIL.PngImagePlugin - STREAM b'IDAT' 41 54256
2026-09-08 16:51:59,241 - DEBUG - urllib3.connectionpool - https://www.gamerpower.com:443 "GET /offers/1b/6a456f543d3c9.jpg HTTP/1.1" 200 23987
2026-09-08 16:51:59,245 - DEBUG - PIL.PngImagePlugin - STREAM b'IHDR' 16 13
2026-09-08 16:51:59,246 - DEBUG - PIL.PngImagePlugin - STREAM b'IDAT' 41 54256
2026-09-08 16:51:59,273 - DEBUG - urllib3.connectionpool - https://www.gamerpower.com:443 "GET /offers/1b/6a27eafa35794.jpg HTTP/1.1" 200 28898
2026-09-08 16:51:59,277 - DEBUG - PIL.PngImagePlugin - STREAM b'IHDR' 16 13
2026-09-08 16:51:59,277 - DEBUG - PIL.PngImagePlugin - STREAM b'IDAT' 41 54256
2026-09-08 16:51:59,303 - DEBUG - urllib3.connectionpool - https://www.gamerpower.com:443 "GET /offers/1b/6946b7c157bca.jpg HTTP/1.1" 200 33903
2026-09-08 16:51:59,308 - DEBUG - PIL.PngImagePlugin - STREAM b'IHDR' 16 13
2026-09-08 16:51:59,308 - DEBUG - PIL.PngImagePlugin - STREAM b'IDAT' 41 54256
2026-09-08 16:51:59,336 - DEBUG - urllib3.connectionpool - https://www.gamerpower.com:443 "GET /offers/1b/698fa7369c1f5.jpg HTTP/1.1" 200 31147
2026-09-08 16:51:59,340 - DEBUG - PIL.PngImagePlugin - STREAM b'IHDR' 16 13
2026-09-08 16:51:59,340 - DEBUG - PIL.PngImagePlugin - STREAM b'IDAT' 41 54256
2026-09-08 16:51:59,365 - DEBUG - urllib3.connectionpool - https://www.gamerpower.com:443 "GET /offers/1b/6946b8c46bc9b.jpg HTTP/1.1" 200 41266
2026-09-08 16:51:59,371 - DEBUG - PIL.PngImagePlugin - STREAM b'IHDR' 16 13
2026-09-08 16:51:59,371 - DEBUG - PIL.PngImagePlugin - STREAM b'IDAT' 41 54256
2026-09-08 16:51:59,398 - DEBUG - urllib3.connectionpool - https://www.gamerpower.com:443 "GET /offers/1b/63c6f67bb9c8b.jpg HTTP/1.1" 200 49447
2026-09-08 16:51:59,403 - DEBUG - PIL.PngImagePlugin - STREAM b'IHDR' 16 13
2026-09-08 16:51:59,403 - DEBUG - PIL.PngImagePlugin - STREAM b'IDAT' 41 54256
2026-09-08 16:52:00,288 - DEBUG - urllib3.connectionpool - https://www.gamerpower.com:443 "GET /offers/1b/6a59119a8eb8d.jpg HTTP/1.1" 200 40398
2026-09-08 16:52:00,293 - DEBUG - PIL.PngImagePlugin - STREAM b'IHDR' 16 13
2026-09-08 16:52:00,293 - DEBUG - PIL.PngImagePlugin - STREAM b'IDAT' 41 54256
2026-09-08 16:52:01,061 - DEBUG - urllib3.connectionpool - https://www.gamerpower.com:443 "GET /offers/1b/6a9ebcfac0aab.jpg HTTP/1.1" 200 45431
2026-09-08 16:52:01,066 - DEBUG - PIL.PngImagePlugin - STREAM b'IHDR' 16 13
2026-09-08 16:52:01,066 - DEBUG - PIL.PngImagePlugin - STREAM b'IDAT' 41 54256
2026-09-08 16:52:02,369 - DEBUG - urllib3.connectionpool - https://www.gamerpower.com:443 "GET /offers/1b/6a59119a8eb8d.jpg HTTP/1.1" 200 40398
2026-09-08 16:52:02,375 - DEBUG - PIL.PngImagePlugin - STREAM b'IHDR' 16 13
2026-09-08 16:52:02,375 - DEBUG - PIL.PngImagePlugin - STREAM b'IDAT' 41 54256
2026-09-08 16:52:02,810 - DEBUG - urllib3.connectionpool - https://www.gamerpower.com:443 "GET /offers/1b/6a9ebcfac0aab.jpg HTTP/1.1" 200 45431
2026-09-08 16:52:02,814 - DEBUG - PIL.PngImagePlugin - STREAM b'IHDR' 16 13
2026-09-08 16:52:02,814 - DEBUG - PIL.PngImagePlugin - STREAM b'IDAT' 41 54256
2026-09-08 16:52:03,417 - DEBUG - urllib3.connectionpool - https://www.gamerpower.com:443 "GET /offers/1b/6a456f543d3c9.jpg HTTP/1.1" 200 23987
2026-09-08 16:52:03,422 - DEBUG - PIL.PngImagePlugin - STREAM b'IHDR' 16 13
2026-09-08 16:52:03,422 - DEBUG - PIL.PngImagePlugin - STREAM b'IDAT' 41 54256
2026-09-08 16:52:03,458 - DEBUG - urllib3.connectionpool - https://www.gamerpower.com:443 "GET /offers/1b/6a27eafa35794.jpg HTTP/1.1" 200 28898
2026-09-08 16:52:03,462 - DEBUG - PIL.PngImagePlugin - STREAM b'IHDR' 16 13
2026-09-08 16:52:03,462 - DEBUG - PIL.PngImagePlugin - STREAM b'IDAT' 41 54256
2026-09-08 16:52:03,507 - DEBUG - urllib3.connectionpool - https://www.gamerpower.com:443 "GET /offers/1b/6946b7c157bca.jpg HTTP/1.1" 200 33903
2026-09-08 16:52:03,510 - DEBUG - PIL.PngImagePlugin - STREAM b'IHDR' 16 13
2026-09-08 16:52:03,511 - DEBUG - PIL.PngImagePlugin - STREAM b'IDAT' 41 54256
2026-09-08 16:52:03,542 - DEBUG - urllib3.connectionpool - https://www.gamerpower.com:443 "GET /offers/1b/698fa7369c1f5.jpg HTTP/1.1" 200 31147
2026-09-08 16:52:03,546 - DEBUG - PIL.PngImagePlugin - STREAM b'IHDR' 16 13
2026-09-08 16:52:03,546 - DEBUG - PIL.PngImagePlugin - STREAM b'IDAT' 41 54256
2026-09-08 16:52:03,575 - DEBUG - urllib3.connectionpool - https://www.gamerpower.com:443 "GET /offers/1b/6946b8c46bc9b.jpg HTTP/1.1" 200 41266
2026-09-08 16:52:03,581 - DEBUG - PIL.PngImagePlugin - STREAM b'IHDR' 16 13
2026-09-08 16:52:03,581 - DEBUG - PIL.PngImagePlugin - STREAM b'IDAT' 41 54256
2026-09-08 16:52:03,611 - DEBUG - urllib3.connectionpool - https://www.gamerpower.com:443 "GET /offers/1b/63c6f67bb9c8b.jpg HTTP/1.1" 200 49447
2026-09-08 16:52:03,615 - DEBUG - PIL.PngImagePlugin - STREAM b'IHDR' 16 13
2026-09-08 16:52:03,615 - DEBUG - PIL.PngImagePlugin - STREAM b'IDAT' 41 54256
2026-09-08 16:52:55,537 - INFO - KGameTracker - ℹ️  ==================================================
2026-09-08 16:52:55,537 - INFO - KGameTracker - ℹ️  K GAME TRACKER - CERRADA
2026-09-08 16:52:55,537 - INFO - KGameTracker - ℹ️  ==================================================
2026-09-08 16:53:08,015 - INFO - KGameTracker - ℹ️  ==================================================
2026-09-08 16:53:08,015 - INFO - KGameTracker - ℹ️  K GAME TRACKER - INICIADA
2026-09-08 16:53:08,015 - INFO - KGameTracker - ℹ️  ==================================================
2026-09-08 16:53:08,134 - DEBUG - PIL.Image - Importing PngImagePlugin
2026-09-08 16:53:08,142 - DEBUG - PIL.PngImagePlugin - STREAM b'IHDR' 16 13
2026-09-08 16:53:08,142 - DEBUG - PIL.PngImagePlugin - STREAM b'caBX' 41 5758
2026-09-08 16:53:08,142 - DEBUG - PIL.PngImagePlugin - b'caBX' 41 5758 (unknown)
2026-09-08 16:53:08,143 - DEBUG - PIL.PngImagePlugin - STREAM b'IDAT' 5811 65536
2026-09-08 16:53:10,581 - DEBUG - PIL.PngImagePlugin - STREAM b'IHDR' 16 13
2026-09-08 16:53:10,581 - DEBUG - PIL.PngImagePlugin - STREAM b'caBX' 41 5758
2026-09-08 16:53:10,581 - DEBUG - PIL.PngImagePlugin - b'caBX' 41 5758 (unknown)
2026-09-08 16:53:10,581 - DEBUG - PIL.PngImagePlugin - STREAM b'IDAT' 5811 65536
2026-09-08 16:53:10,611 - DEBUG - PIL.PngImagePlugin - STREAM b'IHDR' 16 13
2026-09-08 16:53:10,611 - DEBUG - PIL.PngImagePlugin - STREAM b'IDAT' 41 53758
2026-09-08 16:53:10,615 - DEBUG - PIL.PngImagePlugin - STREAM b'IHDR' 16 13
2026-09-08 16:53:10,615 - DEBUG - PIL.PngImagePlugin - STREAM b'IDAT' 41 65536
2026-09-08 16:53:10,618 - DEBUG - PIL.PngImagePlugin - STREAM b'IHDR' 16 13
2026-09-08 16:53:10,619 - DEBUG - PIL.PngImagePlugin - STREAM b'IDAT' 41 58612
2026-09-08 16:53:10,622 - DEBUG - PIL.PngImagePlugin - STREAM b'IHDR' 16 13
2026-09-08 16:53:10,622 - DEBUG - PIL.PngImagePlugin - STREAM b'IDAT' 41 63613
2026-09-08 16:53:10,627 - DEBUG - PIL.PngImagePlugin - STREAM b'IHDR' 16 13
2026-09-08 16:53:10,627 - DEBUG - PIL.PngImagePlugin - STREAM b'IDAT' 41 65536
2026-09-08 16:53:10,632 - DEBUG - PIL.PngImagePlugin - STREAM b'IHDR' 16 13
2026-09-08 16:53:10,632 - DEBUG - PIL.PngImagePlugin - STREAM b'IDAT' 41 63580
2026-09-08 16:53:10,636 - DEBUG - PIL.PngImagePlugin - STREAM b'IHDR' 16 13
2026-09-08 16:53:10,636 - DEBUG - PIL.PngImagePlugin - STREAM b'IDAT' 41 64126
2026-09-08 16:53:10,640 - DEBUG - PIL.PngImagePlugin - STREAM b'IHDR' 16 13
2026-09-08 16:53:10,640 - DEBUG - PIL.PngImagePlugin - STREAM b'IDAT' 41 64126
2026-09-08 16:53:10,644 - DEBUG - PIL.PngImagePlugin - STREAM b'IHDR' 16 13
2026-09-08 16:53:10,645 - DEBUG - PIL.PngImagePlugin - STREAM b'IDAT' 41 64126
2026-09-08 16:53:10,648 - DEBUG - PIL.PngImagePlugin - STREAM b'IHDR' 16 13
2026-09-08 16:53:10,648 - DEBUG - PIL.PngImagePlugin - STREAM b'IDAT' 41 56150
2026-09-08 16:53:10,652 - DEBUG - PIL.PngImagePlugin - STREAM b'IHDR' 16 13
2026-09-08 16:53:10,653 - DEBUG - PIL.PngImagePlugin - STREAM b'IDAT' 41 64126
2026-09-08 16:53:10,656 - DEBUG - PIL.PngImagePlugin - STREAM b'IHDR' 16 13
2026-09-08 16:53:10,656 - DEBUG - PIL.PngImagePlugin - STREAM b'IDAT' 41 64126
2026-09-08 16:53:10,669 - DEBUG - PIL.PngImagePlugin - STREAM b'IHDR' 16 13
2026-09-08 16:53:10,669 - DEBUG - PIL.PngImagePlugin - STREAM b'IDAT' 41 62450
2026-09-08 16:53:10,756 - DEBUG - PIL.PngImagePlugin - STREAM b'IHDR' 16 13
2026-09-08 16:53:10,756 - DEBUG - PIL.PngImagePlugin - STREAM b'IDAT' 41 65536
2026-09-08 16:53:10,759 - DEBUG - PIL.PngImagePlugin - STREAM b'IHDR' 16 13
2026-09-08 16:53:10,759 - DEBUG - PIL.PngImagePlugin - STREAM b'IDAT' 41 65536
2026-09-08 16:53:10,862 - DEBUG - PIL.PngImagePlugin - STREAM b'IHDR' 16 13
2026-09-08 16:53:10,863 - DEBUG - PIL.PngImagePlugin - STREAM b'IDAT' 41 62450
2026-09-08 16:53:10,966 - DEBUG - PIL.PngImagePlugin - STREAM b'IHDR' 16 13
2026-09-08 16:53:10,966 - DEBUG - PIL.PngImagePlugin - STREAM b'IDAT' 41 62450
2026-09-08 16:53:11,069 - DEBUG - PIL.PngImagePlugin - STREAM b'IHDR' 16 13
2026-09-08 16:53:11,069 - DEBUG - PIL.PngImagePlugin - STREAM b'IDAT' 41 62450
2026-09-08 16:53:11,172 - DEBUG - PIL.PngImagePlugin - STREAM b'IHDR' 16 13
2026-09-08 16:53:11,172 - DEBUG - PIL.PngImagePlugin - STREAM b'IDAT' 41 62450
2026-09-08 16:53:11,276 - DEBUG - PIL.PngImagePlugin - STREAM b'IHDR' 16 13
2026-09-08 16:53:11,276 - DEBUG - PIL.PngImagePlugin - STREAM b'IDAT' 41 62450
2026-09-08 16:53:11,379 - DEBUG - PIL.PngImagePlugin - STREAM b'IHDR' 16 13
2026-09-08 16:53:11,379 - DEBUG - PIL.PngImagePlugin - STREAM b'IDAT' 41 62450
2026-09-08 16:53:11,481 - DEBUG - PIL.PngImagePlugin - STREAM b'IHDR' 16 13
2026-09-08 16:53:11,482 - DEBUG - PIL.PngImagePlugin - STREAM b'IDAT' 41 62450
2026-09-08 16:53:11,581 - DEBUG - urllib3.connectionpool - Starting new HTTPS connection (1): www.gamerpower.com:443
2026-09-08 16:53:11,695 - DEBUG - urllib3.connectionpool - https://www.gamerpower.com:443 "GET /api/giveaways?type=game HTTP/1.1" 200 None
2026-09-08 16:53:11,698 - DEBUG - PIL.PngImagePlugin - STREAM b'IHDR' 16 13
2026-09-08 16:53:11,698 - DEBUG - PIL.PngImagePlugin - STREAM b'IDAT' 41 62450
2026-09-08 16:53:11,801 - DEBUG - PIL.PngImagePlugin - STREAM b'IHDR' 16 13
2026-09-08 16:53:11,801 - DEBUG - PIL.PngImagePlugin - STREAM b'IDAT' 41 62450
2026-09-08 16:53:11,903 - DEBUG - PIL.PngImagePlugin - STREAM b'IHDR' 16 13
2026-09-08 16:53:11,904 - DEBUG - PIL.PngImagePlugin - STREAM b'IDAT' 41 62450
2026-09-08 16:53:12,022 - DEBUG - urllib3.connectionpool - Starting new HTTPS connection (1): www.gamerpower.com:443
2026-09-08 16:53:12,148 - DEBUG - urllib3.connectionpool - https://www.gamerpower.com:443 "GET /offers/1b/6a998bd861dec.jpg HTTP/1.1" 200 25311
2026-09-08 16:53:12,157 - DEBUG - PIL.PngImagePlugin - STREAM b'IHDR' 16 13
2026-09-08 16:53:12,157 - DEBUG - PIL.PngImagePlugin - STREAM b'IDAT' 41 54256
2026-09-08 16:53:12,187 - DEBUG - urllib3.connectionpool - https://www.gamerpower.com:443 "GET /offers/1b/6a53a044a87b6.jpg HTTP/1.1" 200 36351
2026-09-08 16:53:12,191 - DEBUG - PIL.PngImagePlugin - STREAM b'IHDR' 16 13
2026-09-08 16:53:12,191 - DEBUG - PIL.PngImagePlugin - STREAM b'IDAT' 41 54256
2026-09-08 16:53:13,780 - DEBUG - urllib3.connectionpool - https://www.gamerpower.com:443 "GET /offers/1b/6a9ebcfac0aab.jpg HTTP/1.1" 200 45431
2026-09-08 16:53:13,786 - DEBUG - PIL.PngImagePlugin - STREAM b'IHDR' 16 13
2026-09-08 16:53:13,786 - DEBUG - PIL.PngImagePlugin - STREAM b'IDAT' 41 54256
2026-09-08 16:53:14,261 - DEBUG - urllib3.connectionpool - https://www.gamerpower.com:443 "GET /offers/1b/6a59119a8eb8d.jpg HTTP/1.1" 200 40398
2026-09-08 16:53:14,265 - DEBUG - PIL.PngImagePlugin - STREAM b'IHDR' 16 13
2026-09-08 16:53:14,265 - DEBUG - PIL.PngImagePlugin - STREAM b'IDAT' 41 54256
2026-09-08 16:53:14,744 - DEBUG - urllib3.connectionpool - https://www.gamerpower.com:443 "GET /offers/1b/6a9ebcfac0aab.jpg HTTP/1.1" 200 45431
2026-09-08 16:53:14,750 - DEBUG - PIL.PngImagePlugin - STREAM b'IHDR' 16 13
2026-09-08 16:53:14,750 - DEBUG - PIL.PngImagePlugin - STREAM b'IDAT' 41 54256
2026-09-08 16:53:15,831 - DEBUG - urllib3.connectionpool - https://www.gamerpower.com:443 "GET /offers/1b/6a456f543d3c9.jpg HTTP/1.1" 200 23987
2026-09-08 16:53:15,835 - DEBUG - PIL.PngImagePlugin - STREAM b'IHDR' 16 13
2026-09-08 16:53:15,835 - DEBUG - PIL.PngImagePlugin - STREAM b'IDAT' 41 54256
2026-09-08 16:53:15,861 - DEBUG - urllib3.connectionpool - https://www.gamerpower.com:443 "GET /offers/1b/6a27eafa35794.jpg HTTP/1.1" 200 28898
2026-09-08 16:53:15,867 - DEBUG - PIL.PngImagePlugin - STREAM b'IHDR' 16 13
2026-09-08 16:53:15,868 - DEBUG - PIL.PngImagePlugin - STREAM b'IDAT' 41 54256
2026-09-08 16:53:15,897 - DEBUG - urllib3.connectionpool - https://www.gamerpower.com:443 "GET /offers/1b/6946b7c157bca.jpg HTTP/1.1" 200 33903
2026-09-08 16:53:15,901 - DEBUG - PIL.PngImagePlugin - STREAM b'IHDR' 16 13
2026-09-08 16:53:15,901 - DEBUG - PIL.PngImagePlugin - STREAM b'IDAT' 41 54256
2026-09-08 16:53:15,930 - DEBUG - urllib3.connectionpool - https://www.gamerpower.com:443 "GET /offers/1b/698fa7369c1f5.jpg HTTP/1.1" 200 31147
2026-09-08 16:53:15,933 - DEBUG - PIL.PngImagePlugin - STREAM b'IHDR' 16 13
2026-09-08 16:53:15,934 - DEBUG - PIL.PngImagePlugin - STREAM b'IDAT' 41 54256
2026-09-08 16:53:15,962 - DEBUG - urllib3.connectionpool - https://www.gamerpower.com:443 "GET /offers/1b/6946b8c46bc9b.jpg HTTP/1.1" 200 41266
2026-09-08 16:53:15,967 - DEBUG - PIL.PngImagePlugin - STREAM b'IHDR' 16 13
2026-09-08 16:53:15,967 - DEBUG - PIL.PngImagePlugin - STREAM b'IDAT' 41 54256
2026-09-08 16:53:15,997 - DEBUG - urllib3.connectionpool - https://www.gamerpower.com:443 "GET /offers/1b/63c6f67bb9c8b.jpg HTTP/1.1" 200 49447
2026-09-08 16:53:16,001 - DEBUG - PIL.PngImagePlugin - STREAM b'IHDR' 16 13
2026-09-08 16:53:16,001 - DEBUG - PIL.PngImagePlugin - STREAM b'IDAT' 41 54256
2026-09-08 16:53:18,154 - INFO - KGameTracker - ℹ️  ==================================================
2026-09-08 16:53:18,155 - INFO - KGameTracker - ℹ️  K GAME TRACKER - CERRADA
2026-09-08 16:53:18,155 - INFO - KGameTracker - ℹ️  ==================================================
2026-09-08 16:53:28,481 - INFO - KGameTracker - ℹ️  ==================================================
2026-09-08 16:53:28,481 - INFO - KGameTracker - ℹ️  K GAME TRACKER - INICIADA
2026-09-08 16:53:28,481 - INFO - KGameTracker - ℹ️  ==================================================
2026-09-08 16:53:28,593 - DEBUG - PIL.Image - Importing PngImagePlugin
2026-09-08 16:53:28,600 - DEBUG - PIL.PngImagePlugin - STREAM b'IHDR' 16 13
2026-09-08 16:53:28,600 - DEBUG - PIL.PngImagePlugin - STREAM b'caBX' 41 5758
2026-09-08 16:53:28,601 - DEBUG - PIL.PngImagePlugin - b'caBX' 41 5758 (unknown)
2026-09-08 16:53:28,601 - DEBUG - PIL.PngImagePlugin - STREAM b'IDAT' 5811 65536
2026-09-08 16:53:30,969 - DEBUG - PIL.PngImagePlugin - STREAM b'IHDR' 16 13
2026-09-08 16:53:30,970 - DEBUG - PIL.PngImagePlugin - STREAM b'caBX' 41 5758
2026-09-08 16:53:30,970 - DEBUG - PIL.PngImagePlugin - b'caBX' 41 5758 (unknown)
2026-09-08 16:53:30,970 - DEBUG - PIL.PngImagePlugin - STREAM b'IDAT' 5811 65536
2026-09-08 16:53:30,999 - DEBUG - PIL.PngImagePlugin - STREAM b'IHDR' 16 13
2026-09-08 16:53:30,999 - DEBUG - PIL.PngImagePlugin - STREAM b'IDAT' 41 53758
2026-09-08 16:53:31,003 - DEBUG - PIL.PngImagePlugin - STREAM b'IHDR' 16 13
2026-09-08 16:53:31,003 - DEBUG - PIL.PngImagePlugin - STREAM b'IDAT' 41 65536
2026-09-08 16:53:31,007 - DEBUG - PIL.PngImagePlugin - STREAM b'IHDR' 16 13
2026-09-08 16:53:31,007 - DEBUG - PIL.PngImagePlugin - STREAM b'IDAT' 41 58612
2026-09-08 16:53:31,011 - DEBUG - PIL.PngImagePlugin - STREAM b'IHDR' 16 13
2026-09-08 16:53:31,011 - DEBUG - PIL.PngImagePlugin - STREAM b'IDAT' 41 63613
2026-09-08 16:53:31,015 - DEBUG - PIL.PngImagePlugin - STREAM b'IHDR' 16 13
2026-09-08 16:53:31,015 - DEBUG - PIL.PngImagePlugin - STREAM b'IDAT' 41 65536
2026-09-08 16:53:31,020 - DEBUG - PIL.PngImagePlugin - STREAM b'IHDR' 16 13
2026-09-08 16:53:31,020 - DEBUG - PIL.PngImagePlugin - STREAM b'IDAT' 41 63580
2026-09-08 16:53:31,024 - DEBUG - PIL.PngImagePlugin - STREAM b'IHDR' 16 13
2026-09-08 16:53:31,024 - DEBUG - PIL.PngImagePlugin - STREAM b'IDAT' 41 64126
2026-09-08 16:53:31,029 - DEBUG - PIL.PngImagePlugin - STREAM b'IHDR' 16 13
2026-09-08 16:53:31,029 - DEBUG - PIL.PngImagePlugin - STREAM b'IDAT' 41 64126
2026-09-08 16:53:31,032 - DEBUG - PIL.PngImagePlugin - STREAM b'IHDR' 16 13
2026-09-08 16:53:31,033 - DEBUG - PIL.PngImagePlugin - STREAM b'IDAT' 41 64126
2026-09-08 16:53:31,038 - DEBUG - PIL.PngImagePlugin - STREAM b'IHDR' 16 13
2026-09-08 16:53:31,038 - DEBUG - PIL.PngImagePlugin - STREAM b'IDAT' 41 56150
2026-09-08 16:53:31,043 - DEBUG - PIL.PngImagePlugin - STREAM b'IHDR' 16 13
2026-09-08 16:53:31,043 - DEBUG - PIL.PngImagePlugin - STREAM b'IDAT' 41 64126
2026-09-08 16:53:31,047 - DEBUG - PIL.PngImagePlugin - STREAM b'IHDR' 16 13
2026-09-08 16:53:31,047 - DEBUG - PIL.PngImagePlugin - STREAM b'IDAT' 41 64126
2026-09-08 16:53:31,061 - DEBUG - PIL.PngImagePlugin - STREAM b'IHDR' 16 13
2026-09-08 16:53:31,061 - DEBUG - PIL.PngImagePlugin - STREAM b'IDAT' 41 62450
2026-09-08 16:53:31,174 - DEBUG - PIL.PngImagePlugin - STREAM b'IHDR' 16 13
2026-09-08 16:53:31,174 - DEBUG - PIL.PngImagePlugin - STREAM b'IDAT' 41 65536
2026-09-08 16:53:31,177 - DEBUG - PIL.PngImagePlugin - STREAM b'IHDR' 16 13
2026-09-08 16:53:31,177 - DEBUG - PIL.PngImagePlugin - STREAM b'IDAT' 41 65536
2026-09-08 16:53:31,283 - DEBUG - PIL.PngImagePlugin - STREAM b'IHDR' 16 13
2026-09-08 16:53:31,283 - DEBUG - PIL.PngImagePlugin - STREAM b'IDAT' 41 62450
2026-09-08 16:53:31,387 - DEBUG - PIL.PngImagePlugin - STREAM b'IHDR' 16 13
2026-09-08 16:53:31,387 - DEBUG - PIL.PngImagePlugin - STREAM b'IDAT' 41 62450
2026-09-08 16:53:31,490 - DEBUG - PIL.PngImagePlugin - STREAM b'IHDR' 16 13
2026-09-08 16:53:31,490 - DEBUG - PIL.PngImagePlugin - STREAM b'IDAT' 41 62450
2026-09-08 16:53:31,593 - DEBUG - PIL.PngImagePlugin - STREAM b'IHDR' 16 13
2026-09-08 16:53:31,593 - DEBUG - PIL.PngImagePlugin - STREAM b'IDAT' 41 62450
2026-09-08 16:53:31,695 - DEBUG - PIL.PngImagePlugin - STREAM b'IHDR' 16 13
2026-09-08 16:53:31,696 - DEBUG - PIL.PngImagePlugin - STREAM b'IDAT' 41 62450
2026-09-08 16:53:31,798 - DEBUG - PIL.PngImagePlugin - STREAM b'IHDR' 16 13
2026-09-08 16:53:31,799 - DEBUG - PIL.PngImagePlugin - STREAM b'IDAT' 41 62450
2026-09-08 16:53:31,902 - DEBUG - PIL.PngImagePlugin - STREAM b'IHDR' 16 13
2026-09-08 16:53:31,903 - DEBUG - PIL.PngImagePlugin - STREAM b'IDAT' 41 62450
2026-09-08 16:53:32,006 - DEBUG - PIL.PngImagePlugin - STREAM b'IHDR' 16 13
2026-09-08 16:53:32,006 - DEBUG - PIL.PngImagePlugin - STREAM b'IDAT' 41 62450
2026-09-08 16:53:32,109 - DEBUG - PIL.PngImagePlugin - STREAM b'IHDR' 16 13
2026-09-08 16:53:32,109 - DEBUG - PIL.PngImagePlugin - STREAM b'IDAT' 41 62450
2026-09-08 16:53:32,212 - DEBUG - PIL.PngImagePlugin - STREAM b'IHDR' 16 13
2026-09-08 16:53:32,212 - DEBUG - PIL.PngImagePlugin - STREAM b'IDAT' 41 62450
2026-09-08 16:53:32,293 - DEBUG - urllib3.connectionpool - Starting new HTTPS connection (1): www.gamerpower.com:443
2026-09-08 16:53:32,416 - DEBUG - urllib3.connectionpool - https://www.gamerpower.com:443 "GET /api/giveaways?type=game HTTP/1.1" 200 None
2026-09-08 16:53:32,832 - DEBUG - urllib3.connectionpool - Starting new HTTPS connection (1): www.gamerpower.com:443
2026-09-08 16:53:32,936 - DEBUG - urllib3.connectionpool - https://www.gamerpower.com:443 "GET /offers/1b/6a59119a8eb8d.jpg HTTP/1.1" 200 40398
2026-09-08 16:53:32,945 - DEBUG - PIL.PngImagePlugin - STREAM b'IHDR' 16 13
2026-09-08 16:53:32,945 - DEBUG - PIL.PngImagePlugin - STREAM b'IDAT' 41 54256
2026-09-08 16:53:34,361 - DEBUG - urllib3.connectionpool - https://www.gamerpower.com:443 "GET /offers/1b/6a998bd861dec.jpg HTTP/1.1" 200 25311
2026-09-08 16:53:34,366 - DEBUG - PIL.PngImagePlugin - STREAM b'IHDR' 16 13
2026-09-08 16:53:34,366 - DEBUG - PIL.PngImagePlugin - STREAM b'IDAT' 41 54256
2026-09-08 16:53:34,404 - DEBUG - urllib3.connectionpool - https://www.gamerpower.com:443 "GET /offers/1b/6a53a044a87b6.jpg HTTP/1.1" 200 36351
2026-09-08 16:53:34,409 - DEBUG - PIL.PngImagePlugin - STREAM b'IHDR' 16 13
2026-09-08 16:53:34,409 - DEBUG - PIL.PngImagePlugin - STREAM b'IDAT' 41 54256
2026-09-08 16:53:34,927 - DEBUG - urllib3.connectionpool - https://www.gamerpower.com:443 "GET /offers/1b/6a59119a8eb8d.jpg HTTP/1.1" 200 40398
2026-09-08 16:53:34,932 - DEBUG - PIL.PngImagePlugin - STREAM b'IHDR' 16 13
2026-09-08 16:53:34,932 - DEBUG - PIL.PngImagePlugin - STREAM b'IDAT' 41 54256
2026-09-08 16:53:37,757 - DEBUG - urllib3.connectionpool - https://www.gamerpower.com:443 "GET /offers/1b/6a9ebcfac0aab.jpg HTTP/1.1" 200 45431
2026-09-08 16:53:37,761 - DEBUG - PIL.PngImagePlugin - STREAM b'IHDR' 16 13
2026-09-08 16:53:37,761 - DEBUG - PIL.PngImagePlugin - STREAM b'IDAT' 41 54256
2026-09-08 16:53:38,664 - DEBUG - urllib3.connectionpool - https://www.gamerpower.com:443 "GET /offers/1b/6a456f543d3c9.jpg HTTP/1.1" 200 23987
2026-09-08 16:53:38,668 - DEBUG - PIL.PngImagePlugin - STREAM b'IHDR' 16 13
2026-09-08 16:53:38,668 - DEBUG - PIL.PngImagePlugin - STREAM b'IDAT' 41 54256
2026-09-08 16:53:38,701 - DEBUG - urllib3.connectionpool - https://www.gamerpower.com:443 "GET /offers/1b/6a27eafa35794.jpg HTTP/1.1" 200 28898
2026-09-08 16:53:38,705 - DEBUG - PIL.PngImagePlugin - STREAM b'IHDR' 16 13
2026-09-08 16:53:38,705 - DEBUG - PIL.PngImagePlugin - STREAM b'IDAT' 41 54256
2026-09-08 16:53:38,734 - DEBUG - urllib3.connectionpool - https://www.gamerpower.com:443 "GET /offers/1b/6946b7c157bca.jpg HTTP/1.1" 200 33903
2026-09-08 16:53:38,738 - DEBUG - PIL.PngImagePlugin - STREAM b'IHDR' 16 13
2026-09-08 16:53:38,738 - DEBUG - PIL.PngImagePlugin - STREAM b'IDAT' 41 54256
2026-09-08 16:53:38,767 - DEBUG - urllib3.connectionpool - https://www.gamerpower.com:443 "GET /offers/1b/698fa7369c1f5.jpg HTTP/1.1" 200 31147
2026-09-08 16:53:38,776 - DEBUG - PIL.PngImagePlugin - STREAM b'IHDR' 16 13
2026-09-08 16:53:38,777 - DEBUG - PIL.PngImagePlugin - STREAM b'IDAT' 41 54256
2026-09-08 16:53:38,809 - DEBUG - urllib3.connectionpool - https://www.gamerpower.com:443 "GET /offers/1b/6946b8c46bc9b.jpg HTTP/1.1" 200 41266
2026-09-08 16:53:38,815 - DEBUG - PIL.PngImagePlugin - STREAM b'IHDR' 16 13
2026-09-08 16:53:38,815 - DEBUG - PIL.PngImagePlugin - STREAM b'IDAT' 41 54256
2026-09-08 16:53:38,844 - DEBUG - urllib3.connectionpool - https://www.gamerpower.com:443 "GET /offers/1b/63c6f67bb9c8b.jpg HTTP/1.1" 200 49447
2026-09-08 16:53:38,848 - DEBUG - PIL.PngImagePlugin - STREAM b'IHDR' 16 13
2026-09-08 16:53:38,848 - DEBUG - PIL.PngImagePlugin - STREAM b'IDAT' 41 54256
2026-09-08 16:53:40,179 - DEBUG - urllib3.connectionpool - https://www.gamerpower.com:443 "GET /offers/1b/68efabd65f913.jpg HTTP/1.1" 200 32166
2026-09-08 16:53:40,183 - DEBUG - PIL.PngImagePlugin - STREAM b'IHDR' 16 13
2026-09-08 16:53:40,184 - DEBUG - PIL.PngImagePlugin - STREAM b'IDAT' 41 54256
2026-09-08 16:53:40,215 - DEBUG - urllib3.connectionpool - https://www.gamerpower.com:443 "GET /offers/1b/68e6513c31514.jpg HTTP/1.1" 200 18347
2026-09-08 16:53:40,219 - DEBUG - PIL.PngImagePlugin - STREAM b'IHDR' 16 13
2026-09-08 16:53:40,219 - DEBUG - PIL.PngImagePlugin - STREAM b'IDAT' 41 54256
2026-09-08 16:53:40,253 - DEBUG - urllib3.connectionpool - https://www.gamerpower.com:443 "GET /offers/1b/68e15e986da99.jpg HTTP/1.1" 200 23873
2026-09-08 16:53:40,268 - DEBUG - PIL.PngImagePlugin - STREAM b'IHDR' 16 13
2026-09-08 16:53:40,269 - DEBUG - PIL.PngImagePlugin - STREAM b'IDAT' 41 54256
2026-09-08 16:53:40,304 - DEBUG - urllib3.connectionpool - https://www.gamerpower.com:443 "GET /offers/1b/68d828fc4174f.jpg HTTP/1.1" 200 57980
2026-09-08 16:53:40,308 - DEBUG - PIL.PngImagePlugin - STREAM b'IHDR' 16 13
2026-09-08 16:53:40,308 - DEBUG - PIL.PngImagePlugin - STREAM b'IDAT' 41 54256
2026-09-08 16:53:40,334 - DEBUG - urllib3.connectionpool - https://www.gamerpower.com:443 "GET /offers/1b/68dd2161c3088.jpg HTTP/1.1" 200 36137
2026-09-08 16:53:40,338 - DEBUG - PIL.PngImagePlugin - STREAM b'IHDR' 16 13
2026-09-08 16:53:40,338 - DEBUG - PIL.PngImagePlugin - STREAM b'IDAT' 41 54256
2026-09-08 16:53:40,648 - DEBUG - urllib3.connectionpool - https://www.gamerpower.com:443 "GET /offers/1b/6a998eb716bfe.jpg HTTP/1.1" 200 47772
2026-09-08 16:53:40,653 - DEBUG - PIL.PngImagePlugin - STREAM b'IHDR' 16 13
2026-09-08 16:53:40,653 - DEBUG - PIL.PngImagePlugin - STREAM b'IDAT' 41 54256
2026-09-08 16:53:40,680 - DEBUG - urllib3.connectionpool - https://www.gamerpower.com:443 "GET /offers/1b/6993208da38c7.jpg HTTP/1.1" 200 63785
2026-09-08 16:53:40,686 - DEBUG - PIL.PngImagePlugin - STREAM b'IHDR' 16 13
2026-09-08 16:53:40,686 - DEBUG - PIL.PngImagePlugin - STREAM b'IDAT' 41 54256
2026-09-08 16:53:40,721 - DEBUG - urllib3.connectionpool - https://www.gamerpower.com:443 "GET /offers/1b/69567c4ee0fa3.jpg HTTP/1.1" 200 67756
2026-09-08 16:53:40,730 - DEBUG - PIL.PngImagePlugin - STREAM b'IHDR' 16 13
2026-09-08 16:53:40,730 - DEBUG - PIL.PngImagePlugin - STREAM b'IDAT' 41 54256
2026-09-08 16:53:40,758 - DEBUG - urllib3.connectionpool - https://www.gamerpower.com:443 "GET /offers/1b/689aece93310e.jpg HTTP/1.1" 200 34152
2026-09-08 16:53:40,762 - DEBUG - PIL.PngImagePlugin - STREAM b'IHDR' 16 13
2026-09-08 16:53:40,762 - DEBUG - PIL.PngImagePlugin - STREAM b'IDAT' 41 54256
2026-09-08 16:53:44,045 - INFO - KGameTracker - ℹ️  ==================================================
2026-09-08 16:53:44,045 - INFO - KGameTracker - ℹ️  K GAME TRACKER - CERRADA
2026-09-08 16:53:44,045 - INFO - KGameTracker - ℹ️  ==================================================
2026-09-08 16:56:33,178 - INFO - KGameTracker - ℹ️  ==================================================
2026-09-08 16:56:33,179 - INFO - KGameTracker - ℹ️  K GAME TRACKER - INICIADA
2026-09-08 16:56:33,179 - INFO - KGameTracker - ℹ️  ==================================================
2026-09-08 16:56:33,295 - DEBUG - PIL.Image - Importing PngImagePlugin
2026-09-08 16:56:33,302 - DEBUG - PIL.PngImagePlugin - STREAM b'IHDR' 16 13
2026-09-08 16:56:33,302 - DEBUG - PIL.PngImagePlugin - STREAM b'caBX' 41 5758
2026-09-08 16:56:33,302 - DEBUG - PIL.PngImagePlugin - b'caBX' 41 5758 (unknown)
2026-09-08 16:56:33,303 - DEBUG - PIL.PngImagePlugin - STREAM b'IDAT' 5811 65536
2026-09-08 16:56:35,608 - DEBUG - PIL.PngImagePlugin - STREAM b'IHDR' 16 13
2026-09-08 16:56:35,609 - DEBUG - PIL.PngImagePlugin - STREAM b'caBX' 41 5758
2026-09-08 16:56:35,609 - DEBUG - PIL.PngImagePlugin - b'caBX' 41 5758 (unknown)
2026-09-08 16:56:35,609 - DEBUG - PIL.PngImagePlugin - STREAM b'IDAT' 5811 65536
2026-09-08 16:56:35,640 - DEBUG - PIL.PngImagePlugin - STREAM b'IHDR' 16 13
2026-09-08 16:56:35,640 - DEBUG - PIL.PngImagePlugin - STREAM b'IDAT' 41 53758
2026-09-08 16:56:35,643 - DEBUG - PIL.PngImagePlugin - STREAM b'IHDR' 16 13
2026-09-08 16:56:35,644 - DEBUG - PIL.PngImagePlugin - STREAM b'IDAT' 41 65536
2026-09-08 16:56:35,647 - DEBUG - PIL.PngImagePlugin - STREAM b'IHDR' 16 13
2026-09-08 16:56:35,648 - DEBUG - PIL.PngImagePlugin - STREAM b'IDAT' 41 58612
2026-09-08 16:56:35,651 - DEBUG - PIL.PngImagePlugin - STREAM b'IHDR' 16 13
2026-09-08 16:56:35,651 - DEBUG - PIL.PngImagePlugin - STREAM b'IDAT' 41 63613
2026-09-08 16:56:35,655 - DEBUG - PIL.PngImagePlugin - STREAM b'IHDR' 16 13
2026-09-08 16:56:35,656 - DEBUG - PIL.PngImagePlugin - STREAM b'IDAT' 41 65536
2026-09-08 16:56:35,660 - DEBUG - PIL.PngImagePlugin - STREAM b'IHDR' 16 13
2026-09-08 16:56:35,660 - DEBUG - PIL.PngImagePlugin - STREAM b'IDAT' 41 63580
2026-09-08 16:56:35,665 - DEBUG - PIL.PngImagePlugin - STREAM b'IHDR' 16 13
2026-09-08 16:56:35,666 - DEBUG - PIL.PngImagePlugin - STREAM b'IDAT' 41 64126
2026-09-08 16:56:35,670 - DEBUG - PIL.PngImagePlugin - STREAM b'IHDR' 16 13
2026-09-08 16:56:35,670 - DEBUG - PIL.PngImagePlugin - STREAM b'IDAT' 41 64126
2026-09-08 16:56:35,675 - DEBUG - PIL.PngImagePlugin - STREAM b'IHDR' 16 13
2026-09-08 16:56:35,675 - DEBUG - PIL.PngImagePlugin - STREAM b'IDAT' 41 64126
2026-09-08 16:56:35,678 - DEBUG - PIL.PngImagePlugin - STREAM b'IHDR' 16 13
2026-09-08 16:56:35,679 - DEBUG - PIL.PngImagePlugin - STREAM b'IDAT' 41 56150
2026-09-08 16:56:35,684 - DEBUG - PIL.PngImagePlugin - STREAM b'IHDR' 16 13
2026-09-08 16:56:35,685 - DEBUG - PIL.PngImagePlugin - STREAM b'IDAT' 41 64126
2026-09-08 16:56:35,689 - DEBUG - PIL.PngImagePlugin - STREAM b'IHDR' 16 13
2026-09-08 16:56:35,689 - DEBUG - PIL.PngImagePlugin - STREAM b'IDAT' 41 64126
2026-09-08 16:56:35,703 - DEBUG - PIL.PngImagePlugin - STREAM b'IHDR' 16 13
2026-09-08 16:56:35,703 - DEBUG - PIL.PngImagePlugin - STREAM b'IDAT' 41 62450
2026-09-08 16:56:35,798 - DEBUG - PIL.PngImagePlugin - STREAM b'IHDR' 16 13
2026-09-08 16:56:35,798 - DEBUG - PIL.PngImagePlugin - STREAM b'IDAT' 41 65536
2026-09-08 16:56:35,801 - DEBUG - PIL.PngImagePlugin - STREAM b'IHDR' 16 13
2026-09-08 16:56:35,801 - DEBUG - PIL.PngImagePlugin - STREAM b'IDAT' 41 65536
2026-09-08 16:56:35,904 - DEBUG - PIL.PngImagePlugin - STREAM b'IHDR' 16 13
2026-09-08 16:56:35,905 - DEBUG - PIL.PngImagePlugin - STREAM b'IDAT' 41 62450
2026-09-08 16:56:36,008 - DEBUG - PIL.PngImagePlugin - STREAM b'IHDR' 16 13
2026-09-08 16:56:36,008 - DEBUG - PIL.PngImagePlugin - STREAM b'IDAT' 41 62450
2026-09-08 16:56:36,111 - DEBUG - PIL.PngImagePlugin - STREAM b'IHDR' 16 13
2026-09-08 16:56:36,111 - DEBUG - PIL.PngImagePlugin - STREAM b'IDAT' 41 62450
2026-09-08 16:56:36,215 - DEBUG - PIL.PngImagePlugin - STREAM b'IHDR' 16 13
2026-09-08 16:56:36,215 - DEBUG - PIL.PngImagePlugin - STREAM b'IDAT' 41 62450
2026-09-08 16:56:36,317 - DEBUG - PIL.PngImagePlugin - STREAM b'IHDR' 16 13
2026-09-08 16:56:36,318 - DEBUG - PIL.PngImagePlugin - STREAM b'IDAT' 41 62450
2026-09-08 16:56:36,421 - DEBUG - PIL.PngImagePlugin - STREAM b'IHDR' 16 13
2026-09-08 16:56:36,421 - DEBUG - PIL.PngImagePlugin - STREAM b'IDAT' 41 62450
2026-09-08 16:56:36,524 - DEBUG - PIL.PngImagePlugin - STREAM b'IHDR' 16 13
2026-09-08 16:56:36,524 - DEBUG - PIL.PngImagePlugin - STREAM b'IDAT' 41 62450
2026-09-08 16:56:36,627 - DEBUG - PIL.PngImagePlugin - STREAM b'IHDR' 16 13
2026-09-08 16:56:36,627 - DEBUG - PIL.PngImagePlugin - STREAM b'IDAT' 41 62450
2026-09-08 16:56:36,719 - DEBUG - urllib3.connectionpool - Starting new HTTPS connection (1): www.gamerpower.com:443
2026-09-08 16:56:36,862 - DEBUG - urllib3.connectionpool - https://www.gamerpower.com:443 "GET /api/giveaways?type=game HTTP/1.1" 200 None
2026-09-08 16:56:36,867 - DEBUG - PIL.PngImagePlugin - STREAM b'IHDR' 16 13
2026-09-08 16:56:36,867 - DEBUG - PIL.PngImagePlugin - STREAM b'IDAT' 41 62450
2026-09-08 16:56:36,970 - DEBUG - PIL.PngImagePlugin - STREAM b'IHDR' 16 13
2026-09-08 16:56:36,970 - DEBUG - PIL.PngImagePlugin - STREAM b'IDAT' 41 62450
2026-09-08 16:56:37,374 - DEBUG - urllib3.connectionpool - Starting new HTTPS connection (1): www.gamerpower.com:443
2026-09-08 16:56:37,447 - DEBUG - urllib3.connectionpool - https://www.gamerpower.com:443 "GET /offers/1b/6a998bd861dec.jpg HTTP/1.1" 200 25311
2026-09-08 16:56:39,121 - DEBUG - urllib3.connectionpool - Starting new HTTPS connection (1): www.gamerpower.com:443
2026-09-08 16:56:39,243 - DEBUG - urllib3.connectionpool - https://www.gamerpower.com:443 "GET /offers/1b/6a59119a8eb8d.jpg HTTP/1.1" 200 40398
2026-09-08 16:56:39,573 - DEBUG - urllib3.connectionpool - Starting new HTTPS connection (1): www.gamerpower.com:443
2026-09-08 16:56:39,689 - DEBUG - urllib3.connectionpool - https://www.gamerpower.com:443 "GET /offers/1b/6a9ebcfac0aab.jpg HTTP/1.1" 200 45431
2026-09-08 16:56:41,023 - DEBUG - urllib3.connectionpool - Starting new HTTPS connection (1): www.gamerpower.com:443
2026-09-08 16:56:41,132 - DEBUG - urllib3.connectionpool - https://www.gamerpower.com:443 "GET /offers/1b/6a998eb716bfe.jpg HTTP/1.1" 200 47772
2026-09-08 16:56:41,785 - INFO - KGameTracker - ℹ️  ==================================================
2026-09-08 16:56:41,785 - INFO - KGameTracker - ℹ️  K GAME TRACKER - CERRADA
2026-09-08 16:56:41,785 - INFO - KGameTracker - ℹ️  ==================================================
2026-09-08 16:57:19,933 - INFO - KGameTracker - ℹ️  ==================================================
2026-09-08 16:57:19,933 - INFO - KGameTracker - ℹ️  K GAME TRACKER - INICIADA
2026-09-08 16:57:19,934 - INFO - KGameTracker - ℹ️  ==================================================
2026-09-08 16:57:20,049 - DEBUG - PIL.Image - Importing PngImagePlugin
2026-09-08 16:57:20,058 - DEBUG - PIL.PngImagePlugin - STREAM b'IHDR' 16 13
2026-09-08 16:57:20,058 - DEBUG - PIL.PngImagePlugin - STREAM b'caBX' 41 5758
2026-09-08 16:57:20,058 - DEBUG - PIL.PngImagePlugin - b'caBX' 41 5758 (unknown)
2026-09-08 16:57:20,058 - DEBUG - PIL.PngImagePlugin - STREAM b'IDAT' 5811 65536
2026-09-08 16:57:22,343 - DEBUG - PIL.PngImagePlugin - STREAM b'IHDR' 16 13
2026-09-08 16:57:22,344 - DEBUG - PIL.PngImagePlugin - STREAM b'caBX' 41 5758
2026-09-08 16:57:22,344 - DEBUG - PIL.PngImagePlugin - b'caBX' 41 5758 (unknown)
2026-09-08 16:57:22,344 - DEBUG - PIL.PngImagePlugin - STREAM b'IDAT' 5811 65536
2026-09-08 16:57:22,374 - DEBUG - PIL.PngImagePlugin - STREAM b'IHDR' 16 13
2026-09-08 16:57:22,375 - DEBUG - PIL.PngImagePlugin - STREAM b'IDAT' 41 53758
2026-09-08 16:57:22,381 - DEBUG - PIL.PngImagePlugin - STREAM b'IHDR' 16 13
2026-09-08 16:57:22,381 - DEBUG - PIL.PngImagePlugin - STREAM b'IDAT' 41 65536
2026-09-08 16:57:22,384 - DEBUG - PIL.PngImagePlugin - STREAM b'IHDR' 16 13
2026-09-08 16:57:22,384 - DEBUG - PIL.PngImagePlugin - STREAM b'IDAT' 41 58612
2026-09-08 16:57:22,387 - DEBUG - PIL.PngImagePlugin - STREAM b'IHDR' 16 13
2026-09-08 16:57:22,388 - DEBUG - PIL.PngImagePlugin - STREAM b'IDAT' 41 63613
2026-09-08 16:57:22,392 - DEBUG - PIL.PngImagePlugin - STREAM b'IHDR' 16 13
2026-09-08 16:57:22,392 - DEBUG - PIL.PngImagePlugin - STREAM b'IDAT' 41 65536
2026-09-08 16:57:22,398 - DEBUG - PIL.PngImagePlugin - STREAM b'IHDR' 16 13
2026-09-08 16:57:22,398 - DEBUG - PIL.PngImagePlugin - STREAM b'IDAT' 41 63580
2026-09-08 16:57:22,402 - DEBUG - PIL.PngImagePlugin - STREAM b'IHDR' 16 13
2026-09-08 16:57:22,402 - DEBUG - PIL.PngImagePlugin - STREAM b'IDAT' 41 64126
2026-09-08 16:57:22,407 - DEBUG - PIL.PngImagePlugin - STREAM b'IHDR' 16 13
2026-09-08 16:57:22,407 - DEBUG - PIL.PngImagePlugin - STREAM b'IDAT' 41 64126
2026-09-08 16:57:22,411 - DEBUG - PIL.PngImagePlugin - STREAM b'IHDR' 16 13
2026-09-08 16:57:22,412 - DEBUG - PIL.PngImagePlugin - STREAM b'IDAT' 41 64126
2026-09-08 16:57:22,417 - DEBUG - PIL.PngImagePlugin - STREAM b'IHDR' 16 13
2026-09-08 16:57:22,417 - DEBUG - PIL.PngImagePlugin - STREAM b'IDAT' 41 56150
2026-09-08 16:57:22,422 - DEBUG - PIL.PngImagePlugin - STREAM b'IHDR' 16 13
2026-09-08 16:57:22,422 - DEBUG - PIL.PngImagePlugin - STREAM b'IDAT' 41 64126
2026-09-08 16:57:22,426 - DEBUG - PIL.PngImagePlugin - STREAM b'IHDR' 16 13
2026-09-08 16:57:22,426 - DEBUG - PIL.PngImagePlugin - STREAM b'IDAT' 41 64126
2026-09-08 16:57:22,442 - DEBUG - PIL.PngImagePlugin - STREAM b'IHDR' 16 13
2026-09-08 16:57:22,442 - DEBUG - PIL.PngImagePlugin - STREAM b'IDAT' 41 62450
2026-09-08 16:57:22,538 - DEBUG - PIL.PngImagePlugin - STREAM b'IHDR' 16 13
2026-09-08 16:57:22,539 - DEBUG - PIL.PngImagePlugin - STREAM b'IDAT' 41 65536
2026-09-08 16:57:22,541 - DEBUG - PIL.PngImagePlugin - STREAM b'IHDR' 16 13
2026-09-08 16:57:22,541 - DEBUG - PIL.PngImagePlugin - STREAM b'IDAT' 41 65536
2026-09-08 16:57:22,650 - DEBUG - PIL.PngImagePlugin - STREAM b'IHDR' 16 13
2026-09-08 16:57:22,650 - DEBUG - PIL.PngImagePlugin - STREAM b'IDAT' 41 62450
2026-09-08 16:57:22,753 - DEBUG - PIL.PngImagePlugin - STREAM b'IHDR' 16 13
2026-09-08 16:57:22,753 - DEBUG - PIL.PngImagePlugin - STREAM b'IDAT' 41 62450
2026-09-08 16:57:22,857 - DEBUG - PIL.PngImagePlugin - STREAM b'IHDR' 16 13
2026-09-08 16:57:22,857 - DEBUG - PIL.PngImagePlugin - STREAM b'IDAT' 41 62450
2026-09-08 16:57:22,960 - DEBUG - PIL.PngImagePlugin - STREAM b'IHDR' 16 13
2026-09-08 16:57:22,960 - DEBUG - PIL.PngImagePlugin - STREAM b'IDAT' 41 62450
2026-09-08 16:57:23,063 - DEBUG - PIL.PngImagePlugin - STREAM b'IHDR' 16 13
2026-09-08 16:57:23,063 - DEBUG - PIL.PngImagePlugin - STREAM b'IDAT' 41 62450
2026-09-08 16:57:23,166 - DEBUG - PIL.PngImagePlugin - STREAM b'IHDR' 16 13
2026-09-08 16:57:23,166 - DEBUG - PIL.PngImagePlugin - STREAM b'IDAT' 41 62450
2026-09-08 16:57:23,269 - DEBUG - PIL.PngImagePlugin - STREAM b'IHDR' 16 13
2026-09-08 16:57:23,270 - DEBUG - PIL.PngImagePlugin - STREAM b'IDAT' 41 62450
2026-09-08 16:57:23,373 - DEBUG - PIL.PngImagePlugin - STREAM b'IHDR' 16 13
2026-09-08 16:57:23,373 - DEBUG - PIL.PngImagePlugin - STREAM b'IDAT' 41 62450
2026-09-08 16:57:23,476 - DEBUG - PIL.PngImagePlugin - STREAM b'IHDR' 16 13
2026-09-08 16:57:23,477 - DEBUG - PIL.PngImagePlugin - STREAM b'IDAT' 41 62450
2026-09-08 16:57:23,580 - DEBUG - PIL.PngImagePlugin - STREAM b'IHDR' 16 13
2026-09-08 16:57:23,580 - DEBUG - PIL.PngImagePlugin - STREAM b'IDAT' 41 62450
2026-09-08 16:57:24,018 - DEBUG - urllib3.connectionpool - Starting new HTTPS connection (1): www.gamerpower.com:443
2026-09-08 16:57:24,142 - DEBUG - urllib3.connectionpool - https://www.gamerpower.com:443 "GET /api/giveaways?type=game HTTP/1.1" 200 None
2026-09-08 16:57:24,726 - DEBUG - urllib3.connectionpool - Starting new HTTPS connection (1): www.gamerpower.com:443
2026-09-08 16:57:24,836 - DEBUG - urllib3.connectionpool - https://www.gamerpower.com:443 "GET /offers/1b/6a998bd861dec.jpg HTTP/1.1" 200 25311
2026-09-08 16:57:52,226 - INFO - KGameTracker - ℹ️  ==================================================
2026-09-08 16:57:52,226 - INFO - KGameTracker - ℹ️  K GAME TRACKER - CERRADA
2026-09-08 16:57:52,226 - INFO - KGameTracker - ℹ️  ==================================================
2026-09-08 16:57:57,001 - INFO - KGameTracker - ℹ️  ==================================================
2026-09-08 16:57:57,001 - INFO - KGameTracker - ℹ️  K GAME TRACKER - INICIADA
2026-09-08 16:57:57,001 - INFO - KGameTracker - ℹ️  ==================================================
2026-09-08 16:57:57,118 - DEBUG - PIL.Image - Importing PngImagePlugin
2026-09-08 16:57:57,125 - DEBUG - PIL.PngImagePlugin - STREAM b'IHDR' 16 13
2026-09-08 16:57:57,125 - DEBUG - PIL.PngImagePlugin - STREAM b'caBX' 41 5758
2026-09-08 16:57:57,125 - DEBUG - PIL.PngImagePlugin - b'caBX' 41 5758 (unknown)
2026-09-08 16:57:57,125 - DEBUG - PIL.PngImagePlugin - STREAM b'IDAT' 5811 65536
2026-09-08 16:57:59,458 - DEBUG - PIL.PngImagePlugin - STREAM b'IHDR' 16 13
2026-09-08 16:57:59,458 - DEBUG - PIL.PngImagePlugin - STREAM b'caBX' 41 5758
2026-09-08 16:57:59,458 - DEBUG - PIL.PngImagePlugin - b'caBX' 41 5758 (unknown)
2026-09-08 16:57:59,458 - DEBUG - PIL.PngImagePlugin - STREAM b'IDAT' 5811 65536
2026-09-08 16:57:59,488 - DEBUG - PIL.PngImagePlugin - STREAM b'IHDR' 16 13
2026-09-08 16:57:59,488 - DEBUG - PIL.PngImagePlugin - STREAM b'IDAT' 41 53758
2026-09-08 16:57:59,492 - DEBUG - PIL.PngImagePlugin - STREAM b'IHDR' 16 13
2026-09-08 16:57:59,492 - DEBUG - PIL.PngImagePlugin - STREAM b'IDAT' 41 65536
2026-09-08 16:57:59,496 - DEBUG - PIL.PngImagePlugin - STREAM b'IHDR' 16 13
2026-09-08 16:57:59,496 - DEBUG - PIL.PngImagePlugin - STREAM b'IDAT' 41 58612
2026-09-08 16:57:59,499 - DEBUG - PIL.PngImagePlugin - STREAM b'IHDR' 16 13
2026-09-08 16:57:59,499 - DEBUG - PIL.PngImagePlugin - STREAM b'IDAT' 41 63613
2026-09-08 16:57:59,504 - DEBUG - PIL.PngImagePlugin - STREAM b'IHDR' 16 13
2026-09-08 16:57:59,504 - DEBUG - PIL.PngImagePlugin - STREAM b'IDAT' 41 65536
2026-09-08 16:57:59,510 - DEBUG - PIL.PngImagePlugin - STREAM b'IHDR' 16 13
2026-09-08 16:57:59,510 - DEBUG - PIL.PngImagePlugin - STREAM b'IDAT' 41 63580
2026-09-08 16:57:59,514 - DEBUG - PIL.PngImagePlugin - STREAM b'IHDR' 16 13
2026-09-08 16:57:59,514 - DEBUG - PIL.PngImagePlugin - STREAM b'IDAT' 41 64126
2026-09-08 16:57:59,518 - DEBUG - PIL.PngImagePlugin - STREAM b'IHDR' 16 13
2026-09-08 16:57:59,519 - DEBUG - PIL.PngImagePlugin - STREAM b'IDAT' 41 64126
2026-09-08 16:57:59,524 - DEBUG - PIL.PngImagePlugin - STREAM b'IHDR' 16 13
2026-09-08 16:57:59,525 - DEBUG - PIL.PngImagePlugin - STREAM b'IDAT' 41 64126
2026-09-08 16:57:59,529 - DEBUG - PIL.PngImagePlugin - STREAM b'IHDR' 16 13
2026-09-08 16:57:59,529 - DEBUG - PIL.PngImagePlugin - STREAM b'IDAT' 41 56150
2026-09-08 16:57:59,533 - DEBUG - PIL.PngImagePlugin - STREAM b'IHDR' 16 13
2026-09-08 16:57:59,533 - DEBUG - PIL.PngImagePlugin - STREAM b'IDAT' 41 64126
2026-09-08 16:57:59,538 - DEBUG - PIL.PngImagePlugin - STREAM b'IHDR' 16 13
2026-09-08 16:57:59,538 - DEBUG - PIL.PngImagePlugin - STREAM b'IDAT' 41 64126
2026-09-08 16:57:59,551 - DEBUG - PIL.PngImagePlugin - STREAM b'IHDR' 16 13
2026-09-08 16:57:59,551 - DEBUG - PIL.PngImagePlugin - STREAM b'IDAT' 41 62450
2026-09-08 16:57:59,643 - DEBUG - PIL.PngImagePlugin - STREAM b'IHDR' 16 13
2026-09-08 16:57:59,644 - DEBUG - PIL.PngImagePlugin - STREAM b'IDAT' 41 65536
2026-09-08 16:57:59,646 - DEBUG - PIL.PngImagePlugin - STREAM b'IHDR' 16 13
2026-09-08 16:57:59,647 - DEBUG - PIL.PngImagePlugin - STREAM b'IDAT' 41 65536
2026-09-08 16:57:59,755 - DEBUG - PIL.PngImagePlugin - STREAM b'IHDR' 16 13
2026-09-08 16:57:59,755 - DEBUG - PIL.PngImagePlugin - STREAM b'IDAT' 41 62450
2026-09-08 16:57:59,858 - DEBUG - PIL.PngImagePlugin - STREAM b'IHDR' 16 13
2026-09-08 16:57:59,859 - DEBUG - PIL.PngImagePlugin - STREAM b'IDAT' 41 62450
2026-09-08 16:57:59,962 - DEBUG - PIL.PngImagePlugin - STREAM b'IHDR' 16 13
2026-09-08 16:57:59,962 - DEBUG - PIL.PngImagePlugin - STREAM b'IDAT' 41 62450
2026-09-08 16:58:00,065 - DEBUG - PIL.PngImagePlugin - STREAM b'IHDR' 16 13
2026-09-08 16:58:00,065 - DEBUG - PIL.PngImagePlugin - STREAM b'IDAT' 41 62450
2026-09-08 16:58:00,168 - DEBUG - PIL.PngImagePlugin - STREAM b'IHDR' 16 13
2026-09-08 16:58:00,168 - DEBUG - PIL.PngImagePlugin - STREAM b'IDAT' 41 62450
2026-09-08 16:58:00,272 - DEBUG - PIL.PngImagePlugin - STREAM b'IHDR' 16 13
2026-09-08 16:58:00,272 - DEBUG - PIL.PngImagePlugin - STREAM b'IDAT' 41 62450
2026-09-08 16:58:00,375 - DEBUG - PIL.PngImagePlugin - STREAM b'IHDR' 16 13
2026-09-08 16:58:00,375 - DEBUG - PIL.PngImagePlugin - STREAM b'IDAT' 41 62450
2026-09-08 16:58:00,478 - DEBUG - PIL.PngImagePlugin - STREAM b'IHDR' 16 13
2026-09-08 16:58:00,479 - DEBUG - PIL.PngImagePlugin - STREAM b'IDAT' 41 62450
2026-09-08 16:58:00,581 - DEBUG - PIL.PngImagePlugin - STREAM b'IHDR' 16 13
2026-09-08 16:58:00,582 - DEBUG - PIL.PngImagePlugin - STREAM b'IDAT' 41 62450
2026-09-08 16:58:00,684 - DEBUG - PIL.PngImagePlugin - STREAM b'IHDR' 16 13
2026-09-08 16:58:00,684 - DEBUG - PIL.PngImagePlugin - STREAM b'IDAT' 41 62450
2026-09-08 16:58:00,858 - INFO - KGameTracker - ℹ️  ==================================================
2026-09-08 16:58:00,858 - INFO - KGameTracker - ℹ️  K GAME TRACKER - CERRADA
2026-09-08 16:58:00,858 - INFO - KGameTracker - ℹ️  ==================================================
2026-09-08 16:58:10,847 - INFO - KGameTracker - ℹ️  ==================================================
2026-09-08 16:58:10,848 - INFO - KGameTracker - ℹ️  K GAME TRACKER - INICIADA
2026-09-08 16:58:10,848 - INFO - KGameTracker - ℹ️  ==================================================
2026-09-08 16:58:10,963 - DEBUG - PIL.Image - Importing PngImagePlugin
2026-09-08 16:58:10,969 - DEBUG - PIL.PngImagePlugin - STREAM b'IHDR' 16 13
2026-09-08 16:58:10,970 - DEBUG - PIL.PngImagePlugin - STREAM b'caBX' 41 5758
2026-09-08 16:58:10,970 - DEBUG - PIL.PngImagePlugin - b'caBX' 41 5758 (unknown)
2026-09-08 16:58:10,970 - DEBUG - PIL.PngImagePlugin - STREAM b'IDAT' 5811 65536
2026-09-08 16:58:13,320 - DEBUG - PIL.PngImagePlugin - STREAM b'IHDR' 16 13
2026-09-08 16:58:13,321 - DEBUG - PIL.PngImagePlugin - STREAM b'caBX' 41 5758
2026-09-08 16:58:13,321 - DEBUG - PIL.PngImagePlugin - b'caBX' 41 5758 (unknown)
2026-09-08 16:58:13,322 - DEBUG - PIL.PngImagePlugin - STREAM b'IDAT' 5811 65536
2026-09-08 16:58:13,350 - DEBUG - PIL.PngImagePlugin - STREAM b'IHDR' 16 13
2026-09-08 16:58:13,350 - DEBUG - PIL.PngImagePlugin - STREAM b'IDAT' 41 53758
2026-09-08 16:58:13,354 - DEBUG - PIL.PngImagePlugin - STREAM b'IHDR' 16 13
2026-09-08 16:58:13,355 - DEBUG - PIL.PngImagePlugin - STREAM b'IDAT' 41 65536
2026-09-08 16:58:13,358 - DEBUG - PIL.PngImagePlugin - STREAM b'IHDR' 16 13
2026-09-08 16:58:13,358 - DEBUG - PIL.PngImagePlugin - STREAM b'IDAT' 41 58612
2026-09-08 16:58:13,361 - DEBUG - PIL.PngImagePlugin - STREAM b'IHDR' 16 13
2026-09-08 16:58:13,361 - DEBUG - PIL.PngImagePlugin - STREAM b'IDAT' 41 63613
2026-09-08 16:58:13,365 - DEBUG - PIL.PngImagePlugin - STREAM b'IHDR' 16 13
2026-09-08 16:58:13,365 - DEBUG - PIL.PngImagePlugin - STREAM b'IDAT' 41 65536
2026-09-08 16:58:13,370 - DEBUG - PIL.PngImagePlugin - STREAM b'IHDR' 16 13
2026-09-08 16:58:13,370 - DEBUG - PIL.PngImagePlugin - STREAM b'IDAT' 41 63580
2026-09-08 16:58:13,374 - DEBUG - PIL.PngImagePlugin - STREAM b'IHDR' 16 13
2026-09-08 16:58:13,374 - DEBUG - PIL.PngImagePlugin - STREAM b'IDAT' 41 64126
2026-09-08 16:58:13,378 - DEBUG - PIL.PngImagePlugin - STREAM b'IHDR' 16 13
2026-09-08 16:58:13,378 - DEBUG - PIL.PngImagePlugin - STREAM b'IDAT' 41 64126
2026-09-08 16:58:13,383 - DEBUG - PIL.PngImagePlugin - STREAM b'IHDR' 16 13
2026-09-08 16:58:13,383 - DEBUG - PIL.PngImagePlugin - STREAM b'IDAT' 41 64126
2026-09-08 16:58:13,388 - DEBUG - PIL.PngImagePlugin - STREAM b'IHDR' 16 13
2026-09-08 16:58:13,388 - DEBUG - PIL.PngImagePlugin - STREAM b'IDAT' 41 56150
2026-09-08 16:58:13,392 - DEBUG - PIL.PngImagePlugin - STREAM b'IHDR' 16 13
2026-09-08 16:58:13,392 - DEBUG - PIL.PngImagePlugin - STREAM b'IDAT' 41 64126
2026-09-08 16:58:13,397 - DEBUG - PIL.PngImagePlugin - STREAM b'IHDR' 16 13
2026-09-08 16:58:13,397 - DEBUG - PIL.PngImagePlugin - STREAM b'IDAT' 41 64126
2026-09-08 16:58:13,412 - DEBUG - PIL.PngImagePlugin - STREAM b'IHDR' 16 13
2026-09-08 16:58:13,412 - DEBUG - PIL.PngImagePlugin - STREAM b'IDAT' 41 62450
2026-09-08 16:58:13,503 - DEBUG - PIL.PngImagePlugin - STREAM b'IHDR' 16 13
2026-09-08 16:58:13,503 - DEBUG - PIL.PngImagePlugin - STREAM b'IDAT' 41 65536
2026-09-08 16:58:13,506 - DEBUG - PIL.PngImagePlugin - STREAM b'IHDR' 16 13
2026-09-08 16:58:13,506 - DEBUG - PIL.PngImagePlugin - STREAM b'IDAT' 41 65536
2026-09-08 16:58:13,611 - DEBUG - PIL.PngImagePlugin - STREAM b'IHDR' 16 13
2026-09-08 16:58:13,611 - DEBUG - PIL.PngImagePlugin - STREAM b'IDAT' 41 62450
2026-09-08 16:58:13,715 - DEBUG - PIL.PngImagePlugin - STREAM b'IHDR' 16 13
2026-09-08 16:58:13,715 - DEBUG - PIL.PngImagePlugin - STREAM b'IDAT' 41 62450
2026-09-08 16:58:13,818 - DEBUG - PIL.PngImagePlugin - STREAM b'IHDR' 16 13
2026-09-08 16:58:13,818 - DEBUG - PIL.PngImagePlugin - STREAM b'IDAT' 41 62450
2026-09-08 16:58:13,922 - DEBUG - PIL.PngImagePlugin - STREAM b'IHDR' 16 13
2026-09-08 16:58:13,922 - DEBUG - PIL.PngImagePlugin - STREAM b'IDAT' 41 62450
2026-09-08 16:58:14,025 - DEBUG - PIL.PngImagePlugin - STREAM b'IHDR' 16 13
2026-09-08 16:58:14,025 - DEBUG - PIL.PngImagePlugin - STREAM b'IDAT' 41 62450
2026-09-08 16:58:14,128 - DEBUG - PIL.PngImagePlugin - STREAM b'IHDR' 16 13
2026-09-08 16:58:14,129 - DEBUG - PIL.PngImagePlugin - STREAM b'IDAT' 41 62450
2026-09-08 16:58:14,231 - DEBUG - PIL.PngImagePlugin - STREAM b'IHDR' 16 13
2026-09-08 16:58:14,231 - DEBUG - PIL.PngImagePlugin - STREAM b'IDAT' 41 62450
2026-09-08 16:58:14,334 - DEBUG - PIL.PngImagePlugin - STREAM b'IHDR' 16 13
2026-09-08 16:58:14,334 - DEBUG - PIL.PngImagePlugin - STREAM b'IDAT' 41 62450
2026-09-08 16:58:14,437 - DEBUG - PIL.PngImagePlugin - STREAM b'IHDR' 16 13
2026-09-08 16:58:14,437 - DEBUG - PIL.PngImagePlugin - STREAM b'IDAT' 41 62450
2026-09-08 16:58:14,522 - DEBUG - urllib3.connectionpool - Starting new HTTPS connection (1): www.gamerpower.com:443
2026-09-08 16:58:14,649 - DEBUG - urllib3.connectionpool - https://www.gamerpower.com:443 "GET /api/giveaways?type=game HTTP/1.1" 200 None
2026-09-08 16:58:14,656 - DEBUG - PIL.PngImagePlugin - STREAM b'IHDR' 16 13
2026-09-08 16:58:14,656 - DEBUG - PIL.PngImagePlugin - STREAM b'IDAT' 41 62450
2026-09-08 16:58:14,942 - DEBUG - urllib3.connectionpool - Starting new HTTPS connection (1): www.gamerpower.com:443
2026-09-08 16:58:15,065 - DEBUG - urllib3.connectionpool - https://www.gamerpower.com:443 "GET /offers/1b/6a998bd861dec.jpg HTTP/1.1" 200 25311
2026-09-08 16:58:41,245 - INFO - KGameTracker - ℹ️  ==================================================
2026-09-08 16:58:41,246 - INFO - KGameTracker - ℹ️  K GAME TRACKER - CERRADA
2026-09-08 16:58:41,246 - INFO - KGameTracker - ℹ️  ==================================================
2026-09-08 16:58:52,465 - INFO - KGameTracker - ℹ️  ==================================================
2026-09-08 16:58:52,465 - INFO - KGameTracker - ℹ️  K GAME TRACKER - INICIADA
2026-09-08 16:58:52,466 - INFO - KGameTracker - ℹ️  ==================================================
2026-09-08 16:58:52,584 - DEBUG - PIL.Image - Importing PngImagePlugin
2026-09-08 16:58:52,591 - DEBUG - PIL.PngImagePlugin - STREAM b'IHDR' 16 13
2026-09-08 16:58:52,591 - DEBUG - PIL.PngImagePlugin - STREAM b'caBX' 41 5758
2026-09-08 16:58:52,591 - DEBUG - PIL.PngImagePlugin - b'caBX' 41 5758 (unknown)
2026-09-08 16:58:52,592 - DEBUG - PIL.PngImagePlugin - STREAM b'IDAT' 5811 65536
2026-09-08 16:58:54,953 - DEBUG - PIL.PngImagePlugin - STREAM b'IHDR' 16 13
2026-09-08 16:58:54,953 - DEBUG - PIL.PngImagePlugin - STREAM b'caBX' 41 5758
2026-09-08 16:58:54,953 - DEBUG - PIL.PngImagePlugin - b'caBX' 41 5758 (unknown)
2026-09-08 16:58:54,953 - DEBUG - PIL.PngImagePlugin - STREAM b'IDAT' 5811 65536
2026-09-08 16:58:54,983 - DEBUG - PIL.PngImagePlugin - STREAM b'IHDR' 16 13
2026-09-08 16:58:54,983 - DEBUG - PIL.PngImagePlugin - STREAM b'IDAT' 41 53758
2026-09-08 16:58:54,987 - DEBUG - PIL.PngImagePlugin - STREAM b'IHDR' 16 13
2026-09-08 16:58:54,987 - DEBUG - PIL.PngImagePlugin - STREAM b'IDAT' 41 65536
2026-09-08 16:58:54,990 - DEBUG - PIL.PngImagePlugin - STREAM b'IHDR' 16 13
2026-09-08 16:58:54,991 - DEBUG - PIL.PngImagePlugin - STREAM b'IDAT' 41 58612
2026-09-08 16:58:54,994 - DEBUG - PIL.PngImagePlugin - STREAM b'IHDR' 16 13
2026-09-08 16:58:54,994 - DEBUG - PIL.PngImagePlugin - STREAM b'IDAT' 41 63613
2026-09-08 16:58:54,999 - DEBUG - PIL.PngImagePlugin - STREAM b'IHDR' 16 13
2026-09-08 16:58:54,999 - DEBUG - PIL.PngImagePlugin - STREAM b'IDAT' 41 65536
2026-09-08 16:58:55,004 - DEBUG - PIL.PngImagePlugin - STREAM b'IHDR' 16 13
2026-09-08 16:58:55,004 - DEBUG - PIL.PngImagePlugin - STREAM b'IDAT' 41 63580
2026-09-08 16:58:55,008 - DEBUG - PIL.PngImagePlugin - STREAM b'IHDR' 16 13
2026-09-08 16:58:55,008 - DEBUG - PIL.PngImagePlugin - STREAM b'IDAT' 41 64126
2026-09-08 16:58:55,012 - DEBUG - PIL.PngImagePlugin - STREAM b'IHDR' 16 13
2026-09-08 16:58:55,012 - DEBUG - PIL.PngImagePlugin - STREAM b'IDAT' 41 64126
2026-09-08 16:58:55,016 - DEBUG - PIL.PngImagePlugin - STREAM b'IHDR' 16 13
2026-09-08 16:58:55,017 - DEBUG - PIL.PngImagePlugin - STREAM b'IDAT' 41 64126
2026-09-08 16:58:55,021 - DEBUG - PIL.PngImagePlugin - STREAM b'IHDR' 16 13
2026-09-08 16:58:55,021 - DEBUG - PIL.PngImagePlugin - STREAM b'IDAT' 41 56150
2026-09-08 16:58:55,025 - DEBUG - PIL.PngImagePlugin - STREAM b'IHDR' 16 13
2026-09-08 16:58:55,025 - DEBUG - PIL.PngImagePlugin - STREAM b'IDAT' 41 64126
2026-09-08 16:58:55,030 - DEBUG - PIL.PngImagePlugin - STREAM b'IHDR' 16 13
2026-09-08 16:58:55,030 - DEBUG - PIL.PngImagePlugin - STREAM b'IDAT' 41 64126
2026-09-08 16:58:55,042 - DEBUG - PIL.PngImagePlugin - STREAM b'IHDR' 16 13
2026-09-08 16:58:55,042 - DEBUG - PIL.PngImagePlugin - STREAM b'IDAT' 41 62450
2026-09-08 16:58:55,132 - DEBUG - PIL.PngImagePlugin - STREAM b'IHDR' 16 13
2026-09-08 16:58:55,132 - DEBUG - PIL.PngImagePlugin - STREAM b'IDAT' 41 65536
2026-09-08 16:58:55,135 - DEBUG - PIL.PngImagePlugin - STREAM b'IHDR' 16 13
2026-09-08 16:58:55,135 - DEBUG - PIL.PngImagePlugin - STREAM b'IDAT' 41 65536
2026-09-08 16:58:55,246 - DEBUG - PIL.PngImagePlugin - STREAM b'IHDR' 16 13
2026-09-08 16:58:55,246 - DEBUG - PIL.PngImagePlugin - STREAM b'IDAT' 41 62450
2026-09-08 16:58:55,351 - DEBUG - PIL.PngImagePlugin - STREAM b'IHDR' 16 13
2026-09-08 16:58:55,351 - DEBUG - PIL.PngImagePlugin - STREAM b'IDAT' 41 62450
2026-09-08 16:58:55,455 - DEBUG - PIL.PngImagePlugin - STREAM b'IHDR' 16 13
2026-09-08 16:58:55,455 - DEBUG - PIL.PngImagePlugin - STREAM b'IDAT' 41 62450
2026-09-08 16:58:55,558 - DEBUG - PIL.PngImagePlugin - STREAM b'IHDR' 16 13
2026-09-08 16:58:55,558 - DEBUG - PIL.PngImagePlugin - STREAM b'IDAT' 41 62450
2026-09-08 16:58:55,661 - DEBUG - PIL.PngImagePlugin - STREAM b'IHDR' 16 13
2026-09-08 16:58:55,661 - DEBUG - PIL.PngImagePlugin - STREAM b'IDAT' 41 62450
2026-09-08 16:58:55,764 - DEBUG - PIL.PngImagePlugin - STREAM b'IHDR' 16 13
2026-09-08 16:58:55,765 - DEBUG - PIL.PngImagePlugin - STREAM b'IDAT' 41 62450
2026-09-08 16:58:55,867 - DEBUG - PIL.PngImagePlugin - STREAM b'IHDR' 16 13
2026-09-08 16:58:55,868 - DEBUG - PIL.PngImagePlugin - STREAM b'IDAT' 41 62450
2026-09-08 16:58:55,971 - DEBUG - PIL.PngImagePlugin - STREAM b'IHDR' 16 13
2026-09-08 16:58:55,971 - DEBUG - PIL.PngImagePlugin - STREAM b'IDAT' 41 62450
2026-09-08 16:58:55,984 - DEBUG - urllib3.connectionpool - Starting new HTTPS connection (1): www.gamerpower.com:443
2026-09-08 16:58:56,207 - DEBUG - urllib3.connectionpool - https://www.gamerpower.com:443 "GET /api/giveaways?type=game HTTP/1.1" 200 None
2026-09-08 16:58:56,213 - DEBUG - PIL.PngImagePlugin - STREAM b'IHDR' 16 13
2026-09-08 16:58:56,213 - DEBUG - PIL.PngImagePlugin - STREAM b'IDAT' 41 62450
2026-09-08 16:58:56,317 - DEBUG - PIL.PngImagePlugin - STREAM b'IHDR' 16 13
2026-09-08 16:58:56,317 - DEBUG - PIL.PngImagePlugin - STREAM b'IDAT' 41 62450
2026-09-08 16:58:56,368 - DEBUG - urllib3.connectionpool - Starting new HTTPS connection (1): www.gamerpower.com:443
2026-09-08 16:58:56,482 - DEBUG - urllib3.connectionpool - https://www.gamerpower.com:443 "GET /offers/1b/6a998bd861dec.jpg HTTP/1.1" 200 25311
2026-09-08 16:58:58,740 - INFO - KGameTracker - ℹ️  ==================================================
2026-09-08 16:58:58,740 - INFO - KGameTracker - ℹ️  K GAME TRACKER - CERRADA
2026-09-08 16:58:58,740 - INFO - KGameTracker - ℹ️  ==================================================
2026-09-08 17:03:22,033 - INFO - KGameTracker - ℹ️  ==================================================
2026-09-08 17:03:22,034 - INFO - KGameTracker - ℹ️  K GAME TRACKER - INICIADA
2026-09-08 17:03:22,034 - INFO - KGameTracker - ℹ️  ==================================================
2026-09-08 17:03:22,159 - DEBUG - PIL.Image - Importing PngImagePlugin
2026-09-08 17:03:22,166 - DEBUG - PIL.PngImagePlugin - STREAM b'IHDR' 16 13
2026-09-08 17:03:22,166 - DEBUG - PIL.PngImagePlugin - STREAM b'caBX' 41 5758
2026-09-08 17:03:22,166 - DEBUG - PIL.PngImagePlugin - b'caBX' 41 5758 (unknown)
2026-09-08 17:03:22,166 - DEBUG - PIL.PngImagePlugin - STREAM b'IDAT' 5811 65536
2026-09-08 17:03:24,535 - DEBUG - PIL.PngImagePlugin - STREAM b'IHDR' 16 13
2026-09-08 17:03:24,535 - DEBUG - PIL.PngImagePlugin - STREAM b'caBX' 41 5758
2026-09-08 17:03:24,535 - DEBUG - PIL.PngImagePlugin - b'caBX' 41 5758 (unknown)
2026-09-08 17:03:24,535 - DEBUG - PIL.PngImagePlugin - STREAM b'IDAT' 5811 65536
2026-09-08 17:03:24,562 - DEBUG - PIL.PngImagePlugin - STREAM b'IHDR' 16 13
2026-09-08 17:03:24,562 - DEBUG - PIL.PngImagePlugin - STREAM b'IDAT' 41 53758
2026-09-08 17:03:24,566 - DEBUG - PIL.PngImagePlugin - STREAM b'IHDR' 16 13
2026-09-08 17:03:24,566 - DEBUG - PIL.PngImagePlugin - STREAM b'IDAT' 41 65536
2026-09-08 17:03:24,569 - DEBUG - PIL.PngImagePlugin - STREAM b'IHDR' 16 13
2026-09-08 17:03:24,569 - DEBUG - PIL.PngImagePlugin - STREAM b'IDAT' 41 58612
2026-09-08 17:03:24,572 - DEBUG - PIL.PngImagePlugin - STREAM b'IHDR' 16 13
2026-09-08 17:03:24,573 - DEBUG - PIL.PngImagePlugin - STREAM b'IDAT' 41 63613
2026-09-08 17:03:24,576 - DEBUG - PIL.PngImagePlugin - STREAM b'IHDR' 16 13
2026-09-08 17:03:24,576 - DEBUG - PIL.PngImagePlugin - STREAM b'IDAT' 41 65536
2026-09-08 17:03:24,581 - DEBUG - PIL.PngImagePlugin - STREAM b'IHDR' 16 13
2026-09-08 17:03:24,581 - DEBUG - PIL.PngImagePlugin - STREAM b'IDAT' 41 63580
2026-09-08 17:03:24,585 - DEBUG - PIL.PngImagePlugin - STREAM b'IHDR' 16 13
2026-09-08 17:03:24,585 - DEBUG - PIL.PngImagePlugin - STREAM b'IDAT' 41 64126
2026-09-08 17:03:24,590 - DEBUG - PIL.PngImagePlugin - STREAM b'IHDR' 16 13
2026-09-08 17:03:24,590 - DEBUG - PIL.PngImagePlugin - STREAM b'IDAT' 41 64126
2026-09-08 17:03:24,594 - DEBUG - PIL.PngImagePlugin - STREAM b'IHDR' 16 13
2026-09-08 17:03:24,594 - DEBUG - PIL.PngImagePlugin - STREAM b'IDAT' 41 64126
2026-09-08 17:03:24,598 - DEBUG - PIL.PngImagePlugin - STREAM b'IHDR' 16 13
2026-09-08 17:03:24,598 - DEBUG - PIL.PngImagePlugin - STREAM b'IDAT' 41 56150
2026-09-08 17:03:24,602 - DEBUG - PIL.PngImagePlugin - STREAM b'IHDR' 16 13
2026-09-08 17:03:24,602 - DEBUG - PIL.PngImagePlugin - STREAM b'IDAT' 41 64126
2026-09-08 17:03:24,606 - DEBUG - PIL.PngImagePlugin - STREAM b'IHDR' 16 13
2026-09-08 17:03:24,607 - DEBUG - PIL.PngImagePlugin - STREAM b'IDAT' 41 64126
2026-09-08 17:03:24,619 - DEBUG - PIL.PngImagePlugin - STREAM b'IHDR' 16 13
2026-09-08 17:03:24,619 - DEBUG - PIL.PngImagePlugin - STREAM b'IDAT' 41 62450
2026-09-08 17:03:24,706 - DEBUG - PIL.PngImagePlugin - STREAM b'IHDR' 16 13
2026-09-08 17:03:24,706 - DEBUG - PIL.PngImagePlugin - STREAM b'IDAT' 41 65536
2026-09-08 17:03:24,709 - DEBUG - PIL.PngImagePlugin - STREAM b'IHDR' 16 13
2026-09-08 17:03:24,709 - DEBUG - PIL.PngImagePlugin - STREAM b'IDAT' 41 65536
2026-09-08 17:03:24,816 - DEBUG - PIL.PngImagePlugin - STREAM b'IHDR' 16 13
2026-09-08 17:03:24,817 - DEBUG - PIL.PngImagePlugin - STREAM b'IDAT' 41 62450
2026-09-08 17:03:24,919 - DEBUG - PIL.PngImagePlugin - STREAM b'IHDR' 16 13
2026-09-08 17:03:24,919 - DEBUG - PIL.PngImagePlugin - STREAM b'IDAT' 41 62450
2026-09-08 17:03:25,024 - DEBUG - PIL.PngImagePlugin - STREAM b'IHDR' 16 13
2026-09-08 17:03:25,024 - DEBUG - PIL.PngImagePlugin - STREAM b'IDAT' 41 62450
2026-09-08 17:03:25,127 - DEBUG - PIL.PngImagePlugin - STREAM b'IHDR' 16 13
2026-09-08 17:03:25,127 - DEBUG - PIL.PngImagePlugin - STREAM b'IDAT' 41 62450
2026-09-08 17:03:25,230 - DEBUG - PIL.PngImagePlugin - STREAM b'IHDR' 16 13
2026-09-08 17:03:25,230 - DEBUG - PIL.PngImagePlugin - STREAM b'IDAT' 41 62450
2026-09-08 17:03:25,334 - DEBUG - PIL.PngImagePlugin - STREAM b'IHDR' 16 13
2026-09-08 17:03:25,334 - DEBUG - PIL.PngImagePlugin - STREAM b'IDAT' 41 62450
2026-09-08 17:03:25,434 - DEBUG - urllib3.connectionpool - Starting new HTTPS connection (1): www.gamerpower.com:443
2026-09-08 17:03:25,598 - DEBUG - urllib3.connectionpool - https://www.gamerpower.com:443 "GET /api/giveaways?type=game HTTP/1.1" 200 None
2026-09-08 17:03:25,603 - DEBUG - PIL.PngImagePlugin - STREAM b'IHDR' 16 13
2026-09-08 17:03:25,603 - DEBUG - PIL.PngImagePlugin - STREAM b'IDAT' 41 62450
2026-09-08 17:03:25,707 - DEBUG - PIL.PngImagePlugin - STREAM b'IHDR' 16 13
2026-09-08 17:03:25,707 - DEBUG - PIL.PngImagePlugin - STREAM b'IDAT' 41 62450
2026-09-08 17:03:25,810 - DEBUG - PIL.PngImagePlugin - STREAM b'IHDR' 16 13
2026-09-08 17:03:25,810 - DEBUG - PIL.PngImagePlugin - STREAM b'IDAT' 41 62450
2026-09-08 17:03:25,883 - DEBUG - urllib3.connectionpool - Starting new HTTPS connection (1): www.gamerpower.com:443
2026-09-08 17:03:25,986 - DEBUG - urllib3.connectionpool - https://www.gamerpower.com:443 "GET /offers/1b/6a998bd861dec.jpg HTTP/1.1" 200 25311
2026-09-08 17:03:26,001 - DEBUG - PIL.PngImagePlugin - STREAM b'IHDR' 16 13
2026-09-08 17:03:26,002 - DEBUG - PIL.PngImagePlugin - STREAM b'IDAT' 41 54256
2026-09-08 17:03:26,006 - DEBUG - urllib3.connectionpool - Starting new HTTPS connection (1): www.gamerpower.com:443
2026-09-08 17:03:26,119 - DEBUG - urllib3.connectionpool - https://www.gamerpower.com:443 "GET /offers/1b/6a53a044a87b6.jpg HTTP/1.1" 200 36351
2026-09-08 17:03:26,129 - DEBUG - PIL.PngImagePlugin - STREAM b'IHDR' 16 13
2026-09-08 17:03:26,129 - DEBUG - PIL.PngImagePlugin - STREAM b'IDAT' 41 54256
2026-09-08 17:03:26,133 - DEBUG - PIL.PngImagePlugin - STREAM b'IHDR' 16 13
2026-09-08 17:03:26,133 - DEBUG - PIL.PngImagePlugin - STREAM b'IDAT' 41 62450
2026-09-08 17:03:30,191 - DEBUG - urllib3.connectionpool - Starting new HTTPS connection (1): www.gamerpower.com:443
2026-09-08 17:03:30,317 - DEBUG - urllib3.connectionpool - https://www.gamerpower.com:443 "GET /offers/1b/6a59119a8eb8d.jpg HTTP/1.1" 200 40398
2026-09-08 17:03:30,346 - DEBUG - PIL.PngImagePlugin - STREAM b'IHDR' 16 13
2026-09-08 17:03:30,347 - DEBUG - PIL.PngImagePlugin - STREAM b'IDAT' 41 54256
2026-09-08 17:03:33,543 - DEBUG - urllib3.connectionpool - Starting new HTTPS connection (1): www.gamerpower.com:443
2026-09-08 17:03:33,671 - DEBUG - urllib3.connectionpool - https://www.gamerpower.com:443 "GET /offers/1b/6a9ebcfac0aab.jpg HTTP/1.1" 200 45431
2026-09-08 17:03:33,682 - DEBUG - PIL.PngImagePlugin - STREAM b'IHDR' 16 13
2026-09-08 17:03:33,682 - DEBUG - PIL.PngImagePlugin - STREAM b'IDAT' 41 54256
2026-09-08 17:03:34,716 - DEBUG - PIL.PngImagePlugin - STREAM b'IHDR' 16 13
2026-09-08 17:03:34,717 - DEBUG - PIL.PngImagePlugin - STREAM b'IDAT' 41 54256
2026-09-08 17:03:37,046 - DEBUG - urllib3.connectionpool - Starting new HTTPS connection (1): www.gamerpower.com:443
2026-09-08 17:03:37,157 - DEBUG - urllib3.connectionpool - https://www.gamerpower.com:443 "GET /offers/1b/68efabd65f913.jpg HTTP/1.1" 200 32166
2026-09-08 17:03:37,167 - DEBUG - PIL.PngImagePlugin - STREAM b'IHDR' 16 13
2026-09-08 17:03:37,167 - DEBUG - PIL.PngImagePlugin - STREAM b'IDAT' 41 54256
2026-09-08 17:03:37,172 - DEBUG - urllib3.connectionpool - Starting new HTTPS connection (1): www.gamerpower.com:443
2026-09-08 17:03:37,277 - DEBUG - urllib3.connectionpool - https://www.gamerpower.com:443 "GET /offers/1b/68e6513c31514.jpg HTTP/1.1" 200 18347
2026-09-08 17:03:37,287 - DEBUG - PIL.PngImagePlugin - STREAM b'IHDR' 16 13
2026-09-08 17:03:37,287 - DEBUG - PIL.PngImagePlugin - STREAM b'IDAT' 41 54256
2026-09-08 17:03:37,290 - DEBUG - urllib3.connectionpool - Starting new HTTPS connection (1): www.gamerpower.com:443
2026-09-08 17:03:37,389 - DEBUG - urllib3.connectionpool - https://www.gamerpower.com:443 "GET /offers/1b/68e15e986da99.jpg HTTP/1.1" 200 23873
2026-09-08 17:03:37,397 - DEBUG - PIL.PngImagePlugin - STREAM b'IHDR' 16 13
2026-09-08 17:03:37,397 - DEBUG - PIL.PngImagePlugin - STREAM b'IDAT' 41 54256
2026-09-08 17:03:37,401 - DEBUG - urllib3.connectionpool - Starting new HTTPS connection (1): www.gamerpower.com:443
2026-09-08 17:03:37,511 - DEBUG - urllib3.connectionpool - https://www.gamerpower.com:443 "GET /offers/1b/68d828fc4174f.jpg HTTP/1.1" 200 57980
2026-09-08 17:03:37,547 - DEBUG - PIL.PngImagePlugin - STREAM b'IHDR' 16 13
2026-09-08 17:03:37,547 - DEBUG - PIL.PngImagePlugin - STREAM b'IDAT' 41 54256
2026-09-08 17:03:37,550 - DEBUG - urllib3.connectionpool - Starting new HTTPS connection (1): www.gamerpower.com:443
2026-09-08 17:03:37,657 - DEBUG - urllib3.connectionpool - https://www.gamerpower.com:443 "GET /offers/1b/68dd2161c3088.jpg HTTP/1.1" 200 36137
2026-09-08 17:03:37,667 - DEBUG - PIL.PngImagePlugin - STREAM b'IHDR' 16 13
2026-09-08 17:03:37,667 - DEBUG - PIL.PngImagePlugin - STREAM b'IDAT' 41 54256
2026-09-08 17:03:37,696 - DEBUG - urllib3.connectionpool - Starting new HTTPS connection (1): www.gamerpower.com:443
2026-09-08 17:03:37,815 - DEBUG - urllib3.connectionpool - https://www.gamerpower.com:443 "GET /offers/1b/6a998eb716bfe.jpg HTTP/1.1" 200 47772
2026-09-08 17:03:37,844 - DEBUG - PIL.PngImagePlugin - STREAM b'IHDR' 16 13
2026-09-08 17:03:37,844 - DEBUG - PIL.PngImagePlugin - STREAM b'IDAT' 41 54256
2026-09-08 17:03:37,848 - DEBUG - urllib3.connectionpool - Starting new HTTPS connection (1): www.gamerpower.com:443
2026-09-08 17:03:37,974 - DEBUG - urllib3.connectionpool - https://www.gamerpower.com:443 "GET /offers/1b/6993208da38c7.jpg HTTP/1.1" 200 63785
2026-09-08 17:03:38,021 - DEBUG - PIL.PngImagePlugin - STREAM b'IHDR' 16 13
2026-09-08 17:03:38,022 - DEBUG - PIL.PngImagePlugin - STREAM b'IDAT' 41 54256
2026-09-08 17:03:38,025 - DEBUG - urllib3.connectionpool - Starting new HTTPS connection (1): www.gamerpower.com:443
2026-09-08 17:03:38,114 - DEBUG - urllib3.connectionpool - https://www.gamerpower.com:443 "GET /offers/1b/69567c4ee0fa3.jpg HTTP/1.1" 200 67756
2026-09-08 17:03:38,141 - DEBUG - PIL.PngImagePlugin - STREAM b'IHDR' 16 13
2026-09-08 17:03:38,141 - DEBUG - PIL.PngImagePlugin - STREAM b'IDAT' 41 54256
2026-09-08 17:03:38,145 - DEBUG - urllib3.connectionpool - Starting new HTTPS connection (1): www.gamerpower.com:443
2026-09-08 17:03:38,273 - DEBUG - urllib3.connectionpool - https://www.gamerpower.com:443 "GET /offers/1b/689aece93310e.jpg HTTP/1.1" 200 34152
2026-09-08 17:03:38,291 - DEBUG - PIL.PngImagePlugin - STREAM b'IHDR' 16 13
2026-09-08 17:03:38,291 - DEBUG - PIL.PngImagePlugin - STREAM b'IDAT' 41 54256
2026-09-08 17:03:39,460 - DEBUG - PIL.PngImagePlugin - STREAM b'IHDR' 16 13
2026-09-08 17:03:39,460 - DEBUG - PIL.PngImagePlugin - STREAM b'IDAT' 41 54256
2026-09-08 17:03:39,463 - DEBUG - PIL.PngImagePlugin - STREAM b'IHDR' 16 13
2026-09-08 17:03:39,463 - DEBUG - PIL.PngImagePlugin - STREAM b'IDAT' 41 54256
2026-09-08 17:03:39,467 - DEBUG - PIL.PngImagePlugin - STREAM b'IHDR' 16 13
2026-09-08 17:03:39,468 - DEBUG - PIL.PngImagePlugin - STREAM b'IDAT' 41 54256
2026-09-08 17:03:39,471 - DEBUG - PIL.PngImagePlugin - STREAM b'IHDR' 16 13
2026-09-08 17:03:39,472 - DEBUG - PIL.PngImagePlugin - STREAM b'IDAT' 41 54256
2026-09-08 17:03:39,476 - DEBUG - PIL.PngImagePlugin - STREAM b'IHDR' 16 13
2026-09-08 17:03:39,476 - DEBUG - PIL.PngImagePlugin - STREAM b'IDAT' 41 54256
2026-09-08 17:07:59,662 - INFO - KGameTracker - ℹ️  ==================================================
2026-09-08 17:07:59,662 - INFO - KGameTracker - ℹ️  K GAME TRACKER - CERRADA
2026-09-08 17:07:59,662 - INFO - KGameTracker - ℹ️  ==================================================
2026-09-08 17:14:07,677 - INFO - KGameTracker - ℹ️  ==================================================
2026-09-08 17:14:07,677 - INFO - KGameTracker - ℹ️  K GAME TRACKER - INICIADA
2026-09-08 17:14:07,678 - INFO - KGameTracker - ℹ️  ==================================================
2026-09-08 17:14:07,804 - DEBUG - PIL.Image - Importing PngImagePlugin
2026-09-08 17:14:07,814 - DEBUG - PIL.PngImagePlugin - STREAM b'IHDR' 16 13
2026-09-08 17:14:07,814 - DEBUG - PIL.PngImagePlugin - STREAM b'caBX' 41 5758
2026-09-08 17:14:07,815 - DEBUG - PIL.PngImagePlugin - b'caBX' 41 5758 (unknown)
2026-09-08 17:14:07,815 - DEBUG - PIL.PngImagePlugin - STREAM b'IDAT' 5811 65536
2026-09-08 17:14:10,229 - DEBUG - PIL.PngImagePlugin - STREAM b'IHDR' 16 13
2026-09-08 17:14:10,229 - DEBUG - PIL.PngImagePlugin - STREAM b'caBX' 41 5758
2026-09-08 17:14:10,229 - DEBUG - PIL.PngImagePlugin - b'caBX' 41 5758 (unknown)
2026-09-08 17:14:10,230 - DEBUG - PIL.PngImagePlugin - STREAM b'IDAT' 5811 65536
2026-09-08 17:14:10,257 - DEBUG - PIL.PngImagePlugin - STREAM b'IHDR' 16 13
2026-09-08 17:14:10,257 - DEBUG - PIL.PngImagePlugin - STREAM b'IDAT' 41 53758
2026-09-08 17:14:10,262 - DEBUG - PIL.PngImagePlugin - STREAM b'IHDR' 16 13
2026-09-08 17:14:10,263 - DEBUG - PIL.PngImagePlugin - STREAM b'IDAT' 41 65536
2026-09-08 17:14:10,271 - DEBUG - PIL.PngImagePlugin - STREAM b'IHDR' 16 13
2026-09-08 17:14:10,272 - DEBUG - PIL.PngImagePlugin - STREAM b'IDAT' 41 58612
2026-09-08 17:14:10,277 - DEBUG - PIL.PngImagePlugin - STREAM b'IHDR' 16 13
2026-09-08 17:14:10,277 - DEBUG - PIL.PngImagePlugin - STREAM b'IDAT' 41 63613
2026-09-08 17:14:10,283 - DEBUG - PIL.PngImagePlugin - STREAM b'IHDR' 16 13
2026-09-08 17:14:10,286 - DEBUG - PIL.PngImagePlugin - STREAM b'IDAT' 41 65536
2026-09-08 17:14:10,293 - DEBUG - PIL.PngImagePlugin - STREAM b'IHDR' 16 13
2026-09-08 17:14:10,294 - DEBUG - PIL.PngImagePlugin - STREAM b'IDAT' 41 63580
2026-09-08 17:14:10,300 - DEBUG - PIL.PngImagePlugin - STREAM b'IHDR' 16 13
2026-09-08 17:14:10,300 - DEBUG - PIL.PngImagePlugin - STREAM b'IDAT' 41 64126
2026-09-08 17:14:10,305 - DEBUG - PIL.PngImagePlugin - STREAM b'IHDR' 16 13
2026-09-08 17:14:10,305 - DEBUG - PIL.PngImagePlugin - STREAM b'IDAT' 41 64126
2026-09-08 17:14:10,309 - DEBUG - PIL.PngImagePlugin - STREAM b'IHDR' 16 13
2026-09-08 17:14:10,309 - DEBUG - PIL.PngImagePlugin - STREAM b'IDAT' 41 64126
2026-09-08 17:14:10,313 - DEBUG - PIL.PngImagePlugin - STREAM b'IHDR' 16 13
2026-09-08 17:14:10,313 - DEBUG - PIL.PngImagePlugin - STREAM b'IDAT' 41 56150
2026-09-08 17:14:10,320 - DEBUG - PIL.PngImagePlugin - STREAM b'IHDR' 16 13
2026-09-08 17:14:10,320 - DEBUG - PIL.PngImagePlugin - STREAM b'IDAT' 41 64126
2026-09-08 17:14:10,323 - DEBUG - PIL.PngImagePlugin - STREAM b'IHDR' 16 13
2026-09-08 17:14:10,324 - DEBUG - PIL.PngImagePlugin - STREAM b'IDAT' 41 64126
2026-09-08 17:14:10,336 - DEBUG - PIL.PngImagePlugin - STREAM b'IHDR' 16 13
2026-09-08 17:14:10,336 - DEBUG - PIL.PngImagePlugin - STREAM b'IDAT' 41 62450
2026-09-08 17:14:10,417 - DEBUG - PIL.PngImagePlugin - STREAM b'IHDR' 16 13
2026-09-08 17:14:10,417 - DEBUG - PIL.PngImagePlugin - STREAM b'IDAT' 41 65536
2026-09-08 17:14:10,420 - DEBUG - PIL.PngImagePlugin - STREAM b'IHDR' 16 13
2026-09-08 17:14:10,420 - DEBUG - PIL.PngImagePlugin - STREAM b'IDAT' 41 65536
2026-09-08 17:14:10,523 - DEBUG - PIL.PngImagePlugin - STREAM b'IHDR' 16 13
2026-09-08 17:14:10,523 - DEBUG - PIL.PngImagePlugin - STREAM b'IDAT' 41 62450
2026-09-08 17:14:10,627 - DEBUG - PIL.PngImagePlugin - STREAM b'IHDR' 16 13
2026-09-08 17:14:10,627 - DEBUG - PIL.PngImagePlugin - STREAM b'IDAT' 41 62450
2026-09-08 17:14:10,730 - DEBUG - PIL.PngImagePlugin - STREAM b'IHDR' 16 13
2026-09-08 17:14:10,730 - DEBUG - PIL.PngImagePlugin - STREAM b'IDAT' 41 62450
2026-09-08 17:14:10,833 - DEBUG - PIL.PngImagePlugin - STREAM b'IHDR' 16 13
2026-09-08 17:14:10,834 - DEBUG - PIL.PngImagePlugin - STREAM b'IDAT' 41 62450
2026-09-08 17:14:10,936 - DEBUG - PIL.PngImagePlugin - STREAM b'IHDR' 16 13
2026-09-08 17:14:10,936 - DEBUG - PIL.PngImagePlugin - STREAM b'IDAT' 41 62450
2026-09-08 17:14:11,039 - DEBUG - PIL.PngImagePlugin - STREAM b'IHDR' 16 13
2026-09-08 17:14:11,039 - DEBUG - PIL.PngImagePlugin - STREAM b'IDAT' 41 62450
2026-09-08 17:14:11,142 - DEBUG - PIL.PngImagePlugin - STREAM b'IHDR' 16 13
2026-09-08 17:14:11,142 - DEBUG - PIL.PngImagePlugin - STREAM b'IDAT' 41 62450
2026-09-08 17:14:11,245 - DEBUG - PIL.PngImagePlugin - STREAM b'IHDR' 16 13
2026-09-08 17:14:11,245 - DEBUG - PIL.PngImagePlugin - STREAM b'IDAT' 41 62450
2026-09-08 17:14:11,348 - DEBUG - PIL.PngImagePlugin - STREAM b'IHDR' 16 13
2026-09-08 17:14:11,348 - DEBUG - PIL.PngImagePlugin - STREAM b'IDAT' 41 62450
2026-09-08 17:14:11,444 - DEBUG - urllib3.connectionpool - Starting new HTTPS connection (1): www.gamerpower.com:443
2026-09-08 17:14:11,652 - DEBUG - urllib3.connectionpool - https://www.gamerpower.com:443 "GET /api/giveaways?type=game HTTP/1.1" 200 None
2026-09-08 17:14:11,657 - DEBUG - PIL.PngImagePlugin - STREAM b'IHDR' 16 13
2026-09-08 17:14:11,657 - DEBUG - PIL.PngImagePlugin - STREAM b'IDAT' 41 62450
2026-09-08 17:14:11,916 - DEBUG - urllib3.connectionpool - Starting new HTTPS connection (1): www.gamerpower.com:443
2026-09-08 17:14:12,037 - DEBUG - urllib3.connectionpool - https://www.gamerpower.com:443 "GET /offers/1b/6a998bd861dec.jpg HTTP/1.1" 200 25311
2026-09-08 17:14:12,054 - DEBUG - PIL.PngImagePlugin - STREAM b'IHDR' 16 13
2026-09-08 17:14:12,054 - DEBUG - PIL.PngImagePlugin - STREAM b'IDAT' 41 54256
2026-09-08 17:14:12,058 - DEBUG - urllib3.connectionpool - Starting new HTTPS connection (1): www.gamerpower.com:443
2026-09-08 17:14:12,149 - DEBUG - urllib3.connectionpool - https://www.gamerpower.com:443 "GET /offers/1b/6a53a044a87b6.jpg HTTP/1.1" 200 36351
2026-09-08 17:14:12,159 - DEBUG - PIL.PngImagePlugin - STREAM b'IHDR' 16 13
2026-09-08 17:14:12,159 - DEBUG - PIL.PngImagePlugin - STREAM b'IDAT' 41 54256
2026-09-08 17:14:13,531 - INFO - KGameTracker - ℹ️  ==================================================
2026-09-08 17:14:13,532 - INFO - KGameTracker - ℹ️  K GAME TRACKER - CERRADA
2026-09-08 17:14:13,532 - INFO - KGameTracker - ℹ️  ==================================================
2026-09-08 17:20:51,773 - INFO - KGameTracker - ℹ️  ==================================================
2026-09-08 17:20:51,773 - INFO - KGameTracker - ℹ️  K GAME TRACKER - INICIADA
2026-09-08 17:20:51,773 - INFO - KGameTracker - ℹ️  ==================================================
2026-09-08 17:20:51,900 - DEBUG - PIL.Image - Importing PngImagePlugin
2026-09-08 17:20:51,908 - DEBUG - PIL.PngImagePlugin - STREAM b'IHDR' 16 13
2026-09-08 17:20:51,908 - DEBUG - PIL.PngImagePlugin - STREAM b'caBX' 41 5758
2026-09-08 17:20:51,908 - DEBUG - PIL.PngImagePlugin - b'caBX' 41 5758 (unknown)
2026-09-08 17:20:51,908 - DEBUG - PIL.PngImagePlugin - STREAM b'IDAT' 5811 65536
2026-09-08 17:20:54,208 - DEBUG - PIL.PngImagePlugin - STREAM b'IHDR' 16 13
2026-09-08 17:20:54,208 - DEBUG - PIL.PngImagePlugin - STREAM b'caBX' 41 5758
2026-09-08 17:20:54,208 - DEBUG - PIL.PngImagePlugin - b'caBX' 41 5758 (unknown)
2026-09-08 17:20:54,209 - DEBUG - PIL.PngImagePlugin - STREAM b'IDAT' 5811 65536
2026-09-08 17:20:54,236 - DEBUG - PIL.PngImagePlugin - STREAM b'IHDR' 16 13
2026-09-08 17:20:54,236 - DEBUG - PIL.PngImagePlugin - STREAM b'IDAT' 41 53758
2026-09-08 17:20:54,239 - DEBUG - PIL.PngImagePlugin - STREAM b'IHDR' 16 13
2026-09-08 17:20:54,239 - DEBUG - PIL.PngImagePlugin - STREAM b'IDAT' 41 65536
2026-09-08 17:20:54,242 - DEBUG - PIL.PngImagePlugin - STREAM b'IHDR' 16 13
2026-09-08 17:20:54,242 - DEBUG - PIL.PngImagePlugin - STREAM b'IDAT' 41 58612
2026-09-08 17:20:54,245 - DEBUG - PIL.PngImagePlugin - STREAM b'IHDR' 16 13
2026-09-08 17:20:54,245 - DEBUG - PIL.PngImagePlugin - STREAM b'IDAT' 41 63613
2026-09-08 17:20:54,249 - DEBUG - PIL.PngImagePlugin - STREAM b'IHDR' 16 13
2026-09-08 17:20:54,249 - DEBUG - PIL.PngImagePlugin - STREAM b'IDAT' 41 65536
2026-09-08 17:20:54,253 - DEBUG - PIL.PngImagePlugin - STREAM b'IHDR' 16 13
2026-09-08 17:20:54,253 - DEBUG - PIL.PngImagePlugin - STREAM b'IDAT' 41 63580
2026-09-08 17:20:54,256 - DEBUG - PIL.PngImagePlugin - STREAM b'IHDR' 16 13
2026-09-08 17:20:54,256 - DEBUG - PIL.PngImagePlugin - STREAM b'IDAT' 41 64126
2026-09-08 17:20:54,260 - DEBUG - PIL.PngImagePlugin - STREAM b'IHDR' 16 13
2026-09-08 17:20:54,260 - DEBUG - PIL.PngImagePlugin - STREAM b'IDAT' 41 64126
2026-09-08 17:20:54,264 - DEBUG - PIL.PngImagePlugin - STREAM b'IHDR' 16 13
2026-09-08 17:20:54,264 - DEBUG - PIL.PngImagePlugin - STREAM b'IDAT' 41 64126
2026-09-08 17:20:54,268 - DEBUG - PIL.PngImagePlugin - STREAM b'IHDR' 16 13
2026-09-08 17:20:54,268 - DEBUG - PIL.PngImagePlugin - STREAM b'IDAT' 41 56150
2026-09-08 17:20:54,272 - DEBUG - PIL.PngImagePlugin - STREAM b'IHDR' 16 13
2026-09-08 17:20:54,272 - DEBUG - PIL.PngImagePlugin - STREAM b'IDAT' 41 64126
2026-09-08 17:20:54,276 - DEBUG - PIL.PngImagePlugin - STREAM b'IHDR' 16 13
2026-09-08 17:20:54,276 - DEBUG - PIL.PngImagePlugin - STREAM b'IDAT' 41 64126
2026-09-08 17:20:54,288 - DEBUG - PIL.PngImagePlugin - STREAM b'IHDR' 16 13
2026-09-08 17:20:54,288 - DEBUG - PIL.PngImagePlugin - STREAM b'IDAT' 41 62450
2026-09-08 17:20:54,371 - DEBUG - PIL.PngImagePlugin - STREAM b'IHDR' 16 13
2026-09-08 17:20:54,371 - DEBUG - PIL.PngImagePlugin - STREAM b'IDAT' 41 65536
2026-09-08 17:20:54,374 - DEBUG - PIL.PngImagePlugin - STREAM b'IHDR' 16 13
2026-09-08 17:20:54,374 - DEBUG - PIL.PngImagePlugin - STREAM b'IDAT' 41 65536
2026-09-08 17:20:54,477 - DEBUG - PIL.PngImagePlugin - STREAM b'IHDR' 16 13
2026-09-08 17:20:54,477 - DEBUG - PIL.PngImagePlugin - STREAM b'IDAT' 41 62450
2026-09-08 17:20:54,580 - DEBUG - PIL.PngImagePlugin - STREAM b'IHDR' 16 13
2026-09-08 17:20:54,580 - DEBUG - PIL.PngImagePlugin - STREAM b'IDAT' 41 62450
2026-09-08 17:20:54,683 - DEBUG - PIL.PngImagePlugin - STREAM b'IHDR' 16 13
2026-09-08 17:20:54,683 - DEBUG - PIL.PngImagePlugin - STREAM b'IDAT' 41 62450
2026-09-08 17:20:54,786 - DEBUG - PIL.PngImagePlugin - STREAM b'IHDR' 16 13
2026-09-08 17:20:54,786 - DEBUG - PIL.PngImagePlugin - STREAM b'IDAT' 41 62450
2026-09-08 17:20:54,889 - DEBUG - PIL.PngImagePlugin - STREAM b'IHDR' 16 13
2026-09-08 17:20:54,890 - DEBUG - PIL.PngImagePlugin - STREAM b'IDAT' 41 62450
2026-09-08 17:20:54,993 - DEBUG - PIL.PngImagePlugin - STREAM b'IHDR' 16 13
2026-09-08 17:20:54,993 - DEBUG - PIL.PngImagePlugin - STREAM b'IDAT' 41 62450
2026-09-08 17:20:55,095 - DEBUG - PIL.PngImagePlugin - STREAM b'IHDR' 16 13
2026-09-08 17:20:55,096 - DEBUG - PIL.PngImagePlugin - STREAM b'IDAT' 41 62450
2026-09-08 17:20:55,199 - DEBUG - PIL.PngImagePlugin - STREAM b'IHDR' 16 13
2026-09-08 17:20:55,199 - DEBUG - PIL.PngImagePlugin - STREAM b'IDAT' 41 62450
2026-09-08 17:20:55,302 - DEBUG - PIL.PngImagePlugin - STREAM b'IHDR' 16 13
2026-09-08 17:20:55,302 - DEBUG - PIL.PngImagePlugin - STREAM b'IDAT' 41 62450
2026-09-08 17:20:55,406 - DEBUG - PIL.PngImagePlugin - STREAM b'IHDR' 16 13
2026-09-08 17:20:55,406 - DEBUG - PIL.PngImagePlugin - STREAM b'IDAT' 41 62450
2026-09-08 17:20:57,335 - INFO - KGameTracker - ℹ️  ==================================================
2026-09-08 17:20:57,335 - INFO - KGameTracker - ℹ️  K GAME TRACKER - CERRADA
2026-09-08 17:20:57,336 - INFO - KGameTracker - ℹ️  ==================================================
2026-09-08 17:29:18,858 - INFO - KGameTracker - ℹ️  ==================================================
2026-09-08 17:29:18,858 - INFO - KGameTracker - ℹ️  K GAME TRACKER - INICIADA
2026-09-08 17:29:18,858 - INFO - KGameTracker - ℹ️  ==================================================
2026-09-08 17:29:18,983 - DEBUG - PIL.Image - Importing PngImagePlugin
2026-09-08 17:29:18,989 - DEBUG - PIL.PngImagePlugin - STREAM b'IHDR' 16 13
2026-09-08 17:29:18,990 - DEBUG - PIL.PngImagePlugin - STREAM b'caBX' 41 5758
2026-09-08 17:29:18,990 - DEBUG - PIL.PngImagePlugin - b'caBX' 41 5758 (unknown)
2026-09-08 17:29:18,990 - DEBUG - PIL.PngImagePlugin - STREAM b'IDAT' 5811 65536
2026-09-08 17:29:21,333 - DEBUG - PIL.PngImagePlugin - STREAM b'IHDR' 16 13
2026-09-08 17:29:21,333 - DEBUG - PIL.PngImagePlugin - STREAM b'caBX' 41 5758
2026-09-08 17:29:21,334 - DEBUG - PIL.PngImagePlugin - b'caBX' 41 5758 (unknown)
2026-09-08 17:29:21,334 - DEBUG - PIL.PngImagePlugin - STREAM b'IDAT' 5811 65536
2026-09-08 17:29:21,360 - DEBUG - PIL.PngImagePlugin - STREAM b'IHDR' 16 13
2026-09-08 17:29:21,361 - DEBUG - PIL.PngImagePlugin - STREAM b'IDAT' 41 53758
2026-09-08 17:29:21,364 - DEBUG - PIL.PngImagePlugin - STREAM b'IHDR' 16 13
2026-09-08 17:29:21,364 - DEBUG - PIL.PngImagePlugin - STREAM b'IDAT' 41 65536
2026-09-08 17:29:21,367 - DEBUG - PIL.PngImagePlugin - STREAM b'IHDR' 16 13
2026-09-08 17:29:21,367 - DEBUG - PIL.PngImagePlugin - STREAM b'IDAT' 41 58612
2026-09-08 17:29:21,370 - DEBUG - PIL.PngImagePlugin - STREAM b'IHDR' 16 13
2026-09-08 17:29:21,370 - DEBUG - PIL.PngImagePlugin - STREAM b'IDAT' 41 63613
2026-09-08 17:29:21,374 - DEBUG - PIL.PngImagePlugin - STREAM b'IHDR' 16 13
2026-09-08 17:29:21,374 - DEBUG - PIL.PngImagePlugin - STREAM b'IDAT' 41 65536
2026-09-08 17:29:21,377 - DEBUG - PIL.PngImagePlugin - STREAM b'IHDR' 16 13
2026-09-08 17:29:21,378 - DEBUG - PIL.PngImagePlugin - STREAM b'IDAT' 41 63580
2026-09-08 17:29:21,381 - DEBUG - PIL.PngImagePlugin - STREAM b'IHDR' 16 13
2026-09-08 17:29:21,381 - DEBUG - PIL.PngImagePlugin - STREAM b'IDAT' 41 64126
2026-09-08 17:29:21,385 - DEBUG - PIL.PngImagePlugin - STREAM b'IHDR' 16 13
2026-09-08 17:29:21,385 - DEBUG - PIL.PngImagePlugin - STREAM b'IDAT' 41 64126
2026-09-08 17:29:21,388 - DEBUG - PIL.PngImagePlugin - STREAM b'IHDR' 16 13
2026-09-08 17:29:21,388 - DEBUG - PIL.PngImagePlugin - STREAM b'IDAT' 41 64126
2026-09-08 17:29:21,392 - DEBUG - PIL.PngImagePlugin - STREAM b'IHDR' 16 13
2026-09-08 17:29:21,392 - DEBUG - PIL.PngImagePlugin - STREAM b'IDAT' 41 56150
2026-09-08 17:29:21,395 - DEBUG - PIL.PngImagePlugin - STREAM b'IHDR' 16 13
2026-09-08 17:29:21,396 - DEBUG - PIL.PngImagePlugin - STREAM b'IDAT' 41 64126
2026-09-08 17:29:21,399 - DEBUG - PIL.PngImagePlugin - STREAM b'IHDR' 16 13
2026-09-08 17:29:21,399 - DEBUG - PIL.PngImagePlugin - STREAM b'IDAT' 41 64126
2026-09-08 17:29:21,411 - DEBUG - PIL.PngImagePlugin - STREAM b'IHDR' 16 13
2026-09-08 17:29:21,411 - DEBUG - PIL.PngImagePlugin - STREAM b'IDAT' 41 62450
2026-09-08 17:29:21,704 - DEBUG - PIL.PngImagePlugin - STREAM b'IHDR' 16 13
2026-09-08 17:29:24,497 - DEBUG - PIL.PngImagePlugin - STREAM b'IDAT' 41 65536
2026-09-08 17:29:24,500 - DEBUG - PIL.PngImagePlugin - STREAM b'IHDR' 16 13
2026-09-08 17:29:24,500 - DEBUG - PIL.PngImagePlugin - STREAM b'IDAT' 41 65536
2026-09-08 17:29:24,604 - DEBUG - PIL.PngImagePlugin - STREAM b'IHDR' 16 13
2026-09-08 17:29:24,605 - DEBUG - PIL.PngImagePlugin - STREAM b'IDAT' 41 62450
2026-09-08 17:29:24,709 - DEBUG - PIL.PngImagePlugin - STREAM b'IHDR' 16 13
2026-09-08 17:29:24,709 - DEBUG - PIL.PngImagePlugin - STREAM b'IDAT' 41 62450
2026-09-08 17:29:24,811 - DEBUG - PIL.PngImagePlugin - STREAM b'IHDR' 16 13
2026-09-08 17:29:24,812 - DEBUG - PIL.PngImagePlugin - STREAM b'IDAT' 41 62450
2026-09-08 17:29:24,914 - DEBUG - PIL.PngImagePlugin - STREAM b'IHDR' 16 13
2026-09-08 17:29:24,915 - DEBUG - PIL.PngImagePlugin - STREAM b'IDAT' 41 62450
2026-09-08 17:29:25,017 - DEBUG - PIL.PngImagePlugin - STREAM b'IHDR' 16 13
2026-09-08 17:29:25,017 - DEBUG - PIL.PngImagePlugin - STREAM b'IDAT' 41 62450
2026-09-08 17:29:25,121 - DEBUG - PIL.PngImagePlugin - STREAM b'IHDR' 16 13
2026-09-08 17:29:25,121 - DEBUG - PIL.PngImagePlugin - STREAM b'IDAT' 41 62450
2026-09-08 17:29:25,224 - DEBUG - PIL.PngImagePlugin - STREAM b'IHDR' 16 13
2026-09-08 17:29:25,224 - DEBUG - PIL.PngImagePlugin - STREAM b'IDAT' 41 62450
2026-09-08 17:29:25,327 - DEBUG - PIL.PngImagePlugin - STREAM b'IHDR' 16 13
2026-09-08 17:29:25,327 - DEBUG - PIL.PngImagePlugin - STREAM b'IDAT' 41 62450
2026-09-08 17:29:25,430 - DEBUG - PIL.PngImagePlugin - STREAM b'IHDR' 16 13
2026-09-08 17:29:25,430 - DEBUG - PIL.PngImagePlugin - STREAM b'IDAT' 41 62450
2026-09-08 17:29:25,533 - DEBUG - PIL.PngImagePlugin - STREAM b'IHDR' 16 13
2026-09-08 17:29:25,533 - DEBUG - PIL.PngImagePlugin - STREAM b'IDAT' 41 62450
2026-09-08 17:29:27,274 - INFO - KGameTracker - ℹ️  ==================================================
2026-09-08 17:29:27,274 - INFO - KGameTracker - ℹ️  K GAME TRACKER - CERRADA
2026-09-08 17:29:27,274 - INFO - KGameTracker - ℹ️  ==================================================
2026-09-08 17:29:29,514 - INFO - KGameTracker - ℹ️  ==================================================
2026-09-08 17:29:29,514 - INFO - KGameTracker - ℹ️  K GAME TRACKER - INICIADA
2026-09-08 17:29:29,514 - INFO - KGameTracker - ℹ️  ==================================================
2026-09-08 17:29:29,629 - DEBUG - PIL.Image - Importing PngImagePlugin
2026-09-08 17:29:29,636 - DEBUG - PIL.PngImagePlugin - STREAM b'IHDR' 16 13
2026-09-08 17:29:29,636 - DEBUG - PIL.PngImagePlugin - STREAM b'caBX' 41 5758
2026-09-08 17:29:29,636 - DEBUG - PIL.PngImagePlugin - b'caBX' 41 5758 (unknown)
2026-09-08 17:29:29,636 - DEBUG - PIL.PngImagePlugin - STREAM b'IDAT' 5811 65536
2026-09-08 17:29:31,956 - DEBUG - PIL.PngImagePlugin - STREAM b'IHDR' 16 13
2026-09-08 17:29:31,956 - DEBUG - PIL.PngImagePlugin - STREAM b'caBX' 41 5758
2026-09-08 17:29:31,957 - DEBUG - PIL.PngImagePlugin - b'caBX' 41 5758 (unknown)
2026-09-08 17:29:31,957 - DEBUG - PIL.PngImagePlugin - STREAM b'IDAT' 5811 65536
2026-09-08 17:29:31,985 - DEBUG - PIL.PngImagePlugin - STREAM b'IHDR' 16 13
2026-09-08 17:29:31,985 - DEBUG - PIL.PngImagePlugin - STREAM b'IDAT' 41 53758
2026-09-08 17:29:31,989 - DEBUG - PIL.PngImagePlugin - STREAM b'IHDR' 16 13
2026-09-08 17:29:31,989 - DEBUG - PIL.PngImagePlugin - STREAM b'IDAT' 41 65536
2026-09-08 17:29:31,992 - DEBUG - PIL.PngImagePlugin - STREAM b'IHDR' 16 13
2026-09-08 17:29:31,992 - DEBUG - PIL.PngImagePlugin - STREAM b'IDAT' 41 58612
2026-09-08 17:29:31,994 - DEBUG - PIL.PngImagePlugin - STREAM b'IHDR' 16 13
2026-09-08 17:29:31,994 - DEBUG - PIL.PngImagePlugin - STREAM b'IDAT' 41 63613
2026-09-08 17:29:31,998 - DEBUG - PIL.PngImagePlugin - STREAM b'IHDR' 16 13
2026-09-08 17:29:31,999 - DEBUG - PIL.PngImagePlugin - STREAM b'IDAT' 41 65536
2026-09-08 17:29:32,002 - DEBUG - PIL.PngImagePlugin - STREAM b'IHDR' 16 13
2026-09-08 17:29:32,002 - DEBUG - PIL.PngImagePlugin - STREAM b'IDAT' 41 63580
2026-09-08 17:29:32,006 - DEBUG - PIL.PngImagePlugin - STREAM b'IHDR' 16 13
2026-09-08 17:29:32,006 - DEBUG - PIL.PngImagePlugin - STREAM b'IDAT' 41 64126
2026-09-08 17:29:32,010 - DEBUG - PIL.PngImagePlugin - STREAM b'IHDR' 16 13
2026-09-08 17:29:32,010 - DEBUG - PIL.PngImagePlugin - STREAM b'IDAT' 41 64126
2026-09-08 17:29:32,013 - DEBUG - PIL.PngImagePlugin - STREAM b'IHDR' 16 13
2026-09-08 17:29:32,014 - DEBUG - PIL.PngImagePlugin - STREAM b'IDAT' 41 64126
2026-09-08 17:29:32,018 - DEBUG - PIL.PngImagePlugin - STREAM b'IHDR' 16 13
2026-09-08 17:29:32,018 - DEBUG - PIL.PngImagePlugin - STREAM b'IDAT' 41 56150
2026-09-08 17:29:32,021 - DEBUG - PIL.PngImagePlugin - STREAM b'IHDR' 16 13
2026-09-08 17:29:32,021 - DEBUG - PIL.PngImagePlugin - STREAM b'IDAT' 41 64126
2026-09-08 17:29:32,025 - DEBUG - PIL.PngImagePlugin - STREAM b'IHDR' 16 13
2026-09-08 17:29:32,026 - DEBUG - PIL.PngImagePlugin - STREAM b'IDAT' 41 64126
2026-09-08 17:29:32,037 - DEBUG - PIL.PngImagePlugin - STREAM b'IHDR' 16 13
2026-09-08 17:29:32,038 - DEBUG - PIL.PngImagePlugin - STREAM b'IDAT' 41 62450
2026-09-08 17:29:32,119 - DEBUG - PIL.PngImagePlugin - STREAM b'IHDR' 16 13
2026-09-08 17:29:32,119 - DEBUG - PIL.PngImagePlugin - STREAM b'IDAT' 41 65536
2026-09-08 17:29:32,122 - DEBUG - PIL.PngImagePlugin - STREAM b'IHDR' 16 13
2026-09-08 17:29:32,122 - DEBUG - PIL.PngImagePlugin - STREAM b'IDAT' 41 65536
2026-09-08 17:29:32,234 - DEBUG - PIL.PngImagePlugin - STREAM b'IHDR' 16 13
2026-09-08 17:29:32,235 - DEBUG - PIL.PngImagePlugin - STREAM b'IDAT' 41 62450
2026-09-08 17:29:32,337 - DEBUG - PIL.PngImagePlugin - STREAM b'IHDR' 16 13
2026-09-08 17:29:32,338 - DEBUG - PIL.PngImagePlugin - STREAM b'IDAT' 41 62450
2026-09-08 17:29:32,441 - DEBUG - PIL.PngImagePlugin - STREAM b'IHDR' 16 13
2026-09-08 17:29:32,443 - DEBUG - PIL.PngImagePlugin - STREAM b'IDAT' 41 62450
2026-09-08 17:29:32,546 - DEBUG - PIL.PngImagePlugin - STREAM b'IHDR' 16 13
2026-09-08 17:29:32,546 - DEBUG - PIL.PngImagePlugin - STREAM b'IDAT' 41 62450
2026-09-08 17:29:32,650 - DEBUG - PIL.PngImagePlugin - STREAM b'IHDR' 16 13
2026-09-08 17:29:32,650 - DEBUG - PIL.PngImagePlugin - STREAM b'IDAT' 41 62450
2026-09-08 17:29:32,753 - DEBUG - PIL.PngImagePlugin - STREAM b'IHDR' 16 13
2026-09-08 17:29:32,753 - DEBUG - PIL.PngImagePlugin - STREAM b'IDAT' 41 62450
2026-09-08 17:29:32,857 - DEBUG - PIL.PngImagePlugin - STREAM b'IHDR' 16 13
2026-09-08 17:29:32,857 - DEBUG - PIL.PngImagePlugin - STREAM b'IDAT' 41 62450
2026-09-08 17:29:32,960 - DEBUG - PIL.PngImagePlugin - STREAM b'IHDR' 16 13
2026-09-08 17:29:32,960 - DEBUG - PIL.PngImagePlugin - STREAM b'IDAT' 41 62450
2026-09-08 17:29:33,063 - DEBUG - PIL.PngImagePlugin - STREAM b'IHDR' 16 13
2026-09-08 17:29:33,063 - DEBUG - PIL.PngImagePlugin - STREAM b'IDAT' 41 62450
2026-09-08 17:29:33,166 - DEBUG - PIL.PngImagePlugin - STREAM b'IHDR' 16 13
2026-09-08 17:29:33,166 - DEBUG - PIL.PngImagePlugin - STREAM b'IDAT' 41 62450
2026-09-08 17:29:33,866 - INFO - KGameTracker - ℹ️  ==================================================
2026-09-08 17:29:33,866 - INFO - KGameTracker - ℹ️  K GAME TRACKER - CERRADA
2026-09-08 17:29:33,866 - INFO - KGameTracker - ℹ️  ==================================================
2026-09-08 17:29:37,126 - INFO - KGameTracker - ℹ️  ==================================================
2026-09-08 17:29:37,126 - INFO - KGameTracker - ℹ️  K GAME TRACKER - INICIADA
2026-09-08 17:29:37,126 - INFO - KGameTracker - ℹ️  ==================================================
2026-09-08 17:29:37,242 - DEBUG - PIL.Image - Importing PngImagePlugin
2026-09-08 17:29:37,249 - DEBUG - PIL.PngImagePlugin - STREAM b'IHDR' 16 13
2026-09-08 17:29:37,249 - DEBUG - PIL.PngImagePlugin - STREAM b'caBX' 41 5758
2026-09-08 17:29:37,249 - DEBUG - PIL.PngImagePlugin - b'caBX' 41 5758 (unknown)
2026-09-08 17:29:37,249 - DEBUG - PIL.PngImagePlugin - STREAM b'IDAT' 5811 65536
2026-09-08 17:29:39,530 - DEBUG - PIL.PngImagePlugin - STREAM b'IHDR' 16 13
2026-09-08 17:29:39,530 - DEBUG - PIL.PngImagePlugin - STREAM b'caBX' 41 5758
2026-09-08 17:29:39,530 - DEBUG - PIL.PngImagePlugin - b'caBX' 41 5758 (unknown)
2026-09-08 17:29:39,531 - DEBUG - PIL.PngImagePlugin - STREAM b'IDAT' 5811 65536
2026-09-08 17:29:39,557 - DEBUG - PIL.PngImagePlugin - STREAM b'IHDR' 16 13
2026-09-08 17:29:39,557 - DEBUG - PIL.PngImagePlugin - STREAM b'IDAT' 41 53758
2026-09-08 17:29:39,560 - DEBUG - PIL.PngImagePlugin - STREAM b'IHDR' 16 13
2026-09-08 17:29:39,560 - DEBUG - PIL.PngImagePlugin - STREAM b'IDAT' 41 65536
2026-09-08 17:29:39,563 - DEBUG - PIL.PngImagePlugin - STREAM b'IHDR' 16 13
2026-09-08 17:29:39,564 - DEBUG - PIL.PngImagePlugin - STREAM b'IDAT' 41 58612
2026-09-08 17:29:39,566 - DEBUG - PIL.PngImagePlugin - STREAM b'IHDR' 16 13
2026-09-08 17:29:39,566 - DEBUG - PIL.PngImagePlugin - STREAM b'IDAT' 41 63613
2026-09-08 17:29:39,570 - DEBUG - PIL.PngImagePlugin - STREAM b'IHDR' 16 13
2026-09-08 17:29:39,570 - DEBUG - PIL.PngImagePlugin - STREAM b'IDAT' 41 65536
2026-09-08 17:29:39,574 - DEBUG - PIL.PngImagePlugin - STREAM b'IHDR' 16 13
2026-09-08 17:29:39,574 - DEBUG - PIL.PngImagePlugin - STREAM b'IDAT' 41 63580
2026-09-08 17:29:39,577 - DEBUG - PIL.PngImagePlugin - STREAM b'IHDR' 16 13
2026-09-08 17:29:39,577 - DEBUG - PIL.PngImagePlugin - STREAM b'IDAT' 41 64126
2026-09-08 17:29:39,581 - DEBUG - PIL.PngImagePlugin - STREAM b'IHDR' 16 13
2026-09-08 17:29:39,581 - DEBUG - PIL.PngImagePlugin - STREAM b'IDAT' 41 64126
2026-09-08 17:29:39,584 - DEBUG - PIL.PngImagePlugin - STREAM b'IHDR' 16 13
2026-09-08 17:29:39,585 - DEBUG - PIL.PngImagePlugin - STREAM b'IDAT' 41 64126
2026-09-08 17:29:39,588 - DEBUG - PIL.PngImagePlugin - STREAM b'IHDR' 16 13
2026-09-08 17:29:39,588 - DEBUG - PIL.PngImagePlugin - STREAM b'IDAT' 41 56150
2026-09-08 17:29:39,592 - DEBUG - PIL.PngImagePlugin - STREAM b'IHDR' 16 13
2026-09-08 17:29:39,592 - DEBUG - PIL.PngImagePlugin - STREAM b'IDAT' 41 64126
2026-09-08 17:29:39,595 - DEBUG - PIL.PngImagePlugin - STREAM b'IHDR' 16 13
2026-09-08 17:29:39,596 - DEBUG - PIL.PngImagePlugin - STREAM b'IDAT' 41 64126
2026-09-08 17:29:39,607 - DEBUG - PIL.PngImagePlugin - STREAM b'IHDR' 16 13
2026-09-08 17:29:39,607 - DEBUG - PIL.PngImagePlugin - STREAM b'IDAT' 41 62450
2026-09-08 17:29:39,689 - DEBUG - PIL.PngImagePlugin - STREAM b'IHDR' 16 13
2026-09-08 17:29:39,690 - DEBUG - PIL.PngImagePlugin - STREAM b'IDAT' 41 65536
2026-09-08 17:29:39,692 - DEBUG - PIL.PngImagePlugin - STREAM b'IHDR' 16 13
2026-09-08 17:29:39,692 - DEBUG - PIL.PngImagePlugin - STREAM b'IDAT' 41 65536
2026-09-08 17:29:39,816 - DEBUG - PIL.PngImagePlugin - STREAM b'IHDR' 16 13
2026-09-08 17:29:39,816 - DEBUG - PIL.PngImagePlugin - STREAM b'IDAT' 41 62450
2026-09-08 17:29:39,920 - DEBUG - PIL.PngImagePlugin - STREAM b'IHDR' 16 13
2026-09-08 17:29:39,920 - DEBUG - PIL.PngImagePlugin - STREAM b'IDAT' 41 62450
2026-09-08 17:29:40,023 - DEBUG - PIL.PngImagePlugin - STREAM b'IHDR' 16 13
2026-09-08 17:29:40,023 - DEBUG - PIL.PngImagePlugin - STREAM b'IDAT' 41 62450
2026-09-08 17:29:40,125 - DEBUG - PIL.PngImagePlugin - STREAM b'IHDR' 16 13
2026-09-08 17:29:40,126 - DEBUG - PIL.PngImagePlugin - STREAM b'IDAT' 41 62450
2026-09-08 17:29:40,228 - DEBUG - PIL.PngImagePlugin - STREAM b'IHDR' 16 13
2026-09-08 17:29:40,228 - DEBUG - PIL.PngImagePlugin - STREAM b'IDAT' 41 62450
2026-09-08 17:29:40,332 - DEBUG - PIL.PngImagePlugin - STREAM b'IHDR' 16 13
2026-09-08 17:29:40,332 - DEBUG - PIL.PngImagePlugin - STREAM b'IDAT' 41 62450
2026-09-08 17:29:40,435 - DEBUG - PIL.PngImagePlugin - STREAM b'IHDR' 16 13
2026-09-08 17:29:40,435 - DEBUG - PIL.PngImagePlugin - STREAM b'IDAT' 41 62450
2026-09-08 17:29:40,539 - DEBUG - PIL.PngImagePlugin - STREAM b'IHDR' 16 13
2026-09-08 17:29:40,539 - DEBUG - PIL.PngImagePlugin - STREAM b'IDAT' 41 62450
2026-09-08 17:29:40,641 - DEBUG - PIL.PngImagePlugin - STREAM b'IHDR' 16 13
2026-09-08 17:29:40,642 - DEBUG - PIL.PngImagePlugin - STREAM b'IDAT' 41 62450
2026-09-08 17:29:40,744 - DEBUG - PIL.PngImagePlugin - STREAM b'IHDR' 16 13
2026-09-08 17:29:40,745 - DEBUG - PIL.PngImagePlugin - STREAM b'IDAT' 41 62450
2026-09-08 17:29:42,128 - DEBUG - urllib3.connectionpool - Starting new HTTPS connection (1): www.gamerpower.com:443
2026-09-08 17:29:42,376 - DEBUG - urllib3.connectionpool - https://www.gamerpower.com:443 "GET /api/giveaways?type=game HTTP/1.1" 200 None
2026-09-08 17:29:42,915 - DEBUG - PIL.PngImagePlugin - STREAM b'IHDR' 16 13
2026-09-08 17:29:42,915 - DEBUG - PIL.PngImagePlugin - STREAM b'IDAT' 41 28109
2026-09-08 17:29:42,918 - DEBUG - PIL.PngImagePlugin - STREAM b'IHDR' 16 13
2026-09-08 17:29:42,918 - DEBUG - PIL.PngImagePlugin - STREAM b'IDAT' 41 54256
2026-09-08 17:29:42,928 - DEBUG - PIL.PngImagePlugin - STREAM b'IHDR' 16 13
2026-09-08 17:29:42,928 - DEBUG - PIL.PngImagePlugin - STREAM b'IDAT' 41 34365
2026-09-08 17:29:42,931 - DEBUG - PIL.PngImagePlugin - STREAM b'IHDR' 16 13
2026-09-08 17:29:42,931 - DEBUG - PIL.PngImagePlugin - STREAM b'IDAT' 41 54256
2026-09-08 17:29:44,937 - DEBUG - PIL.PngImagePlugin - STREAM b'IHDR' 16 13
2026-09-08 17:29:44,938 - DEBUG - PIL.PngImagePlugin - STREAM b'IDAT' 41 65536
2026-09-08 17:29:45,443 - DEBUG - PIL.PngImagePlugin - STREAM b'IHDR' 16 13
2026-09-08 17:29:45,444 - DEBUG - PIL.PngImagePlugin - STREAM b'IDAT' 41 58612
2026-09-08 17:29:47,054 - INFO - KGameTracker - ℹ️  ==================================================
2026-09-08 17:29:47,054 - INFO - KGameTracker - ℹ️  K GAME TRACKER - CERRADA
2026-09-08 17:29:47,054 - INFO - KGameTracker - ℹ️  ==================================================
2026-09-08 17:32:33,976 - INFO - KGameTracker - ℹ️  ==================================================
2026-09-08 17:32:33,976 - INFO - KGameTracker - ℹ️  K GAME TRACKER - INICIADA
2026-09-08 17:32:33,976 - INFO - KGameTracker - ℹ️  ==================================================
2026-09-08 17:32:34,090 - DEBUG - PIL.Image - Importing PngImagePlugin
2026-09-08 17:32:34,098 - DEBUG - PIL.PngImagePlugin - STREAM b'IHDR' 16 13
2026-09-08 17:32:34,098 - DEBUG - PIL.PngImagePlugin - STREAM b'caBX' 41 5758
2026-09-08 17:32:34,098 - DEBUG - PIL.PngImagePlugin - b'caBX' 41 5758 (unknown)
2026-09-08 17:32:34,098 - DEBUG - PIL.PngImagePlugin - STREAM b'IDAT' 5811 65536
2026-09-08 17:32:36,396 - DEBUG - PIL.PngImagePlugin - STREAM b'IHDR' 16 13
2026-09-08 17:32:36,397 - DEBUG - PIL.PngImagePlugin - STREAM b'caBX' 41 5758
2026-09-08 17:32:36,397 - DEBUG - PIL.PngImagePlugin - b'caBX' 41 5758 (unknown)
2026-09-08 17:32:36,397 - DEBUG - PIL.PngImagePlugin - STREAM b'IDAT' 5811 65536
2026-09-08 17:32:36,425 - DEBUG - PIL.PngImagePlugin - STREAM b'IHDR' 16 13
2026-09-08 17:32:36,426 - DEBUG - PIL.PngImagePlugin - STREAM b'IDAT' 41 53758
2026-09-08 17:32:36,430 - DEBUG - PIL.PngImagePlugin - STREAM b'IHDR' 16 13
2026-09-08 17:32:36,430 - DEBUG - PIL.PngImagePlugin - STREAM b'IDAT' 41 65536
2026-09-08 17:32:36,433 - DEBUG - PIL.PngImagePlugin - STREAM b'IHDR' 16 13
2026-09-08 17:32:36,433 - DEBUG - PIL.PngImagePlugin - STREAM b'IDAT' 41 58612
2026-09-08 17:32:36,436 - DEBUG - PIL.PngImagePlugin - STREAM b'IHDR' 16 13
2026-09-08 17:32:36,436 - DEBUG - PIL.PngImagePlugin - STREAM b'IDAT' 41 63613
2026-09-08 17:32:36,439 - DEBUG - PIL.PngImagePlugin - STREAM b'IHDR' 16 13
2026-09-08 17:32:36,439 - DEBUG - PIL.PngImagePlugin - STREAM b'IDAT' 41 65536
2026-09-08 17:32:36,443 - DEBUG - PIL.PngImagePlugin - STREAM b'IHDR' 16 13
2026-09-08 17:32:36,443 - DEBUG - PIL.PngImagePlugin - STREAM b'IDAT' 41 63580
2026-09-08 17:32:36,447 - DEBUG - PIL.PngImagePlugin - STREAM b'IHDR' 16 13
2026-09-08 17:32:36,447 - DEBUG - PIL.PngImagePlugin - STREAM b'IDAT' 41 64126
2026-09-08 17:32:36,450 - DEBUG - PIL.PngImagePlugin - STREAM b'IHDR' 16 13
2026-09-08 17:32:36,450 - DEBUG - PIL.PngImagePlugin - STREAM b'IDAT' 41 64126
2026-09-08 17:32:36,454 - DEBUG - PIL.PngImagePlugin - STREAM b'IHDR' 16 13
2026-09-08 17:32:36,454 - DEBUG - PIL.PngImagePlugin - STREAM b'IDAT' 41 64126
2026-09-08 17:32:36,458 - DEBUG - PIL.PngImagePlugin - STREAM b'IHDR' 16 13
2026-09-08 17:32:36,458 - DEBUG - PIL.PngImagePlugin - STREAM b'IDAT' 41 56150
2026-09-08 17:32:36,462 - DEBUG - PIL.PngImagePlugin - STREAM b'IHDR' 16 13
2026-09-08 17:32:36,462 - DEBUG - PIL.PngImagePlugin - STREAM b'IDAT' 41 64126
2026-09-08 17:32:36,465 - DEBUG - PIL.PngImagePlugin - STREAM b'IHDR' 16 13
2026-09-08 17:32:36,465 - DEBUG - PIL.PngImagePlugin - STREAM b'IDAT' 41 64126
2026-09-08 17:32:36,477 - DEBUG - PIL.PngImagePlugin - STREAM b'IHDR' 16 13
2026-09-08 17:32:36,478 - DEBUG - PIL.PngImagePlugin - STREAM b'IDAT' 41 62450
2026-09-08 17:32:36,560 - DEBUG - PIL.PngImagePlugin - STREAM b'IHDR' 16 13
2026-09-08 17:32:36,560 - DEBUG - PIL.PngImagePlugin - STREAM b'IDAT' 41 65536
2026-09-08 17:32:36,562 - DEBUG - PIL.PngImagePlugin - STREAM b'IHDR' 16 13
2026-09-08 17:32:36,563 - DEBUG - PIL.PngImagePlugin - STREAM b'IDAT' 41 65536
2026-09-08 17:32:36,666 - DEBUG - PIL.PngImagePlugin - STREAM b'IHDR' 16 13
2026-09-08 17:32:36,666 - DEBUG - PIL.PngImagePlugin - STREAM b'IDAT' 41 62450
2026-09-08 17:32:36,770 - DEBUG - PIL.PngImagePlugin - STREAM b'IHDR' 16 13
2026-09-08 17:32:36,771 - DEBUG - PIL.PngImagePlugin - STREAM b'IDAT' 41 62450
2026-09-08 17:32:36,874 - DEBUG - PIL.PngImagePlugin - STREAM b'IHDR' 16 13
2026-09-08 17:32:36,874 - DEBUG - PIL.PngImagePlugin - STREAM b'IDAT' 41 62450
2026-09-08 17:32:36,977 - DEBUG - PIL.PngImagePlugin - STREAM b'IHDR' 16 13
2026-09-08 17:32:36,977 - DEBUG - PIL.PngImagePlugin - STREAM b'IDAT' 41 62450
2026-09-08 17:32:37,080 - DEBUG - PIL.PngImagePlugin - STREAM b'IHDR' 16 13
2026-09-08 17:32:37,080 - DEBUG - PIL.PngImagePlugin - STREAM b'IDAT' 41 62450
2026-09-08 17:32:37,183 - DEBUG - PIL.PngImagePlugin - STREAM b'IHDR' 16 13
2026-09-08 17:32:37,183 - DEBUG - PIL.PngImagePlugin - STREAM b'IDAT' 41 62450
2026-09-08 17:32:37,286 - DEBUG - PIL.PngImagePlugin - STREAM b'IHDR' 16 13
2026-09-08 17:32:37,286 - DEBUG - PIL.PngImagePlugin - STREAM b'IDAT' 41 62450
2026-09-08 17:32:37,389 - DEBUG - PIL.PngImagePlugin - STREAM b'IHDR' 16 13
2026-09-08 17:32:37,389 - DEBUG - PIL.PngImagePlugin - STREAM b'IDAT' 41 62450
2026-09-08 17:32:37,492 - DEBUG - PIL.PngImagePlugin - STREAM b'IHDR' 16 13
2026-09-08 17:32:37,492 - DEBUG - PIL.PngImagePlugin - STREAM b'IDAT' 41 62450
2026-09-08 17:32:37,596 - DEBUG - PIL.PngImagePlugin - STREAM b'IHDR' 16 13
2026-09-08 17:32:37,596 - DEBUG - PIL.PngImagePlugin - STREAM b'IDAT' 41 62450
2026-09-08 17:32:37,968 - DEBUG - urllib3.connectionpool - Starting new HTTPS connection (1): www.gamerpower.com:443
2026-09-08 17:32:38,054 - DEBUG - urllib3.connectionpool - https://www.gamerpower.com:443 "GET /api/giveaways?type=game HTTP/1.1" 200 None
2026-09-08 17:32:38,516 - DEBUG - PIL.PngImagePlugin - STREAM b'IHDR' 16 13
2026-09-08 17:32:38,516 - DEBUG - PIL.PngImagePlugin - STREAM b'IDAT' 41 28109
2026-09-08 17:32:38,519 - DEBUG - PIL.PngImagePlugin - STREAM b'IHDR' 16 13
2026-09-08 17:32:38,519 - DEBUG - PIL.PngImagePlugin - STREAM b'IDAT' 41 54256
2026-09-08 17:32:38,524 - DEBUG - PIL.PngImagePlugin - STREAM b'IHDR' 16 13
2026-09-08 17:32:38,524 - DEBUG - PIL.PngImagePlugin - STREAM b'IDAT' 41 34365
2026-09-08 17:32:38,526 - DEBUG - PIL.PngImagePlugin - STREAM b'IHDR' 16 13
2026-09-08 17:32:38,526 - DEBUG - PIL.PngImagePlugin - STREAM b'IDAT' 41 54256
2026-09-08 17:32:40,263 - INFO - KGameTracker - ℹ️  ==================================================
2026-09-08 17:32:40,264 - INFO - KGameTracker - ℹ️  K GAME TRACKER - CERRADA
2026-09-08 17:32:40,264 - INFO - KGameTracker - ℹ️  ==================================================
2026-09-08 17:37:34,273 - INFO - KGameTracker - ℹ️  ==================================================
2026-09-08 17:37:34,273 - INFO - KGameTracker - ℹ️  K GAME TRACKER - INICIADA
2026-09-08 17:37:34,273 - INFO - KGameTracker - ℹ️  ==================================================
2026-09-08 17:37:34,418 - DEBUG - PIL.Image - Importing PngImagePlugin
2026-09-08 17:37:34,430 - DEBUG - PIL.PngImagePlugin - STREAM b'IHDR' 16 13
2026-09-08 17:37:34,430 - DEBUG - PIL.PngImagePlugin - STREAM b'caBX' 41 5758
2026-09-08 17:37:34,430 - DEBUG - PIL.PngImagePlugin - b'caBX' 41 5758 (unknown)
2026-09-08 17:37:34,431 - DEBUG - PIL.PngImagePlugin - STREAM b'IDAT' 5811 65536
2026-09-08 17:37:36,791 - DEBUG - PIL.PngImagePlugin - STREAM b'IHDR' 16 13
2026-09-08 17:37:36,791 - DEBUG - PIL.PngImagePlugin - STREAM b'caBX' 41 5758
2026-09-08 17:37:36,791 - DEBUG - PIL.PngImagePlugin - b'caBX' 41 5758 (unknown)
2026-09-08 17:37:36,791 - DEBUG - PIL.PngImagePlugin - STREAM b'IDAT' 5811 65536
2026-09-08 17:37:36,823 - DEBUG - PIL.PngImagePlugin - STREAM b'IHDR' 16 13
2026-09-08 17:37:36,823 - DEBUG - PIL.PngImagePlugin - STREAM b'IDAT' 41 53758
2026-09-08 17:37:36,827 - DEBUG - PIL.PngImagePlugin - STREAM b'IHDR' 16 13
2026-09-08 17:37:36,827 - DEBUG - PIL.PngImagePlugin - STREAM b'IDAT' 41 65536
2026-09-08 17:37:36,830 - DEBUG - PIL.PngImagePlugin - STREAM b'IHDR' 16 13
2026-09-08 17:37:36,830 - DEBUG - PIL.PngImagePlugin - STREAM b'IDAT' 41 58612
2026-09-08 17:37:36,833 - DEBUG - PIL.PngImagePlugin - STREAM b'IHDR' 16 13
2026-09-08 17:37:36,833 - DEBUG - PIL.PngImagePlugin - STREAM b'IDAT' 41 63613
2026-09-08 17:37:36,837 - DEBUG - PIL.PngImagePlugin - STREAM b'IHDR' 16 13
2026-09-08 17:37:36,837 - DEBUG - PIL.PngImagePlugin - STREAM b'IDAT' 41 65536
2026-09-08 17:37:36,840 - DEBUG - PIL.PngImagePlugin - STREAM b'IHDR' 16 13
2026-09-08 17:37:36,841 - DEBUG - PIL.PngImagePlugin - STREAM b'IDAT' 41 63580
2026-09-08 17:37:36,844 - DEBUG - PIL.PngImagePlugin - STREAM b'IHDR' 16 13
2026-09-08 17:37:36,844 - DEBUG - PIL.PngImagePlugin - STREAM b'IDAT' 41 64126
2026-09-08 17:37:36,847 - DEBUG - PIL.PngImagePlugin - STREAM b'IHDR' 16 13
2026-09-08 17:37:36,848 - DEBUG - PIL.PngImagePlugin - STREAM b'IDAT' 41 64126
2026-09-08 17:37:36,851 - DEBUG - PIL.PngImagePlugin - STREAM b'IHDR' 16 13
2026-09-08 17:37:36,851 - DEBUG - PIL.PngImagePlugin - STREAM b'IDAT' 41 64126
2026-09-08 17:37:36,856 - DEBUG - PIL.PngImagePlugin - STREAM b'IHDR' 16 13
2026-09-08 17:37:36,856 - DEBUG - PIL.PngImagePlugin - STREAM b'IDAT' 41 56150
2026-09-08 17:37:36,859 - DEBUG - PIL.PngImagePlugin - STREAM b'IHDR' 16 13
2026-09-08 17:37:36,860 - DEBUG - PIL.PngImagePlugin - STREAM b'IDAT' 41 64126
2026-09-08 17:37:36,863 - DEBUG - PIL.PngImagePlugin - STREAM b'IHDR' 16 13
2026-09-08 17:37:36,863 - DEBUG - PIL.PngImagePlugin - STREAM b'IDAT' 41 64126
2026-09-08 17:37:36,880 - DEBUG - PIL.PngImagePlugin - STREAM b'IHDR' 16 13
2026-09-08 17:37:36,880 - DEBUG - PIL.PngImagePlugin - STREAM b'IDAT' 41 62450
2026-09-08 17:37:36,885 - DEBUG - PIL.PngImagePlugin - STREAM b'IHDR' 16 13
2026-09-08 17:37:36,885 - DEBUG - PIL.PngImagePlugin - STREAM b'IDAT' 41 62450
2026-09-08 17:37:39,123 - DEBUG - PIL.PngImagePlugin - STREAM b'IHDR' 16 13
2026-09-08 17:37:39,123 - DEBUG - PIL.PngImagePlugin - STREAM b'IDAT' 41 62450
2026-09-08 17:37:39,131 - DEBUG - PIL.PngImagePlugin - STREAM b'IHDR' 16 13
2026-09-08 17:37:39,131 - DEBUG - PIL.PngImagePlugin - STREAM b'IDAT' 41 62450
2026-09-08 17:37:39,139 - DEBUG - PIL.PngImagePlugin - STREAM b'IHDR' 16 13
2026-09-08 17:37:39,139 - DEBUG - PIL.PngImagePlugin - STREAM b'IDAT' 41 62450
2026-09-08 17:37:39,147 - DEBUG - PIL.PngImagePlugin - STREAM b'IHDR' 16 13
2026-09-08 17:37:39,147 - DEBUG - PIL.PngImagePlugin - STREAM b'IDAT' 41 62450
2026-09-08 17:37:39,155 - DEBUG - PIL.PngImagePlugin - STREAM b'IHDR' 16 13
2026-09-08 17:37:39,155 - DEBUG - PIL.PngImagePlugin - STREAM b'IDAT' 41 62450
2026-09-08 17:37:39,163 - DEBUG - PIL.PngImagePlugin - STREAM b'IHDR' 16 13
2026-09-08 17:37:39,163 - DEBUG - PIL.PngImagePlugin - STREAM b'IDAT' 41 62450
2026-09-08 17:37:39,171 - DEBUG - PIL.PngImagePlugin - STREAM b'IHDR' 16 13
2026-09-08 17:37:39,171 - DEBUG - PIL.PngImagePlugin - STREAM b'IDAT' 41 65536
2026-09-08 17:37:39,179 - DEBUG - PIL.PngImagePlugin - STREAM b'IHDR' 16 13
2026-09-08 17:37:39,180 - DEBUG - PIL.PngImagePlugin - STREAM b'IDAT' 41 65536
2026-09-08 17:37:39,187 - DEBUG - PIL.PngImagePlugin - STREAM b'IHDR' 16 13
2026-09-08 17:37:39,187 - DEBUG - PIL.PngImagePlugin - STREAM b'IDAT' 41 65536
2026-09-08 17:37:39,195 - DEBUG - PIL.PngImagePlugin - STREAM b'IHDR' 16 13
2026-09-08 17:37:39,195 - DEBUG - PIL.PngImagePlugin - STREAM b'IDAT' 41 65536
2026-09-08 17:37:39,204 - DEBUG - PIL.PngImagePlugin - STREAM b'IHDR' 16 13
2026-09-08 17:37:39,204 - DEBUG - PIL.PngImagePlugin - STREAM b'IDAT' 41 65536
2026-09-08 17:37:39,211 - DEBUG - PIL.PngImagePlugin - STREAM b'IHDR' 16 13
2026-09-08 17:37:39,211 - DEBUG - PIL.PngImagePlugin - STREAM b'IDAT' 41 65536
2026-09-08 17:37:39,219 - DEBUG - PIL.PngImagePlugin - STREAM b'IHDR' 16 13
2026-09-08 17:37:39,219 - DEBUG - PIL.PngImagePlugin - STREAM b'IDAT' 41 65536
2026-09-08 17:37:39,227 - DEBUG - PIL.PngImagePlugin - STREAM b'IHDR' 16 13
2026-09-08 17:37:39,227 - DEBUG - PIL.PngImagePlugin - STREAM b'IDAT' 41 65536
2026-09-08 17:37:39,234 - DEBUG - PIL.PngImagePlugin - STREAM b'IHDR' 16 13
2026-09-08 17:37:39,235 - DEBUG - PIL.PngImagePlugin - STREAM b'IDAT' 41 65536
2026-09-08 17:37:39,242 - DEBUG - PIL.PngImagePlugin - STREAM b'IHDR' 16 13
2026-09-08 17:37:39,243 - DEBUG - PIL.PngImagePlugin - STREAM b'IDAT' 41 65536
2026-09-08 17:37:39,250 - DEBUG - PIL.PngImagePlugin - STREAM b'IHDR' 16 13
2026-09-08 17:37:39,251 - DEBUG - PIL.PngImagePlugin - STREAM b'IDAT' 41 65536
2026-09-08 17:37:39,258 - DEBUG - PIL.PngImagePlugin - STREAM b'IHDR' 16 13
2026-09-08 17:37:39,259 - DEBUG - PIL.PngImagePlugin - STREAM b'IDAT' 41 65536
2026-09-08 17:37:39,266 - DEBUG - PIL.PngImagePlugin - STREAM b'IHDR' 16 13
2026-09-08 17:37:39,267 - DEBUG - PIL.PngImagePlugin - STREAM b'IDAT' 41 65536
2026-09-08 17:37:39,330 - DEBUG - PIL.PngImagePlugin - STREAM b'IHDR' 16 13
2026-09-08 17:37:39,331 - DEBUG - PIL.PngImagePlugin - STREAM b'IDAT' 41 65536
2026-09-08 17:37:39,965 - DEBUG - PIL.PngImagePlugin - STREAM b'IHDR' 16 13
2026-09-08 17:37:39,965 - DEBUG - PIL.PngImagePlugin - STREAM b'IDAT' 41 65536
2026-09-08 17:37:39,981 - DEBUG - PIL.PngImagePlugin - STREAM b'IHDR' 16 13
2026-09-08 17:37:39,981 - DEBUG - PIL.PngImagePlugin - STREAM b'IDAT' 41 65536
2026-09-08 17:37:39,988 - DEBUG - PIL.PngImagePlugin - STREAM b'IHDR' 16 13
2026-09-08 17:37:39,989 - DEBUG - PIL.PngImagePlugin - STREAM b'IDAT' 41 65536
2026-09-08 17:37:39,996 - DEBUG - PIL.PngImagePlugin - STREAM b'IHDR' 16 13
2026-09-08 17:37:39,997 - DEBUG - PIL.PngImagePlugin - STREAM b'IDAT' 41 65536
2026-09-08 17:37:40,005 - DEBUG - PIL.PngImagePlugin - STREAM b'IHDR' 16 13
2026-09-08 17:37:40,005 - DEBUG - PIL.PngImagePlugin - STREAM b'IDAT' 41 62450
2026-09-08 17:37:40,029 - DEBUG - PIL.PngImagePlugin - STREAM b'IHDR' 16 13
2026-09-08 17:37:40,030 - DEBUG - PIL.PngImagePlugin - STREAM b'IDAT' 41 62450
2026-09-08 17:37:40,061 - DEBUG - PIL.PngImagePlugin - STREAM b'IHDR' 16 13
2026-09-08 17:37:40,061 - DEBUG - PIL.PngImagePlugin - STREAM b'IDAT' 41 62450
2026-09-08 17:37:40,100 - DEBUG - PIL.PngImagePlugin - STREAM b'IHDR' 16 13
2026-09-08 17:37:40,101 - DEBUG - PIL.PngImagePlugin - STREAM b'IDAT' 41 62450
2026-09-08 17:37:40,108 - DEBUG - PIL.PngImagePlugin - STREAM b'IHDR' 16 13
2026-09-08 17:37:40,109 - DEBUG - PIL.PngImagePlugin - STREAM b'IDAT' 41 62450
2026-09-08 17:37:40,125 - DEBUG - PIL.PngImagePlugin - STREAM b'IHDR' 16 13
2026-09-08 17:37:40,125 - DEBUG - PIL.PngImagePlugin - STREAM b'IDAT' 41 62450
2026-09-08 17:37:40,149 - DEBUG - PIL.PngImagePlugin - STREAM b'IHDR' 16 13
2026-09-08 17:37:40,149 - DEBUG - PIL.PngImagePlugin - STREAM b'IDAT' 41 62450
2026-09-08 17:37:40,197 - DEBUG - PIL.PngImagePlugin - STREAM b'IHDR' 16 13
2026-09-08 17:37:40,197 - DEBUG - PIL.PngImagePlugin - STREAM b'IDAT' 41 62450
2026-09-08 17:37:40,228 - DEBUG - PIL.PngImagePlugin - STREAM b'IHDR' 16 13
2026-09-08 17:37:40,229 - DEBUG - PIL.PngImagePlugin - STREAM b'IDAT' 41 62450
2026-09-08 17:37:40,245 - DEBUG - PIL.PngImagePlugin - STREAM b'IHDR' 16 13
2026-09-08 17:37:40,245 - DEBUG - PIL.PngImagePlugin - STREAM b'IDAT' 41 62450
2026-09-08 17:37:40,260 - DEBUG - PIL.PngImagePlugin - STREAM b'IHDR' 16 13
2026-09-08 17:37:40,261 - DEBUG - PIL.PngImagePlugin - STREAM b'IDAT' 41 62450
2026-09-08 17:37:40,997 - DEBUG - PIL.PngImagePlugin - STREAM b'IHDR' 16 13
2026-09-08 17:37:40,997 - DEBUG - PIL.PngImagePlugin - STREAM b'IDAT' 41 62450
2026-09-08 17:37:41,004 - DEBUG - PIL.PngImagePlugin - STREAM b'IHDR' 16 13
2026-09-08 17:37:41,005 - DEBUG - PIL.PngImagePlugin - STREAM b'IDAT' 41 62450
2026-09-08 17:37:41,013 - DEBUG - PIL.PngImagePlugin - STREAM b'IHDR' 16 13
2026-09-08 17:37:41,014 - DEBUG - PIL.PngImagePlugin - STREAM b'IDAT' 41 62450
2026-09-08 17:37:41,021 - DEBUG - PIL.PngImagePlugin - STREAM b'IHDR' 16 13
2026-09-08 17:37:41,021 - DEBUG - PIL.PngImagePlugin - STREAM b'IDAT' 41 62450
2026-09-08 17:37:41,029 - DEBUG - PIL.PngImagePlugin - STREAM b'IHDR' 16 13
2026-09-08 17:37:41,029 - DEBUG - PIL.PngImagePlugin - STREAM b'IDAT' 41 62450
2026-09-08 17:37:41,037 - DEBUG - PIL.PngImagePlugin - STREAM b'IHDR' 16 13
2026-09-08 17:37:41,037 - DEBUG - PIL.PngImagePlugin - STREAM b'IDAT' 41 62450
2026-09-08 17:37:41,045 - DEBUG - PIL.PngImagePlugin - STREAM b'IHDR' 16 13
2026-09-08 17:37:41,045 - DEBUG - PIL.PngImagePlugin - STREAM b'IDAT' 41 62450
2026-09-08 17:37:41,053 - DEBUG - PIL.PngImagePlugin - STREAM b'IHDR' 16 13
2026-09-08 17:37:41,053 - DEBUG - PIL.PngImagePlugin - STREAM b'IDAT' 41 62450
2026-09-08 17:37:41,061 - DEBUG - PIL.PngImagePlugin - STREAM b'IHDR' 16 13
2026-09-08 17:37:41,061 - DEBUG - PIL.PngImagePlugin - STREAM b'IDAT' 41 62450
2026-09-08 17:37:41,069 - DEBUG - PIL.PngImagePlugin - STREAM b'IHDR' 16 13
2026-09-08 17:37:41,069 - DEBUG - PIL.PngImagePlugin - STREAM b'IDAT' 41 62450
2026-09-08 17:37:41,077 - DEBUG - PIL.PngImagePlugin - STREAM b'IHDR' 16 13
2026-09-08 17:37:41,077 - DEBUG - PIL.PngImagePlugin - STREAM b'IDAT' 41 62450
2026-09-08 17:37:41,085 - DEBUG - PIL.PngImagePlugin - STREAM b'IHDR' 16 13
2026-09-08 17:37:41,085 - DEBUG - PIL.PngImagePlugin - STREAM b'IDAT' 41 62450
2026-09-08 17:37:41,093 - DEBUG - PIL.PngImagePlugin - STREAM b'IHDR' 16 13
2026-09-08 17:37:41,093 - DEBUG - PIL.PngImagePlugin - STREAM b'IDAT' 41 62450
2026-09-08 17:37:41,100 - DEBUG - PIL.PngImagePlugin - STREAM b'IHDR' 16 13
2026-09-08 17:37:41,101 - DEBUG - PIL.PngImagePlugin - STREAM b'IDAT' 41 62450
2026-09-08 17:37:41,109 - DEBUG - PIL.PngImagePlugin - STREAM b'IHDR' 16 13
2026-09-08 17:37:41,109 - DEBUG - PIL.PngImagePlugin - STREAM b'IDAT' 41 62450
2026-09-08 17:37:41,116 - DEBUG - PIL.PngImagePlugin - STREAM b'IHDR' 16 13
2026-09-08 17:37:41,117 - DEBUG - PIL.PngImagePlugin - STREAM b'IDAT' 41 62450
2026-09-08 17:37:41,124 - DEBUG - PIL.PngImagePlugin - STREAM b'IHDR' 16 13
2026-09-08 17:37:41,125 - DEBUG - PIL.PngImagePlugin - STREAM b'IDAT' 41 62450
2026-09-08 17:37:41,132 - DEBUG - PIL.PngImagePlugin - STREAM b'IHDR' 16 13
2026-09-08 17:37:41,133 - DEBUG - PIL.PngImagePlugin - STREAM b'IDAT' 41 62450
2026-09-08 17:37:41,140 - DEBUG - PIL.PngImagePlugin - STREAM b'IHDR' 16 13
2026-09-08 17:37:41,141 - DEBUG - PIL.PngImagePlugin - STREAM b'IDAT' 41 62450
2026-09-08 17:37:41,148 - DEBUG - PIL.PngImagePlugin - STREAM b'IHDR' 16 13
2026-09-08 17:37:41,149 - DEBUG - PIL.PngImagePlugin - STREAM b'IDAT' 41 62450
2026-09-08 17:37:41,156 - DEBUG - PIL.PngImagePlugin - STREAM b'IHDR' 16 13
2026-09-08 17:37:41,157 - DEBUG - PIL.PngImagePlugin - STREAM b'IDAT' 41 62450
2026-09-08 17:37:41,164 - DEBUG - PIL.PngImagePlugin - STREAM b'IHDR' 16 13
2026-09-08 17:37:41,165 - DEBUG - PIL.PngImagePlugin - STREAM b'IDAT' 41 62450
2026-09-08 17:37:41,172 - DEBUG - PIL.PngImagePlugin - STREAM b'IHDR' 16 13
2026-09-08 17:37:41,173 - DEBUG - PIL.PngImagePlugin - STREAM b'IDAT' 41 62450
2026-09-08 17:37:41,188 - DEBUG - PIL.PngImagePlugin - STREAM b'IHDR' 16 13
2026-09-08 17:37:41,189 - DEBUG - PIL.PngImagePlugin - STREAM b'IDAT' 41 62450
2026-09-08 17:37:41,650 - DEBUG - PIL.PngImagePlugin - STREAM b'IHDR' 16 13
2026-09-08 17:37:41,651 - DEBUG - PIL.PngImagePlugin - STREAM b'IDAT' 41 65536
2026-09-08 17:37:41,653 - DEBUG - PIL.PngImagePlugin - STREAM b'IHDR' 16 13
2026-09-08 17:37:41,653 - DEBUG - PIL.PngImagePlugin - STREAM b'IDAT' 41 65536
2026-09-08 17:37:42,016 - DEBUG - PIL.PngImagePlugin - STREAM b'IHDR' 16 13
2026-09-08 17:37:42,017 - DEBUG - PIL.PngImagePlugin - STREAM b'IDAT' 41 62450
2026-09-08 17:37:42,019 - DEBUG - PIL.PngImagePlugin - STREAM b'IHDR' 16 13
2026-09-08 17:37:42,019 - DEBUG - PIL.PngImagePlugin - STREAM b'IDAT' 41 62450
2026-09-08 17:37:43,138 - INFO - KGameTracker - ℹ️  ==================================================
2026-09-08 17:37:43,138 - INFO - KGameTracker - ℹ️  K GAME TRACKER - CERRADA
2026-09-08 17:37:43,138 - INFO - KGameTracker - ℹ️  ==================================================
2026-09-08 17:38:31,450 - INFO - KGameTracker - ℹ️  ==================================================
2026-09-08 17:38:31,450 - INFO - KGameTracker - ℹ️  K GAME TRACKER - INICIADA
2026-09-08 17:38:31,451 - INFO - KGameTracker - ℹ️  ==================================================
2026-09-08 17:38:31,566 - DEBUG - PIL.Image - Importing PngImagePlugin
2026-09-08 17:38:31,573 - DEBUG - PIL.PngImagePlugin - STREAM b'IHDR' 16 13
2026-09-08 17:38:31,573 - DEBUG - PIL.PngImagePlugin - STREAM b'caBX' 41 5758
2026-09-08 17:38:31,573 - DEBUG - PIL.PngImagePlugin - b'caBX' 41 5758 (unknown)
2026-09-08 17:38:31,573 - DEBUG - PIL.PngImagePlugin - STREAM b'IDAT' 5811 65536
2026-09-08 17:38:33,844 - DEBUG - PIL.PngImagePlugin - STREAM b'IHDR' 16 13
2026-09-08 17:38:33,844 - DEBUG - PIL.PngImagePlugin - STREAM b'caBX' 41 5758
2026-09-08 17:38:33,844 - DEBUG - PIL.PngImagePlugin - b'caBX' 41 5758 (unknown)
2026-09-08 17:38:33,844 - DEBUG - PIL.PngImagePlugin - STREAM b'IDAT' 5811 65536
2026-09-08 17:38:33,872 - DEBUG - PIL.PngImagePlugin - STREAM b'IHDR' 16 13
2026-09-08 17:38:33,872 - DEBUG - PIL.PngImagePlugin - STREAM b'IDAT' 41 53758
2026-09-08 17:38:33,876 - DEBUG - PIL.PngImagePlugin - STREAM b'IHDR' 16 13
2026-09-08 17:38:33,876 - DEBUG - PIL.PngImagePlugin - STREAM b'IDAT' 41 65536
2026-09-08 17:38:33,879 - DEBUG - PIL.PngImagePlugin - STREAM b'IHDR' 16 13
2026-09-08 17:38:33,880 - DEBUG - PIL.PngImagePlugin - STREAM b'IDAT' 41 58612
2026-09-08 17:38:33,883 - DEBUG - PIL.PngImagePlugin - STREAM b'IHDR' 16 13
2026-09-08 17:38:33,883 - DEBUG - PIL.PngImagePlugin - STREAM b'IDAT' 41 63613
2026-09-08 17:38:33,887 - DEBUG - PIL.PngImagePlugin - STREAM b'IHDR' 16 13
2026-09-08 17:38:33,887 - DEBUG - PIL.PngImagePlugin - STREAM b'IDAT' 41 65536
2026-09-08 17:38:33,891 - DEBUG - PIL.PngImagePlugin - STREAM b'IHDR' 16 13
2026-09-08 17:38:33,892 - DEBUG - PIL.PngImagePlugin - STREAM b'IDAT' 41 63580
2026-09-08 17:38:33,897 - DEBUG - PIL.PngImagePlugin - STREAM b'IHDR' 16 13
2026-09-08 17:38:33,897 - DEBUG - PIL.PngImagePlugin - STREAM b'IDAT' 41 64126
2026-09-08 17:38:33,901 - DEBUG - PIL.PngImagePlugin - STREAM b'IHDR' 16 13
2026-09-08 17:38:33,901 - DEBUG - PIL.PngImagePlugin - STREAM b'IDAT' 41 64126
2026-09-08 17:38:33,905 - DEBUG - PIL.PngImagePlugin - STREAM b'IHDR' 16 13
2026-09-08 17:38:33,905 - DEBUG - PIL.PngImagePlugin - STREAM b'IDAT' 41 64126
2026-09-08 17:38:33,908 - DEBUG - PIL.PngImagePlugin - STREAM b'IHDR' 16 13
2026-09-08 17:38:33,909 - DEBUG - PIL.PngImagePlugin - STREAM b'IDAT' 41 56150
2026-09-08 17:38:33,913 - DEBUG - PIL.PngImagePlugin - STREAM b'IHDR' 16 13
2026-09-08 17:38:33,913 - DEBUG - PIL.PngImagePlugin - STREAM b'IDAT' 41 64126
2026-09-08 17:38:33,917 - DEBUG - PIL.PngImagePlugin - STREAM b'IHDR' 16 13
2026-09-08 17:38:33,917 - DEBUG - PIL.PngImagePlugin - STREAM b'IDAT' 41 64126
2026-09-08 17:38:33,930 - DEBUG - PIL.PngImagePlugin - STREAM b'IHDR' 16 13
2026-09-08 17:38:33,930 - DEBUG - PIL.PngImagePlugin - STREAM b'IDAT' 41 62450
2026-09-08 17:38:33,934 - DEBUG - PIL.PngImagePlugin - STREAM b'IHDR' 16 13
2026-09-08 17:38:33,934 - DEBUG - PIL.PngImagePlugin - STREAM b'IDAT' 41 65536
2026-09-08 17:38:33,938 - DEBUG - PIL.PngImagePlugin - STREAM b'IHDR' 16 13
2026-09-08 17:38:33,938 - DEBUG - PIL.PngImagePlugin - STREAM b'IDAT' 41 65536
2026-09-08 17:38:34,045 - DEBUG - PIL.PngImagePlugin - STREAM b'IHDR' 16 13
2026-09-08 17:38:34,045 - DEBUG - PIL.PngImagePlugin - STREAM b'IDAT' 41 62450
2026-09-08 17:38:34,159 - DEBUG - PIL.PngImagePlugin - STREAM b'IHDR' 16 13
2026-09-08 17:38:34,160 - DEBUG - PIL.PngImagePlugin - STREAM b'IDAT' 41 62450
2026-09-08 17:38:34,268 - DEBUG - PIL.PngImagePlugin - STREAM b'IHDR' 16 13
2026-09-08 17:38:34,268 - DEBUG - PIL.PngImagePlugin - STREAM b'IDAT' 41 62450
2026-09-08 17:38:34,378 - DEBUG - PIL.PngImagePlugin - STREAM b'IHDR' 16 13
2026-09-08 17:38:34,378 - DEBUG - PIL.PngImagePlugin - STREAM b'IDAT' 41 62450
2026-09-08 17:38:34,485 - DEBUG - PIL.PngImagePlugin - STREAM b'IHDR' 16 13
2026-09-08 17:38:34,486 - DEBUG - PIL.PngImagePlugin - STREAM b'IDAT' 41 62450
2026-09-08 17:38:34,592 - DEBUG - PIL.PngImagePlugin - STREAM b'IHDR' 16 13
2026-09-08 17:38:34,592 - DEBUG - PIL.PngImagePlugin - STREAM b'IDAT' 41 62450
2026-09-08 17:38:34,703 - DEBUG - PIL.PngImagePlugin - STREAM b'IHDR' 16 13
2026-09-08 17:38:34,703 - DEBUG - PIL.PngImagePlugin - STREAM b'IDAT' 41 62450
2026-09-08 17:38:34,808 - DEBUG - PIL.PngImagePlugin - STREAM b'IHDR' 16 13
2026-09-08 17:38:34,809 - DEBUG - PIL.PngImagePlugin - STREAM b'IDAT' 41 62450
2026-09-08 17:38:34,924 - DEBUG - PIL.PngImagePlugin - STREAM b'IHDR' 16 13
2026-09-08 17:38:34,924 - DEBUG - PIL.PngImagePlugin - STREAM b'IDAT' 41 62450
2026-09-08 17:38:35,030 - DEBUG - PIL.PngImagePlugin - STREAM b'IHDR' 16 13
2026-09-08 17:38:35,030 - DEBUG - PIL.PngImagePlugin - STREAM b'IDAT' 41 62450
2026-09-08 17:38:37,546 - INFO - KGameTracker - ℹ️  ==================================================
2026-09-08 17:38:37,546 - INFO - KGameTracker - ℹ️  K GAME TRACKER - CERRADA
2026-09-08 17:38:37,546 - INFO - KGameTracker - ℹ️  ==================================================
2026-09-08 17:39:26,966 - INFO - KGameTracker - ℹ️  ==================================================
2026-09-08 17:39:26,966 - INFO - KGameTracker - ℹ️  K GAME TRACKER - INICIADA
2026-09-08 17:39:26,966 - INFO - KGameTracker - ℹ️  ==================================================
2026-09-08 17:39:27,081 - DEBUG - PIL.Image - Importing PngImagePlugin
2026-09-08 17:39:27,088 - DEBUG - PIL.PngImagePlugin - STREAM b'IHDR' 16 13
2026-09-08 17:39:27,088 - DEBUG - PIL.PngImagePlugin - STREAM b'caBX' 41 5758
2026-09-08 17:39:27,088 - DEBUG - PIL.PngImagePlugin - b'caBX' 41 5758 (unknown)
2026-09-08 17:39:27,088 - DEBUG - PIL.PngImagePlugin - STREAM b'IDAT' 5811 65536
2026-09-08 17:39:29,431 - DEBUG - PIL.PngImagePlugin - STREAM b'IHDR' 16 13
2026-09-08 17:39:29,431 - DEBUG - PIL.PngImagePlugin - STREAM b'caBX' 41 5758
2026-09-08 17:39:29,431 - DEBUG - PIL.PngImagePlugin - b'caBX' 41 5758 (unknown)
2026-09-08 17:39:29,431 - DEBUG - PIL.PngImagePlugin - STREAM b'IDAT' 5811 65536
2026-09-08 17:39:29,460 - DEBUG - PIL.PngImagePlugin - STREAM b'IHDR' 16 13
2026-09-08 17:39:29,461 - DEBUG - PIL.PngImagePlugin - STREAM b'IDAT' 41 53758
2026-09-08 17:39:29,464 - DEBUG - PIL.PngImagePlugin - STREAM b'IHDR' 16 13
2026-09-08 17:39:29,465 - DEBUG - PIL.PngImagePlugin - STREAM b'IDAT' 41 65536
2026-09-08 17:39:29,468 - DEBUG - PIL.PngImagePlugin - STREAM b'IHDR' 16 13
2026-09-08 17:39:29,468 - DEBUG - PIL.PngImagePlugin - STREAM b'IDAT' 41 58612
2026-09-08 17:39:29,471 - DEBUG - PIL.PngImagePlugin - STREAM b'IHDR' 16 13
2026-09-08 17:39:29,472 - DEBUG - PIL.PngImagePlugin - STREAM b'IDAT' 41 63613
2026-09-08 17:39:29,475 - DEBUG - PIL.PngImagePlugin - STREAM b'IHDR' 16 13
2026-09-08 17:39:29,476 - DEBUG - PIL.PngImagePlugin - STREAM b'IDAT' 41 65536
2026-09-08 17:39:29,481 - DEBUG - PIL.PngImagePlugin - STREAM b'IHDR' 16 13
2026-09-08 17:39:29,482 - DEBUG - PIL.PngImagePlugin - STREAM b'IDAT' 41 63580
2026-09-08 17:39:29,487 - DEBUG - PIL.PngImagePlugin - STREAM b'IHDR' 16 13
2026-09-08 17:39:29,487 - DEBUG - PIL.PngImagePlugin - STREAM b'IDAT' 41 64126
2026-09-08 17:39:29,490 - DEBUG - PIL.PngImagePlugin - STREAM b'IHDR' 16 13
2026-09-08 17:39:29,491 - DEBUG - PIL.PngImagePlugin - STREAM b'IDAT' 41 64126
2026-09-08 17:39:29,494 - DEBUG - PIL.PngImagePlugin - STREAM b'IHDR' 16 13
2026-09-08 17:39:29,494 - DEBUG - PIL.PngImagePlugin - STREAM b'IDAT' 41 64126
2026-09-08 17:39:29,498 - DEBUG - PIL.PngImagePlugin - STREAM b'IHDR' 16 13
2026-09-08 17:39:29,498 - DEBUG - PIL.PngImagePlugin - STREAM b'IDAT' 41 56150
2026-09-08 17:39:29,503 - DEBUG - PIL.PngImagePlugin - STREAM b'IHDR' 16 13
2026-09-08 17:39:29,503 - DEBUG - PIL.PngImagePlugin - STREAM b'IDAT' 41 64126
2026-09-08 17:39:29,506 - DEBUG - PIL.PngImagePlugin - STREAM b'IHDR' 16 13
2026-09-08 17:39:29,507 - DEBUG - PIL.PngImagePlugin - STREAM b'IDAT' 41 64126
2026-09-08 17:39:29,518 - DEBUG - PIL.PngImagePlugin - STREAM b'IHDR' 16 13
2026-09-08 17:39:29,518 - DEBUG - PIL.PngImagePlugin - STREAM b'IDAT' 41 62450
2026-09-08 17:39:29,569 - DEBUG - PIL.PngImagePlugin - STREAM b'IHDR' 16 13
2026-09-08 17:39:29,569 - DEBUG - PIL.PngImagePlugin - STREAM b'IDAT' 41 65536
2026-09-08 17:39:29,615 - DEBUG - PIL.PngImagePlugin - STREAM b'IHDR' 16 13
2026-09-08 17:39:29,615 - DEBUG - PIL.PngImagePlugin - STREAM b'IDAT' 41 65536
2026-09-08 17:39:29,822 - DEBUG - PIL.PngImagePlugin - STREAM b'IHDR' 16 13
2026-09-08 17:39:29,823 - DEBUG - PIL.PngImagePlugin - STREAM b'IDAT' 41 62450
2026-09-08 17:39:29,978 - DEBUG - PIL.PngImagePlugin - STREAM b'IHDR' 16 13
2026-09-08 17:39:29,978 - DEBUG - PIL.PngImagePlugin - STREAM b'IDAT' 41 62450
2026-09-08 17:39:30,125 - DEBUG - PIL.PngImagePlugin - STREAM b'IHDR' 16 13
2026-09-08 17:39:30,125 - DEBUG - PIL.PngImagePlugin - STREAM b'IDAT' 41 62450
2026-09-08 17:39:30,272 - DEBUG - PIL.PngImagePlugin - STREAM b'IHDR' 16 13
2026-09-08 17:39:30,272 - DEBUG - PIL.PngImagePlugin - STREAM b'IDAT' 41 62450
2026-09-08 17:39:30,422 - DEBUG - PIL.PngImagePlugin - STREAM b'IHDR' 16 13
2026-09-08 17:39:30,422 - DEBUG - PIL.PngImagePlugin - STREAM b'IDAT' 41 62450
2026-09-08 17:39:30,566 - DEBUG - PIL.PngImagePlugin - STREAM b'IHDR' 16 13
2026-09-08 17:39:30,566 - DEBUG - PIL.PngImagePlugin - STREAM b'IDAT' 41 62450
2026-09-08 17:39:30,704 - DEBUG - PIL.PngImagePlugin - STREAM b'IHDR' 16 13
2026-09-08 17:39:30,704 - DEBUG - PIL.PngImagePlugin - STREAM b'IDAT' 41 62450
2026-09-08 17:39:30,845 - DEBUG - PIL.PngImagePlugin - STREAM b'IHDR' 16 13
2026-09-08 17:39:30,845 - DEBUG - PIL.PngImagePlugin - STREAM b'IDAT' 41 62450
2026-09-08 17:39:30,998 - DEBUG - PIL.PngImagePlugin - STREAM b'IHDR' 16 13
2026-09-08 17:39:30,998 - DEBUG - PIL.PngImagePlugin - STREAM b'IDAT' 41 62450
2026-09-08 17:39:31,139 - DEBUG - PIL.PngImagePlugin - STREAM b'IHDR' 16 13
2026-09-08 17:39:31,139 - DEBUG - PIL.PngImagePlugin - STREAM b'IDAT' 41 62450
2026-09-08 17:39:34,442 - INFO - KGameTracker - ℹ️  ==================================================
2026-09-08 17:39:34,442 - INFO - KGameTracker - ℹ️  K GAME TRACKER - CERRADA
2026-09-08 17:39:34,443 - INFO - KGameTracker - ℹ️  ==================================================
2026-09-08 17:39:43,599 - INFO - KGameTracker - ℹ️  ==================================================
2026-09-08 17:39:43,599 - INFO - KGameTracker - ℹ️  K GAME TRACKER - INICIADA
2026-09-08 17:39:43,599 - INFO - KGameTracker - ℹ️  ==================================================
2026-09-08 17:39:43,715 - DEBUG - PIL.Image - Importing PngImagePlugin
2026-09-08 17:39:43,723 - DEBUG - PIL.PngImagePlugin - STREAM b'IHDR' 16 13
2026-09-08 17:39:43,724 - DEBUG - PIL.PngImagePlugin - STREAM b'caBX' 41 5758
2026-09-08 17:39:43,724 - DEBUG - PIL.PngImagePlugin - b'caBX' 41 5758 (unknown)
2026-09-08 17:39:43,724 - DEBUG - PIL.PngImagePlugin - STREAM b'IDAT' 5811 65536
2026-09-08 17:39:46,033 - DEBUG - PIL.PngImagePlugin - STREAM b'IHDR' 16 13
2026-09-08 17:39:46,033 - DEBUG - PIL.PngImagePlugin - STREAM b'caBX' 41 5758
2026-09-08 17:39:46,034 - DEBUG - PIL.PngImagePlugin - b'caBX' 41 5758 (unknown)
2026-09-08 17:39:46,034 - DEBUG - PIL.PngImagePlugin - STREAM b'IDAT' 5811 65536
2026-09-08 17:39:46,061 - DEBUG - PIL.PngImagePlugin - STREAM b'IHDR' 16 13
2026-09-08 17:39:46,061 - DEBUG - PIL.PngImagePlugin - STREAM b'IDAT' 41 53758
2026-09-08 17:39:46,064 - DEBUG - PIL.PngImagePlugin - STREAM b'IHDR' 16 13
2026-09-08 17:39:46,064 - DEBUG - PIL.PngImagePlugin - STREAM b'IDAT' 41 65536
2026-09-08 17:39:46,067 - DEBUG - PIL.PngImagePlugin - STREAM b'IHDR' 16 13
2026-09-08 17:39:46,068 - DEBUG - PIL.PngImagePlugin - STREAM b'IDAT' 41 58612
2026-09-08 17:39:46,070 - DEBUG - PIL.PngImagePlugin - STREAM b'IHDR' 16 13
2026-09-08 17:39:46,071 - DEBUG - PIL.PngImagePlugin - STREAM b'IDAT' 41 63613
2026-09-08 17:39:46,074 - DEBUG - PIL.PngImagePlugin - STREAM b'IHDR' 16 13
2026-09-08 17:39:46,074 - DEBUG - PIL.PngImagePlugin - STREAM b'IDAT' 41 65536
2026-09-08 17:39:46,078 - DEBUG - PIL.PngImagePlugin - STREAM b'IHDR' 16 13
2026-09-08 17:39:46,078 - DEBUG - PIL.PngImagePlugin - STREAM b'IDAT' 41 63580
2026-09-08 17:39:46,081 - DEBUG - PIL.PngImagePlugin - STREAM b'IHDR' 16 13
2026-09-08 17:39:46,081 - DEBUG - PIL.PngImagePlugin - STREAM b'IDAT' 41 64126
2026-09-08 17:39:46,085 - DEBUG - PIL.PngImagePlugin - STREAM b'IHDR' 16 13
2026-09-08 17:39:46,085 - DEBUG - PIL.PngImagePlugin - STREAM b'IDAT' 41 64126
2026-09-08 17:39:46,088 - DEBUG - PIL.PngImagePlugin - STREAM b'IHDR' 16 13
2026-09-08 17:39:46,089 - DEBUG - PIL.PngImagePlugin - STREAM b'IDAT' 41 64126
2026-09-08 17:39:46,093 - DEBUG - PIL.PngImagePlugin - STREAM b'IHDR' 16 13
2026-09-08 17:39:46,093 - DEBUG - PIL.PngImagePlugin - STREAM b'IDAT' 41 56150
2026-09-08 17:39:46,096 - DEBUG - PIL.PngImagePlugin - STREAM b'IHDR' 16 13
2026-09-08 17:39:46,096 - DEBUG - PIL.PngImagePlugin - STREAM b'IDAT' 41 64126
2026-09-08 17:39:46,100 - DEBUG - PIL.PngImagePlugin - STREAM b'IHDR' 16 13
2026-09-08 17:39:46,100 - DEBUG - PIL.PngImagePlugin - STREAM b'IDAT' 41 64126
2026-09-08 17:39:46,112 - DEBUG - PIL.PngImagePlugin - STREAM b'IHDR' 16 13
2026-09-08 17:39:46,112 - DEBUG - PIL.PngImagePlugin - STREAM b'IDAT' 41 62450
2026-09-08 17:39:46,162 - DEBUG - PIL.PngImagePlugin - STREAM b'IHDR' 16 13
2026-09-08 17:39:46,162 - DEBUG - PIL.PngImagePlugin - STREAM b'IDAT' 41 65536
2026-09-08 17:39:46,198 - DEBUG - PIL.PngImagePlugin - STREAM b'IHDR' 16 13
2026-09-08 17:39:46,199 - DEBUG - PIL.PngImagePlugin - STREAM b'IDAT' 41 65536
2026-09-08 17:39:46,368 - DEBUG - PIL.PngImagePlugin - STREAM b'IHDR' 16 13
2026-09-08 17:39:46,368 - DEBUG - PIL.PngImagePlugin - STREAM b'IDAT' 41 62450
2026-09-08 17:39:46,523 - DEBUG - PIL.PngImagePlugin - STREAM b'IHDR' 16 13
2026-09-08 17:39:46,523 - DEBUG - PIL.PngImagePlugin - STREAM b'IDAT' 41 62450
2026-09-08 17:39:46,681 - DEBUG - PIL.PngImagePlugin - STREAM b'IHDR' 16 13
2026-09-08 17:39:46,681 - DEBUG - PIL.PngImagePlugin - STREAM b'IDAT' 41 62450
2026-09-08 17:39:46,839 - DEBUG - PIL.PngImagePlugin - STREAM b'IHDR' 16 13
2026-09-08 17:39:46,839 - DEBUG - PIL.PngImagePlugin - STREAM b'IDAT' 41 62450
2026-09-08 17:39:46,972 - DEBUG - PIL.PngImagePlugin - STREAM b'IHDR' 16 13
2026-09-08 17:39:46,973 - DEBUG - PIL.PngImagePlugin - STREAM b'IDAT' 41 62450
2026-09-08 17:39:47,116 - DEBUG - PIL.PngImagePlugin - STREAM b'IHDR' 16 13
2026-09-08 17:39:47,116 - DEBUG - PIL.PngImagePlugin - STREAM b'IDAT' 41 62450
2026-09-08 17:39:47,259 - DEBUG - PIL.PngImagePlugin - STREAM b'IHDR' 16 13
2026-09-08 17:39:47,259 - DEBUG - PIL.PngImagePlugin - STREAM b'IDAT' 41 62450
2026-09-08 17:39:47,401 - DEBUG - PIL.PngImagePlugin - STREAM b'IHDR' 16 13
2026-09-08 17:39:47,401 - DEBUG - PIL.PngImagePlugin - STREAM b'IDAT' 41 62450
2026-09-08 17:39:47,539 - DEBUG - PIL.PngImagePlugin - STREAM b'IHDR' 16 13
2026-09-08 17:39:47,539 - DEBUG - PIL.PngImagePlugin - STREAM b'IDAT' 41 62450
2026-09-08 17:39:47,682 - DEBUG - PIL.PngImagePlugin - STREAM b'IHDR' 16 13
2026-09-08 17:39:47,682 - DEBUG - PIL.PngImagePlugin - STREAM b'IDAT' 41 62450
2026-09-08 17:40:21,717 - INFO - KGameTracker - ℹ️  ==================================================
2026-09-08 17:40:21,717 - INFO - KGameTracker - ℹ️  K GAME TRACKER - CERRADA
2026-09-08 17:40:21,718 - INFO - KGameTracker - ℹ️  ==================================================
2026-09-08 17:40:25,497 - INFO - KGameTracker - ℹ️  ==================================================
2026-09-08 17:40:25,497 - INFO - KGameTracker - ℹ️  K GAME TRACKER - INICIADA
2026-09-08 17:40:25,497 - INFO - KGameTracker - ℹ️  ==================================================
2026-09-08 17:40:25,615 - DEBUG - PIL.Image - Importing PngImagePlugin
2026-09-08 17:40:25,621 - DEBUG - PIL.PngImagePlugin - STREAM b'IHDR' 16 13
2026-09-08 17:40:25,621 - DEBUG - PIL.PngImagePlugin - STREAM b'caBX' 41 5758
2026-09-08 17:40:25,622 - DEBUG - PIL.PngImagePlugin - b'caBX' 41 5758 (unknown)
2026-09-08 17:40:25,622 - DEBUG - PIL.PngImagePlugin - STREAM b'IDAT' 5811 65536
2026-09-08 17:40:27,905 - DEBUG - PIL.PngImagePlugin - STREAM b'IHDR' 16 13
2026-09-08 17:40:27,906 - DEBUG - PIL.PngImagePlugin - STREAM b'caBX' 41 5758
2026-09-08 17:40:27,906 - DEBUG - PIL.PngImagePlugin - b'caBX' 41 5758 (unknown)
2026-09-08 17:40:27,906 - DEBUG - PIL.PngImagePlugin - STREAM b'IDAT' 5811 65536
2026-09-08 17:40:27,933 - DEBUG - PIL.PngImagePlugin - STREAM b'IHDR' 16 13
2026-09-08 17:40:27,934 - DEBUG - PIL.PngImagePlugin - STREAM b'IDAT' 41 53758
2026-09-08 17:40:27,937 - DEBUG - PIL.PngImagePlugin - STREAM b'IHDR' 16 13
2026-09-08 17:40:27,937 - DEBUG - PIL.PngImagePlugin - STREAM b'IDAT' 41 65536
2026-09-08 17:40:27,940 - DEBUG - PIL.PngImagePlugin - STREAM b'IHDR' 16 13
2026-09-08 17:40:27,940 - DEBUG - PIL.PngImagePlugin - STREAM b'IDAT' 41 58612
2026-09-08 17:40:27,943 - DEBUG - PIL.PngImagePlugin - STREAM b'IHDR' 16 13
2026-09-08 17:40:27,943 - DEBUG - PIL.PngImagePlugin - STREAM b'IDAT' 41 63613
2026-09-08 17:40:27,946 - DEBUG - PIL.PngImagePlugin - STREAM b'IHDR' 16 13
2026-09-08 17:40:27,946 - DEBUG - PIL.PngImagePlugin - STREAM b'IDAT' 41 65536
2026-09-08 17:40:27,950 - DEBUG - PIL.PngImagePlugin - STREAM b'IHDR' 16 13
2026-09-08 17:40:27,951 - DEBUG - PIL.PngImagePlugin - STREAM b'IDAT' 41 63580
2026-09-08 17:40:27,954 - DEBUG - PIL.PngImagePlugin - STREAM b'IHDR' 16 13
2026-09-08 17:40:27,954 - DEBUG - PIL.PngImagePlugin - STREAM b'IDAT' 41 64126
2026-09-08 17:40:27,957 - DEBUG - PIL.PngImagePlugin - STREAM b'IHDR' 16 13
2026-09-08 17:40:27,957 - DEBUG - PIL.PngImagePlugin - STREAM b'IDAT' 41 64126
2026-09-08 17:40:27,961 - DEBUG - PIL.PngImagePlugin - STREAM b'IHDR' 16 13
2026-09-08 17:40:27,961 - DEBUG - PIL.PngImagePlugin - STREAM b'IDAT' 41 64126
2026-09-08 17:40:27,964 - DEBUG - PIL.PngImagePlugin - STREAM b'IHDR' 16 13
2026-09-08 17:40:27,964 - DEBUG - PIL.PngImagePlugin - STREAM b'IDAT' 41 56150
2026-09-08 17:40:27,969 - DEBUG - PIL.PngImagePlugin - STREAM b'IHDR' 16 13
2026-09-08 17:40:27,969 - DEBUG - PIL.PngImagePlugin - STREAM b'IDAT' 41 64126
2026-09-08 17:40:27,973 - DEBUG - PIL.PngImagePlugin - STREAM b'IHDR' 16 13
2026-09-08 17:40:27,973 - DEBUG - PIL.PngImagePlugin - STREAM b'IDAT' 41 64126
2026-09-08 17:40:27,985 - DEBUG - PIL.PngImagePlugin - STREAM b'IHDR' 16 13
2026-09-08 17:40:27,985 - DEBUG - PIL.PngImagePlugin - STREAM b'IDAT' 41 62450
2026-09-08 17:40:28,079 - DEBUG - PIL.PngImagePlugin - STREAM b'IHDR' 16 13
2026-09-08 17:40:28,079 - DEBUG - PIL.PngImagePlugin - STREAM b'IDAT' 41 65536
2026-09-08 17:40:28,082 - DEBUG - PIL.PngImagePlugin - STREAM b'IHDR' 16 13
2026-09-08 17:40:28,082 - DEBUG - PIL.PngImagePlugin - STREAM b'IDAT' 41 65536
2026-09-08 17:40:28,186 - DEBUG - PIL.PngImagePlugin - STREAM b'IHDR' 16 13
2026-09-08 17:40:28,186 - DEBUG - PIL.PngImagePlugin - STREAM b'IDAT' 41 62450
2026-09-08 17:40:28,289 - DEBUG - PIL.PngImagePlugin - STREAM b'IHDR' 16 13
2026-09-08 17:40:28,289 - DEBUG - PIL.PngImagePlugin - STREAM b'IDAT' 41 62450
2026-09-08 17:40:28,392 - DEBUG - PIL.PngImagePlugin - STREAM b'IHDR' 16 13
2026-09-08 17:40:28,392 - DEBUG - PIL.PngImagePlugin - STREAM b'IDAT' 41 62450
2026-09-08 17:40:28,495 - DEBUG - PIL.PngImagePlugin - STREAM b'IHDR' 16 13
2026-09-08 17:40:28,495 - DEBUG - PIL.PngImagePlugin - STREAM b'IDAT' 41 62450
2026-09-08 17:40:28,598 - DEBUG - PIL.PngImagePlugin - STREAM b'IHDR' 16 13
2026-09-08 17:40:28,598 - DEBUG - PIL.PngImagePlugin - STREAM b'IDAT' 41 62450
2026-09-08 17:40:28,701 - DEBUG - PIL.PngImagePlugin - STREAM b'IHDR' 16 13
2026-09-08 17:40:28,701 - DEBUG - PIL.PngImagePlugin - STREAM b'IDAT' 41 62450
2026-09-08 17:40:28,804 - DEBUG - PIL.PngImagePlugin - STREAM b'IHDR' 16 13
2026-09-08 17:40:28,804 - DEBUG - PIL.PngImagePlugin - STREAM b'IDAT' 41 62450
2026-09-08 17:40:28,907 - DEBUG - PIL.PngImagePlugin - STREAM b'IHDR' 16 13
2026-09-08 17:40:28,907 - DEBUG - PIL.PngImagePlugin - STREAM b'IDAT' 41 62450
2026-09-08 17:40:29,010 - DEBUG - PIL.PngImagePlugin - STREAM b'IHDR' 16 13
2026-09-08 17:40:29,010 - DEBUG - PIL.PngImagePlugin - STREAM b'IDAT' 41 62450
2026-09-08 17:40:29,113 - DEBUG - PIL.PngImagePlugin - STREAM b'IHDR' 16 13
2026-09-08 17:40:29,113 - DEBUG - PIL.PngImagePlugin - STREAM b'IDAT' 41 62450
2026-09-08 17:40:31,968 - INFO - KGameTracker - ℹ️  ==================================================
2026-09-08 17:40:31,968 - INFO - KGameTracker - ℹ️  K GAME TRACKER - CERRADA
2026-09-08 17:40:31,968 - INFO - KGameTracker - ℹ️  ==================================================
2026-09-08 17:41:02,279 - INFO - KGameTracker - ℹ️  ==================================================
2026-09-08 17:41:02,280 - INFO - KGameTracker - ℹ️  K GAME TRACKER - INICIADA
2026-09-08 17:41:02,280 - INFO - KGameTracker - ℹ️  ==================================================
2026-09-08 17:41:02,395 - DEBUG - PIL.Image - Importing PngImagePlugin
2026-09-08 17:41:02,401 - DEBUG - PIL.PngImagePlugin - STREAM b'IHDR' 16 13
2026-09-08 17:41:02,402 - DEBUG - PIL.PngImagePlugin - STREAM b'caBX' 41 5758
2026-09-08 17:41:02,402 - DEBUG - PIL.PngImagePlugin - b'caBX' 41 5758 (unknown)
2026-09-08 17:41:02,402 - DEBUG - PIL.PngImagePlugin - STREAM b'IDAT' 5811 65536
2026-09-08 17:41:04,660 - DEBUG - PIL.PngImagePlugin - STREAM b'IHDR' 16 13
2026-09-08 17:41:04,660 - DEBUG - PIL.PngImagePlugin - STREAM b'caBX' 41 5758
2026-09-08 17:41:04,661 - DEBUG - PIL.PngImagePlugin - b'caBX' 41 5758 (unknown)
2026-09-08 17:41:04,661 - DEBUG - PIL.PngImagePlugin - STREAM b'IDAT' 5811 65536
2026-09-08 17:41:04,688 - DEBUG - PIL.PngImagePlugin - STREAM b'IHDR' 16 13
2026-09-08 17:41:04,689 - DEBUG - PIL.PngImagePlugin - STREAM b'IDAT' 41 53758
2026-09-08 17:41:04,692 - DEBUG - PIL.PngImagePlugin - STREAM b'IHDR' 16 13
2026-09-08 17:41:04,692 - DEBUG - PIL.PngImagePlugin - STREAM b'IDAT' 41 65536
2026-09-08 17:41:04,696 - DEBUG - PIL.PngImagePlugin - STREAM b'IHDR' 16 13
2026-09-08 17:41:04,696 - DEBUG - PIL.PngImagePlugin - STREAM b'IDAT' 41 58612
2026-09-08 17:41:04,698 - DEBUG - PIL.PngImagePlugin - STREAM b'IHDR' 16 13
2026-09-08 17:41:04,699 - DEBUG - PIL.PngImagePlugin - STREAM b'IDAT' 41 63613
2026-09-08 17:41:04,703 - DEBUG - PIL.PngImagePlugin - STREAM b'IHDR' 16 13
2026-09-08 17:41:04,703 - DEBUG - PIL.PngImagePlugin - STREAM b'IDAT' 41 65536
2026-09-08 17:41:04,706 - DEBUG - PIL.PngImagePlugin - STREAM b'IHDR' 16 13
2026-09-08 17:41:04,706 - DEBUG - PIL.PngImagePlugin - STREAM b'IDAT' 41 63580
2026-09-08 17:41:04,710 - DEBUG - PIL.PngImagePlugin - STREAM b'IHDR' 16 13
2026-09-08 17:41:04,710 - DEBUG - PIL.PngImagePlugin - STREAM b'IDAT' 41 64126
2026-09-08 17:41:04,713 - DEBUG - PIL.PngImagePlugin - STREAM b'IHDR' 16 13
2026-09-08 17:41:04,713 - DEBUG - PIL.PngImagePlugin - STREAM b'IDAT' 41 64126
2026-09-08 17:41:04,718 - DEBUG - PIL.PngImagePlugin - STREAM b'IHDR' 16 13
2026-09-08 17:41:04,718 - DEBUG - PIL.PngImagePlugin - STREAM b'IDAT' 41 64126
2026-09-08 17:41:04,721 - DEBUG - PIL.PngImagePlugin - STREAM b'IHDR' 16 13
2026-09-08 17:41:04,721 - DEBUG - PIL.PngImagePlugin - STREAM b'IDAT' 41 56150
2026-09-08 17:41:04,725 - DEBUG - PIL.PngImagePlugin - STREAM b'IHDR' 16 13
2026-09-08 17:41:04,725 - DEBUG - PIL.PngImagePlugin - STREAM b'IDAT' 41 64126
2026-09-08 17:41:04,729 - DEBUG - PIL.PngImagePlugin - STREAM b'IHDR' 16 13
2026-09-08 17:41:04,729 - DEBUG - PIL.PngImagePlugin - STREAM b'IDAT' 41 64126
2026-09-08 17:41:04,741 - DEBUG - PIL.PngImagePlugin - STREAM b'IHDR' 16 13
2026-09-08 17:41:04,741 - DEBUG - PIL.PngImagePlugin - STREAM b'IDAT' 41 62450
2026-09-08 17:41:04,822 - DEBUG - PIL.PngImagePlugin - STREAM b'IHDR' 16 13
2026-09-08 17:41:04,822 - DEBUG - PIL.PngImagePlugin - STREAM b'IDAT' 41 65536
2026-09-08 17:41:04,825 - DEBUG - PIL.PngImagePlugin - STREAM b'IHDR' 16 13
2026-09-08 17:41:04,825 - DEBUG - PIL.PngImagePlugin - STREAM b'IDAT' 41 65536
2026-09-08 17:41:04,929 - DEBUG - PIL.PngImagePlugin - STREAM b'IHDR' 16 13
2026-09-08 17:41:04,929 - DEBUG - PIL.PngImagePlugin - STREAM b'IDAT' 41 62450
2026-09-08 17:41:05,032 - DEBUG - PIL.PngImagePlugin - STREAM b'IHDR' 16 13
2026-09-08 17:41:05,032 - DEBUG - PIL.PngImagePlugin - STREAM b'IDAT' 41 62450
2026-09-08 17:41:05,136 - DEBUG - PIL.PngImagePlugin - STREAM b'IHDR' 16 13
2026-09-08 17:41:05,136 - DEBUG - PIL.PngImagePlugin - STREAM b'IDAT' 41 62450
2026-09-08 17:41:05,239 - DEBUG - PIL.PngImagePlugin - STREAM b'IHDR' 16 13
2026-09-08 17:41:05,239 - DEBUG - PIL.PngImagePlugin - STREAM b'IDAT' 41 62450
2026-09-08 17:41:05,343 - DEBUG - PIL.PngImagePlugin - STREAM b'IHDR' 16 13
2026-09-08 17:41:05,343 - DEBUG - PIL.PngImagePlugin - STREAM b'IDAT' 41 62450
2026-09-08 17:41:05,445 - DEBUG - PIL.PngImagePlugin - STREAM b'IHDR' 16 13
2026-09-08 17:41:05,446 - DEBUG - PIL.PngImagePlugin - STREAM b'IDAT' 41 62450
2026-09-08 17:41:05,548 - DEBUG - PIL.PngImagePlugin - STREAM b'IHDR' 16 13
2026-09-08 17:41:05,548 - DEBUG - PIL.PngImagePlugin - STREAM b'IDAT' 41 62450
2026-09-08 17:41:05,651 - DEBUG - PIL.PngImagePlugin - STREAM b'IHDR' 16 13
2026-09-08 17:41:05,651 - DEBUG - PIL.PngImagePlugin - STREAM b'IDAT' 41 62450
2026-09-08 17:41:05,755 - DEBUG - PIL.PngImagePlugin - STREAM b'IHDR' 16 13
2026-09-08 17:41:05,755 - DEBUG - PIL.PngImagePlugin - STREAM b'IDAT' 41 62450
2026-09-08 17:41:05,858 - DEBUG - PIL.PngImagePlugin - STREAM b'IHDR' 16 13
2026-09-08 17:41:05,858 - DEBUG - PIL.PngImagePlugin - STREAM b'IDAT' 41 62450
2026-09-08 17:41:07,664 - DEBUG - PIL.PngImagePlugin - STREAM b'IHDR' 16 13
2026-09-08 17:41:07,665 - DEBUG - PIL.PngImagePlugin - STREAM b'IDAT' 41 62450
2026-09-08 17:41:07,672 - DEBUG - PIL.PngImagePlugin - STREAM b'IHDR' 16 13
2026-09-08 17:41:07,672 - DEBUG - PIL.PngImagePlugin - STREAM b'IDAT' 41 62450
2026-09-08 17:41:07,680 - DEBUG - PIL.PngImagePlugin - STREAM b'IHDR' 16 13
2026-09-08 17:41:07,680 - DEBUG - PIL.PngImagePlugin - STREAM b'IDAT' 41 62450
2026-09-08 17:41:07,689 - DEBUG - PIL.PngImagePlugin - STREAM b'IHDR' 16 13
2026-09-08 17:41:07,689 - DEBUG - PIL.PngImagePlugin - STREAM b'IDAT' 41 62450
2026-09-08 17:41:07,696 - DEBUG - PIL.PngImagePlugin - STREAM b'IHDR' 16 13
2026-09-08 17:41:07,696 - DEBUG - PIL.PngImagePlugin - STREAM b'IDAT' 41 62450
2026-09-08 17:41:07,704 - DEBUG - PIL.PngImagePlugin - STREAM b'IHDR' 16 13
2026-09-08 17:41:07,704 - DEBUG - PIL.PngImagePlugin - STREAM b'IDAT' 41 62450
2026-09-08 17:41:07,712 - DEBUG - PIL.PngImagePlugin - STREAM b'IHDR' 16 13
2026-09-08 17:41:07,712 - DEBUG - PIL.PngImagePlugin - STREAM b'IDAT' 41 62450
2026-09-08 17:41:07,721 - DEBUG - PIL.PngImagePlugin - STREAM b'IHDR' 16 13
2026-09-08 17:41:07,721 - DEBUG - PIL.PngImagePlugin - STREAM b'IDAT' 41 62450
2026-09-08 17:41:07,729 - DEBUG - PIL.PngImagePlugin - STREAM b'IHDR' 16 13
2026-09-08 17:41:07,729 - DEBUG - PIL.PngImagePlugin - STREAM b'IDAT' 41 62450
2026-09-08 17:41:07,736 - DEBUG - PIL.PngImagePlugin - STREAM b'IHDR' 16 13
2026-09-08 17:41:07,736 - DEBUG - PIL.PngImagePlugin - STREAM b'IDAT' 41 62450
2026-09-08 17:41:07,744 - DEBUG - PIL.PngImagePlugin - STREAM b'IHDR' 16 13
2026-09-08 17:41:07,744 - DEBUG - PIL.PngImagePlugin - STREAM b'IDAT' 41 62450
2026-09-08 17:41:07,752 - DEBUG - PIL.PngImagePlugin - STREAM b'IHDR' 16 13
2026-09-08 17:41:07,752 - DEBUG - PIL.PngImagePlugin - STREAM b'IDAT' 41 62450
2026-09-08 17:41:07,760 - DEBUG - PIL.PngImagePlugin - STREAM b'IHDR' 16 13
2026-09-08 17:41:07,760 - DEBUG - PIL.PngImagePlugin - STREAM b'IDAT' 41 62450
2026-09-08 17:41:07,768 - DEBUG - PIL.PngImagePlugin - STREAM b'IHDR' 16 13
2026-09-08 17:41:07,768 - DEBUG - PIL.PngImagePlugin - STREAM b'IDAT' 41 62450
2026-09-08 17:41:07,776 - DEBUG - PIL.PngImagePlugin - STREAM b'IHDR' 16 13
2026-09-08 17:41:07,776 - DEBUG - PIL.PngImagePlugin - STREAM b'IDAT' 41 62450
2026-09-08 17:41:07,792 - DEBUG - PIL.PngImagePlugin - STREAM b'IHDR' 16 13
2026-09-08 17:41:07,792 - DEBUG - PIL.PngImagePlugin - STREAM b'IDAT' 41 62450
2026-09-08 17:41:07,809 - DEBUG - PIL.PngImagePlugin - STREAM b'IHDR' 16 13
2026-09-08 17:41:07,809 - DEBUG - PIL.PngImagePlugin - STREAM b'IDAT' 41 62450
2026-09-08 17:41:07,816 - DEBUG - PIL.PngImagePlugin - STREAM b'IHDR' 16 13
2026-09-08 17:41:07,817 - DEBUG - PIL.PngImagePlugin - STREAM b'IDAT' 41 62450
2026-09-08 17:41:07,825 - DEBUG - PIL.PngImagePlugin - STREAM b'IHDR' 16 13
2026-09-08 17:41:07,825 - DEBUG - PIL.PngImagePlugin - STREAM b'IDAT' 41 62450
2026-09-08 17:41:07,832 - DEBUG - PIL.PngImagePlugin - STREAM b'IHDR' 16 13
2026-09-08 17:41:07,832 - DEBUG - PIL.PngImagePlugin - STREAM b'IDAT' 41 62450
2026-09-08 17:41:07,840 - DEBUG - PIL.PngImagePlugin - STREAM b'IHDR' 16 13
2026-09-08 17:41:07,841 - DEBUG - PIL.PngImagePlugin - STREAM b'IDAT' 41 62450
2026-09-08 17:41:07,848 - DEBUG - PIL.PngImagePlugin - STREAM b'IHDR' 16 13
2026-09-08 17:41:07,848 - DEBUG - PIL.PngImagePlugin - STREAM b'IDAT' 41 62450
2026-09-08 17:41:07,856 - DEBUG - PIL.PngImagePlugin - STREAM b'IHDR' 16 13
2026-09-08 17:41:07,856 - DEBUG - PIL.PngImagePlugin - STREAM b'IDAT' 41 62450
2026-09-08 17:41:07,866 - DEBUG - PIL.PngImagePlugin - STREAM b'IHDR' 16 13
2026-09-08 17:41:07,866 - DEBUG - PIL.PngImagePlugin - STREAM b'IDAT' 41 62450
2026-09-08 17:41:07,874 - DEBUG - PIL.PngImagePlugin - STREAM b'IHDR' 16 13
2026-09-08 17:41:07,874 - DEBUG - PIL.PngImagePlugin - STREAM b'IDAT' 41 62450
2026-09-08 17:41:07,882 - DEBUG - PIL.PngImagePlugin - STREAM b'IHDR' 16 13
2026-09-08 17:41:07,882 - DEBUG - PIL.PngImagePlugin - STREAM b'IDAT' 41 62450
2026-09-08 17:41:07,890 - DEBUG - PIL.PngImagePlugin - STREAM b'IHDR' 16 13
2026-09-08 17:41:07,891 - DEBUG - PIL.PngImagePlugin - STREAM b'IDAT' 41 62450
2026-09-08 17:41:07,898 - DEBUG - PIL.PngImagePlugin - STREAM b'IHDR' 16 13
2026-09-08 17:41:07,898 - DEBUG - PIL.PngImagePlugin - STREAM b'IDAT' 41 62450
2026-09-08 17:41:07,906 - DEBUG - PIL.PngImagePlugin - STREAM b'IHDR' 16 13
2026-09-08 17:41:07,906 - DEBUG - PIL.PngImagePlugin - STREAM b'IDAT' 41 62450
2026-09-08 17:41:07,914 - DEBUG - PIL.PngImagePlugin - STREAM b'IHDR' 16 13
2026-09-08 17:41:07,914 - DEBUG - PIL.PngImagePlugin - STREAM b'IDAT' 41 62450
2026-09-08 17:41:07,922 - DEBUG - PIL.PngImagePlugin - STREAM b'IHDR' 16 13
2026-09-08 17:41:07,922 - DEBUG - PIL.PngImagePlugin - STREAM b'IDAT' 41 62450
2026-09-08 17:41:07,930 - DEBUG - PIL.PngImagePlugin - STREAM b'IHDR' 16 13
2026-09-08 17:41:07,930 - DEBUG - PIL.PngImagePlugin - STREAM b'IDAT' 41 62450
2026-09-08 17:41:07,938 - DEBUG - PIL.PngImagePlugin - STREAM b'IHDR' 16 13
2026-09-08 17:41:07,938 - DEBUG - PIL.PngImagePlugin - STREAM b'IDAT' 41 62450
2026-09-08 17:41:07,946 - DEBUG - PIL.PngImagePlugin - STREAM b'IHDR' 16 13
2026-09-08 17:41:07,946 - DEBUG - PIL.PngImagePlugin - STREAM b'IDAT' 41 62450
2026-09-08 17:41:07,954 - DEBUG - PIL.PngImagePlugin - STREAM b'IHDR' 16 13
2026-09-08 17:41:07,954 - DEBUG - PIL.PngImagePlugin - STREAM b'IDAT' 41 62450
2026-09-08 17:41:07,962 - DEBUG - PIL.PngImagePlugin - STREAM b'IHDR' 16 13
2026-09-08 17:41:07,962 - DEBUG - PIL.PngImagePlugin - STREAM b'IDAT' 41 62450
2026-09-08 17:41:07,970 - DEBUG - PIL.PngImagePlugin - STREAM b'IHDR' 16 13
2026-09-08 17:41:07,971 - DEBUG - PIL.PngImagePlugin - STREAM b'IDAT' 41 62450
2026-09-08 17:41:07,978 - DEBUG - PIL.PngImagePlugin - STREAM b'IHDR' 16 13
2026-09-08 17:41:07,978 - DEBUG - PIL.PngImagePlugin - STREAM b'IDAT' 41 62450
2026-09-08 17:41:07,986 - DEBUG - PIL.PngImagePlugin - STREAM b'IHDR' 16 13
2026-09-08 17:41:07,986 - DEBUG - PIL.PngImagePlugin - STREAM b'IDAT' 41 62450
2026-09-08 17:41:07,994 - DEBUG - PIL.PngImagePlugin - STREAM b'IHDR' 16 13
2026-09-08 17:41:07,994 - DEBUG - PIL.PngImagePlugin - STREAM b'IDAT' 41 62450
2026-09-08 17:41:08,002 - DEBUG - PIL.PngImagePlugin - STREAM b'IHDR' 16 13
2026-09-08 17:41:08,002 - DEBUG - PIL.PngImagePlugin - STREAM b'IDAT' 41 62450
2026-09-08 17:41:08,010 - DEBUG - PIL.PngImagePlugin - STREAM b'IHDR' 16 13
2026-09-08 17:41:08,010 - DEBUG - PIL.PngImagePlugin - STREAM b'IDAT' 41 62450
2026-09-08 17:41:08,018 - DEBUG - PIL.PngImagePlugin - STREAM b'IHDR' 16 13
2026-09-08 17:41:08,018 - DEBUG - PIL.PngImagePlugin - STREAM b'IDAT' 41 62450
2026-09-08 17:41:08,026 - DEBUG - PIL.PngImagePlugin - STREAM b'IHDR' 16 13
2026-09-08 17:41:08,026 - DEBUG - PIL.PngImagePlugin - STREAM b'IDAT' 41 62450
2026-09-08 17:41:08,034 - DEBUG - PIL.PngImagePlugin - STREAM b'IHDR' 16 13
2026-09-08 17:41:08,034 - DEBUG - PIL.PngImagePlugin - STREAM b'IDAT' 41 62450
2026-09-08 17:41:08,042 - DEBUG - PIL.PngImagePlugin - STREAM b'IHDR' 16 13
2026-09-08 17:41:08,042 - DEBUG - PIL.PngImagePlugin - STREAM b'IDAT' 41 62450
2026-09-08 17:41:08,050 - DEBUG - PIL.PngImagePlugin - STREAM b'IHDR' 16 13
2026-09-08 17:41:08,050 - DEBUG - PIL.PngImagePlugin - STREAM b'IDAT' 41 62450
2026-09-08 17:41:08,058 - DEBUG - PIL.PngImagePlugin - STREAM b'IHDR' 16 13
2026-09-08 17:41:08,058 - DEBUG - PIL.PngImagePlugin - STREAM b'IDAT' 41 62450
2026-09-08 17:41:08,074 - DEBUG - PIL.PngImagePlugin - STREAM b'IHDR' 16 13
2026-09-08 17:41:08,075 - DEBUG - PIL.PngImagePlugin - STREAM b'IDAT' 41 62450
2026-09-08 17:41:08,612 - DEBUG - PIL.PngImagePlugin - STREAM b'IHDR' 16 13
2026-09-08 17:41:08,613 - DEBUG - PIL.PngImagePlugin - STREAM b'IDAT' 41 62450
2026-09-08 17:41:08,620 - DEBUG - PIL.PngImagePlugin - STREAM b'IHDR' 16 13
2026-09-08 17:41:08,621 - DEBUG - PIL.PngImagePlugin - STREAM b'IDAT' 41 62450
2026-09-08 17:41:08,629 - DEBUG - PIL.PngImagePlugin - STREAM b'IHDR' 16 13
2026-09-08 17:41:08,629 - DEBUG - PIL.PngImagePlugin - STREAM b'IDAT' 41 62450
2026-09-08 17:41:08,636 - DEBUG - PIL.PngImagePlugin - STREAM b'IHDR' 16 13
2026-09-08 17:41:08,637 - DEBUG - PIL.PngImagePlugin - STREAM b'IDAT' 41 62450
2026-09-08 17:41:08,644 - DEBUG - PIL.PngImagePlugin - STREAM b'IHDR' 16 13
2026-09-08 17:41:08,644 - DEBUG - PIL.PngImagePlugin - STREAM b'IDAT' 41 62450
2026-09-08 17:41:08,652 - DEBUG - PIL.PngImagePlugin - STREAM b'IHDR' 16 13
2026-09-08 17:41:08,652 - DEBUG - PIL.PngImagePlugin - STREAM b'IDAT' 41 62450
2026-09-08 17:41:08,661 - DEBUG - PIL.PngImagePlugin - STREAM b'IHDR' 16 13
2026-09-08 17:41:08,661 - DEBUG - PIL.PngImagePlugin - STREAM b'IDAT' 41 62450
2026-09-08 17:41:08,668 - DEBUG - PIL.PngImagePlugin - STREAM b'IHDR' 16 13
2026-09-08 17:41:08,668 - DEBUG - PIL.PngImagePlugin - STREAM b'IDAT' 41 62450
2026-09-08 17:41:08,676 - DEBUG - PIL.PngImagePlugin - STREAM b'IHDR' 16 13
2026-09-08 17:41:08,676 - DEBUG - PIL.PngImagePlugin - STREAM b'IDAT' 41 62450
2026-09-08 17:41:08,684 - DEBUG - PIL.PngImagePlugin - STREAM b'IHDR' 16 13
2026-09-08 17:41:08,684 - DEBUG - PIL.PngImagePlugin - STREAM b'IDAT' 41 62450
2026-09-08 17:41:08,692 - DEBUG - PIL.PngImagePlugin - STREAM b'IHDR' 16 13
2026-09-08 17:41:08,693 - DEBUG - PIL.PngImagePlugin - STREAM b'IDAT' 41 62450
2026-09-08 17:41:08,701 - DEBUG - PIL.PngImagePlugin - STREAM b'IHDR' 16 13
2026-09-08 17:41:08,701 - DEBUG - PIL.PngImagePlugin - STREAM b'IDAT' 41 62450
2026-09-08 17:41:08,708 - DEBUG - PIL.PngImagePlugin - STREAM b'IHDR' 16 13
2026-09-08 17:41:08,709 - DEBUG - PIL.PngImagePlugin - STREAM b'IDAT' 41 62450
2026-09-08 17:41:08,717 - DEBUG - PIL.PngImagePlugin - STREAM b'IHDR' 16 13
2026-09-08 17:41:08,717 - DEBUG - PIL.PngImagePlugin - STREAM b'IDAT' 41 62450
2026-09-08 17:41:08,725 - DEBUG - PIL.PngImagePlugin - STREAM b'IHDR' 16 13
2026-09-08 17:41:08,725 - DEBUG - PIL.PngImagePlugin - STREAM b'IDAT' 41 62450
2026-09-08 17:41:08,732 - DEBUG - PIL.PngImagePlugin - STREAM b'IHDR' 16 13
2026-09-08 17:41:08,732 - DEBUG - PIL.PngImagePlugin - STREAM b'IDAT' 41 62450
2026-09-08 17:41:08,740 - DEBUG - PIL.PngImagePlugin - STREAM b'IHDR' 16 13
2026-09-08 17:41:08,741 - DEBUG - PIL.PngImagePlugin - STREAM b'IDAT' 41 62450
2026-09-08 17:41:08,748 - DEBUG - PIL.PngImagePlugin - STREAM b'IHDR' 16 13
2026-09-08 17:41:08,748 - DEBUG - PIL.PngImagePlugin - STREAM b'IDAT' 41 62450
2026-09-08 17:41:08,756 - DEBUG - PIL.PngImagePlugin - STREAM b'IHDR' 16 13
2026-09-08 17:41:08,757 - DEBUG - PIL.PngImagePlugin - STREAM b'IDAT' 41 62450
2026-09-08 17:41:08,764 - DEBUG - PIL.PngImagePlugin - STREAM b'IHDR' 16 13
2026-09-08 17:41:08,764 - DEBUG - PIL.PngImagePlugin - STREAM b'IDAT' 41 62450
2026-09-08 17:41:08,772 - DEBUG - PIL.PngImagePlugin - STREAM b'IHDR' 16 13
2026-09-08 17:41:08,772 - DEBUG - PIL.PngImagePlugin - STREAM b'IDAT' 41 62450
2026-09-08 17:41:08,780 - DEBUG - PIL.PngImagePlugin - STREAM b'IHDR' 16 13
2026-09-08 17:41:08,780 - DEBUG - PIL.PngImagePlugin - STREAM b'IDAT' 41 62450
2026-09-08 17:41:08,812 - DEBUG - PIL.PngImagePlugin - STREAM b'IHDR' 16 13
2026-09-08 17:41:08,812 - DEBUG - PIL.PngImagePlugin - STREAM b'IDAT' 41 62450
2026-09-08 17:41:09,566 - DEBUG - PIL.PngImagePlugin - STREAM b'IHDR' 16 13
2026-09-08 17:41:09,566 - DEBUG - PIL.PngImagePlugin - STREAM b'IDAT' 41 62450
2026-09-08 17:41:09,866 - DEBUG - PIL.PngImagePlugin - STREAM b'IHDR' 16 13
2026-09-08 17:41:09,866 - DEBUG - PIL.PngImagePlugin - STREAM b'IDAT' 41 62450
2026-09-08 17:41:10,356 - DEBUG - PIL.PngImagePlugin - STREAM b'IHDR' 16 13
2026-09-08 17:41:10,357 - DEBUG - PIL.PngImagePlugin - STREAM b'IDAT' 41 62450
2026-09-08 17:41:10,365 - DEBUG - PIL.PngImagePlugin - STREAM b'IHDR' 16 13
2026-09-08 17:41:10,365 - DEBUG - PIL.PngImagePlugin - STREAM b'IDAT' 41 62450
2026-09-08 17:41:10,372 - DEBUG - PIL.PngImagePlugin - STREAM b'IHDR' 16 13
2026-09-08 17:41:10,373 - DEBUG - PIL.PngImagePlugin - STREAM b'IDAT' 41 62450
2026-09-08 17:41:10,381 - DEBUG - PIL.PngImagePlugin - STREAM b'IHDR' 16 13
2026-09-08 17:41:10,381 - DEBUG - PIL.PngImagePlugin - STREAM b'IDAT' 41 62450
2026-09-08 17:41:10,389 - DEBUG - PIL.PngImagePlugin - STREAM b'IHDR' 16 13
2026-09-08 17:41:10,389 - DEBUG - PIL.PngImagePlugin - STREAM b'IDAT' 41 62450
2026-09-08 17:41:10,396 - DEBUG - PIL.PngImagePlugin - STREAM b'IHDR' 16 13
2026-09-08 17:41:10,397 - DEBUG - PIL.PngImagePlugin - STREAM b'IDAT' 41 62450
2026-09-08 17:41:10,404 - DEBUG - PIL.PngImagePlugin - STREAM b'IHDR' 16 13
2026-09-08 17:41:10,404 - DEBUG - PIL.PngImagePlugin - STREAM b'IDAT' 41 62450
2026-09-08 17:41:10,413 - DEBUG - PIL.PngImagePlugin - STREAM b'IHDR' 16 13
2026-09-08 17:41:10,413 - DEBUG - PIL.PngImagePlugin - STREAM b'IDAT' 41 62450
2026-09-08 17:41:10,421 - DEBUG - PIL.PngImagePlugin - STREAM b'IHDR' 16 13
2026-09-08 17:41:10,421 - DEBUG - PIL.PngImagePlugin - STREAM b'IDAT' 41 62450
2026-09-08 17:41:10,428 - DEBUG - PIL.PngImagePlugin - STREAM b'IHDR' 16 13
2026-09-08 17:41:10,429 - DEBUG - PIL.PngImagePlugin - STREAM b'IDAT' 41 62450
2026-09-08 17:41:10,436 - DEBUG - PIL.PngImagePlugin - STREAM b'IHDR' 16 13
2026-09-08 17:41:10,436 - DEBUG - PIL.PngImagePlugin - STREAM b'IDAT' 41 62450
2026-09-08 17:41:10,444 - DEBUG - PIL.PngImagePlugin - STREAM b'IHDR' 16 13
2026-09-08 17:41:10,444 - DEBUG - PIL.PngImagePlugin - STREAM b'IDAT' 41 62450
2026-09-08 17:41:10,452 - DEBUG - PIL.PngImagePlugin - STREAM b'IHDR' 16 13
2026-09-08 17:41:10,452 - DEBUG - PIL.PngImagePlugin - STREAM b'IDAT' 41 62450
2026-09-08 17:41:10,460 - DEBUG - PIL.PngImagePlugin - STREAM b'IHDR' 16 13
2026-09-08 17:41:10,460 - DEBUG - PIL.PngImagePlugin - STREAM b'IDAT' 41 62450
2026-09-08 17:41:10,468 - DEBUG - PIL.PngImagePlugin - STREAM b'IHDR' 16 13
2026-09-08 17:41:10,468 - DEBUG - PIL.PngImagePlugin - STREAM b'IDAT' 41 62450
2026-09-08 17:41:10,492 - DEBUG - PIL.PngImagePlugin - STREAM b'IHDR' 16 13
2026-09-08 17:41:10,493 - DEBUG - PIL.PngImagePlugin - STREAM b'IDAT' 41 62450
2026-09-08 17:41:10,500 - DEBUG - PIL.PngImagePlugin - STREAM b'IHDR' 16 13
2026-09-08 17:41:10,500 - DEBUG - PIL.PngImagePlugin - STREAM b'IDAT' 41 62450
2026-09-08 17:41:10,508 - DEBUG - PIL.PngImagePlugin - STREAM b'IHDR' 16 13
2026-09-08 17:41:10,508 - DEBUG - PIL.PngImagePlugin - STREAM b'IDAT' 41 62450
2026-09-08 17:41:10,516 - DEBUG - PIL.PngImagePlugin - STREAM b'IHDR' 16 13
2026-09-08 17:41:10,516 - DEBUG - PIL.PngImagePlugin - STREAM b'IDAT' 41 62450
2026-09-08 17:41:10,524 - DEBUG - PIL.PngImagePlugin - STREAM b'IHDR' 16 13
2026-09-08 17:41:10,525 - DEBUG - PIL.PngImagePlugin - STREAM b'IDAT' 41 62450
2026-09-08 17:41:10,532 - DEBUG - PIL.PngImagePlugin - STREAM b'IHDR' 16 13
2026-09-08 17:41:10,532 - DEBUG - PIL.PngImagePlugin - STREAM b'IDAT' 41 62450
2026-09-08 17:41:10,541 - DEBUG - PIL.PngImagePlugin - STREAM b'IHDR' 16 13
2026-09-08 17:41:10,541 - DEBUG - PIL.PngImagePlugin - STREAM b'IDAT' 41 62450
2026-09-08 17:41:10,548 - DEBUG - PIL.PngImagePlugin - STREAM b'IHDR' 16 13
2026-09-08 17:41:10,548 - DEBUG - PIL.PngImagePlugin - STREAM b'IDAT' 41 62450
2026-09-08 17:41:10,556 - DEBUG - PIL.PngImagePlugin - STREAM b'IHDR' 16 13
2026-09-08 17:41:10,556 - DEBUG - PIL.PngImagePlugin - STREAM b'IDAT' 41 62450
2026-09-08 17:41:10,564 - DEBUG - PIL.PngImagePlugin - STREAM b'IHDR' 16 13
2026-09-08 17:41:10,564 - DEBUG - PIL.PngImagePlugin - STREAM b'IDAT' 41 62450
2026-09-08 17:41:10,572 - DEBUG - PIL.PngImagePlugin - STREAM b'IHDR' 16 13
2026-09-08 17:41:10,572 - DEBUG - PIL.PngImagePlugin - STREAM b'IDAT' 41 62450
2026-09-08 17:41:10,580 - DEBUG - PIL.PngImagePlugin - STREAM b'IHDR' 16 13
2026-09-08 17:41:10,580 - DEBUG - PIL.PngImagePlugin - STREAM b'IDAT' 41 62450
2026-09-08 17:41:10,588 - DEBUG - PIL.PngImagePlugin - STREAM b'IHDR' 16 13
2026-09-08 17:41:10,588 - DEBUG - PIL.PngImagePlugin - STREAM b'IDAT' 41 62450
2026-09-08 17:41:10,596 - DEBUG - PIL.PngImagePlugin - STREAM b'IHDR' 16 13
2026-09-08 17:41:10,596 - DEBUG - PIL.PngImagePlugin - STREAM b'IDAT' 41 62450
2026-09-08 17:41:10,604 - DEBUG - PIL.PngImagePlugin - STREAM b'IHDR' 16 13
2026-09-08 17:41:10,604 - DEBUG - PIL.PngImagePlugin - STREAM b'IDAT' 41 62450
2026-09-08 17:41:10,620 - DEBUG - PIL.PngImagePlugin - STREAM b'IHDR' 16 13
2026-09-08 17:41:10,620 - DEBUG - PIL.PngImagePlugin - STREAM b'IDAT' 41 62450
2026-09-08 17:41:10,628 - DEBUG - PIL.PngImagePlugin - STREAM b'IHDR' 16 13
2026-09-08 17:41:10,628 - DEBUG - PIL.PngImagePlugin - STREAM b'IDAT' 41 62450
2026-09-08 17:41:10,636 - DEBUG - PIL.PngImagePlugin - STREAM b'IHDR' 16 13
2026-09-08 17:41:10,636 - DEBUG - PIL.PngImagePlugin - STREAM b'IDAT' 41 62450
2026-09-08 17:41:10,644 - DEBUG - PIL.PngImagePlugin - STREAM b'IHDR' 16 13
2026-09-08 17:41:10,644 - DEBUG - PIL.PngImagePlugin - STREAM b'IDAT' 41 62450
2026-09-08 17:41:10,652 - DEBUG - PIL.PngImagePlugin - STREAM b'IHDR' 16 13
2026-09-08 17:41:10,652 - DEBUG - PIL.PngImagePlugin - STREAM b'IDAT' 41 62450
2026-09-08 17:41:10,660 - DEBUG - PIL.PngImagePlugin - STREAM b'IHDR' 16 13
2026-09-08 17:41:10,660 - DEBUG - PIL.PngImagePlugin - STREAM b'IDAT' 41 62450
2026-09-08 17:41:10,668 - DEBUG - PIL.PngImagePlugin - STREAM b'IHDR' 16 13
2026-09-08 17:41:10,668 - DEBUG - PIL.PngImagePlugin - STREAM b'IDAT' 41 62450
2026-09-08 17:41:10,676 - DEBUG - PIL.PngImagePlugin - STREAM b'IHDR' 16 13
2026-09-08 17:41:10,676 - DEBUG - PIL.PngImagePlugin - STREAM b'IDAT' 41 62450
2026-09-08 17:41:10,684 - DEBUG - PIL.PngImagePlugin - STREAM b'IHDR' 16 13
2026-09-08 17:41:10,684 - DEBUG - PIL.PngImagePlugin - STREAM b'IDAT' 41 62450
2026-09-08 17:41:10,692 - DEBUG - PIL.PngImagePlugin - STREAM b'IHDR' 16 13
2026-09-08 17:41:10,692 - DEBUG - PIL.PngImagePlugin - STREAM b'IDAT' 41 62450
2026-09-08 17:41:10,700 - DEBUG - PIL.PngImagePlugin - STREAM b'IHDR' 16 13
2026-09-08 17:41:10,700 - DEBUG - PIL.PngImagePlugin - STREAM b'IDAT' 41 62450
2026-09-08 17:41:10,716 - DEBUG - PIL.PngImagePlugin - STREAM b'IHDR' 16 13
2026-09-08 17:41:10,716 - DEBUG - PIL.PngImagePlugin - STREAM b'IDAT' 41 62450
2026-09-08 17:41:11,159 - DEBUG - PIL.PngImagePlugin - STREAM b'IHDR' 16 13
2026-09-08 17:41:11,159 - DEBUG - PIL.PngImagePlugin - STREAM b'IDAT' 41 62450
2026-09-08 17:41:11,166 - DEBUG - PIL.PngImagePlugin - STREAM b'IHDR' 16 13
2026-09-08 17:41:11,167 - DEBUG - PIL.PngImagePlugin - STREAM b'IDAT' 41 62450
2026-09-08 17:41:11,191 - DEBUG - PIL.PngImagePlugin - STREAM b'IHDR' 16 13
2026-09-08 17:41:11,192 - DEBUG - PIL.PngImagePlugin - STREAM b'IDAT' 41 62450
2026-09-08 17:41:11,199 - DEBUG - PIL.PngImagePlugin - STREAM b'IHDR' 16 13
2026-09-08 17:41:11,199 - DEBUG - PIL.PngImagePlugin - STREAM b'IDAT' 41 62450
2026-09-08 17:41:11,207 - DEBUG - PIL.PngImagePlugin - STREAM b'IHDR' 16 13
2026-09-08 17:41:11,207 - DEBUG - PIL.PngImagePlugin - STREAM b'IDAT' 41 62450
2026-09-08 17:41:11,989 - DEBUG - PIL.PngImagePlugin - STREAM b'IHDR' 16 13
2026-09-08 17:41:11,989 - DEBUG - PIL.PngImagePlugin - STREAM b'IDAT' 41 62450
2026-09-08 17:41:11,996 - DEBUG - PIL.PngImagePlugin - STREAM b'IHDR' 16 13
2026-09-08 17:41:11,997 - DEBUG - PIL.PngImagePlugin - STREAM b'IDAT' 41 62450
2026-09-08 17:41:12,005 - DEBUG - PIL.PngImagePlugin - STREAM b'IHDR' 16 13
2026-09-08 17:41:12,005 - DEBUG - PIL.PngImagePlugin - STREAM b'IDAT' 41 62450
2026-09-08 17:41:12,012 - DEBUG - PIL.PngImagePlugin - STREAM b'IHDR' 16 13
2026-09-08 17:41:12,013 - DEBUG - PIL.PngImagePlugin - STREAM b'IDAT' 41 62450
2026-09-08 17:41:12,021 - DEBUG - PIL.PngImagePlugin - STREAM b'IHDR' 16 13
2026-09-08 17:41:12,021 - DEBUG - PIL.PngImagePlugin - STREAM b'IDAT' 41 62450
2026-09-08 17:41:12,029 - DEBUG - PIL.PngImagePlugin - STREAM b'IHDR' 16 13
2026-09-08 17:41:12,029 - DEBUG - PIL.PngImagePlugin - STREAM b'IDAT' 41 62450
2026-09-08 17:41:12,036 - DEBUG - PIL.PngImagePlugin - STREAM b'IHDR' 16 13
2026-09-08 17:41:12,036 - DEBUG - PIL.PngImagePlugin - STREAM b'IDAT' 41 62450
2026-09-08 17:41:12,044 - DEBUG - PIL.PngImagePlugin - STREAM b'IHDR' 16 13
2026-09-08 17:41:12,044 - DEBUG - PIL.PngImagePlugin - STREAM b'IDAT' 41 62450
2026-09-08 17:41:12,052 - DEBUG - PIL.PngImagePlugin - STREAM b'IHDR' 16 13
2026-09-08 17:41:12,052 - DEBUG - PIL.PngImagePlugin - STREAM b'IDAT' 41 62450
2026-09-08 17:41:12,060 - DEBUG - PIL.PngImagePlugin - STREAM b'IHDR' 16 13
2026-09-08 17:41:12,060 - DEBUG - PIL.PngImagePlugin - STREAM b'IDAT' 41 62450
2026-09-08 17:41:12,068 - DEBUG - PIL.PngImagePlugin - STREAM b'IHDR' 16 13
2026-09-08 17:41:12,068 - DEBUG - PIL.PngImagePlugin - STREAM b'IDAT' 41 62450
2026-09-08 17:41:12,076 - DEBUG - PIL.PngImagePlugin - STREAM b'IHDR' 16 13
2026-09-08 17:41:12,076 - DEBUG - PIL.PngImagePlugin - STREAM b'IDAT' 41 62450
2026-09-08 17:41:12,084 - DEBUG - PIL.PngImagePlugin - STREAM b'IHDR' 16 13
2026-09-08 17:41:12,084 - DEBUG - PIL.PngImagePlugin - STREAM b'IDAT' 41 62450
2026-09-08 17:41:12,092 - DEBUG - PIL.PngImagePlugin - STREAM b'IHDR' 16 13
2026-09-08 17:41:12,092 - DEBUG - PIL.PngImagePlugin - STREAM b'IDAT' 41 62450
2026-09-08 17:41:12,100 - DEBUG - PIL.PngImagePlugin - STREAM b'IHDR' 16 13
2026-09-08 17:41:12,100 - DEBUG - PIL.PngImagePlugin - STREAM b'IDAT' 41 62450
2026-09-08 17:41:12,116 - DEBUG - PIL.PngImagePlugin - STREAM b'IHDR' 16 13
2026-09-08 17:41:12,117 - DEBUG - PIL.PngImagePlugin - STREAM b'IDAT' 41 62450
2026-09-08 17:41:12,125 - DEBUG - PIL.PngImagePlugin - STREAM b'IHDR' 16 13
2026-09-08 17:41:12,125 - DEBUG - PIL.PngImagePlugin - STREAM b'IDAT' 41 62450
2026-09-08 17:41:12,140 - DEBUG - PIL.PngImagePlugin - STREAM b'IHDR' 16 13
2026-09-08 17:41:12,140 - DEBUG - PIL.PngImagePlugin - STREAM b'IDAT' 41 62450
2026-09-08 17:41:12,268 - DEBUG - PIL.PngImagePlugin - STREAM b'IHDR' 16 13
2026-09-08 17:41:12,268 - DEBUG - PIL.PngImagePlugin - STREAM b'IDAT' 41 62450
2026-09-08 17:41:12,276 - DEBUG - PIL.PngImagePlugin - STREAM b'IHDR' 16 13
2026-09-08 17:41:12,276 - DEBUG - PIL.PngImagePlugin - STREAM b'IDAT' 41 62450
2026-09-08 17:41:12,284 - DEBUG - PIL.PngImagePlugin - STREAM b'IHDR' 16 13
2026-09-08 17:41:12,284 - DEBUG - PIL.PngImagePlugin - STREAM b'IDAT' 41 62450
2026-09-08 17:41:12,292 - DEBUG - PIL.PngImagePlugin - STREAM b'IHDR' 16 13
2026-09-08 17:41:12,292 - DEBUG - PIL.PngImagePlugin - STREAM b'IDAT' 41 62450
2026-09-08 17:41:12,300 - DEBUG - PIL.PngImagePlugin - STREAM b'IHDR' 16 13
2026-09-08 17:41:12,300 - DEBUG - PIL.PngImagePlugin - STREAM b'IDAT' 41 62450
2026-09-08 17:41:12,308 - DEBUG - PIL.PngImagePlugin - STREAM b'IHDR' 16 13
2026-09-08 17:41:12,309 - DEBUG - PIL.PngImagePlugin - STREAM b'IDAT' 41 62450
2026-09-08 17:41:12,316 - DEBUG - PIL.PngImagePlugin - STREAM b'IHDR' 16 13
2026-09-08 17:41:12,317 - DEBUG - PIL.PngImagePlugin - STREAM b'IDAT' 41 62450
2026-09-08 17:41:12,324 - DEBUG - PIL.PngImagePlugin - STREAM b'IHDR' 16 13
2026-09-08 17:41:12,325 - DEBUG - PIL.PngImagePlugin - STREAM b'IDAT' 41 62450
2026-09-08 17:41:12,333 - DEBUG - PIL.PngImagePlugin - STREAM b'IHDR' 16 13
2026-09-08 17:41:12,333 - DEBUG - PIL.PngImagePlugin - STREAM b'IDAT' 41 62450
2026-09-08 17:41:12,349 - DEBUG - PIL.PngImagePlugin - STREAM b'IHDR' 16 13
2026-09-08 17:41:12,349 - DEBUG - PIL.PngImagePlugin - STREAM b'IDAT' 41 62450
2026-09-08 17:41:12,372 - DEBUG - PIL.PngImagePlugin - STREAM b'IHDR' 16 13
2026-09-08 17:41:12,372 - DEBUG - PIL.PngImagePlugin - STREAM b'IDAT' 41 62450
2026-09-08 17:41:12,388 - DEBUG - PIL.PngImagePlugin - STREAM b'IHDR' 16 13
2026-09-08 17:41:12,388 - DEBUG - PIL.PngImagePlugin - STREAM b'IDAT' 41 62450
2026-09-08 17:41:12,396 - DEBUG - PIL.PngImagePlugin - STREAM b'IHDR' 16 13
2026-09-08 17:41:12,397 - DEBUG - PIL.PngImagePlugin - STREAM b'IDAT' 41 62450
2026-09-08 17:41:12,404 - DEBUG - PIL.PngImagePlugin - STREAM b'IHDR' 16 13
2026-09-08 17:41:12,404 - DEBUG - PIL.PngImagePlugin - STREAM b'IDAT' 41 62450
2026-09-08 17:41:12,412 - DEBUG - PIL.PngImagePlugin - STREAM b'IHDR' 16 13
2026-09-08 17:41:12,412 - DEBUG - PIL.PngImagePlugin - STREAM b'IDAT' 41 62450
2026-09-08 17:41:12,420 - DEBUG - PIL.PngImagePlugin - STREAM b'IHDR' 16 13
2026-09-08 17:41:12,420 - DEBUG - PIL.PngImagePlugin - STREAM b'IDAT' 41 62450
2026-09-08 17:41:12,428 - DEBUG - PIL.PngImagePlugin - STREAM b'IHDR' 16 13
2026-09-08 17:41:12,429 - DEBUG - PIL.PngImagePlugin - STREAM b'IDAT' 41 62450
2026-09-08 17:41:12,436 - DEBUG - PIL.PngImagePlugin - STREAM b'IHDR' 16 13
2026-09-08 17:41:12,436 - DEBUG - PIL.PngImagePlugin - STREAM b'IDAT' 41 62450
2026-09-08 17:41:12,444 - DEBUG - PIL.PngImagePlugin - STREAM b'IHDR' 16 13
2026-09-08 17:41:12,444 - DEBUG - PIL.PngImagePlugin - STREAM b'IDAT' 41 62450
2026-09-08 17:41:12,452 - DEBUG - PIL.PngImagePlugin - STREAM b'IHDR' 16 13
2026-09-08 17:41:12,452 - DEBUG - PIL.PngImagePlugin - STREAM b'IDAT' 41 62450
2026-09-08 17:41:12,460 - DEBUG - PIL.PngImagePlugin - STREAM b'IHDR' 16 13
2026-09-08 17:41:12,461 - DEBUG - PIL.PngImagePlugin - STREAM b'IDAT' 41 62450
2026-09-08 17:41:12,468 - DEBUG - PIL.PngImagePlugin - STREAM b'IHDR' 16 13
2026-09-08 17:41:12,468 - DEBUG - PIL.PngImagePlugin - STREAM b'IDAT' 41 62450
2026-09-08 17:41:12,476 - DEBUG - PIL.PngImagePlugin - STREAM b'IHDR' 16 13
2026-09-08 17:41:12,476 - DEBUG - PIL.PngImagePlugin - STREAM b'IDAT' 41 62450
2026-09-08 17:41:12,484 - DEBUG - PIL.PngImagePlugin - STREAM b'IHDR' 16 13
2026-09-08 17:41:12,484 - DEBUG - PIL.PngImagePlugin - STREAM b'IDAT' 41 62450
2026-09-08 17:41:12,492 - DEBUG - PIL.PngImagePlugin - STREAM b'IHDR' 16 13
2026-09-08 17:41:12,492 - DEBUG - PIL.PngImagePlugin - STREAM b'IDAT' 41 62450
2026-09-08 17:41:12,500 - DEBUG - PIL.PngImagePlugin - STREAM b'IHDR' 16 13
2026-09-08 17:41:12,500 - DEBUG - PIL.PngImagePlugin - STREAM b'IDAT' 41 62450
2026-09-08 17:41:12,508 - DEBUG - PIL.PngImagePlugin - STREAM b'IHDR' 16 13
2026-09-08 17:41:12,508 - DEBUG - PIL.PngImagePlugin - STREAM b'IDAT' 41 62450
2026-09-08 17:41:12,516 - DEBUG - PIL.PngImagePlugin - STREAM b'IHDR' 16 13
2026-09-08 17:41:12,516 - DEBUG - PIL.PngImagePlugin - STREAM b'IDAT' 41 62450
2026-09-08 17:41:12,524 - DEBUG - PIL.PngImagePlugin - STREAM b'IHDR' 16 13
2026-09-08 17:41:12,524 - DEBUG - PIL.PngImagePlugin - STREAM b'IDAT' 41 62450
2026-09-08 17:41:12,532 - DEBUG - PIL.PngImagePlugin - STREAM b'IHDR' 16 13
2026-09-08 17:41:12,532 - DEBUG - PIL.PngImagePlugin - STREAM b'IDAT' 41 62450
2026-09-08 17:41:12,540 - DEBUG - PIL.PngImagePlugin - STREAM b'IHDR' 16 13
2026-09-08 17:41:12,541 - DEBUG - PIL.PngImagePlugin - STREAM b'IDAT' 41 62450
2026-09-08 17:41:12,548 - DEBUG - PIL.PngImagePlugin - STREAM b'IHDR' 16 13
2026-09-08 17:41:12,548 - DEBUG - PIL.PngImagePlugin - STREAM b'IDAT' 41 62450
2026-09-08 17:41:12,556 - DEBUG - PIL.PngImagePlugin - STREAM b'IHDR' 16 13
2026-09-08 17:41:12,556 - DEBUG - PIL.PngImagePlugin - STREAM b'IDAT' 41 62450
2026-09-08 17:41:12,564 - DEBUG - PIL.PngImagePlugin - STREAM b'IHDR' 16 13
2026-09-08 17:41:12,564 - DEBUG - PIL.PngImagePlugin - STREAM b'IDAT' 41 62450
2026-09-08 17:41:12,572 - DEBUG - PIL.PngImagePlugin - STREAM b'IHDR' 16 13
2026-09-08 17:41:12,572 - DEBUG - PIL.PngImagePlugin - STREAM b'IDAT' 41 62450
2026-09-08 17:41:12,580 - DEBUG - PIL.PngImagePlugin - STREAM b'IHDR' 16 13
2026-09-08 17:41:12,581 - DEBUG - PIL.PngImagePlugin - STREAM b'IDAT' 41 62450
2026-09-08 17:41:12,588 - DEBUG - PIL.PngImagePlugin - STREAM b'IHDR' 16 13
2026-09-08 17:41:12,588 - DEBUG - PIL.PngImagePlugin - STREAM b'IDAT' 41 62450
2026-09-08 17:41:12,596 - DEBUG - PIL.PngImagePlugin - STREAM b'IHDR' 16 13
2026-09-08 17:41:12,596 - DEBUG - PIL.PngImagePlugin - STREAM b'IDAT' 41 62450
2026-09-08 17:41:12,604 - DEBUG - PIL.PngImagePlugin - STREAM b'IHDR' 16 13
2026-09-08 17:41:12,604 - DEBUG - PIL.PngImagePlugin - STREAM b'IDAT' 41 62450
2026-09-08 17:41:12,612 - DEBUG - PIL.PngImagePlugin - STREAM b'IHDR' 16 13
2026-09-08 17:41:12,612 - DEBUG - PIL.PngImagePlugin - STREAM b'IDAT' 41 62450
2026-09-08 17:41:12,620 - DEBUG - PIL.PngImagePlugin - STREAM b'IHDR' 16 13
2026-09-08 17:41:12,620 - DEBUG - PIL.PngImagePlugin - STREAM b'IDAT' 41 62450
2026-09-08 17:41:12,628 - DEBUG - PIL.PngImagePlugin - STREAM b'IHDR' 16 13
2026-09-08 17:41:12,628 - DEBUG - PIL.PngImagePlugin - STREAM b'IDAT' 41 62450
2026-09-08 17:41:12,636 - DEBUG - PIL.PngImagePlugin - STREAM b'IHDR' 16 13
2026-09-08 17:41:12,636 - DEBUG - PIL.PngImagePlugin - STREAM b'IDAT' 41 62450
2026-09-08 17:41:12,644 - DEBUG - PIL.PngImagePlugin - STREAM b'IHDR' 16 13
2026-09-08 17:41:12,644 - DEBUG - PIL.PngImagePlugin - STREAM b'IDAT' 41 62450
2026-09-08 17:41:12,652 - DEBUG - PIL.PngImagePlugin - STREAM b'IHDR' 16 13
2026-09-08 17:41:12,652 - DEBUG - PIL.PngImagePlugin - STREAM b'IDAT' 41 62450
2026-09-08 17:41:12,660 - DEBUG - PIL.PngImagePlugin - STREAM b'IHDR' 16 13
2026-09-08 17:41:12,660 - DEBUG - PIL.PngImagePlugin - STREAM b'IDAT' 41 62450
2026-09-08 17:41:12,668 - DEBUG - PIL.PngImagePlugin - STREAM b'IHDR' 16 13
2026-09-08 17:41:12,668 - DEBUG - PIL.PngImagePlugin - STREAM b'IDAT' 41 62450
2026-09-08 17:41:12,676 - DEBUG - PIL.PngImagePlugin - STREAM b'IHDR' 16 13
2026-09-08 17:41:12,676 - DEBUG - PIL.PngImagePlugin - STREAM b'IDAT' 41 62450
2026-09-08 17:41:12,684 - DEBUG - PIL.PngImagePlugin - STREAM b'IHDR' 16 13
2026-09-08 17:41:12,684 - DEBUG - PIL.PngImagePlugin - STREAM b'IDAT' 41 62450
2026-09-08 17:41:12,692 - DEBUG - PIL.PngImagePlugin - STREAM b'IHDR' 16 13
2026-09-08 17:41:12,692 - DEBUG - PIL.PngImagePlugin - STREAM b'IDAT' 41 62450
2026-09-08 17:41:12,700 - DEBUG - PIL.PngImagePlugin - STREAM b'IHDR' 16 13
2026-09-08 17:41:12,700 - DEBUG - PIL.PngImagePlugin - STREAM b'IDAT' 41 62450
2026-09-08 17:41:12,708 - DEBUG - PIL.PngImagePlugin - STREAM b'IHDR' 16 13
2026-09-08 17:41:12,708 - DEBUG - PIL.PngImagePlugin - STREAM b'IDAT' 41 62450
2026-09-08 17:41:12,716 - DEBUG - PIL.PngImagePlugin - STREAM b'IHDR' 16 13
2026-09-08 17:41:12,716 - DEBUG - PIL.PngImagePlugin - STREAM b'IDAT' 41 62450
2026-09-08 17:41:12,724 - DEBUG - PIL.PngImagePlugin - STREAM b'IHDR' 16 13
2026-09-08 17:41:12,724 - DEBUG - PIL.PngImagePlugin - STREAM b'IDAT' 41 62450
2026-09-08 17:41:12,732 - DEBUG - PIL.PngImagePlugin - STREAM b'IHDR' 16 13
2026-09-08 17:41:12,732 - DEBUG - PIL.PngImagePlugin - STREAM b'IDAT' 41 62450
2026-09-08 17:41:12,741 - DEBUG - PIL.PngImagePlugin - STREAM b'IHDR' 16 13
2026-09-08 17:41:12,741 - DEBUG - PIL.PngImagePlugin - STREAM b'IDAT' 41 62450
2026-09-08 17:41:12,748 - DEBUG - PIL.PngImagePlugin - STREAM b'IHDR' 16 13
2026-09-08 17:41:12,748 - DEBUG - PIL.PngImagePlugin - STREAM b'IDAT' 41 62450
2026-09-08 17:41:12,756 - DEBUG - PIL.PngImagePlugin - STREAM b'IHDR' 16 13
2026-09-08 17:41:12,757 - DEBUG - PIL.PngImagePlugin - STREAM b'IDAT' 41 62450
2026-09-08 17:41:12,764 - DEBUG - PIL.PngImagePlugin - STREAM b'IHDR' 16 13
2026-09-08 17:41:12,764 - DEBUG - PIL.PngImagePlugin - STREAM b'IDAT' 41 62450
2026-09-08 17:41:12,772 - DEBUG - PIL.PngImagePlugin - STREAM b'IHDR' 16 13
2026-09-08 17:41:12,772 - DEBUG - PIL.PngImagePlugin - STREAM b'IDAT' 41 62450
2026-09-08 17:41:12,780 - DEBUG - PIL.PngImagePlugin - STREAM b'IHDR' 16 13
2026-09-08 17:41:12,781 - DEBUG - PIL.PngImagePlugin - STREAM b'IDAT' 41 62450
2026-09-08 17:41:12,788 - DEBUG - PIL.PngImagePlugin - STREAM b'IHDR' 16 13
2026-09-08 17:41:12,788 - DEBUG - PIL.PngImagePlugin - STREAM b'IDAT' 41 62450
2026-09-08 17:41:12,796 - DEBUG - PIL.PngImagePlugin - STREAM b'IHDR' 16 13
2026-09-08 17:41:12,796 - DEBUG - PIL.PngImagePlugin - STREAM b'IDAT' 41 62450
2026-09-08 17:41:12,804 - DEBUG - PIL.PngImagePlugin - STREAM b'IHDR' 16 13
2026-09-08 17:41:12,804 - DEBUG - PIL.PngImagePlugin - STREAM b'IDAT' 41 62450
2026-09-08 17:41:12,812 - DEBUG - PIL.PngImagePlugin - STREAM b'IHDR' 16 13
2026-09-08 17:41:12,812 - DEBUG - PIL.PngImagePlugin - STREAM b'IDAT' 41 62450
2026-09-08 17:41:12,820 - DEBUG - PIL.PngImagePlugin - STREAM b'IHDR' 16 13
2026-09-08 17:41:12,821 - DEBUG - PIL.PngImagePlugin - STREAM b'IDAT' 41 62450
2026-09-08 17:41:12,828 - DEBUG - PIL.PngImagePlugin - STREAM b'IHDR' 16 13
2026-09-08 17:41:12,828 - DEBUG - PIL.PngImagePlugin - STREAM b'IDAT' 41 62450
2026-09-08 17:41:12,836 - DEBUG - PIL.PngImagePlugin - STREAM b'IHDR' 16 13
2026-09-08 17:41:12,836 - DEBUG - PIL.PngImagePlugin - STREAM b'IDAT' 41 62450
2026-09-08 17:41:12,844 - DEBUG - PIL.PngImagePlugin - STREAM b'IHDR' 16 13
2026-09-08 17:41:12,844 - DEBUG - PIL.PngImagePlugin - STREAM b'IDAT' 41 62450
2026-09-08 17:41:12,852 - DEBUG - PIL.PngImagePlugin - STREAM b'IHDR' 16 13
2026-09-08 17:41:12,853 - DEBUG - PIL.PngImagePlugin - STREAM b'IDAT' 41 62450
2026-09-08 17:41:12,860 - DEBUG - PIL.PngImagePlugin - STREAM b'IHDR' 16 13
2026-09-08 17:41:12,861 - DEBUG - PIL.PngImagePlugin - STREAM b'IDAT' 41 62450
2026-09-08 17:41:12,884 - DEBUG - PIL.PngImagePlugin - STREAM b'IHDR' 16 13
2026-09-08 17:41:12,884 - DEBUG - PIL.PngImagePlugin - STREAM b'IDAT' 41 62450
2026-09-08 17:41:12,916 - DEBUG - PIL.PngImagePlugin - STREAM b'IHDR' 16 13
2026-09-08 17:41:12,916 - DEBUG - PIL.PngImagePlugin - STREAM b'IDAT' 41 62450
2026-09-08 17:41:12,924 - DEBUG - PIL.PngImagePlugin - STREAM b'IHDR' 16 13
2026-09-08 17:41:12,924 - DEBUG - PIL.PngImagePlugin - STREAM b'IDAT' 41 62450
2026-09-08 17:41:12,941 - DEBUG - PIL.PngImagePlugin - STREAM b'IHDR' 16 13
2026-09-08 17:41:12,941 - DEBUG - PIL.PngImagePlugin - STREAM b'IDAT' 41 62450
2026-09-08 17:41:12,956 - DEBUG - PIL.PngImagePlugin - STREAM b'IHDR' 16 13
2026-09-08 17:41:12,957 - DEBUG - PIL.PngImagePlugin - STREAM b'IDAT' 41 62450
2026-09-08 17:41:13,420 - DEBUG - PIL.PngImagePlugin - STREAM b'IHDR' 16 13
2026-09-08 17:41:13,421 - DEBUG - PIL.PngImagePlugin - STREAM b'IDAT' 41 62450
2026-09-08 17:41:13,429 - DEBUG - PIL.PngImagePlugin - STREAM b'IHDR' 16 13
2026-09-08 17:41:13,429 - DEBUG - PIL.PngImagePlugin - STREAM b'IDAT' 41 62450
2026-09-08 17:41:13,436 - DEBUG - PIL.PngImagePlugin - STREAM b'IHDR' 16 13
2026-09-08 17:41:13,436 - DEBUG - PIL.PngImagePlugin - STREAM b'IDAT' 41 62450
2026-09-08 17:41:13,444 - DEBUG - PIL.PngImagePlugin - STREAM b'IHDR' 16 13
2026-09-08 17:41:13,445 - DEBUG - PIL.PngImagePlugin - STREAM b'IDAT' 41 62450
2026-09-08 17:41:13,452 - DEBUG - PIL.PngImagePlugin - STREAM b'IHDR' 16 13
2026-09-08 17:41:13,452 - DEBUG - PIL.PngImagePlugin - STREAM b'IDAT' 41 62450
2026-09-08 17:41:13,461 - DEBUG - PIL.PngImagePlugin - STREAM b'IHDR' 16 13
2026-09-08 17:41:13,461 - DEBUG - PIL.PngImagePlugin - STREAM b'IDAT' 41 62450
2026-09-08 17:41:13,468 - DEBUG - PIL.PngImagePlugin - STREAM b'IHDR' 16 13
2026-09-08 17:41:13,468 - DEBUG - PIL.PngImagePlugin - STREAM b'IDAT' 41 62450
2026-09-08 17:41:13,476 - DEBUG - PIL.PngImagePlugin - STREAM b'IHDR' 16 13
2026-09-08 17:41:13,476 - DEBUG - PIL.PngImagePlugin - STREAM b'IDAT' 41 62450
2026-09-08 17:41:13,484 - DEBUG - PIL.PngImagePlugin - STREAM b'IHDR' 16 13
2026-09-08 17:41:13,484 - DEBUG - PIL.PngImagePlugin - STREAM b'IDAT' 41 62450
2026-09-08 17:41:13,493 - DEBUG - PIL.PngImagePlugin - STREAM b'IHDR' 16 13
2026-09-08 17:41:13,493 - DEBUG - PIL.PngImagePlugin - STREAM b'IDAT' 41 62450
2026-09-08 17:41:13,501 - DEBUG - PIL.PngImagePlugin - STREAM b'IHDR' 16 13
2026-09-08 17:41:13,501 - DEBUG - PIL.PngImagePlugin - STREAM b'IDAT' 41 62450
2026-09-08 17:41:13,509 - DEBUG - PIL.PngImagePlugin - STREAM b'IHDR' 16 13
2026-09-08 17:41:13,509 - DEBUG - PIL.PngImagePlugin - STREAM b'IDAT' 41 62450
2026-09-08 17:41:13,517 - DEBUG - PIL.PngImagePlugin - STREAM b'IHDR' 16 13
2026-09-08 17:41:13,517 - DEBUG - PIL.PngImagePlugin - STREAM b'IDAT' 41 62450
2026-09-08 17:41:13,525 - DEBUG - PIL.PngImagePlugin - STREAM b'IHDR' 16 13
2026-09-08 17:41:13,525 - DEBUG - PIL.PngImagePlugin - STREAM b'IDAT' 41 62450
2026-09-08 17:41:13,532 - DEBUG - PIL.PngImagePlugin - STREAM b'IHDR' 16 13
2026-09-08 17:41:13,532 - DEBUG - PIL.PngImagePlugin - STREAM b'IDAT' 41 62450
2026-09-08 17:41:13,540 - DEBUG - PIL.PngImagePlugin - STREAM b'IHDR' 16 13
2026-09-08 17:41:13,540 - DEBUG - PIL.PngImagePlugin - STREAM b'IDAT' 41 62450
2026-09-08 17:41:13,548 - DEBUG - PIL.PngImagePlugin - STREAM b'IHDR' 16 13
2026-09-08 17:41:13,548 - DEBUG - PIL.PngImagePlugin - STREAM b'IDAT' 41 62450
2026-09-08 17:41:13,556 - DEBUG - PIL.PngImagePlugin - STREAM b'IHDR' 16 13
2026-09-08 17:41:13,557 - DEBUG - PIL.PngImagePlugin - STREAM b'IDAT' 41 62450
2026-09-08 17:41:13,564 - DEBUG - PIL.PngImagePlugin - STREAM b'IHDR' 16 13
2026-09-08 17:41:13,564 - DEBUG - PIL.PngImagePlugin - STREAM b'IDAT' 41 62450
2026-09-08 17:41:13,572 - DEBUG - PIL.PngImagePlugin - STREAM b'IHDR' 16 13
2026-09-08 17:41:13,572 - DEBUG - PIL.PngImagePlugin - STREAM b'IDAT' 41 62450
2026-09-08 17:41:13,580 - DEBUG - PIL.PngImagePlugin - STREAM b'IHDR' 16 13
2026-09-08 17:41:13,580 - DEBUG - PIL.PngImagePlugin - STREAM b'IDAT' 41 62450
2026-09-08 17:41:13,588 - DEBUG - PIL.PngImagePlugin - STREAM b'IHDR' 16 13
2026-09-08 17:41:13,588 - DEBUG - PIL.PngImagePlugin - STREAM b'IDAT' 41 62450
2026-09-08 17:41:13,596 - DEBUG - PIL.PngImagePlugin - STREAM b'IHDR' 16 13
2026-09-08 17:41:13,596 - DEBUG - PIL.PngImagePlugin - STREAM b'IDAT' 41 62450
2026-09-08 17:41:13,604 - DEBUG - PIL.PngImagePlugin - STREAM b'IHDR' 16 13
2026-09-08 17:41:13,604 - DEBUG - PIL.PngImagePlugin - STREAM b'IDAT' 41 62450
2026-09-08 17:41:13,756 - DEBUG - PIL.PngImagePlugin - STREAM b'IHDR' 16 13
2026-09-08 17:41:13,757 - DEBUG - PIL.PngImagePlugin - STREAM b'IDAT' 41 62450
2026-09-08 17:41:13,764 - DEBUG - PIL.PngImagePlugin - STREAM b'IHDR' 16 13
2026-09-08 17:41:13,764 - DEBUG - PIL.PngImagePlugin - STREAM b'IDAT' 41 62450
2026-09-08 17:41:13,773 - DEBUG - PIL.PngImagePlugin - STREAM b'IHDR' 16 13
2026-09-08 17:41:13,773 - DEBUG - PIL.PngImagePlugin - STREAM b'IDAT' 41 62450
2026-09-08 17:41:13,780 - DEBUG - PIL.PngImagePlugin - STREAM b'IHDR' 16 13
2026-09-08 17:41:13,781 - DEBUG - PIL.PngImagePlugin - STREAM b'IDAT' 41 62450
2026-09-08 17:41:13,788 - DEBUG - PIL.PngImagePlugin - STREAM b'IHDR' 16 13
2026-09-08 17:41:13,789 - DEBUG - PIL.PngImagePlugin - STREAM b'IDAT' 41 62450
2026-09-08 17:41:13,796 - DEBUG - PIL.PngImagePlugin - STREAM b'IHDR' 16 13
2026-09-08 17:41:13,796 - DEBUG - PIL.PngImagePlugin - STREAM b'IDAT' 41 62450
2026-09-08 17:41:13,804 - DEBUG - PIL.PngImagePlugin - STREAM b'IHDR' 16 13
2026-09-08 17:41:13,805 - DEBUG - PIL.PngImagePlugin - STREAM b'IDAT' 41 62450
2026-09-08 17:41:13,812 - DEBUG - PIL.PngImagePlugin - STREAM b'IHDR' 16 13
2026-09-08 17:41:13,812 - DEBUG - PIL.PngImagePlugin - STREAM b'IDAT' 41 62450
2026-09-08 17:41:13,821 - DEBUG - PIL.PngImagePlugin - STREAM b'IHDR' 16 13
2026-09-08 17:41:13,821 - DEBUG - PIL.PngImagePlugin - STREAM b'IDAT' 41 62450
2026-09-08 17:41:13,836 - DEBUG - PIL.PngImagePlugin - STREAM b'IHDR' 16 13
2026-09-08 17:41:13,836 - DEBUG - PIL.PngImagePlugin - STREAM b'IDAT' 41 62450
2026-09-08 17:41:13,844 - DEBUG - PIL.PngImagePlugin - STREAM b'IHDR' 16 13
2026-09-08 17:41:13,844 - DEBUG - PIL.PngImagePlugin - STREAM b'IDAT' 41 62450
2026-09-08 17:41:13,852 - DEBUG - PIL.PngImagePlugin - STREAM b'IHDR' 16 13
2026-09-08 17:41:13,852 - DEBUG - PIL.PngImagePlugin - STREAM b'IDAT' 41 62450
2026-09-08 17:41:13,860 - DEBUG - PIL.PngImagePlugin - STREAM b'IHDR' 16 13
2026-09-08 17:41:13,860 - DEBUG - PIL.PngImagePlugin - STREAM b'IDAT' 41 62450
2026-09-08 17:41:13,868 - DEBUG - PIL.PngImagePlugin - STREAM b'IHDR' 16 13
2026-09-08 17:41:13,868 - DEBUG - PIL.PngImagePlugin - STREAM b'IDAT' 41 62450
2026-09-08 17:41:13,876 - DEBUG - PIL.PngImagePlugin - STREAM b'IHDR' 16 13
2026-09-08 17:41:13,876 - DEBUG - PIL.PngImagePlugin - STREAM b'IDAT' 41 62450
2026-09-08 17:41:13,884 - DEBUG - PIL.PngImagePlugin - STREAM b'IHDR' 16 13
2026-09-08 17:41:13,884 - DEBUG - PIL.PngImagePlugin - STREAM b'IDAT' 41 62450
2026-09-08 17:41:15,409 - INFO - KGameTracker - ℹ️  ==================================================
2026-09-08 17:41:15,409 - INFO - KGameTracker - ℹ️  K GAME TRACKER - CERRADA
2026-09-08 17:41:15,409 - INFO - KGameTracker - ℹ️  ==================================================
2026-09-08 17:42:38,682 - INFO - KGameTracker - ℹ️  ==================================================
2026-09-08 17:42:38,682 - INFO - KGameTracker - ℹ️  K GAME TRACKER - INICIADA
2026-09-08 17:42:38,682 - INFO - KGameTracker - ℹ️  ==================================================
2026-09-08 17:42:38,802 - DEBUG - PIL.Image - Importing PngImagePlugin
2026-09-08 17:42:38,809 - DEBUG - PIL.PngImagePlugin - STREAM b'IHDR' 16 13
2026-09-08 17:42:38,810 - DEBUG - PIL.PngImagePlugin - STREAM b'caBX' 41 5758
2026-09-08 17:42:38,810 - DEBUG - PIL.PngImagePlugin - b'caBX' 41 5758 (unknown)
2026-09-08 17:42:38,810 - DEBUG - PIL.PngImagePlugin - STREAM b'IDAT' 5811 65536
2026-09-08 17:42:41,233 - DEBUG - PIL.PngImagePlugin - STREAM b'IHDR' 16 13
2026-09-08 17:42:41,233 - DEBUG - PIL.PngImagePlugin - STREAM b'caBX' 41 5758
2026-09-08 17:42:41,233 - DEBUG - PIL.PngImagePlugin - b'caBX' 41 5758 (unknown)
2026-09-08 17:42:41,234 - DEBUG - PIL.PngImagePlugin - STREAM b'IDAT' 5811 65536
2026-09-08 17:42:41,264 - DEBUG - PIL.PngImagePlugin - STREAM b'IHDR' 16 13
2026-09-08 17:42:41,265 - DEBUG - PIL.PngImagePlugin - STREAM b'IDAT' 41 53758
2026-09-08 17:42:41,270 - DEBUG - PIL.PngImagePlugin - STREAM b'IHDR' 16 13
2026-09-08 17:42:41,270 - DEBUG - PIL.PngImagePlugin - STREAM b'IDAT' 41 65536
2026-09-08 17:42:41,274 - DEBUG - PIL.PngImagePlugin - STREAM b'IHDR' 16 13
2026-09-08 17:42:41,274 - DEBUG - PIL.PngImagePlugin - STREAM b'IDAT' 41 58612
2026-09-08 17:42:41,278 - DEBUG - PIL.PngImagePlugin - STREAM b'IHDR' 16 13
2026-09-08 17:42:41,279 - DEBUG - PIL.PngImagePlugin - STREAM b'IDAT' 41 63613
2026-09-08 17:42:41,284 - DEBUG - PIL.PngImagePlugin - STREAM b'IHDR' 16 13
2026-09-08 17:42:41,284 - DEBUG - PIL.PngImagePlugin - STREAM b'IDAT' 41 65536
2026-09-08 17:42:41,289 - DEBUG - PIL.PngImagePlugin - STREAM b'IHDR' 16 13
2026-09-08 17:42:41,289 - DEBUG - PIL.PngImagePlugin - STREAM b'IDAT' 41 63580
2026-09-08 17:42:41,294 - DEBUG - PIL.PngImagePlugin - STREAM b'IHDR' 16 13
2026-09-08 17:42:41,294 - DEBUG - PIL.PngImagePlugin - STREAM b'IDAT' 41 64126
2026-09-08 17:42:41,300 - DEBUG - PIL.PngImagePlugin - STREAM b'IHDR' 16 13
2026-09-08 17:42:41,300 - DEBUG - PIL.PngImagePlugin - STREAM b'IDAT' 41 64126
2026-09-08 17:42:41,306 - DEBUG - PIL.PngImagePlugin - STREAM b'IHDR' 16 13
2026-09-08 17:42:41,306 - DEBUG - PIL.PngImagePlugin - STREAM b'IDAT' 41 64126
2026-09-08 17:42:41,310 - DEBUG - PIL.PngImagePlugin - STREAM b'IHDR' 16 13
2026-09-08 17:42:41,311 - DEBUG - PIL.PngImagePlugin - STREAM b'IDAT' 41 56150
2026-09-08 17:42:41,315 - DEBUG - PIL.PngImagePlugin - STREAM b'IHDR' 16 13
2026-09-08 17:42:41,316 - DEBUG - PIL.PngImagePlugin - STREAM b'IDAT' 41 64126
2026-09-08 17:42:41,321 - DEBUG - PIL.PngImagePlugin - STREAM b'IHDR' 16 13
2026-09-08 17:42:41,321 - DEBUG - PIL.PngImagePlugin - STREAM b'IDAT' 41 64126
2026-09-08 17:42:41,335 - DEBUG - PIL.PngImagePlugin - STREAM b'IHDR' 16 13
2026-09-08 17:42:41,335 - DEBUG - PIL.PngImagePlugin - STREAM b'IDAT' 41 62450
2026-09-08 17:42:41,427 - DEBUG - PIL.PngImagePlugin - STREAM b'IHDR' 16 13
2026-09-08 17:42:41,427 - DEBUG - PIL.PngImagePlugin - STREAM b'IDAT' 41 65536
2026-09-08 17:42:41,430 - DEBUG - PIL.PngImagePlugin - STREAM b'IHDR' 16 13
2026-09-08 17:42:41,430 - DEBUG - PIL.PngImagePlugin - STREAM b'IDAT' 41 65536
2026-09-08 17:42:41,537 - DEBUG - PIL.PngImagePlugin - STREAM b'IHDR' 16 13
2026-09-08 17:42:41,538 - DEBUG - PIL.PngImagePlugin - STREAM b'IDAT' 41 62450
2026-09-08 17:42:41,642 - DEBUG - PIL.PngImagePlugin - STREAM b'IHDR' 16 13
2026-09-08 17:42:41,643 - DEBUG - PIL.PngImagePlugin - STREAM b'IDAT' 41 62450
2026-09-08 17:42:41,745 - DEBUG - PIL.PngImagePlugin - STREAM b'IHDR' 16 13
2026-09-08 17:42:41,746 - DEBUG - PIL.PngImagePlugin - STREAM b'IDAT' 41 62450
2026-09-08 17:42:41,849 - DEBUG - PIL.PngImagePlugin - STREAM b'IHDR' 16 13
2026-09-08 17:42:41,849 - DEBUG - PIL.PngImagePlugin - STREAM b'IDAT' 41 62450
2026-09-08 17:42:41,954 - DEBUG - PIL.PngImagePlugin - STREAM b'IHDR' 16 13
2026-09-08 17:42:41,954 - DEBUG - PIL.PngImagePlugin - STREAM b'IDAT' 41 62450
2026-09-08 17:42:42,057 - DEBUG - PIL.PngImagePlugin - STREAM b'IHDR' 16 13
2026-09-08 17:42:42,057 - DEBUG - PIL.PngImagePlugin - STREAM b'IDAT' 41 62450
2026-09-08 17:42:42,160 - DEBUG - PIL.PngImagePlugin - STREAM b'IHDR' 16 13
2026-09-08 17:42:42,160 - DEBUG - PIL.PngImagePlugin - STREAM b'IDAT' 41 62450
2026-09-08 17:42:42,264 - DEBUG - PIL.PngImagePlugin - STREAM b'IHDR' 16 13
2026-09-08 17:42:42,264 - DEBUG - PIL.PngImagePlugin - STREAM b'IDAT' 41 62450
2026-09-08 17:42:42,367 - DEBUG - PIL.PngImagePlugin - STREAM b'IHDR' 16 13
2026-09-08 17:42:42,367 - DEBUG - PIL.PngImagePlugin - STREAM b'IDAT' 41 62450
2026-09-08 17:42:42,470 - DEBUG - PIL.PngImagePlugin - STREAM b'IHDR' 16 13
2026-09-08 17:42:42,471 - DEBUG - PIL.PngImagePlugin - STREAM b'IDAT' 41 62450
2026-09-08 17:42:43,806 - DEBUG - PIL.PngImagePlugin - STREAM b'IHDR' 16 13
2026-09-08 17:42:43,806 - DEBUG - PIL.PngImagePlugin - STREAM b'IDAT' 41 62450
2026-09-08 17:42:43,814 - DEBUG - PIL.PngImagePlugin - STREAM b'IHDR' 16 13
2026-09-08 17:42:43,815 - DEBUG - PIL.PngImagePlugin - STREAM b'IDAT' 41 62450
2026-09-08 17:42:43,823 - DEBUG - PIL.PngImagePlugin - STREAM b'IHDR' 16 13
2026-09-08 17:42:43,823 - DEBUG - PIL.PngImagePlugin - STREAM b'IDAT' 41 62450
2026-09-08 17:42:43,831 - DEBUG - PIL.PngImagePlugin - STREAM b'IHDR' 16 13
2026-09-08 17:42:43,831 - DEBUG - PIL.PngImagePlugin - STREAM b'IDAT' 41 62450
2026-09-08 17:42:43,838 - DEBUG - PIL.PngImagePlugin - STREAM b'IHDR' 16 13
2026-09-08 17:42:43,839 - DEBUG - PIL.PngImagePlugin - STREAM b'IDAT' 41 62450
2026-09-08 17:42:43,846 - DEBUG - PIL.PngImagePlugin - STREAM b'IHDR' 16 13
2026-09-08 17:42:43,847 - DEBUG - PIL.PngImagePlugin - STREAM b'IDAT' 41 62450
2026-09-08 17:42:43,854 - DEBUG - PIL.PngImagePlugin - STREAM b'IHDR' 16 13
2026-09-08 17:42:43,854 - DEBUG - PIL.PngImagePlugin - STREAM b'IDAT' 41 62450
2026-09-08 17:42:43,862 - DEBUG - PIL.PngImagePlugin - STREAM b'IHDR' 16 13
2026-09-08 17:42:43,862 - DEBUG - PIL.PngImagePlugin - STREAM b'IDAT' 41 62450
2026-09-08 17:42:43,870 - DEBUG - PIL.PngImagePlugin - STREAM b'IHDR' 16 13
2026-09-08 17:42:43,870 - DEBUG - PIL.PngImagePlugin - STREAM b'IDAT' 41 62450
2026-09-08 17:42:43,878 - DEBUG - PIL.PngImagePlugin - STREAM b'IHDR' 16 13
2026-09-08 17:42:43,878 - DEBUG - PIL.PngImagePlugin - STREAM b'IDAT' 41 62450
2026-09-08 17:42:43,886 - DEBUG - PIL.PngImagePlugin - STREAM b'IHDR' 16 13
2026-09-08 17:42:43,886 - DEBUG - PIL.PngImagePlugin - STREAM b'IDAT' 41 62450
2026-09-08 17:42:43,902 - DEBUG - PIL.PngImagePlugin - STREAM b'IHDR' 16 13
2026-09-08 17:42:43,902 - DEBUG - PIL.PngImagePlugin - STREAM b'IDAT' 41 62450
2026-09-08 17:42:43,910 - DEBUG - PIL.PngImagePlugin - STREAM b'IHDR' 16 13
2026-09-08 17:42:43,910 - DEBUG - PIL.PngImagePlugin - STREAM b'IDAT' 41 62450
2026-09-08 17:42:43,918 - DEBUG - PIL.PngImagePlugin - STREAM b'IHDR' 16 13
2026-09-08 17:42:43,918 - DEBUG - PIL.PngImagePlugin - STREAM b'IDAT' 41 62450
2026-09-08 17:42:43,926 - DEBUG - PIL.PngImagePlugin - STREAM b'IHDR' 16 13
2026-09-08 17:42:43,926 - DEBUG - PIL.PngImagePlugin - STREAM b'IDAT' 41 62450
2026-09-08 17:42:43,934 - DEBUG - PIL.PngImagePlugin - STREAM b'IHDR' 16 13
2026-09-08 17:42:43,934 - DEBUG - PIL.PngImagePlugin - STREAM b'IDAT' 41 62450
2026-09-08 17:42:43,942 - DEBUG - PIL.PngImagePlugin - STREAM b'IHDR' 16 13
2026-09-08 17:42:43,942 - DEBUG - PIL.PngImagePlugin - STREAM b'IDAT' 41 62450
2026-09-08 17:42:43,950 - DEBUG - PIL.PngImagePlugin - STREAM b'IHDR' 16 13
2026-09-08 17:42:43,950 - DEBUG - PIL.PngImagePlugin - STREAM b'IDAT' 41 62450
2026-09-08 17:42:43,958 - DEBUG - PIL.PngImagePlugin - STREAM b'IHDR' 16 13
2026-09-08 17:42:43,958 - DEBUG - PIL.PngImagePlugin - STREAM b'IDAT' 41 62450
2026-09-08 17:42:43,966 - DEBUG - PIL.PngImagePlugin - STREAM b'IHDR' 16 13
2026-09-08 17:42:43,966 - DEBUG - PIL.PngImagePlugin - STREAM b'IDAT' 41 62450
2026-09-08 17:42:43,974 - DEBUG - PIL.PngImagePlugin - STREAM b'IHDR' 16 13
2026-09-08 17:42:43,974 - DEBUG - PIL.PngImagePlugin - STREAM b'IDAT' 41 62450
2026-09-08 17:42:43,982 - DEBUG - PIL.PngImagePlugin - STREAM b'IHDR' 16 13
2026-09-08 17:42:43,982 - DEBUG - PIL.PngImagePlugin - STREAM b'IDAT' 41 62450
2026-09-08 17:42:43,990 - DEBUG - PIL.PngImagePlugin - STREAM b'IHDR' 16 13
2026-09-08 17:42:43,990 - DEBUG - PIL.PngImagePlugin - STREAM b'IDAT' 41 62450
2026-09-08 17:42:43,998 - DEBUG - PIL.PngImagePlugin - STREAM b'IHDR' 16 13
2026-09-08 17:42:43,998 - DEBUG - PIL.PngImagePlugin - STREAM b'IDAT' 41 62450
2026-09-08 17:42:44,006 - DEBUG - PIL.PngImagePlugin - STREAM b'IHDR' 16 13
2026-09-08 17:42:44,006 - DEBUG - PIL.PngImagePlugin - STREAM b'IDAT' 41 62450
2026-09-08 17:42:44,014 - DEBUG - PIL.PngImagePlugin - STREAM b'IHDR' 16 13
2026-09-08 17:42:44,014 - DEBUG - PIL.PngImagePlugin - STREAM b'IDAT' 41 62450
2026-09-08 17:42:44,062 - DEBUG - PIL.PngImagePlugin - STREAM b'IHDR' 16 13
2026-09-08 17:42:44,062 - DEBUG - PIL.PngImagePlugin - STREAM b'IDAT' 41 62450
2026-09-08 17:42:44,078 - DEBUG - PIL.PngImagePlugin - STREAM b'IHDR' 16 13
2026-09-08 17:42:44,078 - DEBUG - PIL.PngImagePlugin - STREAM b'IDAT' 41 62450
2026-09-08 17:42:44,086 - DEBUG - PIL.PngImagePlugin - STREAM b'IHDR' 16 13
2026-09-08 17:42:44,087 - DEBUG - PIL.PngImagePlugin - STREAM b'IDAT' 41 62450
2026-09-08 17:42:44,094 - DEBUG - PIL.PngImagePlugin - STREAM b'IHDR' 16 13
2026-09-08 17:42:44,094 - DEBUG - PIL.PngImagePlugin - STREAM b'IDAT' 41 62450
2026-09-08 17:42:44,102 - DEBUG - PIL.PngImagePlugin - STREAM b'IHDR' 16 13
2026-09-08 17:42:44,102 - DEBUG - PIL.PngImagePlugin - STREAM b'IDAT' 41 62450
2026-09-08 17:42:44,110 - DEBUG - PIL.PngImagePlugin - STREAM b'IHDR' 16 13
2026-09-08 17:42:44,110 - DEBUG - PIL.PngImagePlugin - STREAM b'IDAT' 41 62450
2026-09-08 17:42:44,118 - DEBUG - PIL.PngImagePlugin - STREAM b'IHDR' 16 13
2026-09-08 17:42:44,118 - DEBUG - PIL.PngImagePlugin - STREAM b'IDAT' 41 62450
2026-09-08 17:42:44,126 - DEBUG - PIL.PngImagePlugin - STREAM b'IHDR' 16 13
2026-09-08 17:42:44,126 - DEBUG - PIL.PngImagePlugin - STREAM b'IDAT' 41 62450
2026-09-08 17:42:44,134 - DEBUG - PIL.PngImagePlugin - STREAM b'IHDR' 16 13
2026-09-08 17:42:44,134 - DEBUG - PIL.PngImagePlugin - STREAM b'IDAT' 41 62450
2026-09-08 17:42:44,142 - DEBUG - PIL.PngImagePlugin - STREAM b'IHDR' 16 13
2026-09-08 17:42:44,142 - DEBUG - PIL.PngImagePlugin - STREAM b'IDAT' 41 62450
2026-09-08 17:42:44,150 - DEBUG - PIL.PngImagePlugin - STREAM b'IHDR' 16 13
2026-09-08 17:42:44,150 - DEBUG - PIL.PngImagePlugin - STREAM b'IDAT' 41 62450
2026-09-08 17:42:44,228 - DEBUG - PIL.PngImagePlugin - STREAM b'IHDR' 16 13
2026-09-08 17:42:44,228 - DEBUG - PIL.PngImagePlugin - STREAM b'IDAT' 41 62450
2026-09-08 17:42:44,244 - DEBUG - PIL.PngImagePlugin - STREAM b'IHDR' 16 13
2026-09-08 17:42:44,244 - DEBUG - PIL.PngImagePlugin - STREAM b'IDAT' 41 62450
2026-09-08 17:42:44,252 - DEBUG - PIL.PngImagePlugin - STREAM b'IHDR' 16 13
2026-09-08 17:42:44,252 - DEBUG - PIL.PngImagePlugin - STREAM b'IDAT' 41 62450
2026-09-08 17:42:44,260 - DEBUG - PIL.PngImagePlugin - STREAM b'IHDR' 16 13
2026-09-08 17:42:44,261 - DEBUG - PIL.PngImagePlugin - STREAM b'IDAT' 41 62450
2026-09-08 17:42:44,268 - DEBUG - PIL.PngImagePlugin - STREAM b'IHDR' 16 13
2026-09-08 17:42:44,268 - DEBUG - PIL.PngImagePlugin - STREAM b'IDAT' 41 62450
2026-09-08 17:42:44,276 - DEBUG - PIL.PngImagePlugin - STREAM b'IHDR' 16 13
2026-09-08 17:42:44,277 - DEBUG - PIL.PngImagePlugin - STREAM b'IDAT' 41 62450
2026-09-08 17:42:44,284 - DEBUG - PIL.PngImagePlugin - STREAM b'IHDR' 16 13
2026-09-08 17:42:44,284 - DEBUG - PIL.PngImagePlugin - STREAM b'IDAT' 41 62450
2026-09-08 17:42:44,292 - DEBUG - PIL.PngImagePlugin - STREAM b'IHDR' 16 13
2026-09-08 17:42:44,292 - DEBUG - PIL.PngImagePlugin - STREAM b'IDAT' 41 62450
2026-09-08 17:42:44,300 - DEBUG - PIL.PngImagePlugin - STREAM b'IHDR' 16 13
2026-09-08 17:42:44,301 - DEBUG - PIL.PngImagePlugin - STREAM b'IDAT' 41 62450
2026-09-08 17:42:44,308 - DEBUG - PIL.PngImagePlugin - STREAM b'IHDR' 16 13
2026-09-08 17:42:44,308 - DEBUG - PIL.PngImagePlugin - STREAM b'IDAT' 41 62450
2026-09-08 17:42:44,316 - DEBUG - PIL.PngImagePlugin - STREAM b'IHDR' 16 13
2026-09-08 17:42:44,316 - DEBUG - PIL.PngImagePlugin - STREAM b'IDAT' 41 62450
2026-09-08 17:42:44,324 - DEBUG - PIL.PngImagePlugin - STREAM b'IHDR' 16 13
2026-09-08 17:42:44,324 - DEBUG - PIL.PngImagePlugin - STREAM b'IDAT' 41 62450
2026-09-08 17:42:44,332 - DEBUG - PIL.PngImagePlugin - STREAM b'IHDR' 16 13
2026-09-08 17:42:44,332 - DEBUG - PIL.PngImagePlugin - STREAM b'IDAT' 41 62450
2026-09-08 17:42:44,340 - DEBUG - PIL.PngImagePlugin - STREAM b'IHDR' 16 13
2026-09-08 17:42:44,340 - DEBUG - PIL.PngImagePlugin - STREAM b'IDAT' 41 62450
2026-09-08 17:42:44,348 - DEBUG - PIL.PngImagePlugin - STREAM b'IHDR' 16 13
2026-09-08 17:42:44,348 - DEBUG - PIL.PngImagePlugin - STREAM b'IDAT' 41 62450
2026-09-08 17:42:44,357 - DEBUG - PIL.PngImagePlugin - STREAM b'IHDR' 16 13
2026-09-08 17:42:44,357 - DEBUG - PIL.PngImagePlugin - STREAM b'IDAT' 41 62450
2026-09-08 17:42:44,364 - DEBUG - PIL.PngImagePlugin - STREAM b'IHDR' 16 13
2026-09-08 17:42:44,365 - DEBUG - PIL.PngImagePlugin - STREAM b'IDAT' 41 62450
2026-09-08 17:42:44,373 - DEBUG - PIL.PngImagePlugin - STREAM b'IHDR' 16 13
2026-09-08 17:42:44,373 - DEBUG - PIL.PngImagePlugin - STREAM b'IDAT' 41 62450
2026-09-08 17:42:44,380 - DEBUG - PIL.PngImagePlugin - STREAM b'IHDR' 16 13
2026-09-08 17:42:44,381 - DEBUG - PIL.PngImagePlugin - STREAM b'IDAT' 41 62450
2026-09-08 17:42:44,389 - DEBUG - PIL.PngImagePlugin - STREAM b'IHDR' 16 13
2026-09-08 17:42:44,389 - DEBUG - PIL.PngImagePlugin - STREAM b'IDAT' 41 62450
2026-09-08 17:42:44,396 - DEBUG - PIL.PngImagePlugin - STREAM b'IHDR' 16 13
2026-09-08 17:42:44,397 - DEBUG - PIL.PngImagePlugin - STREAM b'IDAT' 41 62450
2026-09-08 17:42:44,404 - DEBUG - PIL.PngImagePlugin - STREAM b'IHDR' 16 13
2026-09-08 17:42:44,404 - DEBUG - PIL.PngImagePlugin - STREAM b'IDAT' 41 62450
2026-09-08 17:42:44,412 - DEBUG - PIL.PngImagePlugin - STREAM b'IHDR' 16 13
2026-09-08 17:42:44,412 - DEBUG - PIL.PngImagePlugin - STREAM b'IDAT' 41 62450
2026-09-08 17:42:44,420 - DEBUG - PIL.PngImagePlugin - STREAM b'IHDR' 16 13
2026-09-08 17:42:44,420 - DEBUG - PIL.PngImagePlugin - STREAM b'IDAT' 41 62450
2026-09-08 17:42:44,428 - DEBUG - PIL.PngImagePlugin - STREAM b'IHDR' 16 13
2026-09-08 17:42:44,428 - DEBUG - PIL.PngImagePlugin - STREAM b'IDAT' 41 62450
2026-09-08 17:42:44,436 - DEBUG - PIL.PngImagePlugin - STREAM b'IHDR' 16 13
2026-09-08 17:42:44,437 - DEBUG - PIL.PngImagePlugin - STREAM b'IDAT' 41 62450
2026-09-08 17:42:44,444 - DEBUG - PIL.PngImagePlugin - STREAM b'IHDR' 16 13
2026-09-08 17:42:44,444 - DEBUG - PIL.PngImagePlugin - STREAM b'IDAT' 41 62450
2026-09-08 17:42:44,452 - DEBUG - PIL.PngImagePlugin - STREAM b'IHDR' 16 13
2026-09-08 17:42:44,452 - DEBUG - PIL.PngImagePlugin - STREAM b'IDAT' 41 62450
2026-09-08 17:42:44,460 - DEBUG - PIL.PngImagePlugin - STREAM b'IHDR' 16 13
2026-09-08 17:42:44,460 - DEBUG - PIL.PngImagePlugin - STREAM b'IDAT' 41 62450
2026-09-08 17:42:44,484 - DEBUG - PIL.PngImagePlugin - STREAM b'IHDR' 16 13
2026-09-08 17:42:44,484 - DEBUG - PIL.PngImagePlugin - STREAM b'IDAT' 41 62450
2026-09-08 17:42:44,500 - DEBUG - PIL.PngImagePlugin - STREAM b'IHDR' 16 13
2026-09-08 17:42:44,500 - DEBUG - PIL.PngImagePlugin - STREAM b'IDAT' 41 62450
2026-09-08 17:42:44,508 - DEBUG - PIL.PngImagePlugin - STREAM b'IHDR' 16 13
2026-09-08 17:42:44,508 - DEBUG - PIL.PngImagePlugin - STREAM b'IDAT' 41 62450
2026-09-08 17:42:44,516 - DEBUG - PIL.PngImagePlugin - STREAM b'IHDR' 16 13
2026-09-08 17:42:44,516 - DEBUG - PIL.PngImagePlugin - STREAM b'IDAT' 41 62450
2026-09-08 17:42:44,524 - DEBUG - PIL.PngImagePlugin - STREAM b'IHDR' 16 13
2026-09-08 17:42:44,524 - DEBUG - PIL.PngImagePlugin - STREAM b'IDAT' 41 62450
2026-09-08 17:42:44,532 - DEBUG - PIL.PngImagePlugin - STREAM b'IHDR' 16 13
2026-09-08 17:42:44,532 - DEBUG - PIL.PngImagePlugin - STREAM b'IDAT' 41 62450
2026-09-08 17:42:44,540 - DEBUG - PIL.PngImagePlugin - STREAM b'IHDR' 16 13
2026-09-08 17:42:44,540 - DEBUG - PIL.PngImagePlugin - STREAM b'IDAT' 41 62450
2026-09-08 17:42:44,548 - DEBUG - PIL.PngImagePlugin - STREAM b'IHDR' 16 13
2026-09-08 17:42:44,548 - DEBUG - PIL.PngImagePlugin - STREAM b'IDAT' 41 62450
2026-09-08 17:42:44,556 - DEBUG - PIL.PngImagePlugin - STREAM b'IHDR' 16 13
2026-09-08 17:42:44,557 - DEBUG - PIL.PngImagePlugin - STREAM b'IDAT' 41 62450
2026-09-08 17:42:44,860 - DEBUG - PIL.PngImagePlugin - STREAM b'IHDR' 16 13
2026-09-08 17:42:44,860 - DEBUG - PIL.PngImagePlugin - STREAM b'IDAT' 41 62450
2026-09-08 17:42:44,868 - DEBUG - PIL.PngImagePlugin - STREAM b'IHDR' 16 13
2026-09-08 17:42:44,868 - DEBUG - PIL.PngImagePlugin - STREAM b'IDAT' 41 62450
2026-09-08 17:42:44,876 - DEBUG - PIL.PngImagePlugin - STREAM b'IHDR' 16 13
2026-09-08 17:42:44,876 - DEBUG - PIL.PngImagePlugin - STREAM b'IDAT' 41 62450
2026-09-08 17:42:44,884 - DEBUG - PIL.PngImagePlugin - STREAM b'IHDR' 16 13
2026-09-08 17:42:44,884 - DEBUG - PIL.PngImagePlugin - STREAM b'IDAT' 41 62450
2026-09-08 17:42:44,892 - DEBUG - PIL.PngImagePlugin - STREAM b'IHDR' 16 13
2026-09-08 17:42:44,892 - DEBUG - PIL.PngImagePlugin - STREAM b'IDAT' 41 62450
2026-09-08 17:42:44,900 - DEBUG - PIL.PngImagePlugin - STREAM b'IHDR' 16 13
2026-09-08 17:42:44,900 - DEBUG - PIL.PngImagePlugin - STREAM b'IDAT' 41 62450
2026-09-08 17:42:44,909 - DEBUG - PIL.PngImagePlugin - STREAM b'IHDR' 16 13
2026-09-08 17:42:44,909 - DEBUG - PIL.PngImagePlugin - STREAM b'IDAT' 41 62450
2026-09-08 17:42:44,916 - DEBUG - PIL.PngImagePlugin - STREAM b'IHDR' 16 13
2026-09-08 17:42:44,916 - DEBUG - PIL.PngImagePlugin - STREAM b'IDAT' 41 62450
2026-09-08 17:42:44,924 - DEBUG - PIL.PngImagePlugin - STREAM b'IHDR' 16 13
2026-09-08 17:42:44,924 - DEBUG - PIL.PngImagePlugin - STREAM b'IDAT' 41 62450
2026-09-08 17:42:44,932 - DEBUG - PIL.PngImagePlugin - STREAM b'IHDR' 16 13
2026-09-08 17:42:44,932 - DEBUG - PIL.PngImagePlugin - STREAM b'IDAT' 41 62450
2026-09-08 17:42:44,940 - DEBUG - PIL.PngImagePlugin - STREAM b'IHDR' 16 13
2026-09-08 17:42:44,940 - DEBUG - PIL.PngImagePlugin - STREAM b'IDAT' 41 62450
2026-09-08 17:42:44,948 - DEBUG - PIL.PngImagePlugin - STREAM b'IHDR' 16 13
2026-09-08 17:42:44,948 - DEBUG - PIL.PngImagePlugin - STREAM b'IDAT' 41 62450
2026-09-08 17:42:44,956 - DEBUG - PIL.PngImagePlugin - STREAM b'IHDR' 16 13
2026-09-08 17:42:44,957 - DEBUG - PIL.PngImagePlugin - STREAM b'IDAT' 41 62450
2026-09-08 17:42:44,964 - DEBUG - PIL.PngImagePlugin - STREAM b'IHDR' 16 13
2026-09-08 17:42:44,964 - DEBUG - PIL.PngImagePlugin - STREAM b'IDAT' 41 62450
2026-09-08 17:42:44,972 - DEBUG - PIL.PngImagePlugin - STREAM b'IHDR' 16 13
2026-09-08 17:42:44,973 - DEBUG - PIL.PngImagePlugin - STREAM b'IDAT' 41 62450
2026-09-08 17:42:44,980 - DEBUG - PIL.PngImagePlugin - STREAM b'IHDR' 16 13
2026-09-08 17:42:44,981 - DEBUG - PIL.PngImagePlugin - STREAM b'IDAT' 41 62450
2026-09-08 17:42:44,988 - DEBUG - PIL.PngImagePlugin - STREAM b'IHDR' 16 13
2026-09-08 17:42:44,989 - DEBUG - PIL.PngImagePlugin - STREAM b'IDAT' 41 62450
2026-09-08 17:42:46,032 - INFO - KGameTracker - ℹ️  ==================================================
2026-09-08 17:42:46,032 - INFO - KGameTracker - ℹ️  K GAME TRACKER - CERRADA
2026-09-08 17:42:46,032 - INFO - KGameTracker - ℹ️  ==================================================
2026-09-08 17:45:02,175 - INFO - KGameTracker - ℹ️  ==================================================
2026-09-08 17:45:02,175 - INFO - KGameTracker - ℹ️  K GAME TRACKER - INICIADA
2026-09-08 17:45:02,175 - INFO - KGameTracker - ℹ️  ==================================================
2026-09-08 17:45:02,290 - DEBUG - PIL.Image - Importing PngImagePlugin
2026-09-08 17:45:02,297 - DEBUG - PIL.PngImagePlugin - STREAM b'IHDR' 16 13
2026-09-08 17:45:02,297 - DEBUG - PIL.PngImagePlugin - STREAM b'caBX' 41 5758
2026-09-08 17:45:02,297 - DEBUG - PIL.PngImagePlugin - b'caBX' 41 5758 (unknown)
2026-09-08 17:45:02,297 - DEBUG - PIL.PngImagePlugin - STREAM b'IDAT' 5811 65536
2026-09-08 17:45:04,576 - DEBUG - PIL.PngImagePlugin - STREAM b'IHDR' 16 13
2026-09-08 17:45:04,576 - DEBUG - PIL.PngImagePlugin - STREAM b'caBX' 41 5758
2026-09-08 17:45:04,577 - DEBUG - PIL.PngImagePlugin - b'caBX' 41 5758 (unknown)
2026-09-08 17:45:04,577 - DEBUG - PIL.PngImagePlugin - STREAM b'IDAT' 5811 65536
2026-09-08 17:45:04,609 - DEBUG - PIL.PngImagePlugin - STREAM b'IHDR' 16 13
2026-09-08 17:45:04,609 - DEBUG - PIL.PngImagePlugin - STREAM b'IDAT' 41 53758
2026-09-08 17:45:04,613 - DEBUG - PIL.PngImagePlugin - STREAM b'IHDR' 16 13
2026-09-08 17:45:04,614 - DEBUG - PIL.PngImagePlugin - STREAM b'IDAT' 41 65536
2026-09-08 17:45:04,617 - DEBUG - PIL.PngImagePlugin - STREAM b'IHDR' 16 13
2026-09-08 17:45:04,617 - DEBUG - PIL.PngImagePlugin - STREAM b'IDAT' 41 58612
2026-09-08 17:45:04,621 - DEBUG - PIL.PngImagePlugin - STREAM b'IHDR' 16 13
2026-09-08 17:45:04,621 - DEBUG - PIL.PngImagePlugin - STREAM b'IDAT' 41 63613
2026-09-08 17:45:04,625 - DEBUG - PIL.PngImagePlugin - STREAM b'IHDR' 16 13
2026-09-08 17:45:04,625 - DEBUG - PIL.PngImagePlugin - STREAM b'IDAT' 41 65536
2026-09-08 17:45:04,630 - DEBUG - PIL.PngImagePlugin - STREAM b'IHDR' 16 13
2026-09-08 17:45:04,630 - DEBUG - PIL.PngImagePlugin - STREAM b'IDAT' 41 63580
2026-09-08 17:45:04,634 - DEBUG - PIL.PngImagePlugin - STREAM b'IHDR' 16 13
2026-09-08 17:45:04,634 - DEBUG - PIL.PngImagePlugin - STREAM b'IDAT' 41 64126
2026-09-08 17:45:04,639 - DEBUG - PIL.PngImagePlugin - STREAM b'IHDR' 16 13
2026-09-08 17:45:04,639 - DEBUG - PIL.PngImagePlugin - STREAM b'IDAT' 41 64126
2026-09-08 17:45:04,643 - DEBUG - PIL.PngImagePlugin - STREAM b'IHDR' 16 13
2026-09-08 17:45:04,643 - DEBUG - PIL.PngImagePlugin - STREAM b'IDAT' 41 64126
2026-09-08 17:45:04,647 - DEBUG - PIL.PngImagePlugin - STREAM b'IHDR' 16 13
2026-09-08 17:45:04,647 - DEBUG - PIL.PngImagePlugin - STREAM b'IDAT' 41 56150
2026-09-08 17:45:04,651 - DEBUG - PIL.PngImagePlugin - STREAM b'IHDR' 16 13
2026-09-08 17:45:04,651 - DEBUG - PIL.PngImagePlugin - STREAM b'IDAT' 41 64126
2026-09-08 17:45:04,655 - DEBUG - PIL.PngImagePlugin - STREAM b'IHDR' 16 13
2026-09-08 17:45:04,655 - DEBUG - PIL.PngImagePlugin - STREAM b'IDAT' 41 64126
2026-09-08 17:45:04,668 - DEBUG - PIL.PngImagePlugin - STREAM b'IHDR' 16 13
2026-09-08 17:45:04,668 - DEBUG - PIL.PngImagePlugin - STREAM b'IDAT' 41 62450
2026-09-08 17:45:04,777 - DEBUG - PIL.PngImagePlugin - STREAM b'IHDR' 16 13
2026-09-08 17:45:04,777 - DEBUG - PIL.PngImagePlugin - STREAM b'IDAT' 41 62450
2026-09-08 17:45:04,780 - DEBUG - PIL.PngImagePlugin - STREAM b'IHDR' 16 13
2026-09-08 17:45:04,780 - DEBUG - PIL.PngImagePlugin - STREAM b'IDAT' 41 65536
2026-09-08 17:45:04,890 - DEBUG - PIL.PngImagePlugin - STREAM b'IHDR' 16 13
2026-09-08 17:45:04,891 - DEBUG - PIL.PngImagePlugin - STREAM b'IDAT' 41 62450
2026-09-08 17:45:04,993 - DEBUG - PIL.PngImagePlugin - STREAM b'IHDR' 16 13
2026-09-08 17:45:04,994 - DEBUG - PIL.PngImagePlugin - STREAM b'IDAT' 41 62450
2026-09-08 17:45:05,097 - DEBUG - PIL.PngImagePlugin - STREAM b'IHDR' 16 13
2026-09-08 17:45:05,098 - DEBUG - PIL.PngImagePlugin - STREAM b'IDAT' 41 62450
2026-09-08 17:45:05,200 - DEBUG - PIL.PngImagePlugin - STREAM b'IHDR' 16 13
2026-09-08 17:45:05,201 - DEBUG - PIL.PngImagePlugin - STREAM b'IDAT' 41 62450
2026-09-08 17:45:05,304 - DEBUG - PIL.PngImagePlugin - STREAM b'IHDR' 16 13
2026-09-08 17:45:05,304 - DEBUG - PIL.PngImagePlugin - STREAM b'IDAT' 41 62450
2026-09-08 17:45:05,408 - DEBUG - PIL.PngImagePlugin - STREAM b'IHDR' 16 13
2026-09-08 17:45:05,408 - DEBUG - PIL.PngImagePlugin - STREAM b'IDAT' 41 62450
2026-09-08 17:45:05,511 - DEBUG - PIL.PngImagePlugin - STREAM b'IHDR' 16 13
2026-09-08 17:45:05,511 - DEBUG - PIL.PngImagePlugin - STREAM b'IDAT' 41 62450
2026-09-08 17:45:05,614 - DEBUG - PIL.PngImagePlugin - STREAM b'IHDR' 16 13
2026-09-08 17:45:05,614 - DEBUG - PIL.PngImagePlugin - STREAM b'IDAT' 41 62450
2026-09-08 17:45:05,717 - DEBUG - PIL.PngImagePlugin - STREAM b'IHDR' 16 13
2026-09-08 17:45:05,718 - DEBUG - PIL.PngImagePlugin - STREAM b'IDAT' 41 62450
2026-09-08 17:45:05,821 - DEBUG - PIL.PngImagePlugin - STREAM b'IHDR' 16 13
2026-09-08 17:45:05,821 - DEBUG - PIL.PngImagePlugin - STREAM b'IDAT' 41 62450
2026-09-08 17:45:05,824 - DEBUG - PIL.PngImagePlugin - STREAM b'IHDR' 16 13
2026-09-08 17:45:05,824 - DEBUG - PIL.PngImagePlugin - STREAM b'IDAT' 41 62450
2026-09-08 17:45:07,230 - DEBUG - PIL.PngImagePlugin - STREAM b'IHDR' 16 13
2026-09-08 17:45:07,230 - DEBUG - PIL.PngImagePlugin - STREAM b'IDAT' 41 62450
2026-09-08 17:45:07,238 - DEBUG - PIL.PngImagePlugin - STREAM b'IHDR' 16 13
2026-09-08 17:45:07,238 - DEBUG - PIL.PngImagePlugin - STREAM b'IDAT' 41 62450
2026-09-08 17:45:07,270 - DEBUG - PIL.PngImagePlugin - STREAM b'IHDR' 16 13
2026-09-08 17:45:07,270 - DEBUG - PIL.PngImagePlugin - STREAM b'IDAT' 41 62450
2026-09-08 17:45:07,278 - DEBUG - PIL.PngImagePlugin - STREAM b'IHDR' 16 13
2026-09-08 17:45:07,278 - DEBUG - PIL.PngImagePlugin - STREAM b'IDAT' 41 62450
2026-09-08 17:45:07,287 - DEBUG - PIL.PngImagePlugin - STREAM b'IHDR' 16 13
2026-09-08 17:45:07,287 - DEBUG - PIL.PngImagePlugin - STREAM b'IDAT' 41 62450
2026-09-08 17:45:07,294 - DEBUG - PIL.PngImagePlugin - STREAM b'IHDR' 16 13
2026-09-08 17:45:07,294 - DEBUG - PIL.PngImagePlugin - STREAM b'IDAT' 41 62450
2026-09-08 17:45:07,303 - DEBUG - PIL.PngImagePlugin - STREAM b'IHDR' 16 13
2026-09-08 17:45:07,303 - DEBUG - PIL.PngImagePlugin - STREAM b'IDAT' 41 62450
2026-09-08 17:45:07,310 - DEBUG - PIL.PngImagePlugin - STREAM b'IHDR' 16 13
2026-09-08 17:45:07,310 - DEBUG - PIL.PngImagePlugin - STREAM b'IDAT' 41 62450
2026-09-08 17:45:07,318 - DEBUG - PIL.PngImagePlugin - STREAM b'IHDR' 16 13
2026-09-08 17:45:07,319 - DEBUG - PIL.PngImagePlugin - STREAM b'IDAT' 41 62450
2026-09-08 17:45:07,382 - DEBUG - PIL.PngImagePlugin - STREAM b'IHDR' 16 13
2026-09-08 17:45:07,382 - DEBUG - PIL.PngImagePlugin - STREAM b'IDAT' 41 62450
2026-09-08 17:45:07,390 - DEBUG - PIL.PngImagePlugin - STREAM b'IHDR' 16 13
2026-09-08 17:45:07,390 - DEBUG - PIL.PngImagePlugin - STREAM b'IDAT' 41 62450
2026-09-08 17:45:07,398 - DEBUG - PIL.PngImagePlugin - STREAM b'IHDR' 16 13
2026-09-08 17:45:07,398 - DEBUG - PIL.PngImagePlugin - STREAM b'IDAT' 41 62450
2026-09-08 17:45:07,406 - DEBUG - PIL.PngImagePlugin - STREAM b'IHDR' 16 13
2026-09-08 17:45:07,406 - DEBUG - PIL.PngImagePlugin - STREAM b'IDAT' 41 62450
2026-09-08 17:45:07,414 - DEBUG - PIL.PngImagePlugin - STREAM b'IHDR' 16 13
2026-09-08 17:45:07,414 - DEBUG - PIL.PngImagePlugin - STREAM b'IDAT' 41 62450
2026-09-08 17:45:07,422 - DEBUG - PIL.PngImagePlugin - STREAM b'IHDR' 16 13
2026-09-08 17:45:07,422 - DEBUG - PIL.PngImagePlugin - STREAM b'IDAT' 41 62450
2026-09-08 17:45:07,430 - DEBUG - PIL.PngImagePlugin - STREAM b'IHDR' 16 13
2026-09-08 17:45:07,430 - DEBUG - PIL.PngImagePlugin - STREAM b'IDAT' 41 62450
2026-09-08 17:45:07,454 - DEBUG - PIL.PngImagePlugin - STREAM b'IHDR' 16 13
2026-09-08 17:45:07,454 - DEBUG - PIL.PngImagePlugin - STREAM b'IDAT' 41 62450
2026-09-08 17:45:07,478 - DEBUG - PIL.PngImagePlugin - STREAM b'IHDR' 16 13
2026-09-08 17:45:07,478 - DEBUG - PIL.PngImagePlugin - STREAM b'IDAT' 41 62450
2026-09-08 17:45:07,486 - DEBUG - PIL.PngImagePlugin - STREAM b'IHDR' 16 13
2026-09-08 17:45:07,486 - DEBUG - PIL.PngImagePlugin - STREAM b'IDAT' 41 62450
2026-09-08 17:45:07,494 - DEBUG - PIL.PngImagePlugin - STREAM b'IHDR' 16 13
2026-09-08 17:45:07,495 - DEBUG - PIL.PngImagePlugin - STREAM b'IDAT' 41 62450
2026-09-08 17:45:07,502 - DEBUG - PIL.PngImagePlugin - STREAM b'IHDR' 16 13
2026-09-08 17:45:07,502 - DEBUG - PIL.PngImagePlugin - STREAM b'IDAT' 41 62450
2026-09-08 17:45:07,510 - DEBUG - PIL.PngImagePlugin - STREAM b'IHDR' 16 13
2026-09-08 17:45:07,511 - DEBUG - PIL.PngImagePlugin - STREAM b'IDAT' 41 62450
2026-09-08 17:45:07,518 - DEBUG - PIL.PngImagePlugin - STREAM b'IHDR' 16 13
2026-09-08 17:45:07,518 - DEBUG - PIL.PngImagePlugin - STREAM b'IDAT' 41 62450
2026-09-08 17:45:07,542 - DEBUG - PIL.PngImagePlugin - STREAM b'IHDR' 16 13
2026-09-08 17:45:07,542 - DEBUG - PIL.PngImagePlugin - STREAM b'IDAT' 41 62450
2026-09-08 17:45:07,550 - DEBUG - PIL.PngImagePlugin - STREAM b'IHDR' 16 13
2026-09-08 17:45:07,550 - DEBUG - PIL.PngImagePlugin - STREAM b'IDAT' 41 62450
2026-09-08 17:45:07,558 - DEBUG - PIL.PngImagePlugin - STREAM b'IHDR' 16 13
2026-09-08 17:45:07,558 - DEBUG - PIL.PngImagePlugin - STREAM b'IDAT' 41 62450
2026-09-08 17:45:07,566 - DEBUG - PIL.PngImagePlugin - STREAM b'IHDR' 16 13
2026-09-08 17:45:07,566 - DEBUG - PIL.PngImagePlugin - STREAM b'IDAT' 41 62450
2026-09-08 17:45:07,574 - DEBUG - PIL.PngImagePlugin - STREAM b'IHDR' 16 13
2026-09-08 17:45:07,574 - DEBUG - PIL.PngImagePlugin - STREAM b'IDAT' 41 62450
2026-09-08 17:45:07,582 - DEBUG - PIL.PngImagePlugin - STREAM b'IHDR' 16 13
2026-09-08 17:45:07,582 - DEBUG - PIL.PngImagePlugin - STREAM b'IDAT' 41 62450
2026-09-08 17:45:07,590 - DEBUG - PIL.PngImagePlugin - STREAM b'IHDR' 16 13
2026-09-08 17:45:07,590 - DEBUG - PIL.PngImagePlugin - STREAM b'IDAT' 41 62450
2026-09-08 17:45:07,598 - DEBUG - PIL.PngImagePlugin - STREAM b'IHDR' 16 13
2026-09-08 17:45:07,598 - DEBUG - PIL.PngImagePlugin - STREAM b'IDAT' 41 62450
2026-09-08 17:45:07,606 - DEBUG - PIL.PngImagePlugin - STREAM b'IHDR' 16 13
2026-09-08 17:45:07,606 - DEBUG - PIL.PngImagePlugin - STREAM b'IDAT' 41 62450
2026-09-08 17:45:07,614 - DEBUG - PIL.PngImagePlugin - STREAM b'IHDR' 16 13
2026-09-08 17:45:07,614 - DEBUG - PIL.PngImagePlugin - STREAM b'IDAT' 41 62450
2026-09-08 17:45:07,622 - DEBUG - PIL.PngImagePlugin - STREAM b'IHDR' 16 13
2026-09-08 17:45:07,622 - DEBUG - PIL.PngImagePlugin - STREAM b'IDAT' 41 62450
2026-09-08 17:45:07,662 - DEBUG - PIL.PngImagePlugin - STREAM b'IHDR' 16 13
2026-09-08 17:45:07,662 - DEBUG - PIL.PngImagePlugin - STREAM b'IDAT' 41 62450
2026-09-08 17:45:07,670 - DEBUG - PIL.PngImagePlugin - STREAM b'IHDR' 16 13
2026-09-08 17:45:07,670 - DEBUG - PIL.PngImagePlugin - STREAM b'IDAT' 41 62450
2026-09-08 17:45:07,678 - DEBUG - PIL.PngImagePlugin - STREAM b'IHDR' 16 13
2026-09-08 17:45:07,678 - DEBUG - PIL.PngImagePlugin - STREAM b'IDAT' 41 62450
2026-09-08 17:45:07,686 - DEBUG - PIL.PngImagePlugin - STREAM b'IHDR' 16 13
2026-09-08 17:45:07,686 - DEBUG - PIL.PngImagePlugin - STREAM b'IDAT' 41 62450
2026-09-08 17:45:07,694 - DEBUG - PIL.PngImagePlugin - STREAM b'IHDR' 16 13
2026-09-08 17:45:07,694 - DEBUG - PIL.PngImagePlugin - STREAM b'IDAT' 41 62450
2026-09-08 17:45:07,702 - DEBUG - PIL.PngImagePlugin - STREAM b'IHDR' 16 13
2026-09-08 17:45:07,703 - DEBUG - PIL.PngImagePlugin - STREAM b'IDAT' 41 62450
2026-09-08 17:45:07,710 - DEBUG - PIL.PngImagePlugin - STREAM b'IHDR' 16 13
2026-09-08 17:45:07,710 - DEBUG - PIL.PngImagePlugin - STREAM b'IDAT' 41 62450
2026-09-08 17:45:07,718 - DEBUG - PIL.PngImagePlugin - STREAM b'IHDR' 16 13
2026-09-08 17:45:07,718 - DEBUG - PIL.PngImagePlugin - STREAM b'IDAT' 41 62450
2026-09-08 17:45:07,726 - DEBUG - PIL.PngImagePlugin - STREAM b'IHDR' 16 13
2026-09-08 17:45:07,726 - DEBUG - PIL.PngImagePlugin - STREAM b'IDAT' 41 62450
2026-09-08 17:45:07,742 - DEBUG - PIL.PngImagePlugin - STREAM b'IHDR' 16 13
2026-09-08 17:45:07,742 - DEBUG - PIL.PngImagePlugin - STREAM b'IDAT' 41 62450
2026-09-08 17:45:07,820 - DEBUG - PIL.PngImagePlugin - STREAM b'IHDR' 16 13
2026-09-08 17:45:07,820 - DEBUG - PIL.PngImagePlugin - STREAM b'IDAT' 41 62450
2026-09-08 17:45:07,828 - DEBUG - PIL.PngImagePlugin - STREAM b'IHDR' 16 13
2026-09-08 17:45:07,828 - DEBUG - PIL.PngImagePlugin - STREAM b'IDAT' 41 62450
2026-09-08 17:45:07,836 - DEBUG - PIL.PngImagePlugin - STREAM b'IHDR' 16 13
2026-09-08 17:45:07,837 - DEBUG - PIL.PngImagePlugin - STREAM b'IDAT' 41 62450
2026-09-08 17:45:07,844 - DEBUG - PIL.PngImagePlugin - STREAM b'IHDR' 16 13
2026-09-08 17:45:07,844 - DEBUG - PIL.PngImagePlugin - STREAM b'IDAT' 41 62450
2026-09-08 17:45:07,852 - DEBUG - PIL.PngImagePlugin - STREAM b'IHDR' 16 13
2026-09-08 17:45:07,853 - DEBUG - PIL.PngImagePlugin - STREAM b'IDAT' 41 62450
2026-09-08 17:45:07,860 - DEBUG - PIL.PngImagePlugin - STREAM b'IHDR' 16 13
2026-09-08 17:45:07,860 - DEBUG - PIL.PngImagePlugin - STREAM b'IDAT' 41 62450
2026-09-08 17:45:07,868 - DEBUG - PIL.PngImagePlugin - STREAM b'IHDR' 16 13
2026-09-08 17:45:07,868 - DEBUG - PIL.PngImagePlugin - STREAM b'IDAT' 41 62450
2026-09-08 17:45:07,876 - DEBUG - PIL.PngImagePlugin - STREAM b'IHDR' 16 13
2026-09-08 17:45:07,876 - DEBUG - PIL.PngImagePlugin - STREAM b'IDAT' 41 62450
2026-09-08 17:45:07,884 - DEBUG - PIL.PngImagePlugin - STREAM b'IHDR' 16 13
2026-09-08 17:45:07,884 - DEBUG - PIL.PngImagePlugin - STREAM b'IDAT' 41 62450
2026-09-08 17:45:07,892 - DEBUG - PIL.PngImagePlugin - STREAM b'IHDR' 16 13
2026-09-08 17:45:07,892 - DEBUG - PIL.PngImagePlugin - STREAM b'IDAT' 41 62450
2026-09-08 17:45:07,900 - DEBUG - PIL.PngImagePlugin - STREAM b'IHDR' 16 13
2026-09-08 17:45:07,900 - DEBUG - PIL.PngImagePlugin - STREAM b'IDAT' 41 62450
2026-09-08 17:45:07,908 - DEBUG - PIL.PngImagePlugin - STREAM b'IHDR' 16 13
2026-09-08 17:45:07,908 - DEBUG - PIL.PngImagePlugin - STREAM b'IDAT' 41 62450
2026-09-08 17:45:07,916 - DEBUG - PIL.PngImagePlugin - STREAM b'IHDR' 16 13
2026-09-08 17:45:07,916 - DEBUG - PIL.PngImagePlugin - STREAM b'IDAT' 41 62450
2026-09-08 17:45:07,924 - DEBUG - PIL.PngImagePlugin - STREAM b'IHDR' 16 13
2026-09-08 17:45:07,924 - DEBUG - PIL.PngImagePlugin - STREAM b'IDAT' 41 62450
2026-09-08 17:45:07,932 - DEBUG - PIL.PngImagePlugin - STREAM b'IHDR' 16 13
2026-09-08 17:45:07,932 - DEBUG - PIL.PngImagePlugin - STREAM b'IDAT' 41 62450
2026-09-08 17:45:07,940 - DEBUG - PIL.PngImagePlugin - STREAM b'IHDR' 16 13
2026-09-08 17:45:07,940 - DEBUG - PIL.PngImagePlugin - STREAM b'IDAT' 41 62450
2026-09-08 17:45:07,948 - DEBUG - PIL.PngImagePlugin - STREAM b'IHDR' 16 13
2026-09-08 17:45:07,948 - DEBUG - PIL.PngImagePlugin - STREAM b'IDAT' 41 62450
2026-09-08 17:45:07,956 - DEBUG - PIL.PngImagePlugin - STREAM b'IHDR' 16 13
2026-09-08 17:45:07,956 - DEBUG - PIL.PngImagePlugin - STREAM b'IDAT' 41 62450
2026-09-08 17:45:07,964 - DEBUG - PIL.PngImagePlugin - STREAM b'IHDR' 16 13
2026-09-08 17:45:07,964 - DEBUG - PIL.PngImagePlugin - STREAM b'IDAT' 41 62450
2026-09-08 17:45:07,972 - DEBUG - PIL.PngImagePlugin - STREAM b'IHDR' 16 13
2026-09-08 17:45:07,972 - DEBUG - PIL.PngImagePlugin - STREAM b'IDAT' 41 62450
2026-09-08 17:45:07,980 - DEBUG - PIL.PngImagePlugin - STREAM b'IHDR' 16 13
2026-09-08 17:45:07,980 - DEBUG - PIL.PngImagePlugin - STREAM b'IDAT' 41 62450
2026-09-08 17:45:07,988 - DEBUG - PIL.PngImagePlugin - STREAM b'IHDR' 16 13
2026-09-08 17:45:07,988 - DEBUG - PIL.PngImagePlugin - STREAM b'IDAT' 41 62450
2026-09-08 17:45:08,586 - DEBUG - PIL.PngImagePlugin - STREAM b'IHDR' 16 13
2026-09-08 17:45:08,586 - DEBUG - PIL.PngImagePlugin - STREAM b'IDAT' 41 62450
2026-09-08 17:45:08,594 - DEBUG - PIL.PngImagePlugin - STREAM b'IHDR' 16 13
2026-09-08 17:45:08,594 - DEBUG - PIL.PngImagePlugin - STREAM b'IDAT' 41 62450
2026-09-08 17:45:08,603 - DEBUG - PIL.PngImagePlugin - STREAM b'IHDR' 16 13
2026-09-08 17:45:08,603 - DEBUG - PIL.PngImagePlugin - STREAM b'IDAT' 41 62450
2026-09-08 17:45:08,611 - DEBUG - PIL.PngImagePlugin - STREAM b'IHDR' 16 13
2026-09-08 17:45:08,611 - DEBUG - PIL.PngImagePlugin - STREAM b'IDAT' 41 62450
2026-09-08 17:45:08,618 - DEBUG - PIL.PngImagePlugin - STREAM b'IHDR' 16 13
2026-09-08 17:45:08,619 - DEBUG - PIL.PngImagePlugin - STREAM b'IDAT' 41 62450
2026-09-08 17:45:08,626 - DEBUG - PIL.PngImagePlugin - STREAM b'IHDR' 16 13
2026-09-08 17:45:08,626 - DEBUG - PIL.PngImagePlugin - STREAM b'IDAT' 41 62450
2026-09-08 17:45:08,634 - DEBUG - PIL.PngImagePlugin - STREAM b'IHDR' 16 13
2026-09-08 17:45:08,634 - DEBUG - PIL.PngImagePlugin - STREAM b'IDAT' 41 62450
2026-09-08 17:45:08,642 - DEBUG - PIL.PngImagePlugin - STREAM b'IHDR' 16 13
2026-09-08 17:45:08,642 - DEBUG - PIL.PngImagePlugin - STREAM b'IDAT' 41 62450
2026-09-08 17:45:08,650 - DEBUG - PIL.PngImagePlugin - STREAM b'IHDR' 16 13
2026-09-08 17:45:08,650 - DEBUG - PIL.PngImagePlugin - STREAM b'IDAT' 41 62450
2026-09-08 17:45:08,660 - DEBUG - PIL.PngImagePlugin - STREAM b'IHDR' 16 13
2026-09-08 17:45:08,660 - DEBUG - PIL.PngImagePlugin - STREAM b'IDAT' 41 62450
2026-09-08 17:45:08,668 - DEBUG - PIL.PngImagePlugin - STREAM b'IHDR' 16 13
2026-09-08 17:45:08,668 - DEBUG - PIL.PngImagePlugin - STREAM b'IDAT' 41 62450
2026-09-08 17:45:08,676 - DEBUG - PIL.PngImagePlugin - STREAM b'IHDR' 16 13
2026-09-08 17:45:08,676 - DEBUG - PIL.PngImagePlugin - STREAM b'IDAT' 41 62450
2026-09-08 17:45:08,684 - DEBUG - PIL.PngImagePlugin - STREAM b'IHDR' 16 13
2026-09-08 17:45:08,684 - DEBUG - PIL.PngImagePlugin - STREAM b'IDAT' 41 62450
2026-09-08 17:45:08,692 - DEBUG - PIL.PngImagePlugin - STREAM b'IHDR' 16 13
2026-09-08 17:45:08,692 - DEBUG - PIL.PngImagePlugin - STREAM b'IDAT' 41 62450
2026-09-08 17:45:53,558 - INFO - KGameTracker - ℹ️  ==================================================
2026-09-08 17:45:53,558 - INFO - KGameTracker - ℹ️  K GAME TRACKER - CERRADA
2026-09-08 17:45:53,558 - INFO - KGameTracker - ℹ️  ==================================================
2026-09-08 17:45:57,981 - INFO - KGameTracker - ℹ️  ==================================================
2026-09-08 17:45:57,982 - INFO - KGameTracker - ℹ️  K GAME TRACKER - INICIADA
2026-09-08 17:45:57,982 - INFO - KGameTracker - ℹ️  ==================================================
2026-09-08 17:45:58,096 - DEBUG - PIL.Image - Importing PngImagePlugin
2026-09-08 17:45:58,102 - DEBUG - PIL.PngImagePlugin - STREAM b'IHDR' 16 13
2026-09-08 17:45:58,103 - DEBUG - PIL.PngImagePlugin - STREAM b'caBX' 41 5758
2026-09-08 17:45:58,103 - DEBUG - PIL.PngImagePlugin - b'caBX' 41 5758 (unknown)
2026-09-08 17:45:58,103 - DEBUG - PIL.PngImagePlugin - STREAM b'IDAT' 5811 65536
2026-09-08 17:46:00,387 - DEBUG - PIL.PngImagePlugin - STREAM b'IHDR' 16 13
2026-09-08 17:46:00,387 - DEBUG - PIL.PngImagePlugin - STREAM b'caBX' 41 5758
2026-09-08 17:46:00,387 - DEBUG - PIL.PngImagePlugin - b'caBX' 41 5758 (unknown)
2026-09-08 17:46:00,388 - DEBUG - PIL.PngImagePlugin - STREAM b'IDAT' 5811 65536
2026-09-08 17:46:00,422 - DEBUG - PIL.PngImagePlugin - STREAM b'IHDR' 16 13
2026-09-08 17:46:00,422 - DEBUG - PIL.PngImagePlugin - STREAM b'IDAT' 41 53758
2026-09-08 17:46:00,426 - DEBUG - PIL.PngImagePlugin - STREAM b'IHDR' 16 13
2026-09-08 17:46:00,426 - DEBUG - PIL.PngImagePlugin - STREAM b'IDAT' 41 65536
2026-09-08 17:46:00,431 - DEBUG - PIL.PngImagePlugin - STREAM b'IHDR' 16 13
2026-09-08 17:46:00,431 - DEBUG - PIL.PngImagePlugin - STREAM b'IDAT' 41 58612
2026-09-08 17:46:00,434 - DEBUG - PIL.PngImagePlugin - STREAM b'IHDR' 16 13
2026-09-08 17:46:00,434 - DEBUG - PIL.PngImagePlugin - STREAM b'IDAT' 41 63613
2026-09-08 17:46:00,438 - DEBUG - PIL.PngImagePlugin - STREAM b'IHDR' 16 13
2026-09-08 17:46:00,438 - DEBUG - PIL.PngImagePlugin - STREAM b'IDAT' 41 65536
2026-09-08 17:46:00,443 - DEBUG - PIL.PngImagePlugin - STREAM b'IHDR' 16 13
2026-09-08 17:46:00,443 - DEBUG - PIL.PngImagePlugin - STREAM b'IDAT' 41 63580
2026-09-08 17:46:00,447 - DEBUG - PIL.PngImagePlugin - STREAM b'IHDR' 16 13
2026-09-08 17:46:00,448 - DEBUG - PIL.PngImagePlugin - STREAM b'IDAT' 41 64126
2026-09-08 17:46:00,452 - DEBUG - PIL.PngImagePlugin - STREAM b'IHDR' 16 13
2026-09-08 17:46:00,452 - DEBUG - PIL.PngImagePlugin - STREAM b'IDAT' 41 64126
2026-09-08 17:46:00,457 - DEBUG - PIL.PngImagePlugin - STREAM b'IHDR' 16 13
2026-09-08 17:46:00,457 - DEBUG - PIL.PngImagePlugin - STREAM b'IDAT' 41 64126
2026-09-08 17:46:00,461 - DEBUG - PIL.PngImagePlugin - STREAM b'IHDR' 16 13
2026-09-08 17:46:00,462 - DEBUG - PIL.PngImagePlugin - STREAM b'IDAT' 41 56150
2026-09-08 17:46:00,465 - DEBUG - PIL.PngImagePlugin - STREAM b'IHDR' 16 13
2026-09-08 17:46:00,465 - DEBUG - PIL.PngImagePlugin - STREAM b'IDAT' 41 64126
2026-09-08 17:46:00,469 - DEBUG - PIL.PngImagePlugin - STREAM b'IHDR' 16 13
2026-09-08 17:46:00,470 - DEBUG - PIL.PngImagePlugin - STREAM b'IDAT' 41 64126
2026-09-08 17:46:00,482 - DEBUG - PIL.PngImagePlugin - STREAM b'IHDR' 16 13
2026-09-08 17:46:00,482 - DEBUG - PIL.PngImagePlugin - STREAM b'IDAT' 41 62450
2026-09-08 17:46:00,589 - DEBUG - PIL.PngImagePlugin - STREAM b'IHDR' 16 13
2026-09-08 17:46:00,589 - DEBUG - PIL.PngImagePlugin - STREAM b'IDAT' 41 62450
2026-09-08 17:46:00,592 - DEBUG - PIL.PngImagePlugin - STREAM b'IHDR' 16 13
2026-09-08 17:46:00,592 - DEBUG - PIL.PngImagePlugin - STREAM b'IDAT' 41 65536
2026-09-08 17:46:00,697 - DEBUG - PIL.PngImagePlugin - STREAM b'IHDR' 16 13
2026-09-08 17:46:00,697 - DEBUG - PIL.PngImagePlugin - STREAM b'IDAT' 41 62450
2026-09-08 17:46:00,800 - DEBUG - PIL.PngImagePlugin - STREAM b'IHDR' 16 13
2026-09-08 17:46:00,800 - DEBUG - PIL.PngImagePlugin - STREAM b'IDAT' 41 62450
2026-09-08 17:46:00,904 - DEBUG - PIL.PngImagePlugin - STREAM b'IHDR' 16 13
2026-09-08 17:46:00,904 - DEBUG - PIL.PngImagePlugin - STREAM b'IDAT' 41 62450
2026-09-08 17:46:01,007 - DEBUG - PIL.PngImagePlugin - STREAM b'IHDR' 16 13
2026-09-08 17:46:01,007 - DEBUG - PIL.PngImagePlugin - STREAM b'IDAT' 41 62450
2026-09-08 17:46:01,110 - DEBUG - PIL.PngImagePlugin - STREAM b'IHDR' 16 13
2026-09-08 17:46:01,110 - DEBUG - PIL.PngImagePlugin - STREAM b'IDAT' 41 62450
2026-09-08 17:46:01,213 - DEBUG - PIL.PngImagePlugin - STREAM b'IHDR' 16 13
2026-09-08 17:46:01,213 - DEBUG - PIL.PngImagePlugin - STREAM b'IDAT' 41 62450
2026-09-08 17:46:01,316 - DEBUG - PIL.PngImagePlugin - STREAM b'IHDR' 16 13
2026-09-08 17:46:01,316 - DEBUG - PIL.PngImagePlugin - STREAM b'IDAT' 41 62450
2026-09-08 17:46:01,419 - DEBUG - PIL.PngImagePlugin - STREAM b'IHDR' 16 13
2026-09-08 17:46:01,420 - DEBUG - PIL.PngImagePlugin - STREAM b'IDAT' 41 62450
2026-09-08 17:46:01,522 - DEBUG - PIL.PngImagePlugin - STREAM b'IHDR' 16 13
2026-09-08 17:46:01,523 - DEBUG - PIL.PngImagePlugin - STREAM b'IDAT' 41 62450
2026-09-08 17:46:01,625 - DEBUG - PIL.PngImagePlugin - STREAM b'IHDR' 16 13
2026-09-08 17:46:01,626 - DEBUG - PIL.PngImagePlugin - STREAM b'IDAT' 41 62450
2026-09-08 17:46:01,729 - DEBUG - PIL.PngImagePlugin - STREAM b'IHDR' 16 13
2026-09-08 17:46:01,729 - DEBUG - PIL.PngImagePlugin - STREAM b'IDAT' 41 62450
2026-09-08 17:46:01,832 - DEBUG - PIL.PngImagePlugin - STREAM b'IHDR' 16 13
2026-09-08 17:46:01,832 - DEBUG - PIL.PngImagePlugin - STREAM b'IDAT' 41 62450
2026-09-08 17:46:01,935 - DEBUG - PIL.PngImagePlugin - STREAM b'IHDR' 16 13
2026-09-08 17:46:01,935 - DEBUG - PIL.PngImagePlugin - STREAM b'IDAT' 41 62450
2026-09-08 17:46:02,038 - DEBUG - PIL.PngImagePlugin - STREAM b'IHDR' 16 13
2026-09-08 17:46:02,038 - DEBUG - PIL.PngImagePlugin - STREAM b'IDAT' 41 62450
2026-09-08 17:46:02,141 - DEBUG - PIL.PngImagePlugin - STREAM b'IHDR' 16 13
2026-09-08 17:46:02,141 - DEBUG - PIL.PngImagePlugin - STREAM b'IDAT' 41 62450
2026-09-08 17:46:02,245 - DEBUG - PIL.PngImagePlugin - STREAM b'IHDR' 16 13
2026-09-08 17:46:02,245 - DEBUG - PIL.PngImagePlugin - STREAM b'IDAT' 41 62450
2026-09-08 17:46:02,348 - DEBUG - PIL.PngImagePlugin - STREAM b'IHDR' 16 13
2026-09-08 17:46:02,349 - DEBUG - PIL.PngImagePlugin - STREAM b'IDAT' 41 62450
2026-09-08 17:46:02,452 - DEBUG - PIL.PngImagePlugin - STREAM b'IHDR' 16 13
2026-09-08 17:46:02,452 - DEBUG - PIL.PngImagePlugin - STREAM b'IDAT' 41 62450
2026-09-08 17:46:02,555 - DEBUG - PIL.PngImagePlugin - STREAM b'IHDR' 16 13
2026-09-08 17:46:02,555 - DEBUG - PIL.PngImagePlugin - STREAM b'IDAT' 41 62450
2026-09-08 17:46:02,657 - DEBUG - PIL.PngImagePlugin - STREAM b'IHDR' 16 13
2026-09-08 17:46:02,658 - DEBUG - PIL.PngImagePlugin - STREAM b'IDAT' 41 62450
2026-09-08 17:46:02,760 - DEBUG - PIL.PngImagePlugin - STREAM b'IHDR' 16 13
2026-09-08 17:46:02,761 - DEBUG - PIL.PngImagePlugin - STREAM b'IDAT' 41 62450
2026-09-08 17:46:02,863 - DEBUG - PIL.PngImagePlugin - STREAM b'IHDR' 16 13
2026-09-08 17:46:02,864 - DEBUG - PIL.PngImagePlugin - STREAM b'IDAT' 41 62450
2026-09-08 17:46:02,966 - DEBUG - PIL.PngImagePlugin - STREAM b'IHDR' 16 13
2026-09-08 17:46:02,967 - DEBUG - PIL.PngImagePlugin - STREAM b'IDAT' 41 62450
2026-09-08 17:46:03,070 - DEBUG - PIL.PngImagePlugin - STREAM b'IHDR' 16 13
2026-09-08 17:46:03,070 - DEBUG - PIL.PngImagePlugin - STREAM b'IDAT' 41 62450
2026-09-08 17:46:03,173 - DEBUG - PIL.PngImagePlugin - STREAM b'IHDR' 16 13
2026-09-08 17:46:03,173 - DEBUG - PIL.PngImagePlugin - STREAM b'IDAT' 41 62450
2026-09-08 17:46:03,276 - DEBUG - PIL.PngImagePlugin - STREAM b'IHDR' 16 13
2026-09-08 17:46:03,276 - DEBUG - PIL.PngImagePlugin - STREAM b'IDAT' 41 62450
2026-09-08 17:46:03,379 - DEBUG - PIL.PngImagePlugin - STREAM b'IHDR' 16 13
2026-09-08 17:46:03,379 - DEBUG - PIL.PngImagePlugin - STREAM b'IDAT' 41 62450
2026-09-08 17:46:03,482 - DEBUG - PIL.PngImagePlugin - STREAM b'IHDR' 16 13
2026-09-08 17:46:03,483 - DEBUG - PIL.PngImagePlugin - STREAM b'IDAT' 41 62450
2026-09-08 17:46:03,585 - DEBUG - PIL.PngImagePlugin - STREAM b'IHDR' 16 13
2026-09-08 17:46:03,586 - DEBUG - PIL.PngImagePlugin - STREAM b'IDAT' 41 62450
2026-09-08 17:46:03,688 - DEBUG - PIL.PngImagePlugin - STREAM b'IHDR' 16 13
2026-09-08 17:46:03,689 - DEBUG - PIL.PngImagePlugin - STREAM b'IDAT' 41 62450
2026-09-08 17:46:03,691 - DEBUG - PIL.PngImagePlugin - STREAM b'IHDR' 16 13
2026-09-08 17:46:03,691 - DEBUG - PIL.PngImagePlugin - STREAM b'IDAT' 41 62450
2026-09-08 17:46:05,268 - DEBUG - PIL.PngImagePlugin - STREAM b'IHDR' 16 13
2026-09-08 17:46:05,269 - DEBUG - PIL.PngImagePlugin - STREAM b'IDAT' 41 62450
2026-09-08 17:46:05,276 - DEBUG - PIL.PngImagePlugin - STREAM b'IHDR' 16 13
2026-09-08 17:46:05,276 - DEBUG - PIL.PngImagePlugin - STREAM b'IDAT' 41 62450
2026-09-08 17:46:05,284 - DEBUG - PIL.PngImagePlugin - STREAM b'IHDR' 16 13
2026-09-08 17:46:05,285 - DEBUG - PIL.PngImagePlugin - STREAM b'IDAT' 41 62450
2026-09-08 17:46:05,292 - DEBUG - PIL.PngImagePlugin - STREAM b'IHDR' 16 13
2026-09-08 17:46:05,293 - DEBUG - PIL.PngImagePlugin - STREAM b'IDAT' 41 62450
2026-09-08 17:46:05,300 - DEBUG - PIL.PngImagePlugin - STREAM b'IHDR' 16 13
2026-09-08 17:46:05,301 - DEBUG - PIL.PngImagePlugin - STREAM b'IDAT' 41 62450
2026-09-08 17:46:05,309 - DEBUG - PIL.PngImagePlugin - STREAM b'IHDR' 16 13
2026-09-08 17:46:05,309 - DEBUG - PIL.PngImagePlugin - STREAM b'IDAT' 41 62450
2026-09-08 17:46:05,316 - DEBUG - PIL.PngImagePlugin - STREAM b'IHDR' 16 13
2026-09-08 17:46:05,316 - DEBUG - PIL.PngImagePlugin - STREAM b'IDAT' 41 62450
2026-09-08 17:46:05,324 - DEBUG - PIL.PngImagePlugin - STREAM b'IHDR' 16 13
2026-09-08 17:46:05,324 - DEBUG - PIL.PngImagePlugin - STREAM b'IDAT' 41 62450
2026-09-08 17:46:05,332 - DEBUG - PIL.PngImagePlugin - STREAM b'IHDR' 16 13
2026-09-08 17:46:05,332 - DEBUG - PIL.PngImagePlugin - STREAM b'IDAT' 41 62450
2026-09-08 17:46:05,340 - DEBUG - PIL.PngImagePlugin - STREAM b'IHDR' 16 13
2026-09-08 17:46:05,340 - DEBUG - PIL.PngImagePlugin - STREAM b'IDAT' 41 62450
2026-09-08 17:46:05,348 - DEBUG - PIL.PngImagePlugin - STREAM b'IHDR' 16 13
2026-09-08 17:46:05,348 - DEBUG - PIL.PngImagePlugin - STREAM b'IDAT' 41 62450
2026-09-08 17:46:05,356 - DEBUG - PIL.PngImagePlugin - STREAM b'IHDR' 16 13
2026-09-08 17:46:05,356 - DEBUG - PIL.PngImagePlugin - STREAM b'IDAT' 41 62450
2026-09-08 17:46:05,364 - DEBUG - PIL.PngImagePlugin - STREAM b'IHDR' 16 13
2026-09-08 17:46:05,364 - DEBUG - PIL.PngImagePlugin - STREAM b'IDAT' 41 62450
2026-09-08 17:46:05,372 - DEBUG - PIL.PngImagePlugin - STREAM b'IHDR' 16 13
2026-09-08 17:46:05,372 - DEBUG - PIL.PngImagePlugin - STREAM b'IDAT' 41 62450
2026-09-08 17:46:05,382 - DEBUG - PIL.PngImagePlugin - STREAM b'IHDR' 16 13
2026-09-08 17:46:05,382 - DEBUG - PIL.PngImagePlugin - STREAM b'IDAT' 41 62450
2026-09-08 17:46:05,390 - DEBUG - PIL.PngImagePlugin - STREAM b'IHDR' 16 13
2026-09-08 17:46:05,390 - DEBUG - PIL.PngImagePlugin - STREAM b'IDAT' 41 62450
2026-09-08 17:46:05,398 - DEBUG - PIL.PngImagePlugin - STREAM b'IHDR' 16 13
2026-09-08 17:46:05,398 - DEBUG - PIL.PngImagePlugin - STREAM b'IDAT' 41 62450
2026-09-08 17:46:05,406 - DEBUG - PIL.PngImagePlugin - STREAM b'IHDR' 16 13
2026-09-08 17:46:05,407 - DEBUG - PIL.PngImagePlugin - STREAM b'IDAT' 41 62450
2026-09-08 17:46:05,414 - DEBUG - PIL.PngImagePlugin - STREAM b'IHDR' 16 13
2026-09-08 17:46:05,414 - DEBUG - PIL.PngImagePlugin - STREAM b'IDAT' 41 62450
2026-09-08 17:46:05,422 - DEBUG - PIL.PngImagePlugin - STREAM b'IHDR' 16 13
2026-09-08 17:46:05,422 - DEBUG - PIL.PngImagePlugin - STREAM b'IDAT' 41 62450
2026-09-08 17:46:05,430 - DEBUG - PIL.PngImagePlugin - STREAM b'IHDR' 16 13
2026-09-08 17:46:05,430 - DEBUG - PIL.PngImagePlugin - STREAM b'IDAT' 41 62450
2026-09-08 17:46:05,438 - DEBUG - PIL.PngImagePlugin - STREAM b'IHDR' 16 13
2026-09-08 17:46:05,438 - DEBUG - PIL.PngImagePlugin - STREAM b'IDAT' 41 62450
2026-09-08 17:46:05,446 - DEBUG - PIL.PngImagePlugin - STREAM b'IHDR' 16 13
2026-09-08 17:46:05,446 - DEBUG - PIL.PngImagePlugin - STREAM b'IDAT' 41 62450
2026-09-08 17:46:05,454 - DEBUG - PIL.PngImagePlugin - STREAM b'IHDR' 16 13
2026-09-08 17:46:05,454 - DEBUG - PIL.PngImagePlugin - STREAM b'IDAT' 41 62450
2026-09-08 17:46:05,462 - DEBUG - PIL.PngImagePlugin - STREAM b'IHDR' 16 13
2026-09-08 17:46:05,462 - DEBUG - PIL.PngImagePlugin - STREAM b'IDAT' 41 62450
2026-09-08 17:46:05,470 - DEBUG - PIL.PngImagePlugin - STREAM b'IHDR' 16 13
2026-09-08 17:46:05,470 - DEBUG - PIL.PngImagePlugin - STREAM b'IDAT' 41 62450
2026-09-08 17:46:05,478 - DEBUG - PIL.PngImagePlugin - STREAM b'IHDR' 16 13
2026-09-08 17:46:05,478 - DEBUG - PIL.PngImagePlugin - STREAM b'IDAT' 41 62450
2026-09-08 17:46:05,486 - DEBUG - PIL.PngImagePlugin - STREAM b'IHDR' 16 13
2026-09-08 17:46:05,486 - DEBUG - PIL.PngImagePlugin - STREAM b'IDAT' 41 62450
2026-09-08 17:46:05,494 - DEBUG - PIL.PngImagePlugin - STREAM b'IHDR' 16 13
2026-09-08 17:46:05,494 - DEBUG - PIL.PngImagePlugin - STREAM b'IDAT' 41 62450
2026-09-08 17:46:05,502 - DEBUG - PIL.PngImagePlugin - STREAM b'IHDR' 16 13
2026-09-08 17:46:05,502 - DEBUG - PIL.PngImagePlugin - STREAM b'IDAT' 41 62450
2026-09-08 17:46:05,510 - DEBUG - PIL.PngImagePlugin - STREAM b'IHDR' 16 13
2026-09-08 17:46:05,510 - DEBUG - PIL.PngImagePlugin - STREAM b'IDAT' 41 62450
2026-09-08 17:46:05,518 - DEBUG - PIL.PngImagePlugin - STREAM b'IHDR' 16 13
2026-09-08 17:46:05,518 - DEBUG - PIL.PngImagePlugin - STREAM b'IDAT' 41 62450
2026-09-08 17:46:05,526 - DEBUG - PIL.PngImagePlugin - STREAM b'IHDR' 16 13
2026-09-08 17:46:05,526 - DEBUG - PIL.PngImagePlugin - STREAM b'IDAT' 41 62450
2026-09-08 17:46:05,534 - DEBUG - PIL.PngImagePlugin - STREAM b'IHDR' 16 13
2026-09-08 17:46:05,534 - DEBUG - PIL.PngImagePlugin - STREAM b'IDAT' 41 62450
2026-09-08 17:46:05,542 - DEBUG - PIL.PngImagePlugin - STREAM b'IHDR' 16 13
2026-09-08 17:46:05,542 - DEBUG - PIL.PngImagePlugin - STREAM b'IDAT' 41 62450
2026-09-08 17:46:05,550 - DEBUG - PIL.PngImagePlugin - STREAM b'IHDR' 16 13
2026-09-08 17:46:05,550 - DEBUG - PIL.PngImagePlugin - STREAM b'IDAT' 41 62450
2026-09-08 17:46:05,558 - DEBUG - PIL.PngImagePlugin - STREAM b'IHDR' 16 13
2026-09-08 17:46:05,558 - DEBUG - PIL.PngImagePlugin - STREAM b'IDAT' 41 62450
2026-09-08 17:46:05,566 - DEBUG - PIL.PngImagePlugin - STREAM b'IHDR' 16 13
2026-09-08 17:46:05,566 - DEBUG - PIL.PngImagePlugin - STREAM b'IDAT' 41 62450
2026-09-08 17:46:05,582 - DEBUG - PIL.PngImagePlugin - STREAM b'IHDR' 16 13
2026-09-08 17:46:05,582 - DEBUG - PIL.PngImagePlugin - STREAM b'IDAT' 41 62450
2026-09-08 17:46:06,586 - DEBUG - PIL.PngImagePlugin - STREAM b'IHDR' 16 13
2026-09-08 17:46:06,586 - DEBUG - PIL.PngImagePlugin - STREAM b'IDAT' 41 62450
2026-09-08 17:46:06,595 - DEBUG - PIL.PngImagePlugin - STREAM b'IHDR' 16 13
2026-09-08 17:46:06,595 - DEBUG - PIL.PngImagePlugin - STREAM b'IDAT' 41 62450
2026-09-08 17:46:06,602 - DEBUG - PIL.PngImagePlugin - STREAM b'IHDR' 16 13
2026-09-08 17:46:06,603 - DEBUG - PIL.PngImagePlugin - STREAM b'IDAT' 41 62450
2026-09-08 17:46:06,618 - DEBUG - PIL.PngImagePlugin - STREAM b'IHDR' 16 13
2026-09-08 17:46:06,619 - DEBUG - PIL.PngImagePlugin - STREAM b'IDAT' 41 62450
2026-09-08 17:46:06,627 - DEBUG - PIL.PngImagePlugin - STREAM b'IHDR' 16 13
2026-09-08 17:46:06,627 - DEBUG - PIL.PngImagePlugin - STREAM b'IDAT' 41 62450
2026-09-08 17:46:06,634 - DEBUG - PIL.PngImagePlugin - STREAM b'IHDR' 16 13
2026-09-08 17:46:06,634 - DEBUG - PIL.PngImagePlugin - STREAM b'IDAT' 41 62450
2026-09-08 17:46:06,642 - DEBUG - PIL.PngImagePlugin - STREAM b'IHDR' 16 13
2026-09-08 17:46:06,642 - DEBUG - PIL.PngImagePlugin - STREAM b'IDAT' 41 62450
2026-09-08 17:46:06,650 - DEBUG - PIL.PngImagePlugin - STREAM b'IHDR' 16 13
2026-09-08 17:46:06,650 - DEBUG - PIL.PngImagePlugin - STREAM b'IDAT' 41 62450
2026-09-08 17:46:06,658 - DEBUG - PIL.PngImagePlugin - STREAM b'IHDR' 16 13
2026-09-08 17:46:06,658 - DEBUG - PIL.PngImagePlugin - STREAM b'IDAT' 41 62450
2026-09-08 17:46:06,666 - DEBUG - PIL.PngImagePlugin - STREAM b'IHDR' 16 13
2026-09-08 17:46:06,666 - DEBUG - PIL.PngImagePlugin - STREAM b'IDAT' 41 62450
2026-09-08 17:46:06,674 - DEBUG - PIL.PngImagePlugin - STREAM b'IHDR' 16 13
2026-09-08 17:46:06,674 - DEBUG - PIL.PngImagePlugin - STREAM b'IDAT' 41 62450
2026-09-08 17:46:06,682 - DEBUG - PIL.PngImagePlugin - STREAM b'IHDR' 16 13
2026-09-08 17:46:06,682 - DEBUG - PIL.PngImagePlugin - STREAM b'IDAT' 41 62450
2026-09-08 17:46:06,690 - DEBUG - PIL.PngImagePlugin - STREAM b'IHDR' 16 13
2026-09-08 17:46:06,690 - DEBUG - PIL.PngImagePlugin - STREAM b'IDAT' 41 62450
2026-09-08 17:46:06,698 - DEBUG - PIL.PngImagePlugin - STREAM b'IHDR' 16 13
2026-09-08 17:46:06,698 - DEBUG - PIL.PngImagePlugin - STREAM b'IDAT' 41 62450
2026-09-08 17:46:06,706 - DEBUG - PIL.PngImagePlugin - STREAM b'IHDR' 16 13
2026-09-08 17:46:06,706 - DEBUG - PIL.PngImagePlugin - STREAM b'IDAT' 41 62450
2026-09-08 17:46:06,714 - DEBUG - PIL.PngImagePlugin - STREAM b'IHDR' 16 13
2026-09-08 17:46:06,714 - DEBUG - PIL.PngImagePlugin - STREAM b'IDAT' 41 62450
2026-09-08 17:46:06,722 - DEBUG - PIL.PngImagePlugin - STREAM b'IHDR' 16 13
2026-09-08 17:46:06,722 - DEBUG - PIL.PngImagePlugin - STREAM b'IDAT' 41 62450
2026-09-08 17:46:06,730 - DEBUG - PIL.PngImagePlugin - STREAM b'IHDR' 16 13
2026-09-08 17:46:06,730 - DEBUG - PIL.PngImagePlugin - STREAM b'IDAT' 41 62450
2026-09-08 17:46:06,738 - DEBUG - PIL.PngImagePlugin - STREAM b'IHDR' 16 13
2026-09-08 17:46:06,738 - DEBUG - PIL.PngImagePlugin - STREAM b'IDAT' 41 62450
2026-09-08 17:46:06,746 - DEBUG - PIL.PngImagePlugin - STREAM b'IHDR' 16 13
2026-09-08 17:46:06,746 - DEBUG - PIL.PngImagePlugin - STREAM b'IDAT' 41 62450
2026-09-08 17:46:06,754 - DEBUG - PIL.PngImagePlugin - STREAM b'IHDR' 16 13
2026-09-08 17:46:06,754 - DEBUG - PIL.PngImagePlugin - STREAM b'IDAT' 41 62450
2026-09-08 17:46:06,762 - DEBUG - PIL.PngImagePlugin - STREAM b'IHDR' 16 13
2026-09-08 17:46:06,762 - DEBUG - PIL.PngImagePlugin - STREAM b'IDAT' 41 62450
2026-09-08 17:46:06,772 - DEBUG - PIL.PngImagePlugin - STREAM b'IHDR' 16 13
2026-09-08 17:46:06,772 - DEBUG - PIL.PngImagePlugin - STREAM b'IDAT' 41 62450
2026-09-08 17:46:06,780 - DEBUG - PIL.PngImagePlugin - STREAM b'IHDR' 16 13
2026-09-08 17:46:06,780 - DEBUG - PIL.PngImagePlugin - STREAM b'IDAT' 41 62450
2026-09-08 17:46:06,788 - DEBUG - PIL.PngImagePlugin - STREAM b'IHDR' 16 13
2026-09-08 17:46:06,788 - DEBUG - PIL.PngImagePlugin - STREAM b'IDAT' 41 62450
2026-09-08 17:46:06,796 - DEBUG - PIL.PngImagePlugin - STREAM b'IHDR' 16 13
2026-09-08 17:46:06,796 - DEBUG - PIL.PngImagePlugin - STREAM b'IDAT' 41 62450
2026-09-08 17:46:06,804 - DEBUG - PIL.PngImagePlugin - STREAM b'IHDR' 16 13
2026-09-08 17:46:06,804 - DEBUG - PIL.PngImagePlugin - STREAM b'IDAT' 41 62450
2026-09-08 17:46:06,812 - DEBUG - PIL.PngImagePlugin - STREAM b'IHDR' 16 13
2026-09-08 17:46:06,812 - DEBUG - PIL.PngImagePlugin - STREAM b'IDAT' 41 62450
2026-09-08 17:46:06,820 - DEBUG - PIL.PngImagePlugin - STREAM b'IHDR' 16 13
2026-09-08 17:46:06,820 - DEBUG - PIL.PngImagePlugin - STREAM b'IDAT' 41 62450
2026-09-08 17:46:06,828 - DEBUG - PIL.PngImagePlugin - STREAM b'IHDR' 16 13
2026-09-08 17:46:06,828 - DEBUG - PIL.PngImagePlugin - STREAM b'IDAT' 41 62450
2026-09-08 17:46:06,836 - DEBUG - PIL.PngImagePlugin - STREAM b'IHDR' 16 13
2026-09-08 17:46:06,836 - DEBUG - PIL.PngImagePlugin - STREAM b'IDAT' 41 62450
2026-09-08 17:46:06,844 - DEBUG - PIL.PngImagePlugin - STREAM b'IHDR' 16 13
2026-09-08 17:46:06,844 - DEBUG - PIL.PngImagePlugin - STREAM b'IDAT' 41 62450
2026-09-08 17:46:06,852 - DEBUG - PIL.PngImagePlugin - STREAM b'IHDR' 16 13
2026-09-08 17:46:06,852 - DEBUG - PIL.PngImagePlugin - STREAM b'IDAT' 41 62450
2026-09-08 17:46:06,860 - DEBUG - PIL.PngImagePlugin - STREAM b'IHDR' 16 13
2026-09-08 17:46:06,860 - DEBUG - PIL.PngImagePlugin - STREAM b'IDAT' 41 62450
2026-09-08 17:46:06,868 - DEBUG - PIL.PngImagePlugin - STREAM b'IHDR' 16 13
2026-09-08 17:46:06,868 - DEBUG - PIL.PngImagePlugin - STREAM b'IDAT' 41 62450
2026-09-08 17:46:06,876 - DEBUG - PIL.PngImagePlugin - STREAM b'IHDR' 16 13
2026-09-08 17:46:06,876 - DEBUG - PIL.PngImagePlugin - STREAM b'IDAT' 41 62450
2026-09-08 17:46:06,884 - DEBUG - PIL.PngImagePlugin - STREAM b'IHDR' 16 13
2026-09-08 17:46:06,884 - DEBUG - PIL.PngImagePlugin - STREAM b'IDAT' 41 62450
2026-09-08 17:46:06,892 - DEBUG - PIL.PngImagePlugin - STREAM b'IHDR' 16 13
2026-09-08 17:46:06,892 - DEBUG - PIL.PngImagePlugin - STREAM b'IDAT' 41 62450
2026-09-08 17:46:06,900 - DEBUG - PIL.PngImagePlugin - STREAM b'IHDR' 16 13
2026-09-08 17:46:06,900 - DEBUG - PIL.PngImagePlugin - STREAM b'IDAT' 41 62450
2026-09-08 17:46:06,908 - DEBUG - PIL.PngImagePlugin - STREAM b'IHDR' 16 13
2026-09-08 17:46:06,908 - DEBUG - PIL.PngImagePlugin - STREAM b'IDAT' 41 62450
2026-09-08 17:46:06,924 - DEBUG - PIL.PngImagePlugin - STREAM b'IHDR' 16 13
2026-09-08 17:46:06,924 - DEBUG - PIL.PngImagePlugin - STREAM b'IDAT' 41 62450
2026-09-08 17:46:06,932 - DEBUG - PIL.PngImagePlugin - STREAM b'IHDR' 16 13
2026-09-08 17:46:06,932 - DEBUG - PIL.PngImagePlugin - STREAM b'IDAT' 41 62450
2026-09-08 17:46:06,940 - DEBUG - PIL.PngImagePlugin - STREAM b'IHDR' 16 13
2026-09-08 17:46:06,940 - DEBUG - PIL.PngImagePlugin - STREAM b'IDAT' 41 62450
2026-09-08 17:46:06,948 - DEBUG - PIL.PngImagePlugin - STREAM b'IHDR' 16 13
2026-09-08 17:46:06,948 - DEBUG - PIL.PngImagePlugin - STREAM b'IDAT' 41 62450
2026-09-08 17:46:06,956 - DEBUG - PIL.PngImagePlugin - STREAM b'IHDR' 16 13
2026-09-08 17:46:06,956 - DEBUG - PIL.PngImagePlugin - STREAM b'IDAT' 41 62450
2026-09-08 17:46:06,964 - DEBUG - PIL.PngImagePlugin - STREAM b'IHDR' 16 13
2026-09-08 17:46:06,964 - DEBUG - PIL.PngImagePlugin - STREAM b'IDAT' 41 62450
2026-09-08 17:46:06,972 - DEBUG - PIL.PngImagePlugin - STREAM b'IHDR' 16 13
2026-09-08 17:46:06,972 - DEBUG - PIL.PngImagePlugin - STREAM b'IDAT' 41 62450
2026-09-08 17:46:06,980 - DEBUG - PIL.PngImagePlugin - STREAM b'IHDR' 16 13
2026-09-08 17:46:06,980 - DEBUG - PIL.PngImagePlugin - STREAM b'IDAT' 41 62450
2026-09-08 17:46:06,988 - DEBUG - PIL.PngImagePlugin - STREAM b'IHDR' 16 13
2026-09-08 17:46:06,988 - DEBUG - PIL.PngImagePlugin - STREAM b'IDAT' 41 62450
2026-09-08 17:46:07,050 - DEBUG - PIL.PngImagePlugin - STREAM b'IHDR' 16 13
2026-09-08 17:46:07,050 - DEBUG - PIL.PngImagePlugin - STREAM b'IDAT' 41 62450
2026-09-08 17:46:07,074 - DEBUG - PIL.PngImagePlugin - STREAM b'IHDR' 16 13
2026-09-08 17:46:07,074 - DEBUG - PIL.PngImagePlugin - STREAM b'IDAT' 41 62450
2026-09-08 17:46:07,226 - DEBUG - PIL.PngImagePlugin - STREAM b'IHDR' 16 13
2026-09-08 17:46:07,226 - DEBUG - PIL.PngImagePlugin - STREAM b'IDAT' 41 62450
2026-09-08 17:46:07,234 - DEBUG - PIL.PngImagePlugin - STREAM b'IHDR' 16 13
2026-09-08 17:46:07,234 - DEBUG - PIL.PngImagePlugin - STREAM b'IDAT' 41 62450
2026-09-08 17:46:07,242 - DEBUG - PIL.PngImagePlugin - STREAM b'IHDR' 16 13
2026-09-08 17:46:07,243 - DEBUG - PIL.PngImagePlugin - STREAM b'IDAT' 41 62450
2026-09-08 17:46:07,251 - DEBUG - PIL.PngImagePlugin - STREAM b'IHDR' 16 13
2026-09-08 17:46:07,251 - DEBUG - PIL.PngImagePlugin - STREAM b'IDAT' 41 62450
2026-09-08 17:46:07,258 - DEBUG - PIL.PngImagePlugin - STREAM b'IHDR' 16 13
2026-09-08 17:46:07,258 - DEBUG - PIL.PngImagePlugin - STREAM b'IDAT' 41 62450
2026-09-08 17:46:07,266 - DEBUG - PIL.PngImagePlugin - STREAM b'IHDR' 16 13
2026-09-08 17:46:07,266 - DEBUG - PIL.PngImagePlugin - STREAM b'IDAT' 41 62450
2026-09-08 17:46:07,274 - DEBUG - PIL.PngImagePlugin - STREAM b'IHDR' 16 13
2026-09-08 17:46:07,274 - DEBUG - PIL.PngImagePlugin - STREAM b'IDAT' 41 62450
2026-09-08 17:46:07,282 - DEBUG - PIL.PngImagePlugin - STREAM b'IHDR' 16 13
2026-09-08 17:46:07,282 - DEBUG - PIL.PngImagePlugin - STREAM b'IDAT' 41 62450
2026-09-08 17:46:07,298 - DEBUG - PIL.PngImagePlugin - STREAM b'IHDR' 16 13
2026-09-08 17:46:07,298 - DEBUG - PIL.PngImagePlugin - STREAM b'IDAT' 41 62450
2026-09-08 17:46:07,306 - DEBUG - PIL.PngImagePlugin - STREAM b'IHDR' 16 13
2026-09-08 17:46:07,306 - DEBUG - PIL.PngImagePlugin - STREAM b'IDAT' 41 62450
2026-09-08 17:46:07,314 - DEBUG - PIL.PngImagePlugin - STREAM b'IHDR' 16 13
2026-09-08 17:46:07,314 - DEBUG - PIL.PngImagePlugin - STREAM b'IDAT' 41 62450
2026-09-08 17:46:07,322 - DEBUG - PIL.PngImagePlugin - STREAM b'IHDR' 16 13
2026-09-08 17:46:07,323 - DEBUG - PIL.PngImagePlugin - STREAM b'IDAT' 41 62450
2026-09-08 17:46:07,514 - DEBUG - PIL.PngImagePlugin - STREAM b'IHDR' 16 13
2026-09-08 17:46:07,514 - DEBUG - PIL.PngImagePlugin - STREAM b'IDAT' 41 62450
2026-09-08 17:46:07,522 - DEBUG - PIL.PngImagePlugin - STREAM b'IHDR' 16 13
2026-09-08 17:46:07,522 - DEBUG - PIL.PngImagePlugin - STREAM b'IDAT' 41 62450
2026-09-08 17:46:07,530 - DEBUG - PIL.PngImagePlugin - STREAM b'IHDR' 16 13
2026-09-08 17:46:07,530 - DEBUG - PIL.PngImagePlugin - STREAM b'IDAT' 41 62450
2026-09-08 17:46:07,538 - DEBUG - PIL.PngImagePlugin - STREAM b'IHDR' 16 13
2026-09-08 17:46:07,538 - DEBUG - PIL.PngImagePlugin - STREAM b'IDAT' 41 62450
2026-09-08 17:46:07,546 - DEBUG - PIL.PngImagePlugin - STREAM b'IHDR' 16 13
2026-09-08 17:46:07,546 - DEBUG - PIL.PngImagePlugin - STREAM b'IDAT' 41 62450
2026-09-08 17:46:07,554 - DEBUG - PIL.PngImagePlugin - STREAM b'IHDR' 16 13
2026-09-08 17:46:07,554 - DEBUG - PIL.PngImagePlugin - STREAM b'IDAT' 41 62450
2026-09-08 17:46:07,562 - DEBUG - PIL.PngImagePlugin - STREAM b'IHDR' 16 13
2026-09-08 17:46:07,562 - DEBUG - PIL.PngImagePlugin - STREAM b'IDAT' 41 62450
2026-09-08 17:46:07,578 - DEBUG - PIL.PngImagePlugin - STREAM b'IHDR' 16 13
2026-09-08 17:46:07,578 - DEBUG - PIL.PngImagePlugin - STREAM b'IDAT' 41 62450
2026-09-08 17:46:07,602 - DEBUG - PIL.PngImagePlugin - STREAM b'IHDR' 16 13
2026-09-08 17:46:07,602 - DEBUG - PIL.PngImagePlugin - STREAM b'IDAT' 41 62450
2026-09-08 17:46:09,316 - INFO - KGameTracker - ℹ️  ==================================================
2026-09-08 17:46:09,316 - INFO - KGameTracker - ℹ️  K GAME TRACKER - CERRADA
2026-09-08 17:46:09,316 - INFO - KGameTracker - ℹ️  ==================================================
2026-09-08 17:46:55,369 - INFO - KGameTracker - ℹ️  ==================================================
2026-09-08 17:46:55,369 - INFO - KGameTracker - ℹ️  K GAME TRACKER - INICIADA
2026-09-08 17:46:55,369 - INFO - KGameTracker - ℹ️  ==================================================
2026-09-08 17:46:55,485 - DEBUG - PIL.Image - Importing PngImagePlugin
2026-09-08 17:46:55,491 - DEBUG - PIL.PngImagePlugin - STREAM b'IHDR' 16 13
2026-09-08 17:46:55,491 - DEBUG - PIL.PngImagePlugin - STREAM b'caBX' 41 5758
2026-09-08 17:46:55,491 - DEBUG - PIL.PngImagePlugin - b'caBX' 41 5758 (unknown)
2026-09-08 17:46:55,491 - DEBUG - PIL.PngImagePlugin - STREAM b'IDAT' 5811 65536
2026-09-08 17:46:57,756 - DEBUG - PIL.PngImagePlugin - STREAM b'IHDR' 16 13
2026-09-08 17:46:57,757 - DEBUG - PIL.PngImagePlugin - STREAM b'caBX' 41 5758
2026-09-08 17:46:57,757 - DEBUG - PIL.PngImagePlugin - b'caBX' 41 5758 (unknown)
2026-09-08 17:46:57,757 - DEBUG - PIL.PngImagePlugin - STREAM b'IDAT' 5811 65536
2026-09-08 17:46:57,784 - DEBUG - PIL.PngImagePlugin - STREAM b'IHDR' 16 13
2026-09-08 17:46:57,784 - DEBUG - PIL.PngImagePlugin - STREAM b'IDAT' 41 53758
2026-09-08 17:46:57,788 - DEBUG - PIL.PngImagePlugin - STREAM b'IHDR' 16 13
2026-09-08 17:46:57,788 - DEBUG - PIL.PngImagePlugin - STREAM b'IDAT' 41 65536
2026-09-08 17:46:57,792 - DEBUG - PIL.PngImagePlugin - STREAM b'IHDR' 16 13
2026-09-08 17:46:57,792 - DEBUG - PIL.PngImagePlugin - STREAM b'IDAT' 41 58612
2026-09-08 17:46:57,795 - DEBUG - PIL.PngImagePlugin - STREAM b'IHDR' 16 13
2026-09-08 17:46:57,796 - DEBUG - PIL.PngImagePlugin - STREAM b'IDAT' 41 63613
2026-09-08 17:46:57,800 - DEBUG - PIL.PngImagePlugin - STREAM b'IHDR' 16 13
2026-09-08 17:46:57,800 - DEBUG - PIL.PngImagePlugin - STREAM b'IDAT' 41 65536
2026-09-08 17:46:57,804 - DEBUG - PIL.PngImagePlugin - STREAM b'IHDR' 16 13
2026-09-08 17:46:57,804 - DEBUG - PIL.PngImagePlugin - STREAM b'IDAT' 41 63580
2026-09-08 17:46:57,809 - DEBUG - PIL.PngImagePlugin - STREAM b'IHDR' 16 13
2026-09-08 17:46:57,809 - DEBUG - PIL.PngImagePlugin - STREAM b'IDAT' 41 64126
2026-09-08 17:46:57,813 - DEBUG - PIL.PngImagePlugin - STREAM b'IHDR' 16 13
2026-09-08 17:46:57,813 - DEBUG - PIL.PngImagePlugin - STREAM b'IDAT' 41 64126
2026-09-08 17:46:57,819 - DEBUG - PIL.PngImagePlugin - STREAM b'IHDR' 16 13
2026-09-08 17:46:57,819 - DEBUG - PIL.PngImagePlugin - STREAM b'IDAT' 41 64126
2026-09-08 17:46:57,823 - DEBUG - PIL.PngImagePlugin - STREAM b'IHDR' 16 13
2026-09-08 17:46:57,823 - DEBUG - PIL.PngImagePlugin - STREAM b'IDAT' 41 56150
2026-09-08 17:46:57,827 - DEBUG - PIL.PngImagePlugin - STREAM b'IHDR' 16 13
2026-09-08 17:46:57,827 - DEBUG - PIL.PngImagePlugin - STREAM b'IDAT' 41 64126
2026-09-08 17:46:57,831 - DEBUG - PIL.PngImagePlugin - STREAM b'IHDR' 16 13
2026-09-08 17:46:57,831 - DEBUG - PIL.PngImagePlugin - STREAM b'IDAT' 41 64126
2026-09-08 17:46:57,844 - DEBUG - PIL.PngImagePlugin - STREAM b'IHDR' 16 13
2026-09-08 17:46:57,844 - DEBUG - PIL.PngImagePlugin - STREAM b'IDAT' 41 62450
2026-09-08 17:46:57,929 - DEBUG - PIL.PngImagePlugin - STREAM b'IHDR' 16 13
2026-09-08 17:46:57,929 - DEBUG - PIL.PngImagePlugin - STREAM b'IDAT' 41 65536
2026-09-08 17:46:57,931 - DEBUG - PIL.PngImagePlugin - STREAM b'IHDR' 16 13
2026-09-08 17:46:57,932 - DEBUG - PIL.PngImagePlugin - STREAM b'IDAT' 41 65536
2026-09-08 17:46:58,035 - DEBUG - PIL.PngImagePlugin - STREAM b'IHDR' 16 13
2026-09-08 17:46:58,035 - DEBUG - PIL.PngImagePlugin - STREAM b'IDAT' 41 62450
2026-09-08 17:46:58,139 - DEBUG - PIL.PngImagePlugin - STREAM b'IHDR' 16 13
2026-09-08 17:46:58,139 - DEBUG - PIL.PngImagePlugin - STREAM b'IDAT' 41 62450
2026-09-08 17:46:58,242 - DEBUG - PIL.PngImagePlugin - STREAM b'IHDR' 16 13
2026-09-08 17:46:58,242 - DEBUG - PIL.PngImagePlugin - STREAM b'IDAT' 41 62450
2026-09-08 17:46:58,345 - DEBUG - PIL.PngImagePlugin - STREAM b'IHDR' 16 13
2026-09-08 17:46:58,346 - DEBUG - PIL.PngImagePlugin - STREAM b'IDAT' 41 62450
2026-09-08 17:46:58,449 - DEBUG - PIL.PngImagePlugin - STREAM b'IHDR' 16 13
2026-09-08 17:46:58,449 - DEBUG - PIL.PngImagePlugin - STREAM b'IDAT' 41 62450
2026-09-08 17:46:58,552 - DEBUG - PIL.PngImagePlugin - STREAM b'IHDR' 16 13
2026-09-08 17:46:58,552 - DEBUG - PIL.PngImagePlugin - STREAM b'IDAT' 41 62450
2026-09-08 17:46:58,654 - DEBUG - PIL.PngImagePlugin - STREAM b'IHDR' 16 13
2026-09-08 17:46:58,655 - DEBUG - PIL.PngImagePlugin - STREAM b'IDAT' 41 62450
2026-09-08 17:46:58,758 - DEBUG - PIL.PngImagePlugin - STREAM b'IHDR' 16 13
2026-09-08 17:46:58,758 - DEBUG - PIL.PngImagePlugin - STREAM b'IDAT' 41 62450
2026-09-08 17:46:58,861 - DEBUG - PIL.PngImagePlugin - STREAM b'IHDR' 16 13
2026-09-08 17:46:58,861 - DEBUG - PIL.PngImagePlugin - STREAM b'IDAT' 41 62450
2026-09-08 17:46:58,964 - DEBUG - PIL.PngImagePlugin - STREAM b'IHDR' 16 13
2026-09-08 17:46:58,964 - DEBUG - PIL.PngImagePlugin - STREAM b'IDAT' 41 62450
2026-09-08 17:47:00,552 - DEBUG - PIL.PngImagePlugin - STREAM b'IHDR' 16 13
2026-09-08 17:47:00,552 - DEBUG - PIL.PngImagePlugin - STREAM b'IDAT' 41 62450
2026-09-08 17:47:00,560 - DEBUG - PIL.PngImagePlugin - STREAM b'IHDR' 16 13
2026-09-08 17:47:00,560 - DEBUG - PIL.PngImagePlugin - STREAM b'IDAT' 41 62450
2026-09-08 17:47:00,568 - DEBUG - PIL.PngImagePlugin - STREAM b'IHDR' 16 13
2026-09-08 17:47:00,568 - DEBUG - PIL.PngImagePlugin - STREAM b'IDAT' 41 62450
2026-09-08 17:47:00,576 - DEBUG - PIL.PngImagePlugin - STREAM b'IHDR' 16 13
2026-09-08 17:47:00,576 - DEBUG - PIL.PngImagePlugin - STREAM b'IDAT' 41 62450
2026-09-08 17:47:00,584 - DEBUG - PIL.PngImagePlugin - STREAM b'IHDR' 16 13
2026-09-08 17:47:00,585 - DEBUG - PIL.PngImagePlugin - STREAM b'IDAT' 41 62450
2026-09-08 17:47:00,592 - DEBUG - PIL.PngImagePlugin - STREAM b'IHDR' 16 13
2026-09-08 17:47:00,592 - DEBUG - PIL.PngImagePlugin - STREAM b'IDAT' 41 62450
2026-09-08 17:47:00,600 - DEBUG - PIL.PngImagePlugin - STREAM b'IHDR' 16 13
2026-09-08 17:47:00,600 - DEBUG - PIL.PngImagePlugin - STREAM b'IDAT' 41 62450
2026-09-08 17:47:00,608 - DEBUG - PIL.PngImagePlugin - STREAM b'IHDR' 16 13
2026-09-08 17:47:00,609 - DEBUG - PIL.PngImagePlugin - STREAM b'IDAT' 41 62450
2026-09-08 17:47:00,616 - DEBUG - PIL.PngImagePlugin - STREAM b'IHDR' 16 13
2026-09-08 17:47:00,616 - DEBUG - PIL.PngImagePlugin - STREAM b'IDAT' 41 62450
2026-09-08 17:47:00,624 - DEBUG - PIL.PngImagePlugin - STREAM b'IHDR' 16 13
2026-09-08 17:47:00,624 - DEBUG - PIL.PngImagePlugin - STREAM b'IDAT' 41 62450
2026-09-08 17:47:00,632 - DEBUG - PIL.PngImagePlugin - STREAM b'IHDR' 16 13
2026-09-08 17:47:00,632 - DEBUG - PIL.PngImagePlugin - STREAM b'IDAT' 41 62450
2026-09-08 17:47:00,640 - DEBUG - PIL.PngImagePlugin - STREAM b'IHDR' 16 13
2026-09-08 17:47:00,640 - DEBUG - PIL.PngImagePlugin - STREAM b'IDAT' 41 62450
2026-09-08 17:47:00,648 - DEBUG - PIL.PngImagePlugin - STREAM b'IHDR' 16 13
2026-09-08 17:47:00,648 - DEBUG - PIL.PngImagePlugin - STREAM b'IDAT' 41 62450
2026-09-08 17:47:00,656 - DEBUG - PIL.PngImagePlugin - STREAM b'IHDR' 16 13
2026-09-08 17:47:00,656 - DEBUG - PIL.PngImagePlugin - STREAM b'IDAT' 41 62450
2026-09-08 17:47:00,664 - DEBUG - PIL.PngImagePlugin - STREAM b'IHDR' 16 13
2026-09-08 17:47:00,664 - DEBUG - PIL.PngImagePlugin - STREAM b'IDAT' 41 62450
2026-09-08 17:47:00,672 - DEBUG - PIL.PngImagePlugin - STREAM b'IHDR' 16 13
2026-09-08 17:47:00,672 - DEBUG - PIL.PngImagePlugin - STREAM b'IDAT' 41 62450
2026-09-08 17:47:00,680 - DEBUG - PIL.PngImagePlugin - STREAM b'IHDR' 16 13
2026-09-08 17:47:00,680 - DEBUG - PIL.PngImagePlugin - STREAM b'IDAT' 41 62450
2026-09-08 17:47:00,688 - DEBUG - PIL.PngImagePlugin - STREAM b'IHDR' 16 13
2026-09-08 17:47:00,688 - DEBUG - PIL.PngImagePlugin - STREAM b'IDAT' 41 62450
2026-09-08 17:47:00,696 - DEBUG - PIL.PngImagePlugin - STREAM b'IHDR' 16 13
2026-09-08 17:47:00,696 - DEBUG - PIL.PngImagePlugin - STREAM b'IDAT' 41 62450
2026-09-08 17:47:00,704 - DEBUG - PIL.PngImagePlugin - STREAM b'IHDR' 16 13
2026-09-08 17:47:00,704 - DEBUG - PIL.PngImagePlugin - STREAM b'IDAT' 41 62450
2026-09-08 17:47:00,712 - DEBUG - PIL.PngImagePlugin - STREAM b'IHDR' 16 13
2026-09-08 17:47:00,712 - DEBUG - PIL.PngImagePlugin - STREAM b'IDAT' 41 62450
2026-09-08 17:47:00,720 - DEBUG - PIL.PngImagePlugin - STREAM b'IHDR' 16 13
2026-09-08 17:47:00,720 - DEBUG - PIL.PngImagePlugin - STREAM b'IDAT' 41 62450
2026-09-08 17:47:00,728 - DEBUG - PIL.PngImagePlugin - STREAM b'IHDR' 16 13
2026-09-08 17:47:00,728 - DEBUG - PIL.PngImagePlugin - STREAM b'IDAT' 41 62450
2026-09-08 17:47:07,288 - DEBUG - PIL.PngImagePlugin - STREAM b'IHDR' 16 13
2026-09-08 17:47:07,288 - DEBUG - PIL.PngImagePlugin - STREAM b'IDAT' 41 62450
2026-09-08 17:47:07,296 - DEBUG - PIL.PngImagePlugin - STREAM b'IHDR' 16 13
2026-09-08 17:47:07,296 - DEBUG - PIL.PngImagePlugin - STREAM b'IDAT' 41 62450
2026-09-08 17:47:07,304 - DEBUG - PIL.PngImagePlugin - STREAM b'IHDR' 16 13
2026-09-08 17:47:07,304 - DEBUG - PIL.PngImagePlugin - STREAM b'IDAT' 41 62450
2026-09-08 17:47:07,312 - DEBUG - PIL.PngImagePlugin - STREAM b'IHDR' 16 13
2026-09-08 17:47:07,312 - DEBUG - PIL.PngImagePlugin - STREAM b'IDAT' 41 62450
2026-09-08 17:47:07,321 - DEBUG - PIL.PngImagePlugin - STREAM b'IHDR' 16 13
2026-09-08 17:47:07,321 - DEBUG - PIL.PngImagePlugin - STREAM b'IDAT' 41 62450
2026-09-08 17:47:07,329 - DEBUG - PIL.PngImagePlugin - STREAM b'IHDR' 16 13
2026-09-08 17:47:07,329 - DEBUG - PIL.PngImagePlugin - STREAM b'IDAT' 41 62450
2026-09-08 17:47:07,336 - DEBUG - PIL.PngImagePlugin - STREAM b'IHDR' 16 13
2026-09-08 17:47:07,336 - DEBUG - PIL.PngImagePlugin - STREAM b'IDAT' 41 62450
2026-09-08 17:47:07,344 - DEBUG - PIL.PngImagePlugin - STREAM b'IHDR' 16 13
2026-09-08 17:47:07,344 - DEBUG - PIL.PngImagePlugin - STREAM b'IDAT' 41 62450
2026-09-08 17:47:07,352 - DEBUG - PIL.PngImagePlugin - STREAM b'IHDR' 16 13
2026-09-08 17:47:07,352 - DEBUG - PIL.PngImagePlugin - STREAM b'IDAT' 41 62450
2026-09-08 17:47:07,360 - DEBUG - PIL.PngImagePlugin - STREAM b'IHDR' 16 13
2026-09-08 17:47:07,360 - DEBUG - PIL.PngImagePlugin - STREAM b'IDAT' 41 62450
2026-09-08 17:47:07,368 - DEBUG - PIL.PngImagePlugin - STREAM b'IHDR' 16 13
2026-09-08 17:47:07,368 - DEBUG - PIL.PngImagePlugin - STREAM b'IDAT' 41 62450
2026-09-08 17:47:07,376 - DEBUG - PIL.PngImagePlugin - STREAM b'IHDR' 16 13
2026-09-08 17:47:07,376 - DEBUG - PIL.PngImagePlugin - STREAM b'IDAT' 41 62450
2026-09-08 17:47:07,384 - DEBUG - PIL.PngImagePlugin - STREAM b'IHDR' 16 13
2026-09-08 17:47:07,384 - DEBUG - PIL.PngImagePlugin - STREAM b'IDAT' 41 62450
2026-09-08 17:47:07,392 - DEBUG - PIL.PngImagePlugin - STREAM b'IHDR' 16 13
2026-09-08 17:47:07,392 - DEBUG - PIL.PngImagePlugin - STREAM b'IDAT' 41 62450
2026-09-08 17:47:07,400 - DEBUG - PIL.PngImagePlugin - STREAM b'IHDR' 16 13
2026-09-08 17:47:07,400 - DEBUG - PIL.PngImagePlugin - STREAM b'IDAT' 41 62450
2026-09-08 17:47:07,408 - DEBUG - PIL.PngImagePlugin - STREAM b'IHDR' 16 13
2026-09-08 17:47:07,408 - DEBUG - PIL.PngImagePlugin - STREAM b'IDAT' 41 62450
2026-09-08 17:47:07,448 - DEBUG - PIL.PngImagePlugin - STREAM b'IHDR' 16 13
2026-09-08 17:47:07,448 - DEBUG - PIL.PngImagePlugin - STREAM b'IDAT' 41 62450
2026-09-08 17:47:07,456 - DEBUG - PIL.PngImagePlugin - STREAM b'IHDR' 16 13
2026-09-08 17:47:07,456 - DEBUG - PIL.PngImagePlugin - STREAM b'IDAT' 41 62450
2026-09-08 17:47:07,464 - DEBUG - PIL.PngImagePlugin - STREAM b'IHDR' 16 13
2026-09-08 17:47:07,464 - DEBUG - PIL.PngImagePlugin - STREAM b'IDAT' 41 62450
2026-09-08 17:47:07,472 - DEBUG - PIL.PngImagePlugin - STREAM b'IHDR' 16 13
2026-09-08 17:47:07,472 - DEBUG - PIL.PngImagePlugin - STREAM b'IDAT' 41 62450
2026-09-08 17:47:07,480 - DEBUG - PIL.PngImagePlugin - STREAM b'IHDR' 16 13
2026-09-08 17:47:07,480 - DEBUG - PIL.PngImagePlugin - STREAM b'IDAT' 41 62450
2026-09-08 17:47:07,488 - DEBUG - PIL.PngImagePlugin - STREAM b'IHDR' 16 13
2026-09-08 17:47:07,488 - DEBUG - PIL.PngImagePlugin - STREAM b'IDAT' 41 62450
2026-09-08 17:47:07,496 - DEBUG - PIL.PngImagePlugin - STREAM b'IHDR' 16 13
2026-09-08 17:47:07,496 - DEBUG - PIL.PngImagePlugin - STREAM b'IDAT' 41 62450
2026-09-08 17:47:07,504 - DEBUG - PIL.PngImagePlugin - STREAM b'IHDR' 16 13
2026-09-08 17:47:07,504 - DEBUG - PIL.PngImagePlugin - STREAM b'IDAT' 41 62450
2026-09-08 17:47:07,512 - DEBUG - PIL.PngImagePlugin - STREAM b'IHDR' 16 13
2026-09-08 17:47:07,512 - DEBUG - PIL.PngImagePlugin - STREAM b'IDAT' 41 62450
2026-09-08 17:47:07,520 - DEBUG - PIL.PngImagePlugin - STREAM b'IHDR' 16 13
2026-09-08 17:47:07,520 - DEBUG - PIL.PngImagePlugin - STREAM b'IDAT' 41 62450
2026-09-08 17:47:08,170 - DEBUG - PIL.PngImagePlugin - STREAM b'IHDR' 16 13
2026-09-08 17:47:08,170 - DEBUG - PIL.PngImagePlugin - STREAM b'IDAT' 41 62450
2026-09-08 17:47:08,178 - DEBUG - PIL.PngImagePlugin - STREAM b'IHDR' 16 13
2026-09-08 17:47:08,178 - DEBUG - PIL.PngImagePlugin - STREAM b'IDAT' 41 62450
2026-09-08 17:47:08,186 - DEBUG - PIL.PngImagePlugin - STREAM b'IHDR' 16 13
2026-09-08 17:47:08,186 - DEBUG - PIL.PngImagePlugin - STREAM b'IDAT' 41 62450
2026-09-08 17:47:08,194 - DEBUG - PIL.PngImagePlugin - STREAM b'IHDR' 16 13
2026-09-08 17:47:08,194 - DEBUG - PIL.PngImagePlugin - STREAM b'IDAT' 41 62450
2026-09-08 17:47:08,202 - DEBUG - PIL.PngImagePlugin - STREAM b'IHDR' 16 13
2026-09-08 17:47:08,202 - DEBUG - PIL.PngImagePlugin - STREAM b'IDAT' 41 62450
2026-09-08 17:47:08,210 - DEBUG - PIL.PngImagePlugin - STREAM b'IHDR' 16 13
2026-09-08 17:47:08,210 - DEBUG - PIL.PngImagePlugin - STREAM b'IDAT' 41 62450
2026-09-08 17:47:08,218 - DEBUG - PIL.PngImagePlugin - STREAM b'IHDR' 16 13
2026-09-08 17:47:08,218 - DEBUG - PIL.PngImagePlugin - STREAM b'IDAT' 41 62450
2026-09-08 17:47:08,226 - DEBUG - PIL.PngImagePlugin - STREAM b'IHDR' 16 13
2026-09-08 17:47:08,226 - DEBUG - PIL.PngImagePlugin - STREAM b'IDAT' 41 62450
2026-09-08 17:47:08,234 - DEBUG - PIL.PngImagePlugin - STREAM b'IHDR' 16 13
2026-09-08 17:47:08,234 - DEBUG - PIL.PngImagePlugin - STREAM b'IDAT' 41 62450
2026-09-08 17:47:08,242 - DEBUG - PIL.PngImagePlugin - STREAM b'IHDR' 16 13
2026-09-08 17:47:08,242 - DEBUG - PIL.PngImagePlugin - STREAM b'IDAT' 41 62450
2026-09-08 17:47:08,250 - DEBUG - PIL.PngImagePlugin - STREAM b'IHDR' 16 13
2026-09-08 17:47:08,250 - DEBUG - PIL.PngImagePlugin - STREAM b'IDAT' 41 62450
2026-09-08 17:47:08,258 - DEBUG - PIL.PngImagePlugin - STREAM b'IHDR' 16 13
2026-09-08 17:47:08,259 - DEBUG - PIL.PngImagePlugin - STREAM b'IDAT' 41 62450
2026-09-08 17:47:08,266 - DEBUG - PIL.PngImagePlugin - STREAM b'IHDR' 16 13
2026-09-08 17:47:08,266 - DEBUG - PIL.PngImagePlugin - STREAM b'IDAT' 41 62450
2026-09-08 17:47:08,832 - DEBUG - PIL.PngImagePlugin - STREAM b'IHDR' 16 13
2026-09-08 17:47:08,832 - DEBUG - PIL.PngImagePlugin - STREAM b'IDAT' 41 62450
2026-09-08 17:47:08,864 - DEBUG - PIL.PngImagePlugin - STREAM b'IHDR' 16 13
2026-09-08 17:47:08,864 - DEBUG - PIL.PngImagePlugin - STREAM b'IDAT' 41 62450
2026-09-08 17:47:08,872 - DEBUG - PIL.PngImagePlugin - STREAM b'IHDR' 16 13
2026-09-08 17:47:08,872 - DEBUG - PIL.PngImagePlugin - STREAM b'IDAT' 41 62450
2026-09-08 17:47:08,904 - DEBUG - PIL.PngImagePlugin - STREAM b'IHDR' 16 13
2026-09-08 17:47:08,904 - DEBUG - PIL.PngImagePlugin - STREAM b'IDAT' 41 62450
2026-09-08 17:47:08,920 - DEBUG - PIL.PngImagePlugin - STREAM b'IHDR' 16 13
2026-09-08 17:47:08,920 - DEBUG - PIL.PngImagePlugin - STREAM b'IDAT' 41 62450
2026-09-08 17:47:09,006 - DEBUG - PIL.PngImagePlugin - STREAM b'IHDR' 16 13
2026-09-08 17:47:09,006 - DEBUG - PIL.PngImagePlugin - STREAM b'IDAT' 41 62450
2026-09-08 17:47:10,194 - INFO - KGameTracker - ℹ️  ==================================================
2026-09-08 17:47:10,194 - INFO - KGameTracker - ℹ️  K GAME TRACKER - CERRADA
2026-09-08 17:47:10,195 - INFO - KGameTracker - ℹ️  ==================================================
2026-09-08 17:47:15,981 - INFO - KGameTracker - ℹ️  ==================================================
2026-09-08 17:47:15,981 - INFO - KGameTracker - ℹ️  K GAME TRACKER - INICIADA
2026-09-08 17:47:15,981 - INFO - KGameTracker - ℹ️  ==================================================
2026-09-08 17:47:16,110 - DEBUG - PIL.Image - Importing PngImagePlugin
2026-09-08 17:47:16,117 - DEBUG - PIL.PngImagePlugin - STREAM b'IHDR' 16 13
2026-09-08 17:47:16,117 - DEBUG - PIL.PngImagePlugin - STREAM b'caBX' 41 5758
2026-09-08 17:47:16,117 - DEBUG - PIL.PngImagePlugin - b'caBX' 41 5758 (unknown)
2026-09-08 17:47:16,118 - DEBUG - PIL.PngImagePlugin - STREAM b'IDAT' 5811 65536
2026-09-08 17:47:18,501 - DEBUG - PIL.PngImagePlugin - STREAM b'IHDR' 16 13
2026-09-08 17:47:18,502 - DEBUG - PIL.PngImagePlugin - STREAM b'caBX' 41 5758
2026-09-08 17:47:18,502 - DEBUG - PIL.PngImagePlugin - b'caBX' 41 5758 (unknown)
2026-09-08 17:47:18,502 - DEBUG - PIL.PngImagePlugin - STREAM b'IDAT' 5811 65536
2026-09-08 17:47:18,530 - DEBUG - PIL.PngImagePlugin - STREAM b'IHDR' 16 13
2026-09-08 17:47:18,530 - DEBUG - PIL.PngImagePlugin - STREAM b'IDAT' 41 53758
2026-09-08 17:47:18,533 - DEBUG - PIL.PngImagePlugin - STREAM b'IHDR' 16 13
2026-09-08 17:47:18,534 - DEBUG - PIL.PngImagePlugin - STREAM b'IDAT' 41 65536
2026-09-08 17:47:18,537 - DEBUG - PIL.PngImagePlugin - STREAM b'IHDR' 16 13
2026-09-08 17:47:18,537 - DEBUG - PIL.PngImagePlugin - STREAM b'IDAT' 41 58612
2026-09-08 17:47:18,540 - DEBUG - PIL.PngImagePlugin - STREAM b'IHDR' 16 13
2026-09-08 17:47:18,540 - DEBUG - PIL.PngImagePlugin - STREAM b'IDAT' 41 63613
2026-09-08 17:47:18,544 - DEBUG - PIL.PngImagePlugin - STREAM b'IHDR' 16 13
2026-09-08 17:47:18,544 - DEBUG - PIL.PngImagePlugin - STREAM b'IDAT' 41 65536
2026-09-08 17:47:18,547 - DEBUG - PIL.PngImagePlugin - STREAM b'IHDR' 16 13
2026-09-08 17:47:18,547 - DEBUG - PIL.PngImagePlugin - STREAM b'IDAT' 41 63580
2026-09-08 17:47:18,551 - DEBUG - PIL.PngImagePlugin - STREAM b'IHDR' 16 13
2026-09-08 17:47:18,551 - DEBUG - PIL.PngImagePlugin - STREAM b'IDAT' 41 64126
2026-09-08 17:47:18,554 - DEBUG - PIL.PngImagePlugin - STREAM b'IHDR' 16 13
2026-09-08 17:47:18,555 - DEBUG - PIL.PngImagePlugin - STREAM b'IDAT' 41 64126
2026-09-08 17:47:18,558 - DEBUG - PIL.PngImagePlugin - STREAM b'IHDR' 16 13
2026-09-08 17:47:18,558 - DEBUG - PIL.PngImagePlugin - STREAM b'IDAT' 41 64126
2026-09-08 17:47:18,562 - DEBUG - PIL.PngImagePlugin - STREAM b'IHDR' 16 13
2026-09-08 17:47:18,562 - DEBUG - PIL.PngImagePlugin - STREAM b'IDAT' 41 56150
2026-09-08 17:47:18,565 - DEBUG - PIL.PngImagePlugin - STREAM b'IHDR' 16 13
2026-09-08 17:47:18,565 - DEBUG - PIL.PngImagePlugin - STREAM b'IDAT' 41 64126
2026-09-08 17:47:18,569 - DEBUG - PIL.PngImagePlugin - STREAM b'IHDR' 16 13
2026-09-08 17:47:18,569 - DEBUG - PIL.PngImagePlugin - STREAM b'IDAT' 41 64126
2026-09-08 17:47:18,580 - DEBUG - PIL.PngImagePlugin - STREAM b'IHDR' 16 13
2026-09-08 17:47:18,581 - DEBUG - PIL.PngImagePlugin - STREAM b'IDAT' 41 62450
2026-09-08 17:47:18,664 - DEBUG - PIL.PngImagePlugin - STREAM b'IHDR' 16 13
2026-09-08 17:47:18,664 - DEBUG - PIL.PngImagePlugin - STREAM b'IDAT' 41 65536
2026-09-08 17:47:18,666 - DEBUG - PIL.PngImagePlugin - STREAM b'IHDR' 16 13
2026-09-08 17:47:18,667 - DEBUG - PIL.PngImagePlugin - STREAM b'IDAT' 41 65536
2026-09-08 17:47:18,770 - DEBUG - PIL.PngImagePlugin - STREAM b'IHDR' 16 13
2026-09-08 17:47:18,770 - DEBUG - PIL.PngImagePlugin - STREAM b'IDAT' 41 62450
2026-09-08 17:47:18,873 - DEBUG - PIL.PngImagePlugin - STREAM b'IHDR' 16 13
2026-09-08 17:47:18,873 - DEBUG - PIL.PngImagePlugin - STREAM b'IDAT' 41 62450
2026-09-08 17:47:18,977 - DEBUG - PIL.PngImagePlugin - STREAM b'IHDR' 16 13
2026-09-08 17:47:18,977 - DEBUG - PIL.PngImagePlugin - STREAM b'IDAT' 41 62450
2026-09-08 17:47:19,080 - DEBUG - PIL.PngImagePlugin - STREAM b'IHDR' 16 13
2026-09-08 17:47:19,080 - DEBUG - PIL.PngImagePlugin - STREAM b'IDAT' 41 62450
2026-09-08 17:47:19,183 - DEBUG - PIL.PngImagePlugin - STREAM b'IHDR' 16 13
2026-09-08 17:47:19,183 - DEBUG - PIL.PngImagePlugin - STREAM b'IDAT' 41 62450
2026-09-08 17:47:19,286 - DEBUG - PIL.PngImagePlugin - STREAM b'IHDR' 16 13
2026-09-08 17:47:19,286 - DEBUG - PIL.PngImagePlugin - STREAM b'IDAT' 41 62450
2026-09-08 17:47:19,389 - DEBUG - PIL.PngImagePlugin - STREAM b'IHDR' 16 13
2026-09-08 17:47:19,389 - DEBUG - PIL.PngImagePlugin - STREAM b'IDAT' 41 62450
2026-09-08 17:47:19,492 - DEBUG - PIL.PngImagePlugin - STREAM b'IHDR' 16 13
2026-09-08 17:47:19,492 - DEBUG - PIL.PngImagePlugin - STREAM b'IDAT' 41 62450
2026-09-08 17:47:19,595 - DEBUG - PIL.PngImagePlugin - STREAM b'IHDR' 16 13
2026-09-08 17:47:19,595 - DEBUG - PIL.PngImagePlugin - STREAM b'IDAT' 41 62450
2026-09-08 17:47:19,698 - DEBUG - PIL.PngImagePlugin - STREAM b'IHDR' 16 13
2026-09-08 17:47:19,698 - DEBUG - PIL.PngImagePlugin - STREAM b'IDAT' 41 62450
2026-09-08 17:47:24,340 - DEBUG - PIL.PngImagePlugin - STREAM b'IHDR' 16 13
2026-09-08 17:47:24,340 - DEBUG - PIL.PngImagePlugin - STREAM b'IDAT' 41 62450
2026-09-08 17:47:24,348 - DEBUG - PIL.PngImagePlugin - STREAM b'IHDR' 16 13
2026-09-08 17:47:24,348 - DEBUG - PIL.PngImagePlugin - STREAM b'IDAT' 41 62450
2026-09-08 17:47:24,356 - DEBUG - PIL.PngImagePlugin - STREAM b'IHDR' 16 13
2026-09-08 17:47:24,356 - DEBUG - PIL.PngImagePlugin - STREAM b'IDAT' 41 62450
2026-09-08 17:47:24,364 - DEBUG - PIL.PngImagePlugin - STREAM b'IHDR' 16 13
2026-09-08 17:47:24,364 - DEBUG - PIL.PngImagePlugin - STREAM b'IDAT' 41 62450
2026-09-08 17:47:24,372 - DEBUG - PIL.PngImagePlugin - STREAM b'IHDR' 16 13
2026-09-08 17:47:24,372 - DEBUG - PIL.PngImagePlugin - STREAM b'IDAT' 41 62450
2026-09-08 17:47:24,380 - DEBUG - PIL.PngImagePlugin - STREAM b'IHDR' 16 13
2026-09-08 17:47:24,380 - DEBUG - PIL.PngImagePlugin - STREAM b'IDAT' 41 62450
2026-09-08 17:47:24,388 - DEBUG - PIL.PngImagePlugin - STREAM b'IHDR' 16 13
2026-09-08 17:47:24,388 - DEBUG - PIL.PngImagePlugin - STREAM b'IDAT' 41 62450
2026-09-08 17:47:24,396 - DEBUG - PIL.PngImagePlugin - STREAM b'IHDR' 16 13
2026-09-08 17:47:24,396 - DEBUG - PIL.PngImagePlugin - STREAM b'IDAT' 41 62450
2026-09-08 17:47:24,404 - DEBUG - PIL.PngImagePlugin - STREAM b'IHDR' 16 13
2026-09-08 17:47:24,404 - DEBUG - PIL.PngImagePlugin - STREAM b'IDAT' 41 62450
2026-09-08 17:47:24,412 - DEBUG - PIL.PngImagePlugin - STREAM b'IHDR' 16 13
2026-09-08 17:47:24,412 - DEBUG - PIL.PngImagePlugin - STREAM b'IDAT' 41 62450
2026-09-08 17:47:24,420 - DEBUG - PIL.PngImagePlugin - STREAM b'IHDR' 16 13
2026-09-08 17:47:24,420 - DEBUG - PIL.PngImagePlugin - STREAM b'IDAT' 41 62450
2026-09-08 17:47:24,428 - DEBUG - PIL.PngImagePlugin - STREAM b'IHDR' 16 13
2026-09-08 17:47:24,428 - DEBUG - PIL.PngImagePlugin - STREAM b'IDAT' 41 62450
2026-09-08 17:47:24,436 - DEBUG - PIL.PngImagePlugin - STREAM b'IHDR' 16 13
2026-09-08 17:47:24,436 - DEBUG - PIL.PngImagePlugin - STREAM b'IDAT' 41 62450
2026-09-08 17:47:24,644 - DEBUG - PIL.PngImagePlugin - STREAM b'IHDR' 16 13
2026-09-08 17:47:24,644 - DEBUG - PIL.PngImagePlugin - STREAM b'IDAT' 41 62450
2026-09-08 17:47:24,652 - DEBUG - PIL.PngImagePlugin - STREAM b'IHDR' 16 13
2026-09-08 17:47:24,652 - DEBUG - PIL.PngImagePlugin - STREAM b'IDAT' 41 62450
2026-09-08 17:47:24,660 - DEBUG - PIL.PngImagePlugin - STREAM b'IHDR' 16 13
2026-09-08 17:47:24,661 - DEBUG - PIL.PngImagePlugin - STREAM b'IDAT' 41 62450
2026-09-08 17:47:24,668 - DEBUG - PIL.PngImagePlugin - STREAM b'IHDR' 16 13
2026-09-08 17:47:24,668 - DEBUG - PIL.PngImagePlugin - STREAM b'IDAT' 41 62450
2026-09-08 17:47:24,676 - DEBUG - PIL.PngImagePlugin - STREAM b'IHDR' 16 13
2026-09-08 17:47:24,676 - DEBUG - PIL.PngImagePlugin - STREAM b'IDAT' 41 62450
2026-09-08 17:47:24,684 - DEBUG - PIL.PngImagePlugin - STREAM b'IHDR' 16 13
2026-09-08 17:47:24,685 - DEBUG - PIL.PngImagePlugin - STREAM b'IDAT' 41 62450
2026-09-08 17:47:24,692 - DEBUG - PIL.PngImagePlugin - STREAM b'IHDR' 16 13
2026-09-08 17:47:24,693 - DEBUG - PIL.PngImagePlugin - STREAM b'IDAT' 41 62450
2026-09-08 17:47:24,700 - DEBUG - PIL.PngImagePlugin - STREAM b'IHDR' 16 13
2026-09-08 17:47:24,701 - DEBUG - PIL.PngImagePlugin - STREAM b'IDAT' 41 62450
2026-09-08 17:47:25,320 - DEBUG - PIL.PngImagePlugin - STREAM b'IHDR' 16 13
2026-09-08 17:47:25,321 - DEBUG - PIL.PngImagePlugin - STREAM b'IDAT' 41 62450
2026-09-08 17:47:25,328 - DEBUG - PIL.PngImagePlugin - STREAM b'IHDR' 16 13
2026-09-08 17:47:25,328 - DEBUG - PIL.PngImagePlugin - STREAM b'IDAT' 41 62450
2026-09-08 17:47:25,352 - DEBUG - PIL.PngImagePlugin - STREAM b'IHDR' 16 13
2026-09-08 17:47:25,352 - DEBUG - PIL.PngImagePlugin - STREAM b'IDAT' 41 62450
2026-09-08 17:47:25,368 - DEBUG - PIL.PngImagePlugin - STREAM b'IHDR' 16 13
2026-09-08 17:47:25,368 - DEBUG - PIL.PngImagePlugin - STREAM b'IDAT' 41 62450
2026-09-08 17:47:25,870 - DEBUG - PIL.PngImagePlugin - STREAM b'IHDR' 16 13
2026-09-08 17:47:25,870 - DEBUG - PIL.PngImagePlugin - STREAM b'IDAT' 41 62450
2026-09-08 17:47:25,886 - DEBUG - PIL.PngImagePlugin - STREAM b'IHDR' 16 13
2026-09-08 17:47:25,887 - DEBUG - PIL.PngImagePlugin - STREAM b'IDAT' 41 62450
2026-09-08 17:47:25,900 - DEBUG - PIL.PngImagePlugin - STREAM b'IHDR' 16 13
2026-09-08 17:47:25,900 - DEBUG - PIL.PngImagePlugin - STREAM b'IDAT' 41 62450
2026-09-08 17:47:25,917 - DEBUG - PIL.PngImagePlugin - STREAM b'IHDR' 16 13
2026-09-08 17:47:25,917 - DEBUG - PIL.PngImagePlugin - STREAM b'IDAT' 41 62450
2026-09-08 17:47:25,940 - DEBUG - PIL.PngImagePlugin - STREAM b'IHDR' 16 13
2026-09-08 17:47:25,940 - DEBUG - PIL.PngImagePlugin - STREAM b'IDAT' 41 62450
2026-09-08 17:47:27,088 - INFO - KGameTracker - ℹ️  ==================================================
2026-09-08 17:47:27,088 - INFO - KGameTracker - ℹ️  K GAME TRACKER - CERRADA
2026-09-08 17:47:27,088 - INFO - KGameTracker - ℹ️  ==================================================
2026-09-08 17:47:51,267 - INFO - KGameTracker - ℹ️  ==================================================
2026-09-08 17:47:51,267 - INFO - KGameTracker - ℹ️  K GAME TRACKER - INICIADA
2026-09-08 17:47:51,267 - INFO - KGameTracker - ℹ️  ==================================================
2026-09-08 17:47:51,389 - DEBUG - PIL.Image - Importing PngImagePlugin
2026-09-08 17:47:51,397 - DEBUG - PIL.PngImagePlugin - STREAM b'IHDR' 16 13
2026-09-08 17:47:51,397 - DEBUG - PIL.PngImagePlugin - STREAM b'caBX' 41 5758
2026-09-08 17:47:51,397 - DEBUG - PIL.PngImagePlugin - b'caBX' 41 5758 (unknown)
2026-09-08 17:47:51,397 - DEBUG - PIL.PngImagePlugin - STREAM b'IDAT' 5811 65536
2026-09-08 17:47:53,697 - DEBUG - PIL.PngImagePlugin - STREAM b'IHDR' 16 13
2026-09-08 17:47:53,697 - DEBUG - PIL.PngImagePlugin - STREAM b'caBX' 41 5758
2026-09-08 17:47:53,698 - DEBUG - PIL.PngImagePlugin - b'caBX' 41 5758 (unknown)
2026-09-08 17:47:53,698 - DEBUG - PIL.PngImagePlugin - STREAM b'IDAT' 5811 65536
2026-09-08 17:47:53,729 - DEBUG - PIL.PngImagePlugin - STREAM b'IHDR' 16 13
2026-09-08 17:47:53,729 - DEBUG - PIL.PngImagePlugin - STREAM b'IDAT' 41 53758
2026-09-08 17:47:53,733 - DEBUG - PIL.PngImagePlugin - STREAM b'IHDR' 16 13
2026-09-08 17:47:53,733 - DEBUG - PIL.PngImagePlugin - STREAM b'IDAT' 41 65536
2026-09-08 17:47:53,737 - DEBUG - PIL.PngImagePlugin - STREAM b'IHDR' 16 13
2026-09-08 17:47:53,737 - DEBUG - PIL.PngImagePlugin - STREAM b'IDAT' 41 58612
2026-09-08 17:47:53,742 - DEBUG - PIL.PngImagePlugin - STREAM b'IHDR' 16 13
2026-09-08 17:47:53,742 - DEBUG - PIL.PngImagePlugin - STREAM b'IDAT' 41 63613
2026-09-08 17:47:53,746 - DEBUG - PIL.PngImagePlugin - STREAM b'IHDR' 16 13
2026-09-08 17:47:53,746 - DEBUG - PIL.PngImagePlugin - STREAM b'IDAT' 41 65536
2026-09-08 17:47:53,751 - DEBUG - PIL.PngImagePlugin - STREAM b'IHDR' 16 13
2026-09-08 17:47:53,751 - DEBUG - PIL.PngImagePlugin - STREAM b'IDAT' 41 63580
2026-09-08 17:47:53,756 - DEBUG - PIL.PngImagePlugin - STREAM b'IHDR' 16 13
2026-09-08 17:47:53,756 - DEBUG - PIL.PngImagePlugin - STREAM b'IDAT' 41 64126
2026-09-08 17:47:53,761 - DEBUG - PIL.PngImagePlugin - STREAM b'IHDR' 16 13
2026-09-08 17:47:53,761 - DEBUG - PIL.PngImagePlugin - STREAM b'IDAT' 41 64126
2026-09-08 17:47:53,766 - DEBUG - PIL.PngImagePlugin - STREAM b'IHDR' 16 13
2026-09-08 17:47:53,766 - DEBUG - PIL.PngImagePlugin - STREAM b'IDAT' 41 64126
2026-09-08 17:47:53,771 - DEBUG - PIL.PngImagePlugin - STREAM b'IHDR' 16 13
2026-09-08 17:47:53,771 - DEBUG - PIL.PngImagePlugin - STREAM b'IDAT' 41 56150
2026-09-08 17:47:53,775 - DEBUG - PIL.PngImagePlugin - STREAM b'IHDR' 16 13
2026-09-08 17:47:53,775 - DEBUG - PIL.PngImagePlugin - STREAM b'IDAT' 41 64126
2026-09-08 17:47:53,778 - DEBUG - PIL.PngImagePlugin - STREAM b'IHDR' 16 13
2026-09-08 17:47:53,779 - DEBUG - PIL.PngImagePlugin - STREAM b'IDAT' 41 64126
2026-09-08 17:47:53,792 - DEBUG - PIL.PngImagePlugin - STREAM b'IHDR' 16 13
2026-09-08 17:47:53,793 - DEBUG - PIL.PngImagePlugin - STREAM b'IDAT' 41 62450
2026-09-08 17:47:53,878 - DEBUG - PIL.PngImagePlugin - STREAM b'IHDR' 16 13
2026-09-08 17:47:53,878 - DEBUG - PIL.PngImagePlugin - STREAM b'IDAT' 41 65536
2026-09-08 17:47:53,881 - DEBUG - PIL.PngImagePlugin - STREAM b'IHDR' 16 13
2026-09-08 17:47:53,881 - DEBUG - PIL.PngImagePlugin - STREAM b'IDAT' 41 65536
2026-09-08 17:47:53,984 - DEBUG - PIL.PngImagePlugin - STREAM b'IHDR' 16 13
2026-09-08 17:47:53,985 - DEBUG - PIL.PngImagePlugin - STREAM b'IDAT' 41 62450
2026-09-08 17:47:54,088 - DEBUG - PIL.PngImagePlugin - STREAM b'IHDR' 16 13
2026-09-08 17:47:54,088 - DEBUG - PIL.PngImagePlugin - STREAM b'IDAT' 41 62450
2026-09-08 17:47:54,192 - DEBUG - PIL.PngImagePlugin - STREAM b'IHDR' 16 13
2026-09-08 17:47:54,192 - DEBUG - PIL.PngImagePlugin - STREAM b'IDAT' 41 62450
2026-09-08 17:47:54,295 - DEBUG - PIL.PngImagePlugin - STREAM b'IHDR' 16 13
2026-09-08 17:47:54,295 - DEBUG - PIL.PngImagePlugin - STREAM b'IDAT' 41 62450
2026-09-08 17:47:54,400 - DEBUG - PIL.PngImagePlugin - STREAM b'IHDR' 16 13
2026-09-08 17:47:54,400 - DEBUG - PIL.PngImagePlugin - STREAM b'IDAT' 41 62450
2026-09-08 17:47:54,503 - DEBUG - PIL.PngImagePlugin - STREAM b'IHDR' 16 13
2026-09-08 17:47:54,503 - DEBUG - PIL.PngImagePlugin - STREAM b'IDAT' 41 62450
2026-09-08 17:47:54,605 - DEBUG - PIL.PngImagePlugin - STREAM b'IHDR' 16 13
2026-09-08 17:47:54,606 - DEBUG - PIL.PngImagePlugin - STREAM b'IDAT' 41 62450
2026-09-08 17:47:54,708 - DEBUG - PIL.PngImagePlugin - STREAM b'IHDR' 16 13
2026-09-08 17:47:54,709 - DEBUG - PIL.PngImagePlugin - STREAM b'IDAT' 41 62450
2026-09-08 17:47:54,812 - DEBUG - PIL.PngImagePlugin - STREAM b'IHDR' 16 13
2026-09-08 17:47:54,812 - DEBUG - PIL.PngImagePlugin - STREAM b'IDAT' 41 62450
2026-09-08 17:47:54,915 - DEBUG - PIL.PngImagePlugin - STREAM b'IHDR' 16 13
2026-09-08 17:47:54,915 - DEBUG - PIL.PngImagePlugin - STREAM b'IDAT' 41 62450
2026-09-08 17:47:55,018 - DEBUG - PIL.PngImagePlugin - STREAM b'IHDR' 16 13
2026-09-08 17:47:55,018 - DEBUG - PIL.PngImagePlugin - STREAM b'IDAT' 41 62450
2026-09-08 17:47:55,121 - DEBUG - PIL.PngImagePlugin - STREAM b'IHDR' 16 13
2026-09-08 17:47:55,121 - DEBUG - PIL.PngImagePlugin - STREAM b'IDAT' 41 62450
2026-09-08 17:47:55,224 - DEBUG - PIL.PngImagePlugin - STREAM b'IHDR' 16 13
2026-09-08 17:47:55,225 - DEBUG - PIL.PngImagePlugin - STREAM b'IDAT' 41 62450
2026-09-08 17:47:55,327 - DEBUG - PIL.PngImagePlugin - STREAM b'IHDR' 16 13
2026-09-08 17:47:55,328 - DEBUG - PIL.PngImagePlugin - STREAM b'IDAT' 41 62450
2026-09-08 17:47:55,430 - DEBUG - PIL.PngImagePlugin - STREAM b'IHDR' 16 13
2026-09-08 17:47:55,431 - DEBUG - PIL.PngImagePlugin - STREAM b'IDAT' 41 62450
2026-09-08 17:47:55,533 - DEBUG - PIL.PngImagePlugin - STREAM b'IHDR' 16 13
2026-09-08 17:47:55,534 - DEBUG - PIL.PngImagePlugin - STREAM b'IDAT' 41 62450
2026-09-08 17:47:55,636 - DEBUG - PIL.PngImagePlugin - STREAM b'IHDR' 16 13
2026-09-08 17:47:55,637 - DEBUG - PIL.PngImagePlugin - STREAM b'IDAT' 41 62450
2026-09-08 17:47:55,739 - DEBUG - PIL.PngImagePlugin - STREAM b'IHDR' 16 13
2026-09-08 17:47:55,740 - DEBUG - PIL.PngImagePlugin - STREAM b'IDAT' 41 62450
2026-09-08 17:47:55,842 - DEBUG - PIL.PngImagePlugin - STREAM b'IHDR' 16 13
2026-09-08 17:47:55,842 - DEBUG - PIL.PngImagePlugin - STREAM b'IDAT' 41 62450
2026-09-08 17:47:55,945 - DEBUG - PIL.PngImagePlugin - STREAM b'IHDR' 16 13
2026-09-08 17:47:55,945 - DEBUG - PIL.PngImagePlugin - STREAM b'IDAT' 41 62450
2026-09-08 17:47:59,432 - INFO - KGameTracker - ℹ️  ==================================================
2026-09-08 17:47:59,432 - INFO - KGameTracker - ℹ️  K GAME TRACKER - CERRADA
2026-09-08 17:47:59,432 - INFO - KGameTracker - ℹ️  ==================================================
2026-09-08 17:48:28,555 - INFO - KGameTracker - ℹ️  ==================================================
2026-09-08 17:48:28,555 - INFO - KGameTracker - ℹ️  K GAME TRACKER - INICIADA
2026-09-08 17:48:28,555 - INFO - KGameTracker - ℹ️  ==================================================
2026-09-08 17:48:28,672 - DEBUG - PIL.Image - Importing PngImagePlugin
2026-09-08 17:48:28,679 - DEBUG - PIL.PngImagePlugin - STREAM b'IHDR' 16 13
2026-09-08 17:48:28,679 - DEBUG - PIL.PngImagePlugin - STREAM b'caBX' 41 5758
2026-09-08 17:48:28,679 - DEBUG - PIL.PngImagePlugin - b'caBX' 41 5758 (unknown)
2026-09-08 17:48:28,679 - DEBUG - PIL.PngImagePlugin - STREAM b'IDAT' 5811 65536
2026-09-08 17:48:31,048 - DEBUG - PIL.PngImagePlugin - STREAM b'IHDR' 16 13
2026-09-08 17:48:31,048 - DEBUG - PIL.PngImagePlugin - STREAM b'caBX' 41 5758
2026-09-08 17:48:31,049 - DEBUG - PIL.PngImagePlugin - b'caBX' 41 5758 (unknown)
2026-09-08 17:48:31,049 - DEBUG - PIL.PngImagePlugin - STREAM b'IDAT' 5811 65536
2026-09-08 17:48:31,076 - DEBUG - PIL.PngImagePlugin - STREAM b'IHDR' 16 13
2026-09-08 17:48:31,077 - DEBUG - PIL.PngImagePlugin - STREAM b'IDAT' 41 53758
2026-09-08 17:48:31,080 - DEBUG - PIL.PngImagePlugin - STREAM b'IHDR' 16 13
2026-09-08 17:48:31,081 - DEBUG - PIL.PngImagePlugin - STREAM b'IDAT' 41 65536
2026-09-08 17:48:31,084 - DEBUG - PIL.PngImagePlugin - STREAM b'IHDR' 16 13
2026-09-08 17:48:31,084 - DEBUG - PIL.PngImagePlugin - STREAM b'IDAT' 41 58612
2026-09-08 17:48:31,087 - DEBUG - PIL.PngImagePlugin - STREAM b'IHDR' 16 13
2026-09-08 17:48:31,087 - DEBUG - PIL.PngImagePlugin - STREAM b'IDAT' 41 63613
2026-09-08 17:48:31,091 - DEBUG - PIL.PngImagePlugin - STREAM b'IHDR' 16 13
2026-09-08 17:48:31,091 - DEBUG - PIL.PngImagePlugin - STREAM b'IDAT' 41 65536
2026-09-08 17:48:31,095 - DEBUG - PIL.PngImagePlugin - STREAM b'IHDR' 16 13
2026-09-08 17:48:31,095 - DEBUG - PIL.PngImagePlugin - STREAM b'IDAT' 41 63580
2026-09-08 17:48:31,100 - DEBUG - PIL.PngImagePlugin - STREAM b'IHDR' 16 13
2026-09-08 17:48:31,100 - DEBUG - PIL.PngImagePlugin - STREAM b'IDAT' 41 64126
2026-09-08 17:48:31,103 - DEBUG - PIL.PngImagePlugin - STREAM b'IHDR' 16 13
2026-09-08 17:48:31,103 - DEBUG - PIL.PngImagePlugin - STREAM b'IDAT' 41 64126
2026-09-08 17:48:31,107 - DEBUG - PIL.PngImagePlugin - STREAM b'IHDR' 16 13
2026-09-08 17:48:31,107 - DEBUG - PIL.PngImagePlugin - STREAM b'IDAT' 41 64126
2026-09-08 17:48:31,111 - DEBUG - PIL.PngImagePlugin - STREAM b'IHDR' 16 13
2026-09-08 17:48:31,111 - DEBUG - PIL.PngImagePlugin - STREAM b'IDAT' 41 56150
2026-09-08 17:48:31,115 - DEBUG - PIL.PngImagePlugin - STREAM b'IHDR' 16 13
2026-09-08 17:48:31,115 - DEBUG - PIL.PngImagePlugin - STREAM b'IDAT' 41 64126
2026-09-08 17:48:31,119 - DEBUG - PIL.PngImagePlugin - STREAM b'IHDR' 16 13
2026-09-08 17:48:31,119 - DEBUG - PIL.PngImagePlugin - STREAM b'IDAT' 41 64126
2026-09-08 17:48:31,132 - DEBUG - PIL.PngImagePlugin - STREAM b'IHDR' 16 13
2026-09-08 17:48:31,132 - DEBUG - PIL.PngImagePlugin - STREAM b'IDAT' 41 62450
2026-09-08 17:48:31,220 - DEBUG - PIL.PngImagePlugin - STREAM b'IHDR' 16 13
2026-09-08 17:48:31,220 - DEBUG - PIL.PngImagePlugin - STREAM b'IDAT' 41 65536
2026-09-08 17:48:31,223 - DEBUG - PIL.PngImagePlugin - STREAM b'IHDR' 16 13
2026-09-08 17:48:31,223 - DEBUG - PIL.PngImagePlugin - STREAM b'IDAT' 41 65536
2026-09-08 17:48:31,330 - DEBUG - PIL.PngImagePlugin - STREAM b'IHDR' 16 13
2026-09-08 17:48:31,330 - DEBUG - PIL.PngImagePlugin - STREAM b'IDAT' 41 62450
2026-09-08 17:48:31,433 - DEBUG - PIL.PngImagePlugin - STREAM b'IHDR' 16 13
2026-09-08 17:48:31,434 - DEBUG - PIL.PngImagePlugin - STREAM b'IDAT' 41 62450
2026-09-08 17:48:31,537 - DEBUG - PIL.PngImagePlugin - STREAM b'IHDR' 16 13
2026-09-08 17:48:31,537 - DEBUG - PIL.PngImagePlugin - STREAM b'IDAT' 41 62450
2026-09-08 17:48:31,641 - DEBUG - PIL.PngImagePlugin - STREAM b'IHDR' 16 13
2026-09-08 17:48:31,641 - DEBUG - PIL.PngImagePlugin - STREAM b'IDAT' 41 62450
2026-09-08 17:48:31,743 - DEBUG - PIL.PngImagePlugin - STREAM b'IHDR' 16 13
2026-09-08 17:48:31,744 - DEBUG - PIL.PngImagePlugin - STREAM b'IDAT' 41 62450
2026-09-08 17:48:31,847 - DEBUG - PIL.PngImagePlugin - STREAM b'IHDR' 16 13
2026-09-08 17:48:31,847 - DEBUG - PIL.PngImagePlugin - STREAM b'IDAT' 41 62450
2026-09-08 17:48:31,950 - DEBUG - PIL.PngImagePlugin - STREAM b'IHDR' 16 13
2026-09-08 17:48:31,950 - DEBUG - PIL.PngImagePlugin - STREAM b'IDAT' 41 62450
2026-09-08 17:48:32,053 - DEBUG - PIL.PngImagePlugin - STREAM b'IHDR' 16 13
2026-09-08 17:48:32,053 - DEBUG - PIL.PngImagePlugin - STREAM b'IDAT' 41 62450
2026-09-08 17:48:32,156 - DEBUG - PIL.PngImagePlugin - STREAM b'IHDR' 16 13
2026-09-08 17:48:32,156 - DEBUG - PIL.PngImagePlugin - STREAM b'IDAT' 41 62450
2026-09-08 17:48:32,259 - DEBUG - PIL.PngImagePlugin - STREAM b'IHDR' 16 13
2026-09-08 17:48:32,259 - DEBUG - PIL.PngImagePlugin - STREAM b'IDAT' 41 62450
2026-09-08 17:48:32,362 - DEBUG - PIL.PngImagePlugin - STREAM b'IHDR' 16 13
2026-09-08 17:48:32,362 - DEBUG - PIL.PngImagePlugin - STREAM b'IDAT' 41 62450
2026-09-08 17:48:32,465 - DEBUG - PIL.PngImagePlugin - STREAM b'IHDR' 16 13
2026-09-08 17:48:32,465 - DEBUG - PIL.PngImagePlugin - STREAM b'IDAT' 41 62450
2026-09-08 17:48:32,567 - DEBUG - PIL.PngImagePlugin - STREAM b'IHDR' 16 13
2026-09-08 17:48:32,568 - DEBUG - PIL.PngImagePlugin - STREAM b'IDAT' 41 62450
2026-09-08 17:48:32,671 - DEBUG - PIL.PngImagePlugin - STREAM b'IHDR' 16 13
2026-09-08 17:48:32,671 - DEBUG - PIL.PngImagePlugin - STREAM b'IDAT' 41 62450
2026-09-08 17:48:32,774 - DEBUG - PIL.PngImagePlugin - STREAM b'IHDR' 16 13
2026-09-08 17:48:32,774 - DEBUG - PIL.PngImagePlugin - STREAM b'IDAT' 41 62450
2026-09-08 17:48:32,945 - INFO - KGameTracker - ℹ️  ==================================================
2026-09-08 17:48:32,945 - INFO - KGameTracker - ℹ️  K GAME TRACKER - CERRADA
2026-09-08 17:48:32,945 - INFO - KGameTracker - ℹ️  ==================================================
2026-09-08 17:48:58,349 - INFO - KGameTracker - ℹ️  ==================================================
2026-09-08 17:48:58,351 - INFO - KGameTracker - ℹ️  K GAME TRACKER - INICIADA
2026-09-08 17:48:58,351 - INFO - KGameTracker - ℹ️  ==================================================
2026-09-08 17:48:58,489 - DEBUG - PIL.Image - Importing PngImagePlugin
2026-09-08 17:48:58,496 - DEBUG - PIL.PngImagePlugin - STREAM b'IHDR' 16 13
2026-09-08 17:48:58,496 - DEBUG - PIL.PngImagePlugin - STREAM b'caBX' 41 5758
2026-09-08 17:48:58,496 - DEBUG - PIL.PngImagePlugin - b'caBX' 41 5758 (unknown)
2026-09-08 17:48:58,496 - DEBUG - PIL.PngImagePlugin - STREAM b'IDAT' 5811 65536
2026-09-08 17:49:00,780 - DEBUG - PIL.PngImagePlugin - STREAM b'IHDR' 16 13
2026-09-08 17:49:00,780 - DEBUG - PIL.PngImagePlugin - STREAM b'caBX' 41 5758
2026-09-08 17:49:00,780 - DEBUG - PIL.PngImagePlugin - b'caBX' 41 5758 (unknown)
2026-09-08 17:49:00,781 - DEBUG - PIL.PngImagePlugin - STREAM b'IDAT' 5811 65536
2026-09-08 17:49:00,807 - DEBUG - PIL.PngImagePlugin - STREAM b'IHDR' 16 13
2026-09-08 17:49:00,807 - DEBUG - PIL.PngImagePlugin - STREAM b'IDAT' 41 53758
2026-09-08 17:49:00,811 - DEBUG - PIL.PngImagePlugin - STREAM b'IHDR' 16 13
2026-09-08 17:49:00,811 - DEBUG - PIL.PngImagePlugin - STREAM b'IDAT' 41 65536
2026-09-08 17:49:00,813 - DEBUG - PIL.PngImagePlugin - STREAM b'IHDR' 16 13
2026-09-08 17:49:00,814 - DEBUG - PIL.PngImagePlugin - STREAM b'IDAT' 41 58612
2026-09-08 17:49:00,817 - DEBUG - PIL.PngImagePlugin - STREAM b'IHDR' 16 13
2026-09-08 17:49:00,817 - DEBUG - PIL.PngImagePlugin - STREAM b'IDAT' 41 63613
2026-09-08 17:49:00,820 - DEBUG - PIL.PngImagePlugin - STREAM b'IHDR' 16 13
2026-09-08 17:49:00,820 - DEBUG - PIL.PngImagePlugin - STREAM b'IDAT' 41 65536
2026-09-08 17:49:00,825 - DEBUG - PIL.PngImagePlugin - STREAM b'IHDR' 16 13
2026-09-08 17:49:00,825 - DEBUG - PIL.PngImagePlugin - STREAM b'IDAT' 41 63580
2026-09-08 17:49:00,828 - DEBUG - PIL.PngImagePlugin - STREAM b'IHDR' 16 13
2026-09-08 17:49:00,828 - DEBUG - PIL.PngImagePlugin - STREAM b'IDAT' 41 64126
2026-09-08 17:49:00,832 - DEBUG - PIL.PngImagePlugin - STREAM b'IHDR' 16 13
2026-09-08 17:49:00,832 - DEBUG - PIL.PngImagePlugin - STREAM b'IDAT' 41 64126
2026-09-08 17:49:00,835 - DEBUG - PIL.PngImagePlugin - STREAM b'IHDR' 16 13
2026-09-08 17:49:00,836 - DEBUG - PIL.PngImagePlugin - STREAM b'IDAT' 41 64126
2026-09-08 17:49:00,839 - DEBUG - PIL.PngImagePlugin - STREAM b'IHDR' 16 13
2026-09-08 17:49:00,839 - DEBUG - PIL.PngImagePlugin - STREAM b'IDAT' 41 56150
2026-09-08 17:49:00,844 - DEBUG - PIL.PngImagePlugin - STREAM b'IHDR' 16 13
2026-09-08 17:49:00,844 - DEBUG - PIL.PngImagePlugin - STREAM b'IDAT' 41 64126
2026-09-08 17:49:00,847 - DEBUG - PIL.PngImagePlugin - STREAM b'IHDR' 16 13
2026-09-08 17:49:00,848 - DEBUG - PIL.PngImagePlugin - STREAM b'IDAT' 41 64126
2026-09-08 17:49:00,859 - DEBUG - PIL.PngImagePlugin - STREAM b'IHDR' 16 13
2026-09-08 17:49:00,860 - DEBUG - PIL.PngImagePlugin - STREAM b'IDAT' 41 62450
2026-09-08 17:49:00,940 - DEBUG - PIL.PngImagePlugin - STREAM b'IHDR' 16 13
2026-09-08 17:49:00,941 - DEBUG - PIL.PngImagePlugin - STREAM b'IDAT' 41 65536
2026-09-08 17:49:00,943 - DEBUG - PIL.PngImagePlugin - STREAM b'IHDR' 16 13
2026-09-08 17:49:00,943 - DEBUG - PIL.PngImagePlugin - STREAM b'IDAT' 41 65536
2026-09-08 17:49:01,046 - DEBUG - PIL.PngImagePlugin - STREAM b'IHDR' 16 13
2026-09-08 17:49:01,047 - DEBUG - PIL.PngImagePlugin - STREAM b'IDAT' 41 62450
2026-09-08 17:49:01,150 - DEBUG - PIL.PngImagePlugin - STREAM b'IHDR' 16 13
2026-09-08 17:49:01,151 - DEBUG - PIL.PngImagePlugin - STREAM b'IDAT' 41 62450
2026-09-08 17:49:01,254 - DEBUG - PIL.PngImagePlugin - STREAM b'IHDR' 16 13
2026-09-08 17:49:01,254 - DEBUG - PIL.PngImagePlugin - STREAM b'IDAT' 41 62450
2026-09-08 17:49:01,357 - DEBUG - PIL.PngImagePlugin - STREAM b'IHDR' 16 13
2026-09-08 17:49:01,357 - DEBUG - PIL.PngImagePlugin - STREAM b'IDAT' 41 62450
2026-09-08 17:49:01,461 - DEBUG - PIL.PngImagePlugin - STREAM b'IHDR' 16 13
2026-09-08 17:49:01,461 - DEBUG - PIL.PngImagePlugin - STREAM b'IDAT' 41 62450
2026-09-08 17:49:01,564 - DEBUG - PIL.PngImagePlugin - STREAM b'IHDR' 16 13
2026-09-08 17:49:01,564 - DEBUG - PIL.PngImagePlugin - STREAM b'IDAT' 41 62450
2026-09-08 17:49:01,667 - DEBUG - PIL.PngImagePlugin - STREAM b'IHDR' 16 13
2026-09-08 17:49:01,667 - DEBUG - PIL.PngImagePlugin - STREAM b'IDAT' 41 62450
2026-09-08 17:49:01,770 - DEBUG - PIL.PngImagePlugin - STREAM b'IHDR' 16 13
2026-09-08 17:49:01,770 - DEBUG - PIL.PngImagePlugin - STREAM b'IDAT' 41 62450
2026-09-08 17:49:01,873 - DEBUG - PIL.PngImagePlugin - STREAM b'IHDR' 16 13
2026-09-08 17:49:01,873 - DEBUG - PIL.PngImagePlugin - STREAM b'IDAT' 41 62450
2026-09-08 17:49:01,976 - DEBUG - PIL.PngImagePlugin - STREAM b'IHDR' 16 13
2026-09-08 17:49:01,976 - DEBUG - PIL.PngImagePlugin - STREAM b'IDAT' 41 62450
2026-09-08 17:49:02,080 - DEBUG - PIL.PngImagePlugin - STREAM b'IHDR' 16 13
2026-09-08 17:49:02,080 - DEBUG - PIL.PngImagePlugin - STREAM b'IDAT' 41 62450
2026-09-08 17:49:02,183 - DEBUG - PIL.PngImagePlugin - STREAM b'IHDR' 16 13
2026-09-08 17:49:02,183 - DEBUG - PIL.PngImagePlugin - STREAM b'IDAT' 41 62450
2026-09-08 17:49:02,286 - DEBUG - PIL.PngImagePlugin - STREAM b'IHDR' 16 13
2026-09-08 17:49:02,286 - DEBUG - PIL.PngImagePlugin - STREAM b'IDAT' 41 62450
2026-09-08 17:49:02,389 - DEBUG - PIL.PngImagePlugin - STREAM b'IHDR' 16 13
2026-09-08 17:49:02,389 - DEBUG - PIL.PngImagePlugin - STREAM b'IDAT' 41 62450
2026-09-08 17:49:02,492 - DEBUG - PIL.PngImagePlugin - STREAM b'IHDR' 16 13
2026-09-08 17:49:02,492 - DEBUG - PIL.PngImagePlugin - STREAM b'IDAT' 41 62450
2026-09-08 17:49:02,595 - DEBUG - PIL.PngImagePlugin - STREAM b'IHDR' 16 13
2026-09-08 17:49:02,595 - DEBUG - PIL.PngImagePlugin - STREAM b'IDAT' 41 62450
2026-09-08 17:49:02,698 - DEBUG - PIL.PngImagePlugin - STREAM b'IHDR' 16 13
2026-09-08 17:49:02,698 - DEBUG - PIL.PngImagePlugin - STREAM b'IDAT' 41 62450
2026-09-08 17:49:02,801 - DEBUG - PIL.PngImagePlugin - STREAM b'IHDR' 16 13
2026-09-08 17:49:02,801 - DEBUG - PIL.PngImagePlugin - STREAM b'IDAT' 41 62450
2026-09-08 17:49:02,904 - DEBUG - PIL.PngImagePlugin - STREAM b'IHDR' 16 13
2026-09-08 17:49:02,904 - DEBUG - PIL.PngImagePlugin - STREAM b'IDAT' 41 62450
2026-09-08 17:49:03,007 - DEBUG - PIL.PngImagePlugin - STREAM b'IHDR' 16 13
2026-09-08 17:49:03,007 - DEBUG - PIL.PngImagePlugin - STREAM b'IDAT' 41 62450
2026-09-08 17:49:03,374 - INFO - KGameTracker - ℹ️  ==================================================
2026-09-08 17:49:03,374 - INFO - KGameTracker - ℹ️  K GAME TRACKER - CERRADA
2026-09-08 17:49:03,374 - INFO - KGameTracker - ℹ️  ==================================================
2026-09-08 17:49:24,655 - INFO - KGameTracker - ℹ️  ==================================================
2026-09-08 17:49:24,655 - INFO - KGameTracker - ℹ️  K GAME TRACKER - INICIADA
2026-09-08 17:49:24,655 - INFO - KGameTracker - ℹ️  ==================================================
2026-09-08 17:49:24,775 - DEBUG - PIL.Image - Importing PngImagePlugin
2026-09-08 17:49:24,782 - DEBUG - PIL.PngImagePlugin - STREAM b'IHDR' 16 13
2026-09-08 17:49:24,782 - DEBUG - PIL.PngImagePlugin - STREAM b'caBX' 41 5758
2026-09-08 17:49:24,782 - DEBUG - PIL.PngImagePlugin - b'caBX' 41 5758 (unknown)
2026-09-08 17:49:24,782 - DEBUG - PIL.PngImagePlugin - STREAM b'IDAT' 5811 65536
2026-09-08 17:49:27,123 - DEBUG - PIL.PngImagePlugin - STREAM b'IHDR' 16 13
2026-09-08 17:49:27,123 - DEBUG - PIL.PngImagePlugin - STREAM b'caBX' 41 5758
2026-09-08 17:49:27,123 - DEBUG - PIL.PngImagePlugin - b'caBX' 41 5758 (unknown)
2026-09-08 17:49:27,123 - DEBUG - PIL.PngImagePlugin - STREAM b'IDAT' 5811 65536
2026-09-08 17:49:27,149 - DEBUG - PIL.PngImagePlugin - STREAM b'IHDR' 16 13
2026-09-08 17:49:27,149 - DEBUG - PIL.PngImagePlugin - STREAM b'IDAT' 41 53758
2026-09-08 17:49:27,153 - DEBUG - PIL.PngImagePlugin - STREAM b'IHDR' 16 13
2026-09-08 17:49:27,153 - DEBUG - PIL.PngImagePlugin - STREAM b'IDAT' 41 65536
2026-09-08 17:49:27,156 - DEBUG - PIL.PngImagePlugin - STREAM b'IHDR' 16 13
2026-09-08 17:49:27,156 - DEBUG - PIL.PngImagePlugin - STREAM b'IDAT' 41 58612
2026-09-08 17:49:27,159 - DEBUG - PIL.PngImagePlugin - STREAM b'IHDR' 16 13
2026-09-08 17:49:27,159 - DEBUG - PIL.PngImagePlugin - STREAM b'IDAT' 41 63613
2026-09-08 17:49:27,162 - DEBUG - PIL.PngImagePlugin - STREAM b'IHDR' 16 13
2026-09-08 17:49:27,162 - DEBUG - PIL.PngImagePlugin - STREAM b'IDAT' 41 65536
2026-09-08 17:49:27,167 - DEBUG - PIL.PngImagePlugin - STREAM b'IHDR' 16 13
2026-09-08 17:49:27,167 - DEBUG - PIL.PngImagePlugin - STREAM b'IDAT' 41 63580
2026-09-08 17:49:27,170 - DEBUG - PIL.PngImagePlugin - STREAM b'IHDR' 16 13
2026-09-08 17:49:27,170 - DEBUG - PIL.PngImagePlugin - STREAM b'IDAT' 41 64126
2026-09-08 17:49:27,174 - DEBUG - PIL.PngImagePlugin - STREAM b'IHDR' 16 13
2026-09-08 17:49:27,174 - DEBUG - PIL.PngImagePlugin - STREAM b'IDAT' 41 64126
2026-09-08 17:49:27,177 - DEBUG - PIL.PngImagePlugin - STREAM b'IHDR' 16 13
2026-09-08 17:49:27,177 - DEBUG - PIL.PngImagePlugin - STREAM b'IDAT' 41 64126
2026-09-08 17:49:27,181 - DEBUG - PIL.PngImagePlugin - STREAM b'IHDR' 16 13
2026-09-08 17:49:27,181 - DEBUG - PIL.PngImagePlugin - STREAM b'IDAT' 41 56150
2026-09-08 17:49:27,185 - DEBUG - PIL.PngImagePlugin - STREAM b'IHDR' 16 13
2026-09-08 17:49:27,185 - DEBUG - PIL.PngImagePlugin - STREAM b'IDAT' 41 64126
2026-09-08 17:49:27,188 - DEBUG - PIL.PngImagePlugin - STREAM b'IHDR' 16 13
2026-09-08 17:49:27,188 - DEBUG - PIL.PngImagePlugin - STREAM b'IDAT' 41 64126
2026-09-08 17:49:27,200 - DEBUG - PIL.PngImagePlugin - STREAM b'IHDR' 16 13
2026-09-08 17:49:27,201 - DEBUG - PIL.PngImagePlugin - STREAM b'IDAT' 41 62450
2026-09-08 17:50:24,573 - INFO - KGameTracker - ℹ️  ==================================================
2026-09-08 17:50:24,574 - INFO - KGameTracker - ℹ️  K GAME TRACKER - CERRADA
2026-09-08 17:50:24,574 - INFO - KGameTracker - ℹ️  ==================================================
2026-09-08 17:50:26,530 - INFO - KGameTracker - ℹ️  ==================================================
2026-09-08 17:50:26,533 - INFO - KGameTracker - ℹ️  K GAME TRACKER - INICIADA
2026-09-08 17:50:26,536 - INFO - KGameTracker - ℹ️  ==================================================
2026-09-08 17:50:26,745 - DEBUG - PIL.Image - Importing PngImagePlugin
2026-09-08 17:50:26,752 - DEBUG - PIL.PngImagePlugin - STREAM b'IHDR' 16 13
2026-09-08 17:50:26,752 - DEBUG - PIL.PngImagePlugin - STREAM b'caBX' 41 5758
2026-09-08 17:50:26,752 - DEBUG - PIL.PngImagePlugin - b'caBX' 41 5758 (unknown)
2026-09-08 17:50:26,753 - DEBUG - PIL.PngImagePlugin - STREAM b'IDAT' 5811 65536
2026-09-08 17:50:28,924 - DEBUG - PIL.PngImagePlugin - STREAM b'IHDR' 16 13
2026-09-08 17:50:28,924 - DEBUG - PIL.PngImagePlugin - STREAM b'caBX' 41 5758
2026-09-08 17:50:28,925 - DEBUG - PIL.PngImagePlugin - b'caBX' 41 5758 (unknown)
2026-09-08 17:50:28,925 - DEBUG - PIL.PngImagePlugin - STREAM b'IDAT' 5811 65536
2026-09-08 17:50:28,955 - DEBUG - PIL.PngImagePlugin - STREAM b'IHDR' 16 13
2026-09-08 17:50:28,956 - DEBUG - PIL.PngImagePlugin - STREAM b'IDAT' 41 53758
2026-09-08 17:50:28,959 - DEBUG - PIL.PngImagePlugin - STREAM b'IHDR' 16 13
2026-09-08 17:50:28,959 - DEBUG - PIL.PngImagePlugin - STREAM b'IDAT' 41 65536
2026-09-08 17:50:28,963 - DEBUG - PIL.PngImagePlugin - STREAM b'IHDR' 16 13
2026-09-08 17:50:28,963 - DEBUG - PIL.PngImagePlugin - STREAM b'IDAT' 41 58612
2026-09-08 17:50:28,966 - DEBUG - PIL.PngImagePlugin - STREAM b'IHDR' 16 13
2026-09-08 17:50:28,966 - DEBUG - PIL.PngImagePlugin - STREAM b'IDAT' 41 63613
2026-09-08 17:50:28,970 - DEBUG - PIL.PngImagePlugin - STREAM b'IHDR' 16 13
2026-09-08 17:50:28,970 - DEBUG - PIL.PngImagePlugin - STREAM b'IDAT' 41 65536
2026-09-08 17:50:28,974 - DEBUG - PIL.PngImagePlugin - STREAM b'IHDR' 16 13
2026-09-08 17:50:28,975 - DEBUG - PIL.PngImagePlugin - STREAM b'IDAT' 41 63580
2026-09-08 17:50:28,980 - DEBUG - PIL.PngImagePlugin - STREAM b'IHDR' 16 13
2026-09-08 17:50:28,980 - DEBUG - PIL.PngImagePlugin - STREAM b'IDAT' 41 64126
2026-09-08 17:50:28,984 - DEBUG - PIL.PngImagePlugin - STREAM b'IHDR' 16 13
2026-09-08 17:50:28,984 - DEBUG - PIL.PngImagePlugin - STREAM b'IDAT' 41 64126
2026-09-08 17:50:28,988 - DEBUG - PIL.PngImagePlugin - STREAM b'IHDR' 16 13
2026-09-08 17:50:28,989 - DEBUG - PIL.PngImagePlugin - STREAM b'IDAT' 41 64126
2026-09-08 17:50:28,992 - DEBUG - PIL.PngImagePlugin - STREAM b'IHDR' 16 13
2026-09-08 17:50:28,992 - DEBUG - PIL.PngImagePlugin - STREAM b'IDAT' 41 56150
2026-09-08 17:50:28,996 - DEBUG - PIL.PngImagePlugin - STREAM b'IHDR' 16 13
2026-09-08 17:50:28,996 - DEBUG - PIL.PngImagePlugin - STREAM b'IDAT' 41 64126
2026-09-08 17:50:29,000 - DEBUG - PIL.PngImagePlugin - STREAM b'IHDR' 16 13
2026-09-08 17:50:29,000 - DEBUG - PIL.PngImagePlugin - STREAM b'IDAT' 41 64126
2026-09-08 17:50:29,013 - DEBUG - PIL.PngImagePlugin - STREAM b'IHDR' 16 13
2026-09-08 17:50:29,013 - DEBUG - PIL.PngImagePlugin - STREAM b'IDAT' 41 62450
2026-09-08 17:50:32,427 - INFO - KGameTracker - ℹ️  ==================================================
2026-09-08 17:50:32,427 - INFO - KGameTracker - ℹ️  K GAME TRACKER - CERRADA
2026-09-08 17:50:32,427 - INFO - KGameTracker - ℹ️  ==================================================
2026-09-08 17:51:27,075 - INFO - KGameTracker - ℹ️  ==================================================
2026-09-08 17:51:27,075 - INFO - KGameTracker - ℹ️  K GAME TRACKER - INICIADA
2026-09-08 17:51:27,075 - INFO - KGameTracker - ℹ️  ==================================================
2026-09-08 17:51:27,298 - DEBUG - PIL.Image - Importing PngImagePlugin
2026-09-08 17:51:27,305 - DEBUG - PIL.PngImagePlugin - STREAM b'IHDR' 16 13
2026-09-08 17:51:27,305 - DEBUG - PIL.PngImagePlugin - STREAM b'caBX' 41 5758
2026-09-08 17:51:27,305 - DEBUG - PIL.PngImagePlugin - b'caBX' 41 5758 (unknown)
2026-09-08 17:51:27,305 - DEBUG - PIL.PngImagePlugin - STREAM b'IDAT' 5811 65536
2026-09-08 17:51:29,487 - DEBUG - PIL.PngImagePlugin - STREAM b'IHDR' 16 13
2026-09-08 17:51:29,488 - DEBUG - PIL.PngImagePlugin - STREAM b'caBX' 41 5758
2026-09-08 17:51:29,488 - DEBUG - PIL.PngImagePlugin - b'caBX' 41 5758 (unknown)
2026-09-08 17:51:29,488 - DEBUG - PIL.PngImagePlugin - STREAM b'IDAT' 5811 65536
2026-09-08 17:51:29,514 - DEBUG - PIL.PngImagePlugin - STREAM b'IHDR' 16 13
2026-09-08 17:51:29,514 - DEBUG - PIL.PngImagePlugin - STREAM b'IDAT' 41 53758
2026-09-08 17:51:29,518 - DEBUG - PIL.PngImagePlugin - STREAM b'IHDR' 16 13
2026-09-08 17:51:29,518 - DEBUG - PIL.PngImagePlugin - STREAM b'IDAT' 41 65536
2026-09-08 17:51:29,521 - DEBUG - PIL.PngImagePlugin - STREAM b'IHDR' 16 13
2026-09-08 17:51:29,521 - DEBUG - PIL.PngImagePlugin - STREAM b'IDAT' 41 58612
2026-09-08 17:51:29,524 - DEBUG - PIL.PngImagePlugin - STREAM b'IHDR' 16 13
2026-09-08 17:51:29,524 - DEBUG - PIL.PngImagePlugin - STREAM b'IDAT' 41 63613
2026-09-08 17:51:29,528 - DEBUG - PIL.PngImagePlugin - STREAM b'IHDR' 16 13
2026-09-08 17:51:29,528 - DEBUG - PIL.PngImagePlugin - STREAM b'IDAT' 41 65536
2026-09-08 17:51:29,532 - DEBUG - PIL.PngImagePlugin - STREAM b'IHDR' 16 13
2026-09-08 17:51:29,533 - DEBUG - PIL.PngImagePlugin - STREAM b'IDAT' 41 63580
2026-09-08 17:51:29,536 - DEBUG - PIL.PngImagePlugin - STREAM b'IHDR' 16 13
2026-09-08 17:51:29,537 - DEBUG - PIL.PngImagePlugin - STREAM b'IDAT' 41 64126
2026-09-08 17:51:29,540 - DEBUG - PIL.PngImagePlugin - STREAM b'IHDR' 16 13
2026-09-08 17:51:29,540 - DEBUG - PIL.PngImagePlugin - STREAM b'IDAT' 41 64126
2026-09-08 17:51:29,544 - DEBUG - PIL.PngImagePlugin - STREAM b'IHDR' 16 13
2026-09-08 17:51:29,545 - DEBUG - PIL.PngImagePlugin - STREAM b'IDAT' 41 64126
2026-09-08 17:51:29,548 - DEBUG - PIL.PngImagePlugin - STREAM b'IHDR' 16 13
2026-09-08 17:51:29,549 - DEBUG - PIL.PngImagePlugin - STREAM b'IDAT' 41 56150
2026-09-08 17:51:29,552 - DEBUG - PIL.PngImagePlugin - STREAM b'IHDR' 16 13
2026-09-08 17:51:29,552 - DEBUG - PIL.PngImagePlugin - STREAM b'IDAT' 41 64126
2026-09-08 17:51:29,556 - DEBUG - PIL.PngImagePlugin - STREAM b'IHDR' 16 13
2026-09-08 17:51:29,556 - DEBUG - PIL.PngImagePlugin - STREAM b'IDAT' 41 64126
2026-09-08 17:51:29,568 - DEBUG - PIL.PngImagePlugin - STREAM b'IHDR' 16 13
2026-09-08 17:51:29,568 - DEBUG - PIL.PngImagePlugin - STREAM b'IDAT' 41 62450
2026-09-08 17:51:38,155 - INFO - KGameTracker - ℹ️  ==================================================
2026-09-08 17:51:38,155 - INFO - KGameTracker - ℹ️  K GAME TRACKER - CERRADA
2026-09-08 17:51:38,155 - INFO - KGameTracker - ℹ️  ==================================================
2026-09-08 17:56:09,482 - INFO - KGameTracker - ℹ️  ==================================================
2026-09-08 17:56:09,482 - INFO - KGameTracker - ℹ️  K GAME TRACKER - INICIADA
2026-09-08 17:56:09,483 - INFO - KGameTracker - ℹ️  ==================================================
2026-09-08 17:56:09,683 - DEBUG - PIL.Image - Importing PngImagePlugin
2026-09-08 17:56:09,690 - DEBUG - PIL.PngImagePlugin - STREAM b'IHDR' 16 13
2026-09-08 17:56:09,690 - DEBUG - PIL.PngImagePlugin - STREAM b'caBX' 41 5758
2026-09-08 17:56:09,690 - DEBUG - PIL.PngImagePlugin - b'caBX' 41 5758 (unknown)
2026-09-08 17:56:09,691 - DEBUG - PIL.PngImagePlugin - STREAM b'IDAT' 5811 65536
2026-09-08 17:56:11,848 - DEBUG - PIL.PngImagePlugin - STREAM b'IHDR' 16 13
2026-09-08 17:56:11,848 - DEBUG - PIL.PngImagePlugin - STREAM b'caBX' 41 5758
2026-09-08 17:56:11,849 - DEBUG - PIL.PngImagePlugin - b'caBX' 41 5758 (unknown)
2026-09-08 17:56:11,849 - DEBUG - PIL.PngImagePlugin - STREAM b'IDAT' 5811 65536
2026-09-08 17:56:11,875 - DEBUG - PIL.PngImagePlugin - STREAM b'IHDR' 16 13
2026-09-08 17:56:11,875 - DEBUG - PIL.PngImagePlugin - STREAM b'IDAT' 41 53758
2026-09-08 17:56:11,879 - DEBUG - PIL.PngImagePlugin - STREAM b'IHDR' 16 13
2026-09-08 17:56:11,879 - DEBUG - PIL.PngImagePlugin - STREAM b'IDAT' 41 65536
2026-09-08 17:56:11,882 - DEBUG - PIL.PngImagePlugin - STREAM b'IHDR' 16 13
2026-09-08 17:56:11,882 - DEBUG - PIL.PngImagePlugin - STREAM b'IDAT' 41 58612
2026-09-08 17:56:11,885 - DEBUG - PIL.PngImagePlugin - STREAM b'IHDR' 16 13
2026-09-08 17:56:11,885 - DEBUG - PIL.PngImagePlugin - STREAM b'IDAT' 41 63613
2026-09-08 17:56:11,888 - DEBUG - PIL.PngImagePlugin - STREAM b'IHDR' 16 13
2026-09-08 17:56:11,889 - DEBUG - PIL.PngImagePlugin - STREAM b'IDAT' 41 65536
2026-09-08 17:56:11,893 - DEBUG - PIL.PngImagePlugin - STREAM b'IHDR' 16 13
2026-09-08 17:56:11,893 - DEBUG - PIL.PngImagePlugin - STREAM b'IDAT' 41 63580
2026-09-08 17:56:11,896 - DEBUG - PIL.PngImagePlugin - STREAM b'IHDR' 16 13
2026-09-08 17:56:11,896 - DEBUG - PIL.PngImagePlugin - STREAM b'IDAT' 41 64126
2026-09-08 17:56:11,900 - DEBUG - PIL.PngImagePlugin - STREAM b'IHDR' 16 13
2026-09-08 17:56:11,900 - DEBUG - PIL.PngImagePlugin - STREAM b'IDAT' 41 64126
2026-09-08 17:56:11,903 - DEBUG - PIL.PngImagePlugin - STREAM b'IHDR' 16 13
2026-09-08 17:56:11,903 - DEBUG - PIL.PngImagePlugin - STREAM b'IDAT' 41 64126
2026-09-08 17:56:11,907 - DEBUG - PIL.PngImagePlugin - STREAM b'IHDR' 16 13
2026-09-08 17:56:11,907 - DEBUG - PIL.PngImagePlugin - STREAM b'IDAT' 41 56150
2026-09-08 17:56:11,911 - DEBUG - PIL.PngImagePlugin - STREAM b'IHDR' 16 13
2026-09-08 17:56:11,911 - DEBUG - PIL.PngImagePlugin - STREAM b'IDAT' 41 64126
2026-09-08 17:56:11,914 - DEBUG - PIL.PngImagePlugin - STREAM b'IHDR' 16 13
2026-09-08 17:56:11,915 - DEBUG - PIL.PngImagePlugin - STREAM b'IDAT' 41 64126
2026-09-08 17:56:11,926 - DEBUG - PIL.PngImagePlugin - STREAM b'IHDR' 16 13
2026-09-08 17:56:11,926 - DEBUG - PIL.PngImagePlugin - STREAM b'IDAT' 41 62450
2026-09-08 17:56:17,869 - INFO - KGameTracker - ℹ️  ==================================================
2026-09-08 17:56:17,869 - INFO - KGameTracker - ℹ️  K GAME TRACKER - CERRADA
2026-09-08 17:56:17,869 - INFO - KGameTracker - ℹ️  ==================================================
2026-09-08 17:57:00,104 - INFO - KGameTracker - ℹ️  ==================================================
2026-09-08 17:57:00,105 - INFO - KGameTracker - ℹ️  K GAME TRACKER - INICIADA
2026-09-08 17:57:00,105 - INFO - KGameTracker - ℹ️  ==================================================
2026-09-08 17:57:00,312 - DEBUG - PIL.Image - Importing PngImagePlugin
2026-09-08 17:57:00,318 - DEBUG - PIL.PngImagePlugin - STREAM b'IHDR' 16 13
2026-09-08 17:57:00,319 - DEBUG - PIL.PngImagePlugin - STREAM b'caBX' 41 5758
2026-09-08 17:57:00,319 - DEBUG - PIL.PngImagePlugin - b'caBX' 41 5758 (unknown)
2026-09-08 17:57:00,319 - DEBUG - PIL.PngImagePlugin - STREAM b'IDAT' 5811 65536
2026-09-08 17:57:02,538 - DEBUG - PIL.PngImagePlugin - STREAM b'IHDR' 16 13
2026-09-08 17:57:02,538 - DEBUG - PIL.PngImagePlugin - STREAM b'caBX' 41 5758
2026-09-08 17:57:02,539 - DEBUG - PIL.PngImagePlugin - b'caBX' 41 5758 (unknown)
2026-09-08 17:57:02,539 - DEBUG - PIL.PngImagePlugin - STREAM b'IDAT' 5811 65536
2026-09-08 17:57:02,567 - DEBUG - PIL.PngImagePlugin - STREAM b'IHDR' 16 13
2026-09-08 17:57:02,567 - DEBUG - PIL.PngImagePlugin - STREAM b'IDAT' 41 53758
2026-09-08 17:57:02,571 - DEBUG - PIL.PngImagePlugin - STREAM b'IHDR' 16 13
2026-09-08 17:57:02,571 - DEBUG - PIL.PngImagePlugin - STREAM b'IDAT' 41 65536
2026-09-08 17:57:02,574 - DEBUG - PIL.PngImagePlugin - STREAM b'IHDR' 16 13
2026-09-08 17:57:02,574 - DEBUG - PIL.PngImagePlugin - STREAM b'IDAT' 41 58612
2026-09-08 17:57:02,577 - DEBUG - PIL.PngImagePlugin - STREAM b'IHDR' 16 13
2026-09-08 17:57:02,577 - DEBUG - PIL.PngImagePlugin - STREAM b'IDAT' 41 63613
2026-09-08 17:57:02,580 - DEBUG - PIL.PngImagePlugin - STREAM b'IHDR' 16 13
2026-09-08 17:57:02,581 - DEBUG - PIL.PngImagePlugin - STREAM b'IDAT' 41 65536
2026-09-08 17:57:02,584 - DEBUG - PIL.PngImagePlugin - STREAM b'IHDR' 16 13
2026-09-08 17:57:02,584 - DEBUG - PIL.PngImagePlugin - STREAM b'IDAT' 41 63580
2026-09-08 17:57:02,588 - DEBUG - PIL.PngImagePlugin - STREAM b'IHDR' 16 13
2026-09-08 17:57:02,588 - DEBUG - PIL.PngImagePlugin - STREAM b'IDAT' 41 64126
2026-09-08 17:57:02,591 - DEBUG - PIL.PngImagePlugin - STREAM b'IHDR' 16 13
2026-09-08 17:57:02,592 - DEBUG - PIL.PngImagePlugin - STREAM b'IDAT' 41 64126
2026-09-08 17:57:02,595 - DEBUG - PIL.PngImagePlugin - STREAM b'IHDR' 16 13
2026-09-08 17:57:02,596 - DEBUG - PIL.PngImagePlugin - STREAM b'IDAT' 41 64126
2026-09-08 17:57:02,599 - DEBUG - PIL.PngImagePlugin - STREAM b'IHDR' 16 13
2026-09-08 17:57:02,599 - DEBUG - PIL.PngImagePlugin - STREAM b'IDAT' 41 56150
2026-09-08 17:57:02,603 - DEBUG - PIL.PngImagePlugin - STREAM b'IHDR' 16 13
2026-09-08 17:57:02,603 - DEBUG - PIL.PngImagePlugin - STREAM b'IDAT' 41 64126
2026-09-08 17:57:02,607 - DEBUG - PIL.PngImagePlugin - STREAM b'IHDR' 16 13
2026-09-08 17:57:02,607 - DEBUG - PIL.PngImagePlugin - STREAM b'IDAT' 41 64126
2026-09-08 17:57:02,618 - DEBUG - PIL.PngImagePlugin - STREAM b'IHDR' 16 13
2026-09-08 17:57:02,619 - DEBUG - PIL.PngImagePlugin - STREAM b'IDAT' 41 62450
2026-09-08 17:57:04,858 - INFO - KGameTracker - ℹ️  ==================================================
2026-09-08 17:57:04,858 - INFO - KGameTracker - ℹ️  K GAME TRACKER - CERRADA
2026-09-08 17:57:04,859 - INFO - KGameTracker - ℹ️  ==================================================
2026-09-08 18:00:33,987 - INFO - KGameTracker - ℹ️  ==================================================
2026-09-08 18:00:33,988 - INFO - KGameTracker - ℹ️  K GAME TRACKER - INICIADA
2026-09-08 18:00:33,988 - INFO - KGameTracker - ℹ️  ==================================================
2026-09-08 18:00:34,195 - DEBUG - PIL.Image - Importing PngImagePlugin
2026-09-08 18:00:34,202 - DEBUG - PIL.PngImagePlugin - STREAM b'IHDR' 16 13
2026-09-08 18:00:34,203 - DEBUG - PIL.PngImagePlugin - STREAM b'caBX' 41 5758
2026-09-08 18:00:34,203 - DEBUG - PIL.PngImagePlugin - b'caBX' 41 5758 (unknown)
2026-09-08 18:00:34,203 - DEBUG - PIL.PngImagePlugin - STREAM b'IDAT' 5811 65536
2026-09-08 18:00:36,348 - DEBUG - PIL.PngImagePlugin - STREAM b'IHDR' 16 13
2026-09-08 18:00:36,349 - DEBUG - PIL.PngImagePlugin - STREAM b'caBX' 41 5758
2026-09-08 18:00:36,349 - DEBUG - PIL.PngImagePlugin - b'caBX' 41 5758 (unknown)
2026-09-08 18:00:36,349 - DEBUG - PIL.PngImagePlugin - STREAM b'IDAT' 5811 65536
2026-09-08 18:00:36,376 - DEBUG - PIL.PngImagePlugin - STREAM b'IHDR' 16 13
2026-09-08 18:00:36,376 - DEBUG - PIL.PngImagePlugin - STREAM b'IDAT' 41 53758
2026-09-08 18:00:36,379 - DEBUG - PIL.PngImagePlugin - STREAM b'IHDR' 16 13
2026-09-08 18:00:36,379 - DEBUG - PIL.PngImagePlugin - STREAM b'IDAT' 41 65536
2026-09-08 18:00:36,382 - DEBUG - PIL.PngImagePlugin - STREAM b'IHDR' 16 13
2026-09-08 18:00:36,382 - DEBUG - PIL.PngImagePlugin - STREAM b'IDAT' 41 58612
2026-09-08 18:00:36,385 - DEBUG - PIL.PngImagePlugin - STREAM b'IHDR' 16 13
2026-09-08 18:00:36,385 - DEBUG - PIL.PngImagePlugin - STREAM b'IDAT' 41 63613
2026-09-08 18:00:36,389 - DEBUG - PIL.PngImagePlugin - STREAM b'IHDR' 16 13
2026-09-08 18:00:36,389 - DEBUG - PIL.PngImagePlugin - STREAM b'IDAT' 41 65536
2026-09-08 18:00:36,393 - DEBUG - PIL.PngImagePlugin - STREAM b'IHDR' 16 13
2026-09-08 18:00:36,393 - DEBUG - PIL.PngImagePlugin - STREAM b'IDAT' 41 63580
2026-09-08 18:00:36,396 - DEBUG - PIL.PngImagePlugin - STREAM b'IHDR' 16 13
2026-09-08 18:00:36,396 - DEBUG - PIL.PngImagePlugin - STREAM b'IDAT' 41 64126
2026-09-08 18:00:36,400 - DEBUG - PIL.PngImagePlugin - STREAM b'IHDR' 16 13
2026-09-08 18:00:36,400 - DEBUG - PIL.PngImagePlugin - STREAM b'IDAT' 41 64126
2026-09-08 18:00:36,403 - DEBUG - PIL.PngImagePlugin - STREAM b'IHDR' 16 13
2026-09-08 18:00:36,404 - DEBUG - PIL.PngImagePlugin - STREAM b'IDAT' 41 64126
2026-09-08 18:00:36,407 - DEBUG - PIL.PngImagePlugin - STREAM b'IHDR' 16 13
2026-09-08 18:00:36,407 - DEBUG - PIL.PngImagePlugin - STREAM b'IDAT' 41 56150
2026-09-08 18:00:36,411 - DEBUG - PIL.PngImagePlugin - STREAM b'IHDR' 16 13
2026-09-08 18:00:36,411 - DEBUG - PIL.PngImagePlugin - STREAM b'IDAT' 41 64126
2026-09-08 18:00:36,415 - DEBUG - PIL.PngImagePlugin - STREAM b'IHDR' 16 13
2026-09-08 18:00:36,415 - DEBUG - PIL.PngImagePlugin - STREAM b'IDAT' 41 64126
2026-09-08 18:00:36,427 - DEBUG - PIL.PngImagePlugin - STREAM b'IHDR' 16 13
2026-09-08 18:00:36,427 - DEBUG - PIL.PngImagePlugin - STREAM b'IDAT' 41 62450
2026-09-08 18:00:38,149 - INFO - KGameTracker - ℹ️  ==================================================
2026-09-08 18:00:38,149 - INFO - KGameTracker - ℹ️  K GAME TRACKER - CERRADA
2026-09-08 18:00:38,149 - INFO - KGameTracker - ℹ️  ==================================================
2026-09-08 18:00:55,961 - INFO - KGameTracker - ℹ️  ==================================================
2026-09-08 18:00:55,961 - INFO - KGameTracker - ℹ️  K GAME TRACKER - INICIADA
2026-09-08 18:00:55,961 - INFO - KGameTracker - ℹ️  ==================================================
2026-09-08 18:00:56,157 - DEBUG - PIL.Image - Importing PngImagePlugin
2026-09-08 18:00:56,163 - DEBUG - PIL.PngImagePlugin - STREAM b'IHDR' 16 13
2026-09-08 18:00:56,163 - DEBUG - PIL.PngImagePlugin - STREAM b'caBX' 41 5758
2026-09-08 18:00:56,163 - DEBUG - PIL.PngImagePlugin - b'caBX' 41 5758 (unknown)
2026-09-08 18:00:56,163 - DEBUG - PIL.PngImagePlugin - STREAM b'IDAT' 5811 65536
2026-09-08 18:00:58,342 - DEBUG - PIL.PngImagePlugin - STREAM b'IHDR' 16 13
2026-09-08 18:00:58,343 - DEBUG - PIL.PngImagePlugin - STREAM b'caBX' 41 5758
2026-09-08 18:00:58,343 - DEBUG - PIL.PngImagePlugin - b'caBX' 41 5758 (unknown)
2026-09-08 18:00:58,343 - DEBUG - PIL.PngImagePlugin - STREAM b'IDAT' 5811 65536
2026-09-08 18:00:58,371 - DEBUG - PIL.PngImagePlugin - STREAM b'IHDR' 16 13
2026-09-08 18:00:58,371 - DEBUG - PIL.PngImagePlugin - STREAM b'IDAT' 41 53758
2026-09-08 18:00:58,374 - DEBUG - PIL.PngImagePlugin - STREAM b'IHDR' 16 13
2026-09-08 18:00:58,374 - DEBUG - PIL.PngImagePlugin - STREAM b'IDAT' 41 65536
2026-09-08 18:00:58,378 - DEBUG - PIL.PngImagePlugin - STREAM b'IHDR' 16 13
2026-09-08 18:00:58,378 - DEBUG - PIL.PngImagePlugin - STREAM b'IDAT' 41 58612
2026-09-08 18:00:58,380 - DEBUG - PIL.PngImagePlugin - STREAM b'IHDR' 16 13
2026-09-08 18:00:58,381 - DEBUG - PIL.PngImagePlugin - STREAM b'IDAT' 41 63613
2026-09-08 18:00:58,385 - DEBUG - PIL.PngImagePlugin - STREAM b'IHDR' 16 13
2026-09-08 18:00:58,385 - DEBUG - PIL.PngImagePlugin - STREAM b'IDAT' 41 65536
2026-09-08 18:00:58,389 - DEBUG - PIL.PngImagePlugin - STREAM b'IHDR' 16 13
2026-09-08 18:00:58,389 - DEBUG - PIL.PngImagePlugin - STREAM b'IDAT' 41 63580
2026-09-08 18:00:58,393 - DEBUG - PIL.PngImagePlugin - STREAM b'IHDR' 16 13
2026-09-08 18:00:58,393 - DEBUG - PIL.PngImagePlugin - STREAM b'IDAT' 41 64126
2026-09-08 18:00:58,397 - DEBUG - PIL.PngImagePlugin - STREAM b'IHDR' 16 13
2026-09-08 18:00:58,397 - DEBUG - PIL.PngImagePlugin - STREAM b'IDAT' 41 64126
2026-09-08 18:00:58,401 - DEBUG - PIL.PngImagePlugin - STREAM b'IHDR' 16 13
2026-09-08 18:00:58,401 - DEBUG - PIL.PngImagePlugin - STREAM b'IDAT' 41 64126
2026-09-08 18:00:58,405 - DEBUG - PIL.PngImagePlugin - STREAM b'IHDR' 16 13
2026-09-08 18:00:58,405 - DEBUG - PIL.PngImagePlugin - STREAM b'IDAT' 41 56150
2026-09-08 18:00:58,409 - DEBUG - PIL.PngImagePlugin - STREAM b'IHDR' 16 13
2026-09-08 18:00:58,409 - DEBUG - PIL.PngImagePlugin - STREAM b'IDAT' 41 64126
2026-09-08 18:00:58,412 - DEBUG - PIL.PngImagePlugin - STREAM b'IHDR' 16 13
2026-09-08 18:00:58,412 - DEBUG - PIL.PngImagePlugin - STREAM b'IDAT' 41 64126
2026-09-08 18:00:58,424 - DEBUG - PIL.PngImagePlugin - STREAM b'IHDR' 16 13
2026-09-08 18:00:58,425 - DEBUG - PIL.PngImagePlugin - STREAM b'IDAT' 41 62450
2026-09-08 18:01:01,184 - INFO - KGameTracker - ℹ️  ==================================================
2026-09-08 18:01:01,184 - INFO - KGameTracker - ℹ️  K GAME TRACKER - CERRADA
2026-09-08 18:01:01,184 - INFO - KGameTracker - ℹ️  ==================================================
2026-09-08 18:01:58,981 - INFO - KGameTracker - ℹ️  ==================================================
2026-09-08 18:01:58,981 - INFO - KGameTracker - ℹ️  K GAME TRACKER - INICIADA
2026-09-08 18:01:58,981 - INFO - KGameTracker - ℹ️  ==================================================
2026-09-08 18:01:59,177 - DEBUG - PIL.Image - Importing PngImagePlugin
2026-09-08 18:01:59,183 - DEBUG - PIL.PngImagePlugin - STREAM b'IHDR' 16 13
2026-09-08 18:01:59,183 - DEBUG - PIL.PngImagePlugin - STREAM b'caBX' 41 5758
2026-09-08 18:01:59,183 - DEBUG - PIL.PngImagePlugin - b'caBX' 41 5758 (unknown)
2026-09-08 18:01:59,184 - DEBUG - PIL.PngImagePlugin - STREAM b'IDAT' 5811 65536
2026-09-08 18:02:01,354 - DEBUG - PIL.PngImagePlugin - STREAM b'IHDR' 16 13
2026-09-08 18:02:01,354 - DEBUG - PIL.PngImagePlugin - STREAM b'caBX' 41 5758
2026-09-08 18:02:01,354 - DEBUG - PIL.PngImagePlugin - b'caBX' 41 5758 (unknown)
2026-09-08 18:02:01,355 - DEBUG - PIL.PngImagePlugin - STREAM b'IDAT' 5811 65536
2026-09-08 18:02:01,384 - DEBUG - PIL.PngImagePlugin - STREAM b'IHDR' 16 13
2026-09-08 18:02:01,384 - DEBUG - PIL.PngImagePlugin - STREAM b'IDAT' 41 53758
2026-09-08 18:02:01,388 - DEBUG - PIL.PngImagePlugin - STREAM b'IHDR' 16 13
2026-09-08 18:02:01,388 - DEBUG - PIL.PngImagePlugin - STREAM b'IDAT' 41 65536
2026-09-08 18:02:01,392 - DEBUG - PIL.PngImagePlugin - STREAM b'IHDR' 16 13
2026-09-08 18:02:01,392 - DEBUG - PIL.PngImagePlugin - STREAM b'IDAT' 41 58612
2026-09-08 18:02:01,395 - DEBUG - PIL.PngImagePlugin - STREAM b'IHDR' 16 13
2026-09-08 18:02:01,395 - DEBUG - PIL.PngImagePlugin - STREAM b'IDAT' 41 63613
2026-09-08 18:02:01,399 - DEBUG - PIL.PngImagePlugin - STREAM b'IHDR' 16 13
2026-09-08 18:02:01,399 - DEBUG - PIL.PngImagePlugin - STREAM b'IDAT' 41 65536
2026-09-08 18:02:01,404 - DEBUG - PIL.PngImagePlugin - STREAM b'IHDR' 16 13
2026-09-08 18:02:01,404 - DEBUG - PIL.PngImagePlugin - STREAM b'IDAT' 41 63580
2026-09-08 18:02:01,408 - DEBUG - PIL.PngImagePlugin - STREAM b'IHDR' 16 13
2026-09-08 18:02:01,408 - DEBUG - PIL.PngImagePlugin - STREAM b'IDAT' 41 64126
2026-09-08 18:02:01,412 - DEBUG - PIL.PngImagePlugin - STREAM b'IHDR' 16 13
2026-09-08 18:02:01,412 - DEBUG - PIL.PngImagePlugin - STREAM b'IDAT' 41 64126
2026-09-08 18:02:01,417 - DEBUG - PIL.PngImagePlugin - STREAM b'IHDR' 16 13
2026-09-08 18:02:01,417 - DEBUG - PIL.PngImagePlugin - STREAM b'IDAT' 41 64126
2026-09-08 18:02:01,421 - DEBUG - PIL.PngImagePlugin - STREAM b'IHDR' 16 13
2026-09-08 18:02:01,422 - DEBUG - PIL.PngImagePlugin - STREAM b'IDAT' 41 56150
2026-09-08 18:02:01,427 - DEBUG - PIL.PngImagePlugin - STREAM b'IHDR' 16 13
2026-09-08 18:02:01,427 - DEBUG - PIL.PngImagePlugin - STREAM b'IDAT' 41 64126
2026-09-08 18:02:01,431 - DEBUG - PIL.PngImagePlugin - STREAM b'IHDR' 16 13
2026-09-08 18:02:01,431 - DEBUG - PIL.PngImagePlugin - STREAM b'IDAT' 41 64126
2026-09-08 18:02:01,445 - DEBUG - PIL.PngImagePlugin - STREAM b'IHDR' 16 13
2026-09-08 18:02:01,445 - DEBUG - PIL.PngImagePlugin - STREAM b'IDAT' 41 62450
2026-09-08 18:02:03,658 - INFO - KGameTracker - ℹ️  ==================================================
2026-09-08 18:02:03,659 - INFO - KGameTracker - ℹ️  K GAME TRACKER - CERRADA
2026-09-08 18:02:03,659 - INFO - KGameTracker - ℹ️  ==================================================
2026-09-08 18:17:00,905 - INFO - KGameTracker - ℹ️  ==================================================
2026-09-08 18:17:00,906 - INFO - KGameTracker - ℹ️  K GAME TRACKER - INICIADA
2026-09-08 18:17:00,907 - INFO - KGameTracker - ℹ️  ==================================================
2026-09-08 18:17:01,595 - DEBUG - PIL.Image - Importing PngImagePlugin
2026-09-08 18:17:01,608 - DEBUG - PIL.PngImagePlugin - STREAM b'IHDR' 16 13
2026-09-08 18:17:01,608 - DEBUG - PIL.PngImagePlugin - STREAM b'caBX' 41 5758
2026-09-08 18:17:01,608 - DEBUG - PIL.PngImagePlugin - b'caBX' 41 5758 (unknown)
2026-09-08 18:17:01,609 - DEBUG - PIL.PngImagePlugin - STREAM b'IDAT' 5811 65536
2026-09-08 18:17:03,833 - DEBUG - PIL.PngImagePlugin - STREAM b'IHDR' 16 13
2026-09-08 18:17:03,834 - DEBUG - PIL.PngImagePlugin - STREAM b'caBX' 41 5758
2026-09-08 18:17:03,834 - DEBUG - PIL.PngImagePlugin - b'caBX' 41 5758 (unknown)
2026-09-08 18:17:03,834 - DEBUG - PIL.PngImagePlugin - STREAM b'IDAT' 5811 65536
2026-09-08 18:17:03,869 - DEBUG - PIL.PngImagePlugin - STREAM b'IHDR' 16 13
2026-09-08 18:17:03,869 - DEBUG - PIL.PngImagePlugin - STREAM b'IDAT' 41 53758
2026-09-08 18:17:03,880 - DEBUG - PIL.PngImagePlugin - STREAM b'IHDR' 16 13
2026-09-08 18:17:03,881 - DEBUG - PIL.PngImagePlugin - STREAM b'IDAT' 41 65536
2026-09-08 18:17:03,889 - DEBUG - PIL.PngImagePlugin - STREAM b'IHDR' 16 13
2026-09-08 18:17:03,889 - DEBUG - PIL.PngImagePlugin - STREAM b'IDAT' 41 58612
2026-09-08 18:17:03,899 - DEBUG - PIL.PngImagePlugin - STREAM b'IHDR' 16 13
2026-09-08 18:17:03,899 - DEBUG - PIL.PngImagePlugin - STREAM b'IDAT' 41 63613
2026-09-08 18:17:03,910 - DEBUG - PIL.PngImagePlugin - STREAM b'IHDR' 16 13
2026-09-08 18:17:03,910 - DEBUG - PIL.PngImagePlugin - STREAM b'IDAT' 41 65536
2026-09-08 18:17:03,920 - DEBUG - PIL.PngImagePlugin - STREAM b'IHDR' 16 13
2026-09-08 18:17:03,920 - DEBUG - PIL.PngImagePlugin - STREAM b'IDAT' 41 63580
2026-09-08 18:17:03,929 - DEBUG - PIL.PngImagePlugin - STREAM b'IHDR' 16 13
2026-09-08 18:17:03,929 - DEBUG - PIL.PngImagePlugin - STREAM b'IDAT' 41 64126
2026-09-08 18:17:03,940 - DEBUG - PIL.PngImagePlugin - STREAM b'IHDR' 16 13
2026-09-08 18:17:03,940 - DEBUG - PIL.PngImagePlugin - STREAM b'IDAT' 41 64126
2026-09-08 18:17:03,949 - DEBUG - PIL.PngImagePlugin - STREAM b'IHDR' 16 13
2026-09-08 18:17:03,949 - DEBUG - PIL.PngImagePlugin - STREAM b'IDAT' 41 64126
2026-09-08 18:17:03,959 - DEBUG - PIL.PngImagePlugin - STREAM b'IHDR' 16 13
2026-09-08 18:17:03,959 - DEBUG - PIL.PngImagePlugin - STREAM b'IDAT' 41 56150
2026-09-08 18:17:03,970 - DEBUG - PIL.PngImagePlugin - STREAM b'IHDR' 16 13
2026-09-08 18:17:03,970 - DEBUG - PIL.PngImagePlugin - STREAM b'IDAT' 41 64126
2026-09-08 18:17:03,979 - DEBUG - PIL.PngImagePlugin - STREAM b'IHDR' 16 13
2026-09-08 18:17:03,979 - DEBUG - PIL.PngImagePlugin - STREAM b'IDAT' 41 64126
2026-09-08 18:17:03,999 - DEBUG - PIL.PngImagePlugin - STREAM b'IHDR' 16 13
2026-09-08 18:17:04,000 - DEBUG - PIL.PngImagePlugin - STREAM b'IDAT' 41 62450
2026-09-08 18:17:15,606 - INFO - KGameTracker - ℹ️  ==================================================
2026-09-08 18:17:15,606 - INFO - KGameTracker - ℹ️  K GAME TRACKER - CERRADA
2026-09-08 18:17:15,606 - INFO - KGameTracker - ℹ️  ==================================================
2026-09-08 18:19:01,804 - INFO - KGameTracker - ℹ️  ==================================================
2026-09-08 18:19:01,807 - INFO - KGameTracker - ℹ️  K GAME TRACKER - INICIADA
2026-09-08 18:19:01,808 - INFO - KGameTracker - ℹ️  ==================================================
2026-09-08 18:19:02,085 - DEBUG - PIL.Image - Importing PngImagePlugin
2026-09-08 18:19:02,097 - DEBUG - PIL.PngImagePlugin - STREAM b'IHDR' 16 13
2026-09-08 18:19:02,097 - DEBUG - PIL.PngImagePlugin - STREAM b'caBX' 41 5758
2026-09-08 18:19:02,097 - DEBUG - PIL.PngImagePlugin - b'caBX' 41 5758 (unknown)
2026-09-08 18:19:02,097 - DEBUG - PIL.PngImagePlugin - STREAM b'IDAT' 5811 65536
2026-09-08 18:19:04,331 - DEBUG - PIL.PngImagePlugin - STREAM b'IHDR' 16 13
2026-09-08 18:19:04,331 - DEBUG - PIL.PngImagePlugin - STREAM b'caBX' 41 5758
2026-09-08 18:19:04,331 - DEBUG - PIL.PngImagePlugin - b'caBX' 41 5758 (unknown)
2026-09-08 18:19:04,331 - DEBUG - PIL.PngImagePlugin - STREAM b'IDAT' 5811 65536
2026-09-08 18:19:04,395 - DEBUG - PIL.PngImagePlugin - STREAM b'IHDR' 16 13
2026-09-08 18:19:04,395 - DEBUG - PIL.PngImagePlugin - STREAM b'IDAT' 41 53758
2026-09-08 18:19:04,409 - DEBUG - PIL.PngImagePlugin - STREAM b'IHDR' 16 13
2026-09-08 18:19:04,409 - DEBUG - PIL.PngImagePlugin - STREAM b'IDAT' 41 65536
2026-09-08 18:19:04,418 - DEBUG - PIL.PngImagePlugin - STREAM b'IHDR' 16 13
2026-09-08 18:19:04,418 - DEBUG - PIL.PngImagePlugin - STREAM b'IDAT' 41 58612
2026-09-08 18:19:04,422 - DEBUG - PIL.PngImagePlugin - STREAM b'IHDR' 16 13
2026-09-08 18:19:04,423 - DEBUG - PIL.PngImagePlugin - STREAM b'IDAT' 41 63613
2026-09-08 18:19:04,436 - DEBUG - PIL.PngImagePlugin - STREAM b'IHDR' 16 13
2026-09-08 18:19:04,437 - DEBUG - PIL.PngImagePlugin - STREAM b'IDAT' 41 65536
2026-09-08 18:19:04,445 - DEBUG - PIL.PngImagePlugin - STREAM b'IHDR' 16 13
2026-09-08 18:19:04,446 - DEBUG - PIL.PngImagePlugin - STREAM b'IDAT' 41 63580
2026-09-08 18:19:04,450 - DEBUG - PIL.PngImagePlugin - STREAM b'IHDR' 16 13
2026-09-08 18:19:04,450 - DEBUG - PIL.PngImagePlugin - STREAM b'IDAT' 41 64126
2026-09-08 18:19:04,458 - DEBUG - PIL.PngImagePlugin - STREAM b'IHDR' 16 13
2026-09-08 18:19:04,458 - DEBUG - PIL.PngImagePlugin - STREAM b'IDAT' 41 64126
2026-09-08 18:19:04,468 - DEBUG - PIL.PngImagePlugin - STREAM b'IHDR' 16 13
2026-09-08 18:19:04,468 - DEBUG - PIL.PngImagePlugin - STREAM b'IDAT' 41 64126
2026-09-08 18:19:04,472 - DEBUG - PIL.PngImagePlugin - STREAM b'IHDR' 16 13
2026-09-08 18:19:04,472 - DEBUG - PIL.PngImagePlugin - STREAM b'IDAT' 41 56150
2026-09-08 18:19:04,476 - DEBUG - PIL.PngImagePlugin - STREAM b'IHDR' 16 13
2026-09-08 18:19:04,477 - DEBUG - PIL.PngImagePlugin - STREAM b'IDAT' 41 64126
2026-09-08 18:19:04,482 - DEBUG - PIL.PngImagePlugin - STREAM b'IHDR' 16 13
2026-09-08 18:19:04,483 - DEBUG - PIL.PngImagePlugin - STREAM b'IDAT' 41 64126
2026-09-08 18:19:04,497 - DEBUG - PIL.PngImagePlugin - STREAM b'IHDR' 16 13
2026-09-08 18:19:04,497 - DEBUG - PIL.PngImagePlugin - STREAM b'IDAT' 41 62450
2026-09-08 18:19:05,985 - INFO - KGameTracker - ℹ️  ==================================================
2026-09-08 18:19:05,985 - INFO - KGameTracker - ℹ️  K GAME TRACKER - CERRADA
2026-09-08 18:19:05,985 - INFO - KGameTracker - ℹ️  ==================================================
2026-09-08 18:19:15,112 - INFO - KGameTracker - ℹ️  ==================================================
2026-09-08 18:19:15,112 - INFO - KGameTracker - ℹ️  K GAME TRACKER - INICIADA
2026-09-08 18:19:15,112 - INFO - KGameTracker - ℹ️  ==================================================
2026-09-08 18:19:15,322 - DEBUG - PIL.Image - Importing PngImagePlugin
2026-09-08 18:19:15,328 - DEBUG - PIL.PngImagePlugin - STREAM b'IHDR' 16 13
2026-09-08 18:19:15,329 - DEBUG - PIL.PngImagePlugin - STREAM b'caBX' 41 5758
2026-09-08 18:19:15,329 - DEBUG - PIL.PngImagePlugin - b'caBX' 41 5758 (unknown)
2026-09-08 18:19:15,329 - DEBUG - PIL.PngImagePlugin - STREAM b'IDAT' 5811 65536
2026-09-08 18:19:17,553 - DEBUG - PIL.PngImagePlugin - STREAM b'IHDR' 16 13
2026-09-08 18:19:17,553 - DEBUG - PIL.PngImagePlugin - STREAM b'caBX' 41 5758
2026-09-08 18:19:17,553 - DEBUG - PIL.PngImagePlugin - b'caBX' 41 5758 (unknown)
2026-09-08 18:19:17,554 - DEBUG - PIL.PngImagePlugin - STREAM b'IDAT' 5811 65536
2026-09-08 18:19:17,586 - DEBUG - PIL.PngImagePlugin - STREAM b'IHDR' 16 13
2026-09-08 18:19:17,586 - DEBUG - PIL.PngImagePlugin - STREAM b'IDAT' 41 53758
2026-09-08 18:19:17,590 - DEBUG - PIL.PngImagePlugin - STREAM b'IHDR' 16 13
2026-09-08 18:19:17,590 - DEBUG - PIL.PngImagePlugin - STREAM b'IDAT' 41 65536
2026-09-08 18:19:17,594 - DEBUG - PIL.PngImagePlugin - STREAM b'IHDR' 16 13
2026-09-08 18:19:17,594 - DEBUG - PIL.PngImagePlugin - STREAM b'IDAT' 41 58612
2026-09-08 18:19:17,598 - DEBUG - PIL.PngImagePlugin - STREAM b'IHDR' 16 13
2026-09-08 18:19:17,598 - DEBUG - PIL.PngImagePlugin - STREAM b'IDAT' 41 63613
2026-09-08 18:19:17,603 - DEBUG - PIL.PngImagePlugin - STREAM b'IHDR' 16 13
2026-09-08 18:19:17,603 - DEBUG - PIL.PngImagePlugin - STREAM b'IDAT' 41 65536
2026-09-08 18:19:17,607 - DEBUG - PIL.PngImagePlugin - STREAM b'IHDR' 16 13
2026-09-08 18:19:17,608 - DEBUG - PIL.PngImagePlugin - STREAM b'IDAT' 41 63580
2026-09-08 18:19:17,612 - DEBUG - PIL.PngImagePlugin - STREAM b'IHDR' 16 13
2026-09-08 18:19:17,612 - DEBUG - PIL.PngImagePlugin - STREAM b'IDAT' 41 64126
2026-09-08 18:19:17,616 - DEBUG - PIL.PngImagePlugin - STREAM b'IHDR' 16 13
2026-09-08 18:19:17,616 - DEBUG - PIL.PngImagePlugin - STREAM b'IDAT' 41 64126
2026-09-08 18:19:17,621 - DEBUG - PIL.PngImagePlugin - STREAM b'IHDR' 16 13
2026-09-08 18:19:17,621 - DEBUG - PIL.PngImagePlugin - STREAM b'IDAT' 41 64126
2026-09-08 18:19:17,624 - DEBUG - PIL.PngImagePlugin - STREAM b'IHDR' 16 13
2026-09-08 18:19:17,624 - DEBUG - PIL.PngImagePlugin - STREAM b'IDAT' 41 56150
2026-09-08 18:19:17,629 - DEBUG - PIL.PngImagePlugin - STREAM b'IHDR' 16 13
2026-09-08 18:19:17,629 - DEBUG - PIL.PngImagePlugin - STREAM b'IDAT' 41 64126
2026-09-08 18:19:17,633 - DEBUG - PIL.PngImagePlugin - STREAM b'IHDR' 16 13
2026-09-08 18:19:17,633 - DEBUG - PIL.PngImagePlugin - STREAM b'IDAT' 41 64126
2026-09-08 18:19:17,646 - DEBUG - PIL.PngImagePlugin - STREAM b'IHDR' 16 13
2026-09-08 18:19:17,646 - DEBUG - PIL.PngImagePlugin - STREAM b'IDAT' 41 62450
2026-09-08 18:19:18,993 - INFO - KGameTracker - ℹ️  ==================================================
2026-09-08 18:19:18,994 - INFO - KGameTracker - ℹ️  K GAME TRACKER - CERRADA
2026-09-08 18:19:18,994 - INFO - KGameTracker - ℹ️  ==================================================
2026-09-08 18:20:04,435 - INFO - KGameTracker - ℹ️  ==================================================
2026-09-08 18:20:04,435 - INFO - KGameTracker - ℹ️  K GAME TRACKER - INICIADA
2026-09-08 18:20:04,435 - INFO - KGameTracker - ℹ️  ==================================================
2026-09-08 18:20:04,644 - DEBUG - PIL.Image - Importing PngImagePlugin
2026-09-08 18:20:04,651 - DEBUG - PIL.PngImagePlugin - STREAM b'IHDR' 16 13
2026-09-08 18:20:04,651 - DEBUG - PIL.PngImagePlugin - STREAM b'caBX' 41 5758
2026-09-08 18:20:04,651 - DEBUG - PIL.PngImagePlugin - b'caBX' 41 5758 (unknown)
2026-09-08 18:20:04,651 - DEBUG - PIL.PngImagePlugin - STREAM b'IDAT' 5811 65536
2026-09-08 18:20:06,834 - DEBUG - PIL.PngImagePlugin - STREAM b'IHDR' 16 13
2026-09-08 18:20:06,834 - DEBUG - PIL.PngImagePlugin - STREAM b'caBX' 41 5758
2026-09-08 18:20:06,834 - DEBUG - PIL.PngImagePlugin - b'caBX' 41 5758 (unknown)
2026-09-08 18:20:06,835 - DEBUG - PIL.PngImagePlugin - STREAM b'IDAT' 5811 65536
2026-09-08 18:20:06,895 - DEBUG - PIL.PngImagePlugin - STREAM b'IHDR' 16 13
2026-09-08 18:20:06,896 - DEBUG - PIL.PngImagePlugin - STREAM b'IDAT' 41 53758
2026-09-08 18:20:06,912 - DEBUG - PIL.PngImagePlugin - STREAM b'IHDR' 16 13
2026-09-08 18:20:06,912 - DEBUG - PIL.PngImagePlugin - STREAM b'IDAT' 41 32768
2026-09-08 18:20:06,931 - DEBUG - PIL.PngImagePlugin - STREAM b'IHDR' 16 13
2026-09-08 18:20:06,931 - DEBUG - PIL.PngImagePlugin - STREAM b'IDAT' 41 65536
2026-09-08 18:20:06,941 - DEBUG - PIL.PngImagePlugin - STREAM b'IHDR' 16 13
2026-09-08 18:20:06,941 - DEBUG - PIL.PngImagePlugin - STREAM b'IDAT' 41 58612
2026-09-08 18:20:06,945 - DEBUG - PIL.PngImagePlugin - STREAM b'IHDR' 16 13
2026-09-08 18:20:06,947 - DEBUG - PIL.PngImagePlugin - STREAM b'IDAT' 41 63613
2026-09-08 18:20:06,952 - DEBUG - PIL.PngImagePlugin - STREAM b'IHDR' 16 13
2026-09-08 18:20:06,952 - DEBUG - PIL.PngImagePlugin - STREAM b'IDAT' 41 65536
2026-09-08 18:20:06,957 - DEBUG - PIL.PngImagePlugin - STREAM b'IHDR' 16 13
2026-09-08 18:20:06,957 - DEBUG - PIL.PngImagePlugin - STREAM b'IDAT' 41 63580
2026-09-08 18:20:06,962 - DEBUG - PIL.PngImagePlugin - STREAM b'IHDR' 16 13
2026-09-08 18:20:06,962 - DEBUG - PIL.PngImagePlugin - STREAM b'IDAT' 41 64126
2026-09-08 18:20:06,966 - DEBUG - PIL.PngImagePlugin - STREAM b'IHDR' 16 13
2026-09-08 18:20:06,967 - DEBUG - PIL.PngImagePlugin - STREAM b'IDAT' 41 64126
2026-09-08 18:20:06,971 - DEBUG - PIL.PngImagePlugin - STREAM b'IHDR' 16 13
2026-09-08 18:20:06,971 - DEBUG - PIL.PngImagePlugin - STREAM b'IDAT' 41 64126
2026-09-08 18:20:06,975 - DEBUG - PIL.PngImagePlugin - STREAM b'IHDR' 16 13
2026-09-08 18:20:06,975 - DEBUG - PIL.PngImagePlugin - STREAM b'IDAT' 41 56150
2026-09-08 18:20:06,980 - DEBUG - PIL.PngImagePlugin - STREAM b'IHDR' 16 13
2026-09-08 18:20:06,980 - DEBUG - PIL.PngImagePlugin - STREAM b'IDAT' 41 64126
2026-09-08 18:20:06,985 - DEBUG - PIL.PngImagePlugin - STREAM b'IHDR' 16 13
2026-09-08 18:20:06,985 - DEBUG - PIL.PngImagePlugin - STREAM b'IDAT' 41 64126
2026-09-08 18:20:06,998 - DEBUG - PIL.PngImagePlugin - STREAM b'IHDR' 16 13
2026-09-08 18:20:06,998 - DEBUG - PIL.PngImagePlugin - STREAM b'IDAT' 41 62450
2026-09-08 18:20:19,430 - INFO - KGameTracker - ℹ️  ==================================================
2026-09-08 18:20:19,431 - INFO - KGameTracker - ℹ️  K GAME TRACKER - CERRADA
2026-09-08 18:20:19,431 - INFO - KGameTracker - ℹ️  ==================================================
2026-09-08 18:22:17,072 - INFO - KGameTracker - ℹ️  ==================================================
2026-09-08 18:22:17,072 - INFO - KGameTracker - ℹ️  K GAME TRACKER - INICIADA
2026-09-08 18:22:17,072 - INFO - KGameTracker - ℹ️  ==================================================
2026-09-08 18:22:17,278 - DEBUG - PIL.Image - Importing PngImagePlugin
2026-09-08 18:22:17,287 - DEBUG - PIL.PngImagePlugin - STREAM b'IHDR' 16 13
2026-09-08 18:22:17,287 - DEBUG - PIL.PngImagePlugin - STREAM b'caBX' 41 5758
2026-09-08 18:22:17,287 - DEBUG - PIL.PngImagePlugin - b'caBX' 41 5758 (unknown)
2026-09-08 18:22:17,287 - DEBUG - PIL.PngImagePlugin - STREAM b'IDAT' 5811 65536
2026-09-08 18:22:19,489 - DEBUG - PIL.PngImagePlugin - STREAM b'IHDR' 16 13
2026-09-08 18:22:19,490 - DEBUG - PIL.PngImagePlugin - STREAM b'caBX' 41 5758
2026-09-08 18:22:19,490 - DEBUG - PIL.PngImagePlugin - b'caBX' 41 5758 (unknown)
2026-09-08 18:22:19,490 - DEBUG - PIL.PngImagePlugin - STREAM b'IDAT' 5811 65536
2026-09-08 18:22:19,520 - DEBUG - PIL.PngImagePlugin - STREAM b'IHDR' 16 13
2026-09-08 18:22:19,520 - DEBUG - PIL.PngImagePlugin - STREAM b'IDAT' 41 53758
2026-09-08 18:22:19,525 - DEBUG - PIL.PngImagePlugin - STREAM b'IHDR' 16 13
2026-09-08 18:22:19,525 - DEBUG - PIL.PngImagePlugin - STREAM b'IDAT' 41 32768
2026-09-08 18:22:19,531 - DEBUG - PIL.PngImagePlugin - STREAM b'IHDR' 16 13
2026-09-08 18:22:19,532 - DEBUG - PIL.PngImagePlugin - STREAM b'IDAT' 41 65536
2026-09-08 18:22:19,535 - DEBUG - PIL.PngImagePlugin - STREAM b'IHDR' 16 13
2026-09-08 18:22:19,535 - DEBUG - PIL.PngImagePlugin - STREAM b'IDAT' 41 58612
2026-09-08 18:22:19,538 - DEBUG - PIL.PngImagePlugin - STREAM b'IHDR' 16 13
2026-09-08 18:22:19,538 - DEBUG - PIL.PngImagePlugin - STREAM b'IDAT' 41 63613
2026-09-08 18:22:19,542 - DEBUG - PIL.PngImagePlugin - STREAM b'IHDR' 16 13
2026-09-08 18:22:19,542 - DEBUG - PIL.PngImagePlugin - STREAM b'IDAT' 41 65536
2026-09-08 18:22:19,546 - DEBUG - PIL.PngImagePlugin - STREAM b'IHDR' 16 13
2026-09-08 18:22:19,546 - DEBUG - PIL.PngImagePlugin - STREAM b'IDAT' 41 63580
2026-09-08 18:22:19,550 - DEBUG - PIL.PngImagePlugin - STREAM b'IHDR' 16 13
2026-09-08 18:22:19,550 - DEBUG - PIL.PngImagePlugin - STREAM b'IDAT' 41 64126
2026-09-08 18:22:19,554 - DEBUG - PIL.PngImagePlugin - STREAM b'IHDR' 16 13
2026-09-08 18:22:19,554 - DEBUG - PIL.PngImagePlugin - STREAM b'IDAT' 41 64126
2026-09-08 18:22:19,558 - DEBUG - PIL.PngImagePlugin - STREAM b'IHDR' 16 13
2026-09-08 18:22:19,558 - DEBUG - PIL.PngImagePlugin - STREAM b'IDAT' 41 64126
2026-09-08 18:22:19,561 - DEBUG - PIL.PngImagePlugin - STREAM b'IHDR' 16 13
2026-09-08 18:22:19,562 - DEBUG - PIL.PngImagePlugin - STREAM b'IDAT' 41 56150
2026-09-08 18:22:19,566 - DEBUG - PIL.PngImagePlugin - STREAM b'IHDR' 16 13
2026-09-08 18:22:19,566 - DEBUG - PIL.PngImagePlugin - STREAM b'IDAT' 41 64126
2026-09-08 18:22:19,569 - DEBUG - PIL.PngImagePlugin - STREAM b'IHDR' 16 13
2026-09-08 18:22:19,570 - DEBUG - PIL.PngImagePlugin - STREAM b'IDAT' 41 64126
2026-09-08 18:22:19,582 - DEBUG - PIL.PngImagePlugin - STREAM b'IHDR' 16 13
2026-09-08 18:22:19,582 - DEBUG - PIL.PngImagePlugin - STREAM b'IDAT' 41 62450
2026-09-08 18:22:19,585 - INFO - KGameTracker - ℹ️  ❌ Error creando la ventana principal: 'VentanaPrincipal' object has no attribute '_centrar'
2026-09-08 18:22:19,588 - INFO - KGameTracker - ℹ️  ==================================================
2026-09-08 18:22:19,588 - INFO - KGameTracker - ℹ️  K GAME TRACKER - CERRADA
2026-09-08 18:22:19,588 - INFO - KGameTracker - ℹ️  ==================================================
2026-09-08 18:23:24,420 - INFO - KGameTracker - ℹ️  ==================================================
2026-09-08 18:23:24,420 - INFO - KGameTracker - ℹ️  K GAME TRACKER - INICIADA
2026-09-08 18:23:24,420 - INFO - KGameTracker - ℹ️  ==================================================
2026-09-08 18:23:24,613 - DEBUG - PIL.Image - Importing PngImagePlugin
2026-09-08 18:23:24,619 - DEBUG - PIL.PngImagePlugin - STREAM b'IHDR' 16 13
2026-09-08 18:23:24,619 - DEBUG - PIL.PngImagePlugin - STREAM b'caBX' 41 5758
2026-09-08 18:23:24,620 - DEBUG - PIL.PngImagePlugin - b'caBX' 41 5758 (unknown)
2026-09-08 18:23:24,620 - DEBUG - PIL.PngImagePlugin - STREAM b'IDAT' 5811 65536
2026-09-08 18:23:26,766 - DEBUG - PIL.PngImagePlugin - STREAM b'IHDR' 16 13
2026-09-08 18:23:26,767 - DEBUG - PIL.PngImagePlugin - STREAM b'caBX' 41 5758
2026-09-08 18:23:26,767 - DEBUG - PIL.PngImagePlugin - b'caBX' 41 5758 (unknown)
2026-09-08 18:23:26,767 - DEBUG - PIL.PngImagePlugin - STREAM b'IDAT' 5811 65536
2026-09-08 18:23:26,795 - DEBUG - PIL.PngImagePlugin - STREAM b'IHDR' 16 13
2026-09-08 18:23:26,795 - DEBUG - PIL.PngImagePlugin - STREAM b'IDAT' 41 53758
2026-09-08 18:23:26,799 - INFO - KGameTracker - ℹ️  ❌ Error creando la ventana principal: 'VentanaPrincipal' object has no attribute 'abrir_donacion'
2026-09-08 18:23:26,802 - INFO - KGameTracker - ℹ️  ==================================================
2026-09-08 18:23:26,803 - INFO - KGameTracker - ℹ️  K GAME TRACKER - CERRADA
2026-09-08 18:23:26,803 - INFO - KGameTracker - ℹ️  ==================================================
2026-09-08 18:23:51,431 - INFO - KGameTracker - ℹ️  ==================================================
2026-09-08 18:23:51,431 - INFO - KGameTracker - ℹ️  K GAME TRACKER - INICIADA
2026-09-08 18:23:51,431 - INFO - KGameTracker - ℹ️  ==================================================
2026-09-08 18:23:51,674 - DEBUG - PIL.Image - Importing PngImagePlugin
2026-09-08 18:23:51,681 - DEBUG - PIL.PngImagePlugin - STREAM b'IHDR' 16 13
2026-09-08 18:23:51,681 - DEBUG - PIL.PngImagePlugin - STREAM b'caBX' 41 5758
2026-09-08 18:23:51,682 - DEBUG - PIL.PngImagePlugin - b'caBX' 41 5758 (unknown)
2026-09-08 18:23:51,682 - DEBUG - PIL.PngImagePlugin - STREAM b'IDAT' 5811 65536
2026-09-08 18:23:53,861 - DEBUG - PIL.PngImagePlugin - STREAM b'IHDR' 16 13
2026-09-08 18:23:53,861 - DEBUG - PIL.PngImagePlugin - STREAM b'caBX' 41 5758
2026-09-08 18:23:53,861 - DEBUG - PIL.PngImagePlugin - b'caBX' 41 5758 (unknown)
2026-09-08 18:23:53,862 - DEBUG - PIL.PngImagePlugin - STREAM b'IDAT' 5811 65536
2026-09-08 18:23:53,893 - DEBUG - PIL.PngImagePlugin - STREAM b'IHDR' 16 13
2026-09-08 18:23:53,893 - DEBUG - PIL.PngImagePlugin - STREAM b'IDAT' 41 53758
2026-09-08 18:23:53,901 - DEBUG - PIL.PngImagePlugin - STREAM b'IHDR' 16 13
2026-09-08 18:23:53,901 - DEBUG - PIL.PngImagePlugin - STREAM b'IDAT' 41 65536
2026-09-08 18:23:53,909 - DEBUG - PIL.PngImagePlugin - STREAM b'IHDR' 16 13
2026-09-08 18:23:53,910 - DEBUG - PIL.PngImagePlugin - STREAM b'IDAT' 41 58612
2026-09-08 18:23:53,917 - DEBUG - PIL.PngImagePlugin - STREAM b'IHDR' 16 13
2026-09-08 18:23:53,917 - DEBUG - PIL.PngImagePlugin - STREAM b'IDAT' 41 63613
2026-09-08 18:23:53,926 - DEBUG - PIL.PngImagePlugin - STREAM b'IHDR' 16 13
2026-09-08 18:23:53,927 - DEBUG - PIL.PngImagePlugin - STREAM b'IDAT' 41 65536
2026-09-08 18:23:53,935 - DEBUG - PIL.PngImagePlugin - STREAM b'IHDR' 16 13
2026-09-08 18:23:53,935 - DEBUG - PIL.PngImagePlugin - STREAM b'IDAT' 41 63580
2026-09-08 18:23:53,944 - DEBUG - PIL.PngImagePlugin - STREAM b'IHDR' 16 13
2026-09-08 18:23:53,944 - DEBUG - PIL.PngImagePlugin - STREAM b'IDAT' 41 64126
2026-09-08 18:23:53,952 - DEBUG - PIL.PngImagePlugin - STREAM b'IHDR' 16 13
2026-09-08 18:23:53,952 - DEBUG - PIL.PngImagePlugin - STREAM b'IDAT' 41 64126
2026-09-08 18:23:53,960 - DEBUG - PIL.PngImagePlugin - STREAM b'IHDR' 16 13
2026-09-08 18:23:53,960 - DEBUG - PIL.PngImagePlugin - STREAM b'IDAT' 41 64126
2026-09-08 18:23:53,969 - DEBUG - PIL.PngImagePlugin - STREAM b'IHDR' 16 13
2026-09-08 18:23:53,969 - DEBUG - PIL.PngImagePlugin - STREAM b'IDAT' 41 56150
2026-09-08 18:23:53,978 - DEBUG - PIL.PngImagePlugin - STREAM b'IHDR' 16 13
2026-09-08 18:23:53,978 - DEBUG - PIL.PngImagePlugin - STREAM b'IDAT' 41 64126
2026-09-08 18:23:53,987 - DEBUG - PIL.PngImagePlugin - STREAM b'IHDR' 16 13
2026-09-08 18:23:53,987 - DEBUG - PIL.PngImagePlugin - STREAM b'IDAT' 41 64126
2026-09-08 18:23:54,004 - DEBUG - PIL.PngImagePlugin - STREAM b'IHDR' 16 13
2026-09-08 18:23:54,004 - DEBUG - PIL.PngImagePlugin - STREAM b'IDAT' 41 62450
2026-09-08 18:23:56,173 - INFO - KGameTracker - ℹ️  ==================================================
2026-09-08 18:23:56,173 - INFO - KGameTracker - ℹ️  K GAME TRACKER - CERRADA
2026-09-08 18:23:56,174 - INFO - KGameTracker - ℹ️  ==================================================
2026-09-08 18:24:46,733 - INFO - KGameTracker - ℹ️  ==================================================
2026-09-08 18:24:46,733 - INFO - KGameTracker - ℹ️  K GAME TRACKER - INICIADA
2026-09-08 18:24:46,734 - INFO - KGameTracker - ℹ️  ==================================================
2026-09-08 18:24:46,955 - DEBUG - PIL.Image - Importing PngImagePlugin
2026-09-08 18:24:46,961 - DEBUG - PIL.PngImagePlugin - STREAM b'IHDR' 16 13
2026-09-08 18:24:46,962 - DEBUG - PIL.PngImagePlugin - STREAM b'caBX' 41 5758
2026-09-08 18:24:46,962 - DEBUG - PIL.PngImagePlugin - b'caBX' 41 5758 (unknown)
2026-09-08 18:24:46,962 - DEBUG - PIL.PngImagePlugin - STREAM b'IDAT' 5811 65536
2026-09-08 18:24:49,103 - DEBUG - PIL.PngImagePlugin - STREAM b'IHDR' 16 13
2026-09-08 18:24:49,104 - DEBUG - PIL.PngImagePlugin - STREAM b'caBX' 41 5758
2026-09-08 18:24:49,104 - DEBUG - PIL.PngImagePlugin - b'caBX' 41 5758 (unknown)
2026-09-08 18:24:49,105 - DEBUG - PIL.PngImagePlugin - STREAM b'IDAT' 5811 65536
2026-09-08 18:24:49,138 - DEBUG - PIL.PngImagePlugin - STREAM b'IHDR' 16 13
2026-09-08 18:24:49,138 - DEBUG - PIL.PngImagePlugin - STREAM b'IDAT' 41 53758
2026-09-08 18:24:49,146 - DEBUG - PIL.PngImagePlugin - STREAM b'IHDR' 16 13
2026-09-08 18:24:49,146 - DEBUG - PIL.PngImagePlugin - STREAM b'IDAT' 41 32768
2026-09-08 18:24:49,157 - DEBUG - PIL.PngImagePlugin - STREAM b'IHDR' 16 13
2026-09-08 18:24:49,157 - DEBUG - PIL.PngImagePlugin - STREAM b'IDAT' 41 65536
2026-09-08 18:24:49,166 - DEBUG - PIL.PngImagePlugin - STREAM b'IHDR' 16 13
2026-09-08 18:24:49,166 - DEBUG - PIL.PngImagePlugin - STREAM b'IDAT' 41 58612
2026-09-08 18:24:49,174 - DEBUG - PIL.PngImagePlugin - STREAM b'IHDR' 16 13
2026-09-08 18:24:49,174 - DEBUG - PIL.PngImagePlugin - STREAM b'IDAT' 41 63613
2026-09-08 18:24:49,182 - DEBUG - PIL.PngImagePlugin - STREAM b'IHDR' 16 13
2026-09-08 18:24:49,182 - DEBUG - PIL.PngImagePlugin - STREAM b'IDAT' 41 65536
2026-09-08 18:24:49,192 - DEBUG - PIL.PngImagePlugin - STREAM b'IHDR' 16 13
2026-09-08 18:24:49,192 - DEBUG - PIL.PngImagePlugin - STREAM b'IDAT' 41 63580
2026-09-08 18:24:49,200 - DEBUG - PIL.PngImagePlugin - STREAM b'IHDR' 16 13
2026-09-08 18:24:49,200 - DEBUG - PIL.PngImagePlugin - STREAM b'IDAT' 41 64126
2026-09-08 18:24:49,209 - DEBUG - PIL.PngImagePlugin - STREAM b'IHDR' 16 13
2026-09-08 18:24:49,210 - DEBUG - PIL.PngImagePlugin - STREAM b'IDAT' 41 64126
2026-09-08 18:24:49,218 - DEBUG - PIL.PngImagePlugin - STREAM b'IHDR' 16 13
2026-09-08 18:24:49,218 - DEBUG - PIL.PngImagePlugin - STREAM b'IDAT' 41 64126
2026-09-08 18:24:49,227 - DEBUG - PIL.PngImagePlugin - STREAM b'IHDR' 16 13
2026-09-08 18:24:49,227 - DEBUG - PIL.PngImagePlugin - STREAM b'IDAT' 41 56150
2026-09-08 18:24:49,235 - DEBUG - PIL.PngImagePlugin - STREAM b'IHDR' 16 13
2026-09-08 18:24:49,235 - DEBUG - PIL.PngImagePlugin - STREAM b'IDAT' 41 64126
2026-09-08 18:24:49,243 - DEBUG - PIL.PngImagePlugin - STREAM b'IHDR' 16 13
2026-09-08 18:24:49,243 - DEBUG - PIL.PngImagePlugin - STREAM b'IDAT' 41 64126
2026-09-08 18:24:49,260 - DEBUG - PIL.PngImagePlugin - STREAM b'IHDR' 16 13
2026-09-08 18:24:49,260 - DEBUG - PIL.PngImagePlugin - STREAM b'IDAT' 41 62450
2026-09-08 18:24:50,208 - DEBUG - PIL.PngImagePlugin - STREAM b'IHDR' 16 13
2026-09-08 18:24:50,208 - DEBUG - PIL.PngImagePlugin - STREAM b'IDAT' 41 65536
2026-09-08 18:24:50,211 - DEBUG - PIL.PngImagePlugin - STREAM b'IHDR' 16 13
2026-09-08 18:24:50,211 - DEBUG - PIL.PngImagePlugin - STREAM b'IDAT' 41 65536
2026-09-08 18:28:16,166 - INFO - KGameTracker - ℹ️  ==================================================
2026-09-08 18:28:16,166 - INFO - KGameTracker - ℹ️  K GAME TRACKER - CERRADA
2026-09-08 18:28:16,166 - INFO - KGameTracker - ℹ️  ==================================================
2026-09-08 18:28:27,234 - INFO - KGameTracker - ℹ️  ==================================================
2026-09-08 18:28:27,234 - INFO - KGameTracker - ℹ️  K GAME TRACKER - INICIADA
2026-09-08 18:28:27,234 - INFO - KGameTracker - ℹ️  ==================================================
2026-09-08 18:28:27,436 - DEBUG - PIL.Image - Importing PngImagePlugin
2026-09-08 18:28:27,443 - DEBUG - PIL.PngImagePlugin - STREAM b'IHDR' 16 13
2026-09-08 18:28:27,443 - DEBUG - PIL.PngImagePlugin - STREAM b'caBX' 41 5758
2026-09-08 18:28:27,443 - DEBUG - PIL.PngImagePlugin - b'caBX' 41 5758 (unknown)
2026-09-08 18:28:27,444 - DEBUG - PIL.PngImagePlugin - STREAM b'IDAT' 5811 65536
2026-09-08 18:28:29,604 - DEBUG - PIL.PngImagePlugin - STREAM b'IHDR' 16 13
2026-09-08 18:28:29,604 - DEBUG - PIL.PngImagePlugin - STREAM b'caBX' 41 5758
2026-09-08 18:28:29,605 - DEBUG - PIL.PngImagePlugin - b'caBX' 41 5758 (unknown)
2026-09-08 18:28:29,605 - DEBUG - PIL.PngImagePlugin - STREAM b'IDAT' 5811 65536
2026-09-08 18:28:29,635 - DEBUG - PIL.PngImagePlugin - STREAM b'IHDR' 16 13
2026-09-08 18:28:29,635 - DEBUG - PIL.PngImagePlugin - STREAM b'IDAT' 41 53758
2026-09-08 18:28:29,638 - DEBUG - PIL.PngImagePlugin - STREAM b'IHDR' 16 13
2026-09-08 18:28:29,639 - DEBUG - PIL.PngImagePlugin - STREAM b'IDAT' 41 32768
2026-09-08 18:28:29,645 - DEBUG - PIL.PngImagePlugin - STREAM b'IHDR' 16 13
2026-09-08 18:28:29,645 - DEBUG - PIL.PngImagePlugin - STREAM b'IDAT' 41 65536
2026-09-08 18:28:29,648 - DEBUG - PIL.PngImagePlugin - STREAM b'IHDR' 16 13
2026-09-08 18:28:29,648 - DEBUG - PIL.PngImagePlugin - STREAM b'IDAT' 41 58612
2026-09-08 18:28:29,651 - DEBUG - PIL.PngImagePlugin - STREAM b'IHDR' 16 13
2026-09-08 18:28:29,652 - DEBUG - PIL.PngImagePlugin - STREAM b'IDAT' 41 63613
2026-09-08 18:28:29,655 - DEBUG - PIL.PngImagePlugin - STREAM b'IHDR' 16 13
2026-09-08 18:28:29,655 - DEBUG - PIL.PngImagePlugin - STREAM b'IDAT' 41 65536
2026-09-08 18:28:29,660 - DEBUG - PIL.PngImagePlugin - STREAM b'IHDR' 16 13
2026-09-08 18:28:29,660 - DEBUG - PIL.PngImagePlugin - STREAM b'IDAT' 41 63580
2026-09-08 18:28:29,663 - DEBUG - PIL.PngImagePlugin - STREAM b'IHDR' 16 13
2026-09-08 18:28:29,663 - DEBUG - PIL.PngImagePlugin - STREAM b'IDAT' 41 64126
2026-09-08 18:28:29,668 - DEBUG - PIL.PngImagePlugin - STREAM b'IHDR' 16 13
2026-09-08 18:28:29,668 - DEBUG - PIL.PngImagePlugin - STREAM b'IDAT' 41 64126
2026-09-08 18:28:29,671 - DEBUG - PIL.PngImagePlugin - STREAM b'IHDR' 16 13
2026-09-08 18:28:29,671 - DEBUG - PIL.PngImagePlugin - STREAM b'IDAT' 41 64126
2026-09-08 18:28:29,675 - DEBUG - PIL.PngImagePlugin - STREAM b'IHDR' 16 13
2026-09-08 18:28:29,676 - DEBUG - PIL.PngImagePlugin - STREAM b'IDAT' 41 56150
2026-09-08 18:28:29,679 - DEBUG - PIL.PngImagePlugin - STREAM b'IHDR' 16 13
2026-09-08 18:28:29,679 - DEBUG - PIL.PngImagePlugin - STREAM b'IDAT' 41 64126
2026-09-08 18:28:29,683 - DEBUG - PIL.PngImagePlugin - STREAM b'IHDR' 16 13
2026-09-08 18:28:29,684 - DEBUG - PIL.PngImagePlugin - STREAM b'IDAT' 41 64126
2026-09-08 18:28:29,695 - DEBUG - PIL.PngImagePlugin - STREAM b'IHDR' 16 13
2026-09-08 18:28:29,695 - DEBUG - PIL.PngImagePlugin - STREAM b'IDAT' 41 62450
2026-09-08 18:28:36,069 - DEBUG - PIL.PngImagePlugin - STREAM b'IHDR' 16 13
2026-09-08 18:28:36,069 - DEBUG - PIL.PngImagePlugin - STREAM b'IDAT' 41 65536
2026-09-08 18:28:36,071 - DEBUG - PIL.PngImagePlugin - STREAM b'IHDR' 16 13
2026-09-08 18:28:36,072 - DEBUG - PIL.PngImagePlugin - STREAM b'IDAT' 41 65536
2026-09-08 18:29:14,585 - INFO - KGameTracker - ℹ️  ==================================================
2026-09-08 18:29:14,586 - INFO - KGameTracker - ℹ️  K GAME TRACKER - CERRADA
2026-09-08 18:29:14,586 - INFO - KGameTracker - ℹ️  ==================================================
2026-09-08 18:29:20,702 - INFO - KGameTracker - ℹ️  ==================================================
2026-09-08 18:29:20,702 - INFO - KGameTracker - ℹ️  K GAME TRACKER - INICIADA
2026-09-08 18:29:20,702 - INFO - KGameTracker - ℹ️  ==================================================
2026-09-08 18:29:20,897 - DEBUG - PIL.Image - Importing PngImagePlugin
2026-09-08 18:29:20,904 - DEBUG - PIL.PngImagePlugin - STREAM b'IHDR' 16 13
2026-09-08 18:29:20,904 - DEBUG - PIL.PngImagePlugin - STREAM b'caBX' 41 5758
2026-09-08 18:29:20,904 - DEBUG - PIL.PngImagePlugin - b'caBX' 41 5758 (unknown)
2026-09-08 18:29:20,904 - DEBUG - PIL.PngImagePlugin - STREAM b'IDAT' 5811 65536
2026-09-08 18:29:23,071 - DEBUG - PIL.PngImagePlugin - STREAM b'IHDR' 16 13
2026-09-08 18:29:23,072 - DEBUG - PIL.PngImagePlugin - STREAM b'caBX' 41 5758
2026-09-08 18:29:23,072 - DEBUG - PIL.PngImagePlugin - b'caBX' 41 5758 (unknown)
2026-09-08 18:29:23,072 - DEBUG - PIL.PngImagePlugin - STREAM b'IDAT' 5811 65536
2026-09-08 18:29:23,102 - DEBUG - PIL.PngImagePlugin - STREAM b'IHDR' 16 13
2026-09-08 18:29:23,102 - DEBUG - PIL.PngImagePlugin - STREAM b'IDAT' 41 53758
2026-09-08 18:29:23,106 - DEBUG - PIL.PngImagePlugin - STREAM b'IHDR' 16 13
2026-09-08 18:29:23,106 - DEBUG - PIL.PngImagePlugin - STREAM b'IDAT' 41 32768
2026-09-08 18:29:23,113 - DEBUG - PIL.PngImagePlugin - STREAM b'IHDR' 16 13
2026-09-08 18:29:23,113 - DEBUG - PIL.PngImagePlugin - STREAM b'IDAT' 41 65536
2026-09-08 18:29:23,117 - DEBUG - PIL.PngImagePlugin - STREAM b'IHDR' 16 13
2026-09-08 18:29:23,117 - DEBUG - PIL.PngImagePlugin - STREAM b'IDAT' 41 58612
2026-09-08 18:29:23,120 - DEBUG - PIL.PngImagePlugin - STREAM b'IHDR' 16 13
2026-09-08 18:29:23,120 - DEBUG - PIL.PngImagePlugin - STREAM b'IDAT' 41 63613
2026-09-08 18:29:23,125 - DEBUG - PIL.PngImagePlugin - STREAM b'IHDR' 16 13
2026-09-08 18:29:23,125 - DEBUG - PIL.PngImagePlugin - STREAM b'IDAT' 41 65536
2026-09-08 18:29:23,129 - DEBUG - PIL.PngImagePlugin - STREAM b'IHDR' 16 13
2026-09-08 18:29:23,129 - DEBUG - PIL.PngImagePlugin - STREAM b'IDAT' 41 63580
2026-09-08 18:29:23,133 - DEBUG - PIL.PngImagePlugin - STREAM b'IHDR' 16 13
2026-09-08 18:29:23,133 - DEBUG - PIL.PngImagePlugin - STREAM b'IDAT' 41 64126
2026-09-08 18:29:23,137 - DEBUG - PIL.PngImagePlugin - STREAM b'IHDR' 16 13
2026-09-08 18:29:23,137 - DEBUG - PIL.PngImagePlugin - STREAM b'IDAT' 41 64126
2026-09-08 18:29:23,140 - DEBUG - PIL.PngImagePlugin - STREAM b'IHDR' 16 13
2026-09-08 18:29:23,141 - DEBUG - PIL.PngImagePlugin - STREAM b'IDAT' 41 64126
2026-09-08 18:29:23,144 - DEBUG - PIL.PngImagePlugin - STREAM b'IHDR' 16 13
2026-09-08 18:29:23,144 - DEBUG - PIL.PngImagePlugin - STREAM b'IDAT' 41 56150
2026-09-08 18:29:23,148 - DEBUG - PIL.PngImagePlugin - STREAM b'IHDR' 16 13
2026-09-08 18:29:23,148 - DEBUG - PIL.PngImagePlugin - STREAM b'IDAT' 41 64126
2026-09-08 18:29:23,152 - DEBUG - PIL.PngImagePlugin - STREAM b'IHDR' 16 13
2026-09-08 18:29:23,152 - DEBUG - PIL.PngImagePlugin - STREAM b'IDAT' 41 64126
2026-09-08 18:29:23,164 - DEBUG - PIL.PngImagePlugin - STREAM b'IHDR' 16 13
2026-09-08 18:29:23,164 - DEBUG - PIL.PngImagePlugin - STREAM b'IDAT' 41 62450
2026-09-08 18:29:24,670 - DEBUG - PIL.PngImagePlugin - STREAM b'IHDR' 16 13
2026-09-08 18:29:24,671 - DEBUG - PIL.PngImagePlugin - STREAM b'IDAT' 41 65536
2026-09-08 18:29:24,673 - DEBUG - PIL.PngImagePlugin - STREAM b'IHDR' 16 13
2026-09-08 18:29:24,673 - DEBUG - PIL.PngImagePlugin - STREAM b'IDAT' 41 65536
2026-09-08 18:29:47,427 - INFO - KGameTracker - ℹ️  ==================================================
2026-09-08 18:29:47,427 - INFO - KGameTracker - ℹ️  K GAME TRACKER - CERRADA
2026-09-08 18:29:47,428 - INFO - KGameTracker - ℹ️  ==================================================
2026-09-08 18:30:23,728 - INFO - KGameTracker - ℹ️  ==================================================
2026-09-08 18:30:23,728 - INFO - KGameTracker - ℹ️  K GAME TRACKER - INICIADA
2026-09-08 18:30:23,728 - INFO - KGameTracker - ℹ️  ==================================================
2026-09-08 18:30:23,943 - DEBUG - PIL.Image - Importing PngImagePlugin
2026-09-08 18:30:23,950 - DEBUG - PIL.PngImagePlugin - STREAM b'IHDR' 16 13
2026-09-08 18:30:23,950 - DEBUG - PIL.PngImagePlugin - STREAM b'caBX' 41 5758
2026-09-08 18:30:23,950 - DEBUG - PIL.PngImagePlugin - b'caBX' 41 5758 (unknown)
2026-09-08 18:30:23,951 - DEBUG - PIL.PngImagePlugin - STREAM b'IDAT' 5811 65536
2026-09-08 18:30:26,141 - DEBUG - PIL.PngImagePlugin - STREAM b'IHDR' 16 13
2026-09-08 18:30:26,141 - DEBUG - PIL.PngImagePlugin - STREAM b'caBX' 41 5758
2026-09-08 18:30:26,142 - DEBUG - PIL.PngImagePlugin - b'caBX' 41 5758 (unknown)
2026-09-08 18:30:26,142 - DEBUG - PIL.PngImagePlugin - STREAM b'IDAT' 5811 65536
2026-09-08 18:30:26,168 - DEBUG - PIL.PngImagePlugin - STREAM b'IHDR' 16 13
2026-09-08 18:30:26,168 - DEBUG - PIL.PngImagePlugin - STREAM b'IDAT' 41 53758
2026-09-08 18:30:26,172 - DEBUG - PIL.PngImagePlugin - STREAM b'IHDR' 16 13
2026-09-08 18:30:26,172 - DEBUG - PIL.PngImagePlugin - STREAM b'IDAT' 41 32768
2026-09-08 18:30:26,178 - DEBUG - PIL.PngImagePlugin - STREAM b'IHDR' 16 13
2026-09-08 18:30:26,178 - DEBUG - PIL.PngImagePlugin - STREAM b'IDAT' 41 65536
2026-09-08 18:30:26,182 - DEBUG - PIL.PngImagePlugin - STREAM b'IHDR' 16 13
2026-09-08 18:30:26,182 - DEBUG - PIL.PngImagePlugin - STREAM b'IDAT' 41 58612
2026-09-08 18:30:26,185 - DEBUG - PIL.PngImagePlugin - STREAM b'IHDR' 16 13
2026-09-08 18:30:26,185 - DEBUG - PIL.PngImagePlugin - STREAM b'IDAT' 41 63613
2026-09-08 18:30:26,189 - DEBUG - PIL.PngImagePlugin - STREAM b'IHDR' 16 13
2026-09-08 18:30:26,189 - DEBUG - PIL.PngImagePlugin - STREAM b'IDAT' 41 65536
2026-09-08 18:30:26,192 - DEBUG - PIL.PngImagePlugin - STREAM b'IHDR' 16 13
2026-09-08 18:30:26,193 - DEBUG - PIL.PngImagePlugin - STREAM b'IDAT' 41 63580
2026-09-08 18:30:26,196 - DEBUG - PIL.PngImagePlugin - STREAM b'IHDR' 16 13
2026-09-08 18:30:26,196 - DEBUG - PIL.PngImagePlugin - STREAM b'IDAT' 41 64126
2026-09-08 18:30:26,200 - DEBUG - PIL.PngImagePlugin - STREAM b'IHDR' 16 13
2026-09-08 18:30:26,200 - DEBUG - PIL.PngImagePlugin - STREAM b'IDAT' 41 64126
2026-09-08 18:30:26,204 - DEBUG - PIL.PngImagePlugin - STREAM b'IHDR' 16 13
2026-09-08 18:30:26,204 - DEBUG - PIL.PngImagePlugin - STREAM b'IDAT' 41 64126
2026-09-08 18:30:26,208 - DEBUG - PIL.PngImagePlugin - STREAM b'IHDR' 16 13
2026-09-08 18:30:26,208 - DEBUG - PIL.PngImagePlugin - STREAM b'IDAT' 41 56150
2026-09-08 18:30:26,211 - DEBUG - PIL.PngImagePlugin - STREAM b'IHDR' 16 13
2026-09-08 18:30:26,211 - DEBUG - PIL.PngImagePlugin - STREAM b'IDAT' 41 64126
2026-09-08 18:30:26,215 - DEBUG - PIL.PngImagePlugin - STREAM b'IHDR' 16 13
2026-09-08 18:30:26,215 - DEBUG - PIL.PngImagePlugin - STREAM b'IDAT' 41 64126
2026-09-08 18:30:26,227 - DEBUG - PIL.PngImagePlugin - STREAM b'IHDR' 16 13
2026-09-08 18:30:26,227 - DEBUG - PIL.PngImagePlugin - STREAM b'IDAT' 41 62450
2026-09-08 18:30:27,082 - DEBUG - PIL.PngImagePlugin - STREAM b'IHDR' 16 13
2026-09-08 18:30:27,082 - DEBUG - PIL.PngImagePlugin - STREAM b'IDAT' 41 65536
2026-09-08 18:30:27,085 - DEBUG - PIL.PngImagePlugin - STREAM b'IHDR' 16 13
2026-09-08 18:30:27,085 - DEBUG - PIL.PngImagePlugin - STREAM b'IDAT' 41 65536
2026-09-08 18:31:19,155 - INFO - KGameTracker - ℹ️  ==================================================
2026-09-08 18:31:19,156 - INFO - KGameTracker - ℹ️  K GAME TRACKER - CERRADA
2026-09-08 18:31:19,156 - INFO - KGameTracker - ℹ️  ==================================================
2026-09-08 18:31:23,531 - INFO - KGameTracker - ℹ️  ==================================================
2026-09-08 18:31:23,531 - INFO - KGameTracker - ℹ️  K GAME TRACKER - INICIADA
2026-09-08 18:31:23,531 - INFO - KGameTracker - ℹ️  ==================================================
2026-09-08 18:31:23,743 - DEBUG - PIL.Image - Importing PngImagePlugin
2026-09-08 18:31:23,750 - DEBUG - PIL.PngImagePlugin - STREAM b'IHDR' 16 13
2026-09-08 18:31:23,750 - DEBUG - PIL.PngImagePlugin - STREAM b'caBX' 41 5758
2026-09-08 18:31:23,750 - DEBUG - PIL.PngImagePlugin - b'caBX' 41 5758 (unknown)
2026-09-08 18:31:23,750 - DEBUG - PIL.PngImagePlugin - STREAM b'IDAT' 5811 65536
2026-09-08 18:31:25,911 - DEBUG - PIL.PngImagePlugin - STREAM b'IHDR' 16 13
2026-09-08 18:31:25,911 - DEBUG - PIL.PngImagePlugin - STREAM b'caBX' 41 5758
2026-09-08 18:31:25,912 - DEBUG - PIL.PngImagePlugin - b'caBX' 41 5758 (unknown)
2026-09-08 18:31:25,912 - DEBUG - PIL.PngImagePlugin - STREAM b'IDAT' 5811 65536
2026-09-08 18:31:25,938 - DEBUG - PIL.PngImagePlugin - STREAM b'IHDR' 16 13
2026-09-08 18:31:25,938 - DEBUG - PIL.PngImagePlugin - STREAM b'IDAT' 41 53758
2026-09-08 18:31:25,943 - DEBUG - PIL.PngImagePlugin - STREAM b'IHDR' 16 13
2026-09-08 18:31:25,943 - DEBUG - PIL.PngImagePlugin - STREAM b'IDAT' 41 32768
2026-09-08 18:31:25,949 - DEBUG - PIL.PngImagePlugin - STREAM b'IHDR' 16 13
2026-09-08 18:31:25,949 - DEBUG - PIL.PngImagePlugin - STREAM b'IDAT' 41 65536
2026-09-08 18:31:25,952 - DEBUG - PIL.PngImagePlugin - STREAM b'IHDR' 16 13
2026-09-08 18:31:25,952 - DEBUG - PIL.PngImagePlugin - STREAM b'IDAT' 41 58612
2026-09-08 18:31:25,955 - DEBUG - PIL.PngImagePlugin - STREAM b'IHDR' 16 13
2026-09-08 18:31:25,955 - DEBUG - PIL.PngImagePlugin - STREAM b'IDAT' 41 63613
2026-09-08 18:31:25,959 - DEBUG - PIL.PngImagePlugin - STREAM b'IHDR' 16 13
2026-09-08 18:31:25,959 - DEBUG - PIL.PngImagePlugin - STREAM b'IDAT' 41 65536
2026-09-08 18:31:25,963 - DEBUG - PIL.PngImagePlugin - STREAM b'IHDR' 16 13
2026-09-08 18:31:25,963 - DEBUG - PIL.PngImagePlugin - STREAM b'IDAT' 41 63580
2026-09-08 18:31:25,966 - DEBUG - PIL.PngImagePlugin - STREAM b'IHDR' 16 13
2026-09-08 18:31:25,967 - DEBUG - PIL.PngImagePlugin - STREAM b'IDAT' 41 64126
2026-09-08 18:31:25,970 - DEBUG - PIL.PngImagePlugin - STREAM b'IHDR' 16 13
2026-09-08 18:31:25,971 - DEBUG - PIL.PngImagePlugin - STREAM b'IDAT' 41 64126
2026-09-08 18:31:25,975 - DEBUG - PIL.PngImagePlugin - STREAM b'IHDR' 16 13
2026-09-08 18:31:25,975 - DEBUG - PIL.PngImagePlugin - STREAM b'IDAT' 41 64126
2026-09-08 18:31:25,979 - DEBUG - PIL.PngImagePlugin - STREAM b'IHDR' 16 13
2026-09-08 18:31:25,979 - DEBUG - PIL.PngImagePlugin - STREAM b'IDAT' 41 56150
2026-09-08 18:31:25,982 - DEBUG - PIL.PngImagePlugin - STREAM b'IHDR' 16 13
2026-09-08 18:31:25,983 - DEBUG - PIL.PngImagePlugin - STREAM b'IDAT' 41 64126
2026-09-08 18:31:25,986 - DEBUG - PIL.PngImagePlugin - STREAM b'IHDR' 16 13
2026-09-08 18:31:25,986 - DEBUG - PIL.PngImagePlugin - STREAM b'IDAT' 41 64126
2026-09-08 18:31:26,002 - DEBUG - PIL.PngImagePlugin - STREAM b'IHDR' 16 13
2026-09-08 18:31:26,002 - DEBUG - PIL.PngImagePlugin - STREAM b'IDAT' 41 62450
2026-09-08 18:31:35,497 - INFO - KGameTracker - ℹ️  ==================================================
2026-09-08 18:31:35,497 - INFO - KGameTracker - ℹ️  K GAME TRACKER - CERRADA
2026-09-08 18:31:35,497 - INFO - KGameTracker - ℹ️  ==================================================
2026-09-08 18:32:28,632 - INFO - KGameTracker - ℹ️  ==================================================
2026-09-08 18:32:28,632 - INFO - KGameTracker - ℹ️  K GAME TRACKER - INICIADA
2026-09-08 18:32:28,632 - INFO - KGameTracker - ℹ️  ==================================================
2026-09-08 18:32:28,839 - DEBUG - PIL.Image - Importing PngImagePlugin
2026-09-08 18:32:28,846 - DEBUG - PIL.PngImagePlugin - STREAM b'IHDR' 16 13
2026-09-08 18:32:28,846 - DEBUG - PIL.PngImagePlugin - STREAM b'caBX' 41 5758
2026-09-08 18:32:28,846 - DEBUG - PIL.PngImagePlugin - b'caBX' 41 5758 (unknown)
2026-09-08 18:32:28,846 - DEBUG - PIL.PngImagePlugin - STREAM b'IDAT' 5811 65536
2026-09-08 18:32:31,009 - DEBUG - PIL.PngImagePlugin - STREAM b'IHDR' 16 13
2026-09-08 18:32:31,010 - DEBUG - PIL.PngImagePlugin - STREAM b'caBX' 41 5758
2026-09-08 18:32:31,010 - DEBUG - PIL.PngImagePlugin - b'caBX' 41 5758 (unknown)
2026-09-08 18:32:31,010 - DEBUG - PIL.PngImagePlugin - STREAM b'IDAT' 5811 65536
2026-09-08 18:32:31,038 - DEBUG - PIL.PngImagePlugin - STREAM b'IHDR' 16 13
2026-09-08 18:32:31,038 - DEBUG - PIL.PngImagePlugin - STREAM b'IDAT' 41 53758
2026-09-08 18:32:31,043 - DEBUG - PIL.PngImagePlugin - STREAM b'IHDR' 16 13
2026-09-08 18:32:31,043 - DEBUG - PIL.PngImagePlugin - STREAM b'IDAT' 41 32768
2026-09-08 18:32:31,049 - DEBUG - PIL.PngImagePlugin - STREAM b'IHDR' 16 13
2026-09-08 18:32:31,049 - DEBUG - PIL.PngImagePlugin - STREAM b'IDAT' 41 65536
2026-09-08 18:32:31,053 - DEBUG - PIL.PngImagePlugin - STREAM b'IHDR' 16 13
2026-09-08 18:32:31,053 - DEBUG - PIL.PngImagePlugin - STREAM b'IDAT' 41 58612
2026-09-08 18:32:31,055 - DEBUG - PIL.PngImagePlugin - STREAM b'IHDR' 16 13
2026-09-08 18:32:31,056 - DEBUG - PIL.PngImagePlugin - STREAM b'IDAT' 41 63613
2026-09-08 18:32:31,059 - DEBUG - PIL.PngImagePlugin - STREAM b'IHDR' 16 13
2026-09-08 18:32:31,059 - DEBUG - PIL.PngImagePlugin - STREAM b'IDAT' 41 65536
2026-09-08 18:32:31,063 - DEBUG - PIL.PngImagePlugin - STREAM b'IHDR' 16 13
2026-09-08 18:32:31,063 - DEBUG - PIL.PngImagePlugin - STREAM b'IDAT' 41 63580
2026-09-08 18:32:31,067 - DEBUG - PIL.PngImagePlugin - STREAM b'IHDR' 16 13
2026-09-08 18:32:31,067 - DEBUG - PIL.PngImagePlugin - STREAM b'IDAT' 41 64126
2026-09-08 18:32:31,071 - DEBUG - PIL.PngImagePlugin - STREAM b'IHDR' 16 13
2026-09-08 18:32:31,072 - DEBUG - PIL.PngImagePlugin - STREAM b'IDAT' 41 64126
2026-09-08 18:32:31,075 - DEBUG - PIL.PngImagePlugin - STREAM b'IHDR' 16 13
2026-09-08 18:32:31,075 - DEBUG - PIL.PngImagePlugin - STREAM b'IDAT' 41 64126
2026-09-08 18:32:31,079 - DEBUG - PIL.PngImagePlugin - STREAM b'IHDR' 16 13
2026-09-08 18:32:31,079 - DEBUG - PIL.PngImagePlugin - STREAM b'IDAT' 41 56150
2026-09-08 18:32:31,083 - DEBUG - PIL.PngImagePlugin - STREAM b'IHDR' 16 13
2026-09-08 18:32:31,083 - DEBUG - PIL.PngImagePlugin - STREAM b'IDAT' 41 64126
2026-09-08 18:32:31,087 - DEBUG - PIL.PngImagePlugin - STREAM b'IHDR' 16 13
2026-09-08 18:32:31,087 - DEBUG - PIL.PngImagePlugin - STREAM b'IDAT' 41 64126
2026-09-08 18:32:31,102 - DEBUG - PIL.PngImagePlugin - STREAM b'IHDR' 16 13
2026-09-08 18:32:31,103 - DEBUG - PIL.PngImagePlugin - STREAM b'IDAT' 41 62450
2026-09-08 18:32:31,920 - DEBUG - PIL.PngImagePlugin - STREAM b'IHDR' 16 13
2026-09-08 18:32:31,920 - DEBUG - PIL.PngImagePlugin - STREAM b'IDAT' 41 65536
2026-09-08 18:32:31,924 - DEBUG - PIL.PngImagePlugin - STREAM b'IHDR' 16 13
2026-09-08 18:32:31,924 - DEBUG - PIL.PngImagePlugin - STREAM b'IDAT' 41 65536
2026-09-08 18:46:18,317 - DEBUG - urllib3.connectionpool - Starting new HTTPS connection (1): www.gamerpower.com:443
2026-09-08 18:46:18,497 - DEBUG - urllib3.connectionpool - https://www.gamerpower.com:443 "GET /api/giveaways?type=game HTTP/1.1" 200 None
2026-09-08 18:46:28,303 - DEBUG - urllib3.connectionpool - Starting new HTTPS connection (1): www.gamerpower.com:443
2026-09-08 18:46:28,412 - DEBUG - urllib3.connectionpool - https://www.gamerpower.com:443 "GET /api/giveaways?type=game HTTP/1.1" 200 None
2026-09-08 18:46:28,766 - DEBUG - urllib3.connectionpool - Starting new HTTPS connection (1): www.gamerpower.com:443
2026-09-08 18:46:28,875 - DEBUG - urllib3.connectionpool - https://www.gamerpower.com:443 "GET /offers/1b/6a59119a8eb8d.jpg HTTP/1.1" 200 40398
2026-09-08 18:46:28,912 - DEBUG - PIL.PngImagePlugin - STREAM b'IHDR' 16 13
2026-09-08 18:46:28,912 - DEBUG - PIL.PngImagePlugin - STREAM b'IDAT' 41 54256
2026-09-08 18:47:04,807 - DEBUG - PIL.PngImagePlugin - STREAM b'IHDR' 16 13
2026-09-08 18:47:04,807 - DEBUG - PIL.PngImagePlugin - STREAM b'IDAT' 41 62450
2026-09-08 18:47:05,107 - DEBUG - PIL.PngImagePlugin - STREAM b'IHDR' 16 13
2026-09-08 18:47:05,107 - DEBUG - PIL.PngImagePlugin - STREAM b'IDAT' 41 62450
2026-09-08 18:47:05,207 - DEBUG - PIL.PngImagePlugin - STREAM b'IHDR' 16 13
2026-09-08 18:47:05,207 - DEBUG - PIL.PngImagePlugin - STREAM b'IDAT' 41 62450
2026-09-08 18:47:05,943 - DEBUG - PIL.PngImagePlugin - STREAM b'IHDR' 16 13
2026-09-08 18:47:05,943 - DEBUG - PIL.PngImagePlugin - STREAM b'IDAT' 41 62450
2026-09-08 18:47:05,950 - DEBUG - PIL.PngImagePlugin - STREAM b'IHDR' 16 13
2026-09-08 18:47:05,951 - DEBUG - PIL.PngImagePlugin - STREAM b'IDAT' 41 62450
2026-09-08 18:47:05,959 - DEBUG - PIL.PngImagePlugin - STREAM b'IHDR' 16 13
2026-09-08 18:47:05,959 - DEBUG - PIL.PngImagePlugin - STREAM b'IDAT' 41 62450
2026-09-08 18:47:05,967 - DEBUG - PIL.PngImagePlugin - STREAM b'IHDR' 16 13
2026-09-08 18:47:05,967 - DEBUG - PIL.PngImagePlugin - STREAM b'IDAT' 41 62450
2026-09-08 18:47:05,975 - DEBUG - PIL.PngImagePlugin - STREAM b'IHDR' 16 13
2026-09-08 18:47:05,975 - DEBUG - PIL.PngImagePlugin - STREAM b'IDAT' 41 62450
2026-09-08 18:47:05,983 - DEBUG - PIL.PngImagePlugin - STREAM b'IHDR' 16 13
2026-09-08 18:47:05,983 - DEBUG - PIL.PngImagePlugin - STREAM b'IDAT' 41 62450
2026-09-08 18:47:05,991 - DEBUG - PIL.PngImagePlugin - STREAM b'IHDR' 16 13
2026-09-08 18:47:05,991 - DEBUG - PIL.PngImagePlugin - STREAM b'IDAT' 41 62450
2026-09-08 18:47:05,999 - DEBUG - PIL.PngImagePlugin - STREAM b'IHDR' 16 13
2026-09-08 18:47:05,999 - DEBUG - PIL.PngImagePlugin - STREAM b'IDAT' 41 62450
2026-09-08 18:47:06,007 - DEBUG - PIL.PngImagePlugin - STREAM b'IHDR' 16 13
2026-09-08 18:47:06,007 - DEBUG - PIL.PngImagePlugin - STREAM b'IDAT' 41 62450
2026-09-08 18:47:06,015 - DEBUG - PIL.PngImagePlugin - STREAM b'IHDR' 16 13
2026-09-08 18:47:06,015 - DEBUG - PIL.PngImagePlugin - STREAM b'IDAT' 41 62450
2026-09-08 18:47:06,023 - DEBUG - PIL.PngImagePlugin - STREAM b'IHDR' 16 13
2026-09-08 18:47:06,023 - DEBUG - PIL.PngImagePlugin - STREAM b'IDAT' 41 62450
2026-09-08 18:47:06,031 - DEBUG - PIL.PngImagePlugin - STREAM b'IHDR' 16 13
2026-09-08 18:47:06,031 - DEBUG - PIL.PngImagePlugin - STREAM b'IDAT' 41 62450
2026-09-08 18:47:06,039 - DEBUG - PIL.PngImagePlugin - STREAM b'IHDR' 16 13
2026-09-08 18:47:06,039 - DEBUG - PIL.PngImagePlugin - STREAM b'IDAT' 41 62450
2026-09-08 18:47:06,047 - DEBUG - PIL.PngImagePlugin - STREAM b'IHDR' 16 13
2026-09-08 18:47:06,047 - DEBUG - PIL.PngImagePlugin - STREAM b'IDAT' 41 62450
2026-09-08 18:47:06,062 - DEBUG - PIL.PngImagePlugin - STREAM b'IHDR' 16 13
2026-09-08 18:47:06,063 - DEBUG - PIL.PngImagePlugin - STREAM b'IDAT' 41 62450
2026-09-08 18:47:06,071 - DEBUG - PIL.PngImagePlugin - STREAM b'IHDR' 16 13
2026-09-08 18:47:06,071 - DEBUG - PIL.PngImagePlugin - STREAM b'IDAT' 41 62450
2026-09-08 18:47:06,110 - DEBUG - PIL.PngImagePlugin - STREAM b'IHDR' 16 13
2026-09-08 18:47:06,111 - DEBUG - PIL.PngImagePlugin - STREAM b'IDAT' 41 62450
2026-09-08 18:47:06,118 - DEBUG - PIL.PngImagePlugin - STREAM b'IHDR' 16 13
2026-09-08 18:47:06,119 - DEBUG - PIL.PngImagePlugin - STREAM b'IDAT' 41 62450
2026-09-08 18:47:06,127 - DEBUG - PIL.PngImagePlugin - STREAM b'IHDR' 16 13
2026-09-08 18:47:06,127 - DEBUG - PIL.PngImagePlugin - STREAM b'IDAT' 41 62450
2026-09-08 18:47:06,135 - DEBUG - PIL.PngImagePlugin - STREAM b'IHDR' 16 13
2026-09-08 18:47:06,135 - DEBUG - PIL.PngImagePlugin - STREAM b'IDAT' 41 62450
2026-09-08 18:47:06,143 - DEBUG - PIL.PngImagePlugin - STREAM b'IHDR' 16 13
2026-09-08 18:47:06,143 - DEBUG - PIL.PngImagePlugin - STREAM b'IDAT' 41 62450
2026-09-08 18:47:06,151 - DEBUG - PIL.PngImagePlugin - STREAM b'IHDR' 16 13
2026-09-08 18:47:06,151 - DEBUG - PIL.PngImagePlugin - STREAM b'IDAT' 41 62450
2026-09-08 18:47:06,159 - DEBUG - PIL.PngImagePlugin - STREAM b'IHDR' 16 13
2026-09-08 18:47:06,159 - DEBUG - PIL.PngImagePlugin - STREAM b'IDAT' 41 62450
2026-09-08 18:47:06,167 - DEBUG - PIL.PngImagePlugin - STREAM b'IHDR' 16 13
2026-09-08 18:47:06,167 - DEBUG - PIL.PngImagePlugin - STREAM b'IDAT' 41 62450
2026-09-08 18:47:15,237 - DEBUG - PIL.PngImagePlugin - STREAM b'IHDR' 16 13
2026-09-08 18:47:15,237 - DEBUG - PIL.PngImagePlugin - STREAM b'IDAT' 41 65536
2026-09-08 18:47:15,240 - DEBUG - PIL.PngImagePlugin - STREAM b'IHDR' 16 13
2026-09-08 18:47:15,240 - DEBUG - PIL.PngImagePlugin - STREAM b'IDAT' 41 65536
2026-09-08 18:51:44,846 - INFO - KGameTracker - ℹ️  ==================================================
2026-09-08 18:51:44,846 - INFO - KGameTracker - ℹ️  K GAME TRACKER - CERRADA
2026-09-08 18:51:44,846 - INFO - KGameTracker - ℹ️  ==================================================
2026-09-08 18:52:55,573 - INFO - KGameTracker - ℹ️  ==================================================
2026-09-08 18:52:55,573 - INFO - KGameTracker - ℹ️  K GAME TRACKER - INICIADA
2026-09-08 18:52:55,573 - INFO - KGameTracker - ℹ️  ==================================================
2026-09-08 18:52:55,790 - DEBUG - PIL.Image - Importing PngImagePlugin
2026-09-08 18:52:55,797 - DEBUG - PIL.PngImagePlugin - STREAM b'IHDR' 16 13
2026-09-08 18:52:55,798 - DEBUG - PIL.PngImagePlugin - STREAM b'caBX' 41 5758
2026-09-08 18:52:55,798 - DEBUG - PIL.PngImagePlugin - b'caBX' 41 5758 (unknown)
2026-09-08 18:52:55,798 - DEBUG - PIL.PngImagePlugin - STREAM b'IDAT' 5811 65536
2026-09-08 18:52:57,964 - DEBUG - PIL.PngImagePlugin - STREAM b'IHDR' 16 13
2026-09-08 18:52:57,965 - DEBUG - PIL.PngImagePlugin - STREAM b'caBX' 41 5758
2026-09-08 18:52:57,965 - DEBUG - PIL.PngImagePlugin - b'caBX' 41 5758 (unknown)
2026-09-08 18:52:57,965 - DEBUG - PIL.PngImagePlugin - STREAM b'IDAT' 5811 65536
2026-09-08 18:52:57,991 - DEBUG - PIL.PngImagePlugin - STREAM b'IHDR' 16 13
2026-09-08 18:52:57,991 - DEBUG - PIL.PngImagePlugin - STREAM b'IDAT' 41 53758
2026-09-08 18:52:57,996 - DEBUG - PIL.PngImagePlugin - STREAM b'IHDR' 16 13
2026-09-08 18:52:57,996 - DEBUG - PIL.PngImagePlugin - STREAM b'IDAT' 41 32768
2026-09-08 18:52:58,002 - DEBUG - PIL.PngImagePlugin - STREAM b'IHDR' 16 13
2026-09-08 18:52:58,003 - DEBUG - PIL.PngImagePlugin - STREAM b'IDAT' 41 65536
2026-09-08 18:52:58,006 - DEBUG - PIL.PngImagePlugin - STREAM b'IHDR' 16 13
2026-09-08 18:52:58,006 - DEBUG - PIL.PngImagePlugin - STREAM b'IDAT' 41 58612
2026-09-08 18:52:58,009 - DEBUG - PIL.PngImagePlugin - STREAM b'IHDR' 16 13
2026-09-08 18:52:58,009 - DEBUG - PIL.PngImagePlugin - STREAM b'IDAT' 41 63613
2026-09-08 18:52:58,014 - DEBUG - PIL.PngImagePlugin - STREAM b'IHDR' 16 13
2026-09-08 18:52:58,014 - DEBUG - PIL.PngImagePlugin - STREAM b'IDAT' 41 65536
2026-09-08 18:52:58,019 - DEBUG - PIL.PngImagePlugin - STREAM b'IHDR' 16 13
2026-09-08 18:52:58,019 - DEBUG - PIL.PngImagePlugin - STREAM b'IDAT' 41 63580
2026-09-08 18:52:58,023 - DEBUG - PIL.PngImagePlugin - STREAM b'IHDR' 16 13
2026-09-08 18:52:58,023 - DEBUG - PIL.PngImagePlugin - STREAM b'IDAT' 41 64126
2026-09-08 18:52:58,026 - DEBUG - PIL.PngImagePlugin - STREAM b'IHDR' 16 13
2026-09-08 18:52:58,026 - DEBUG - PIL.PngImagePlugin - STREAM b'IDAT' 41 64126
2026-09-08 18:52:58,030 - DEBUG - PIL.PngImagePlugin - STREAM b'IHDR' 16 13
2026-09-08 18:52:58,031 - DEBUG - PIL.PngImagePlugin - STREAM b'IDAT' 41 64126
2026-09-08 18:52:58,034 - DEBUG - PIL.PngImagePlugin - STREAM b'IHDR' 16 13
2026-09-08 18:52:58,034 - DEBUG - PIL.PngImagePlugin - STREAM b'IDAT' 41 56150
2026-09-08 18:52:58,038 - DEBUG - PIL.PngImagePlugin - STREAM b'IHDR' 16 13
2026-09-08 18:52:58,039 - DEBUG - PIL.PngImagePlugin - STREAM b'IDAT' 41 64126
2026-09-08 18:52:58,042 - DEBUG - PIL.PngImagePlugin - STREAM b'IHDR' 16 13
2026-09-08 18:52:58,042 - DEBUG - PIL.PngImagePlugin - STREAM b'IDAT' 41 64126
2026-09-08 18:52:58,057 - DEBUG - PIL.PngImagePlugin - STREAM b'IHDR' 16 13
2026-09-08 18:52:58,057 - DEBUG - PIL.PngImagePlugin - STREAM b'IDAT' 41 62450
2026-09-08 18:52:59,475 - DEBUG - urllib3.connectionpool - Starting new HTTPS connection (1): www.gamerpower.com:443
2026-09-08 18:52:59,601 - DEBUG - urllib3.connectionpool - https://www.gamerpower.com:443 "GET /api/giveaways?type=game HTTP/1.1" 200 None
2026-09-08 18:53:12,738 - INFO - KGameTracker - ℹ️  ==================================================
2026-09-08 18:53:12,739 - INFO - KGameTracker - ℹ️  K GAME TRACKER - CERRADA
2026-09-08 18:53:12,739 - INFO - KGameTracker - ℹ️  ==================================================
2026-09-08 18:53:56,241 - INFO - KGameTracker - ℹ️  ==================================================
2026-09-08 18:53:56,241 - INFO - KGameTracker - ℹ️  K GAME TRACKER - INICIADA
2026-09-08 18:53:56,242 - INFO - KGameTracker - ℹ️  ==================================================
2026-09-08 18:53:56,480 - DEBUG - PIL.Image - Importing PngImagePlugin
2026-09-08 18:53:56,488 - DEBUG - PIL.PngImagePlugin - STREAM b'IHDR' 16 13
2026-09-08 18:53:56,488 - DEBUG - PIL.PngImagePlugin - STREAM b'caBX' 41 5758
2026-09-08 18:53:56,488 - DEBUG - PIL.PngImagePlugin - b'caBX' 41 5758 (unknown)
2026-09-08 18:53:56,488 - DEBUG - PIL.PngImagePlugin - STREAM b'IDAT' 5811 65536
2026-09-08 18:53:58,673 - DEBUG - PIL.PngImagePlugin - STREAM b'IHDR' 16 13
2026-09-08 18:53:58,673 - DEBUG - PIL.PngImagePlugin - STREAM b'caBX' 41 5758
2026-09-08 18:53:58,673 - DEBUG - PIL.PngImagePlugin - b'caBX' 41 5758 (unknown)
2026-09-08 18:53:58,673 - DEBUG - PIL.PngImagePlugin - STREAM b'IDAT' 5811 65536
2026-09-08 18:53:58,700 - DEBUG - PIL.PngImagePlugin - STREAM b'IHDR' 16 13
2026-09-08 18:53:58,700 - DEBUG - PIL.PngImagePlugin - STREAM b'IDAT' 41 53758
2026-09-08 18:53:58,705 - DEBUG - PIL.PngImagePlugin - STREAM b'IHDR' 16 13
2026-09-08 18:53:58,705 - DEBUG - PIL.PngImagePlugin - STREAM b'IDAT' 41 32768
2026-09-08 18:53:58,711 - DEBUG - PIL.PngImagePlugin - STREAM b'IHDR' 16 13
2026-09-08 18:53:58,711 - DEBUG - PIL.PngImagePlugin - STREAM b'IDAT' 41 65536
2026-09-08 18:53:58,714 - DEBUG - PIL.PngImagePlugin - STREAM b'IHDR' 16 13
2026-09-08 18:53:58,714 - DEBUG - PIL.PngImagePlugin - STREAM b'IDAT' 41 58612
2026-09-08 18:53:58,717 - DEBUG - PIL.PngImagePlugin - STREAM b'IHDR' 16 13
2026-09-08 18:53:58,718 - DEBUG - PIL.PngImagePlugin - STREAM b'IDAT' 41 63613
2026-09-08 18:53:58,721 - DEBUG - PIL.PngImagePlugin - STREAM b'IHDR' 16 13
2026-09-08 18:53:58,722 - DEBUG - PIL.PngImagePlugin - STREAM b'IDAT' 41 65536
2026-09-08 18:53:58,726 - DEBUG - PIL.PngImagePlugin - STREAM b'IHDR' 16 13
2026-09-08 18:53:58,726 - DEBUG - PIL.PngImagePlugin - STREAM b'IDAT' 41 63580
2026-09-08 18:53:58,729 - DEBUG - PIL.PngImagePlugin - STREAM b'IHDR' 16 13
2026-09-08 18:53:58,730 - DEBUG - PIL.PngImagePlugin - STREAM b'IDAT' 41 64126
2026-09-08 18:53:58,733 - DEBUG - PIL.PngImagePlugin - STREAM b'IHDR' 16 13
2026-09-08 18:53:58,733 - DEBUG - PIL.PngImagePlugin - STREAM b'IDAT' 41 64126
2026-09-08 18:53:58,737 - DEBUG - PIL.PngImagePlugin - STREAM b'IHDR' 16 13
2026-09-08 18:53:58,737 - DEBUG - PIL.PngImagePlugin - STREAM b'IDAT' 41 64126
2026-09-08 18:53:58,741 - DEBUG - PIL.PngImagePlugin - STREAM b'IHDR' 16 13
2026-09-08 18:53:58,741 - DEBUG - PIL.PngImagePlugin - STREAM b'IDAT' 41 56150
2026-09-08 18:53:58,745 - DEBUG - PIL.PngImagePlugin - STREAM b'IHDR' 16 13
2026-09-08 18:53:58,745 - DEBUG - PIL.PngImagePlugin - STREAM b'IDAT' 41 64126
2026-09-08 18:53:58,749 - DEBUG - PIL.PngImagePlugin - STREAM b'IHDR' 16 13
2026-09-08 18:53:58,749 - DEBUG - PIL.PngImagePlugin - STREAM b'IDAT' 41 64126
2026-09-08 18:53:58,765 - DEBUG - PIL.PngImagePlugin - STREAM b'IHDR' 16 13
2026-09-08 18:53:58,765 - DEBUG - PIL.PngImagePlugin - STREAM b'IDAT' 41 62450
2026-09-08 18:54:13,179 - INFO - KGameTracker - ℹ️  ==================================================
2026-09-08 18:54:13,179 - INFO - KGameTracker - ℹ️  K GAME TRACKER - CERRADA
2026-09-08 18:54:13,179 - INFO - KGameTracker - ℹ️  ==================================================
2026-09-08 18:54:45,350 - INFO - KGameTracker - ℹ️  ==================================================
2026-09-08 18:54:45,350 - INFO - KGameTracker - ℹ️  K GAME TRACKER - INICIADA
2026-09-08 18:54:45,350 - INFO - KGameTracker - ℹ️  ==================================================
2026-09-08 18:54:45,558 - DEBUG - PIL.Image - Importing PngImagePlugin
2026-09-08 18:54:45,565 - DEBUG - PIL.PngImagePlugin - STREAM b'IHDR' 16 13
2026-09-08 18:54:45,565 - DEBUG - PIL.PngImagePlugin - STREAM b'caBX' 41 5758
2026-09-08 18:54:45,565 - DEBUG - PIL.PngImagePlugin - b'caBX' 41 5758 (unknown)
2026-09-08 18:54:45,565 - DEBUG - PIL.PngImagePlugin - STREAM b'IDAT' 5811 65536
2026-09-08 18:54:47,758 - DEBUG - PIL.PngImagePlugin - STREAM b'IHDR' 16 13
2026-09-08 18:54:47,758 - DEBUG - PIL.PngImagePlugin - STREAM b'caBX' 41 5758
2026-09-08 18:54:47,758 - DEBUG - PIL.PngImagePlugin - b'caBX' 41 5758 (unknown)
2026-09-08 18:54:47,758 - DEBUG - PIL.PngImagePlugin - STREAM b'IDAT' 5811 65536
2026-09-08 18:54:47,789 - DEBUG - PIL.PngImagePlugin - STREAM b'IHDR' 16 13
2026-09-08 18:54:47,789 - DEBUG - PIL.PngImagePlugin - STREAM b'IDAT' 41 53758
2026-09-08 18:54:47,795 - DEBUG - PIL.PngImagePlugin - STREAM b'IHDR' 16 13
2026-09-08 18:54:47,795 - DEBUG - PIL.PngImagePlugin - STREAM b'IDAT' 41 32768
2026-09-08 18:54:47,802 - DEBUG - PIL.PngImagePlugin - STREAM b'IHDR' 16 13
2026-09-08 18:54:47,802 - DEBUG - PIL.PngImagePlugin - STREAM b'IDAT' 41 65536
2026-09-08 18:54:47,805 - DEBUG - PIL.PngImagePlugin - STREAM b'IHDR' 16 13
2026-09-08 18:54:47,805 - DEBUG - PIL.PngImagePlugin - STREAM b'IDAT' 41 58612
2026-09-08 18:54:47,809 - DEBUG - PIL.PngImagePlugin - STREAM b'IHDR' 16 13
2026-09-08 18:54:47,810 - DEBUG - PIL.PngImagePlugin - STREAM b'IDAT' 41 63613
2026-09-08 18:54:47,814 - DEBUG - PIL.PngImagePlugin - STREAM b'IHDR' 16 13
2026-09-08 18:54:47,814 - DEBUG - PIL.PngImagePlugin - STREAM b'IDAT' 41 65536
2026-09-08 18:54:47,820 - DEBUG - PIL.PngImagePlugin - STREAM b'IHDR' 16 13
2026-09-08 18:54:47,820 - DEBUG - PIL.PngImagePlugin - STREAM b'IDAT' 41 63580
2026-09-08 18:54:47,825 - DEBUG - PIL.PngImagePlugin - STREAM b'IHDR' 16 13
2026-09-08 18:54:47,825 - DEBUG - PIL.PngImagePlugin - STREAM b'IDAT' 41 64126
2026-09-08 18:54:47,830 - DEBUG - PIL.PngImagePlugin - STREAM b'IHDR' 16 13
2026-09-08 18:54:47,830 - DEBUG - PIL.PngImagePlugin - STREAM b'IDAT' 41 64126
2026-09-08 18:54:47,834 - DEBUG - PIL.PngImagePlugin - STREAM b'IHDR' 16 13
2026-09-08 18:54:47,834 - DEBUG - PIL.PngImagePlugin - STREAM b'IDAT' 41 64126
2026-09-08 18:54:47,839 - DEBUG - PIL.PngImagePlugin - STREAM b'IHDR' 16 13
2026-09-08 18:54:47,839 - DEBUG - PIL.PngImagePlugin - STREAM b'IDAT' 41 56150
2026-09-08 18:54:47,844 - DEBUG - PIL.PngImagePlugin - STREAM b'IHDR' 16 13
2026-09-08 18:54:47,844 - DEBUG - PIL.PngImagePlugin - STREAM b'IDAT' 41 64126
2026-09-08 18:54:47,848 - DEBUG - PIL.PngImagePlugin - STREAM b'IHDR' 16 13
2026-09-08 18:54:47,848 - DEBUG - PIL.PngImagePlugin - STREAM b'IDAT' 41 64126
2026-09-08 18:54:47,865 - DEBUG - PIL.PngImagePlugin - STREAM b'IHDR' 16 13
2026-09-08 18:54:47,865 - DEBUG - PIL.PngImagePlugin - STREAM b'IDAT' 41 62450
2026-09-08 18:54:54,809 - INFO - KGameTracker - ℹ️  ==================================================
2026-09-08 18:54:54,809 - INFO - KGameTracker - ℹ️  K GAME TRACKER - CERRADA
2026-09-08 18:54:54,809 - INFO - KGameTracker - ℹ️  ==================================================
2026-09-08 18:55:20,737 - INFO - KGameTracker - ℹ️  ==================================================
2026-09-08 18:55:20,737 - INFO - KGameTracker - ℹ️  K GAME TRACKER - INICIADA
2026-09-08 18:55:20,737 - INFO - KGameTracker - ℹ️  ==================================================
2026-09-08 18:55:20,944 - DEBUG - PIL.Image - Importing PngImagePlugin
2026-09-08 18:55:20,950 - DEBUG - PIL.PngImagePlugin - STREAM b'IHDR' 16 13
2026-09-08 18:55:20,950 - DEBUG - PIL.PngImagePlugin - STREAM b'caBX' 41 5758
2026-09-08 18:55:20,950 - DEBUG - PIL.PngImagePlugin - b'caBX' 41 5758 (unknown)
2026-09-08 18:55:20,951 - DEBUG - PIL.PngImagePlugin - STREAM b'IDAT' 5811 65536
2026-09-08 18:55:23,113 - DEBUG - PIL.PngImagePlugin - STREAM b'IHDR' 16 13
2026-09-08 18:55:23,114 - DEBUG - PIL.PngImagePlugin - STREAM b'caBX' 41 5758
2026-09-08 18:55:23,114 - DEBUG - PIL.PngImagePlugin - b'caBX' 41 5758 (unknown)
2026-09-08 18:55:23,114 - DEBUG - PIL.PngImagePlugin - STREAM b'IDAT' 5811 65536
2026-09-08 18:55:23,145 - DEBUG - PIL.PngImagePlugin - STREAM b'IHDR' 16 13
2026-09-08 18:55:23,145 - DEBUG - PIL.PngImagePlugin - STREAM b'IDAT' 41 53758
2026-09-08 18:55:23,149 - DEBUG - PIL.PngImagePlugin - STREAM b'IHDR' 16 13
2026-09-08 18:55:23,150 - DEBUG - PIL.PngImagePlugin - STREAM b'IDAT' 41 32768
2026-09-08 18:55:23,156 - DEBUG - PIL.PngImagePlugin - STREAM b'IHDR' 16 13
2026-09-08 18:55:23,156 - DEBUG - PIL.PngImagePlugin - STREAM b'IDAT' 41 65536
2026-09-08 18:55:23,159 - DEBUG - PIL.PngImagePlugin - STREAM b'IHDR' 16 13
2026-09-08 18:55:23,159 - DEBUG - PIL.PngImagePlugin - STREAM b'IDAT' 41 58612
2026-09-08 18:55:23,162 - DEBUG - PIL.PngImagePlugin - STREAM b'IHDR' 16 13
2026-09-08 18:55:23,162 - DEBUG - PIL.PngImagePlugin - STREAM b'IDAT' 41 63613
2026-09-08 18:55:23,166 - DEBUG - PIL.PngImagePlugin - STREAM b'IHDR' 16 13
2026-09-08 18:55:23,167 - DEBUG - PIL.PngImagePlugin - STREAM b'IDAT' 41 65536
2026-09-08 18:55:23,171 - DEBUG - PIL.PngImagePlugin - STREAM b'IHDR' 16 13
2026-09-08 18:55:23,171 - DEBUG - PIL.PngImagePlugin - STREAM b'IDAT' 41 63580
2026-09-08 18:55:23,174 - DEBUG - PIL.PngImagePlugin - STREAM b'IHDR' 16 13
2026-09-08 18:55:23,175 - DEBUG - PIL.PngImagePlugin - STREAM b'IDAT' 41 64126
2026-09-08 18:55:23,178 - DEBUG - PIL.PngImagePlugin - STREAM b'IHDR' 16 13
2026-09-08 18:55:23,178 - DEBUG - PIL.PngImagePlugin - STREAM b'IDAT' 41 64126
2026-09-08 18:55:23,182 - DEBUG - PIL.PngImagePlugin - STREAM b'IHDR' 16 13
2026-09-08 18:55:23,182 - DEBUG - PIL.PngImagePlugin - STREAM b'IDAT' 41 64126
2026-09-08 18:55:23,186 - DEBUG - PIL.PngImagePlugin - STREAM b'IHDR' 16 13
2026-09-08 18:55:23,186 - DEBUG - PIL.PngImagePlugin - STREAM b'IDAT' 41 56150
2026-09-08 18:55:23,190 - DEBUG - PIL.PngImagePlugin - STREAM b'IHDR' 16 13
2026-09-08 18:55:23,190 - DEBUG - PIL.PngImagePlugin - STREAM b'IDAT' 41 64126
2026-09-08 18:55:23,194 - DEBUG - PIL.PngImagePlugin - STREAM b'IHDR' 16 13
2026-09-08 18:55:23,194 - DEBUG - PIL.PngImagePlugin - STREAM b'IDAT' 41 64126
2026-09-08 18:55:23,210 - DEBUG - PIL.PngImagePlugin - STREAM b'IHDR' 16 13
2026-09-08 18:55:23,210 - DEBUG - PIL.PngImagePlugin - STREAM b'IDAT' 41 62450
2026-09-08 18:55:33,765 - INFO - KGameTracker - ℹ️  ==================================================
2026-09-08 18:55:33,766 - INFO - KGameTracker - ℹ️  K GAME TRACKER - CERRADA
2026-09-08 18:55:33,766 - INFO - KGameTracker - ℹ️  ==================================================
2026-09-08 18:59:24,704 - INFO - KGameTracker - ℹ️  ==================================================
2026-09-08 18:59:24,704 - INFO - KGameTracker - ℹ️  K GAME TRACKER - INICIADA
2026-09-08 18:59:24,704 - INFO - KGameTracker - ℹ️  ==================================================
2026-09-08 18:59:24,911 - DEBUG - PIL.Image - Importing PngImagePlugin
2026-09-08 18:59:24,917 - DEBUG - PIL.PngImagePlugin - STREAM b'IHDR' 16 13
2026-09-08 18:59:24,918 - DEBUG - PIL.PngImagePlugin - STREAM b'caBX' 41 5758
2026-09-08 18:59:24,918 - DEBUG - PIL.PngImagePlugin - b'caBX' 41 5758 (unknown)
2026-09-08 18:59:24,918 - DEBUG - PIL.PngImagePlugin - STREAM b'IDAT' 5811 65536
2026-09-08 18:59:27,091 - DEBUG - PIL.PngImagePlugin - STREAM b'IHDR' 16 13
2026-09-08 18:59:27,091 - DEBUG - PIL.PngImagePlugin - STREAM b'caBX' 41 5758
2026-09-08 18:59:27,092 - DEBUG - PIL.PngImagePlugin - b'caBX' 41 5758 (unknown)
2026-09-08 18:59:27,092 - DEBUG - PIL.PngImagePlugin - STREAM b'IDAT' 5811 65536
2026-09-08 18:59:27,122 - DEBUG - PIL.PngImagePlugin - STREAM b'IHDR' 16 13
2026-09-08 18:59:27,122 - DEBUG - PIL.PngImagePlugin - STREAM b'IDAT' 41 53758
2026-09-08 18:59:27,127 - DEBUG - PIL.PngImagePlugin - STREAM b'IHDR' 16 13
2026-09-08 18:59:27,127 - DEBUG - PIL.PngImagePlugin - STREAM b'IDAT' 41 32768
2026-09-08 18:59:27,133 - DEBUG - PIL.PngImagePlugin - STREAM b'IHDR' 16 13
2026-09-08 18:59:27,133 - DEBUG - PIL.PngImagePlugin - STREAM b'IDAT' 41 65536
2026-09-08 18:59:27,136 - DEBUG - PIL.PngImagePlugin - STREAM b'IHDR' 16 13
2026-09-08 18:59:27,136 - DEBUG - PIL.PngImagePlugin - STREAM b'IDAT' 41 58612
2026-09-08 18:59:27,139 - DEBUG - PIL.PngImagePlugin - STREAM b'IHDR' 16 13
2026-09-08 18:59:27,139 - DEBUG - PIL.PngImagePlugin - STREAM b'IDAT' 41 63613
2026-09-08 18:59:27,142 - DEBUG - PIL.PngImagePlugin - STREAM b'IHDR' 16 13
2026-09-08 18:59:27,143 - DEBUG - PIL.PngImagePlugin - STREAM b'IDAT' 41 65536
2026-09-08 18:59:27,147 - DEBUG - PIL.PngImagePlugin - STREAM b'IHDR' 16 13
2026-09-08 18:59:27,147 - DEBUG - PIL.PngImagePlugin - STREAM b'IDAT' 41 63580
2026-09-08 18:59:27,150 - DEBUG - PIL.PngImagePlugin - STREAM b'IHDR' 16 13
2026-09-08 18:59:27,150 - DEBUG - PIL.PngImagePlugin - STREAM b'IDAT' 41 64126
2026-09-08 18:59:27,154 - DEBUG - PIL.PngImagePlugin - STREAM b'IHDR' 16 13
2026-09-08 18:59:27,155 - DEBUG - PIL.PngImagePlugin - STREAM b'IDAT' 41 64126
2026-09-08 18:59:27,158 - DEBUG - PIL.PngImagePlugin - STREAM b'IHDR' 16 13
2026-09-08 18:59:27,158 - DEBUG - PIL.PngImagePlugin - STREAM b'IDAT' 41 64126
2026-09-08 18:59:27,162 - DEBUG - PIL.PngImagePlugin - STREAM b'IHDR' 16 13
2026-09-08 18:59:27,163 - DEBUG - PIL.PngImagePlugin - STREAM b'IDAT' 41 56150
2026-09-08 18:59:27,166 - DEBUG - PIL.PngImagePlugin - STREAM b'IHDR' 16 13
2026-09-08 18:59:27,166 - DEBUG - PIL.PngImagePlugin - STREAM b'IDAT' 41 64126
2026-09-08 18:59:27,170 - DEBUG - PIL.PngImagePlugin - STREAM b'IHDR' 16 13
2026-09-08 18:59:27,170 - DEBUG - PIL.PngImagePlugin - STREAM b'IDAT' 41 64126
2026-09-08 18:59:27,187 - DEBUG - PIL.PngImagePlugin - STREAM b'IHDR' 16 13
2026-09-08 18:59:27,187 - DEBUG - PIL.PngImagePlugin - STREAM b'IDAT' 41 62450
2026-09-08 18:59:30,986 - INFO - KGameTracker - ℹ️  ==================================================
2026-09-08 18:59:30,986 - INFO - KGameTracker - ℹ️  K GAME TRACKER - CERRADA
2026-09-08 18:59:30,986 - INFO - KGameTracker - ℹ️  ==================================================
2026-09-08 19:02:43,964 - INFO - KGameTracker - ℹ️  ==================================================
2026-09-08 19:02:43,964 - INFO - KGameTracker - ℹ️  K GAME TRACKER - INICIADA
2026-09-08 19:02:43,964 - INFO - KGameTracker - ℹ️  ==================================================
2026-09-08 19:02:44,216 - DEBUG - PIL.Image - Importing PngImagePlugin
2026-09-08 19:02:44,224 - DEBUG - PIL.PngImagePlugin - STREAM b'IHDR' 16 13
2026-09-08 19:02:44,225 - DEBUG - PIL.PngImagePlugin - STREAM b'caBX' 41 5758
2026-09-08 19:02:44,225 - DEBUG - PIL.PngImagePlugin - b'caBX' 41 5758 (unknown)
2026-09-08 19:02:44,225 - DEBUG - PIL.PngImagePlugin - STREAM b'IDAT' 5811 65536
2026-09-08 19:02:46,431 - DEBUG - PIL.PngImagePlugin - STREAM b'IHDR' 16 13
2026-09-08 19:02:46,431 - DEBUG - PIL.PngImagePlugin - STREAM b'caBX' 41 5758
2026-09-08 19:02:46,431 - DEBUG - PIL.PngImagePlugin - b'caBX' 41 5758 (unknown)
2026-09-08 19:02:46,432 - DEBUG - PIL.PngImagePlugin - STREAM b'IDAT' 5811 65536
2026-09-08 19:02:46,458 - DEBUG - PIL.PngImagePlugin - STREAM b'IHDR' 16 13
2026-09-08 19:02:46,458 - DEBUG - PIL.PngImagePlugin - STREAM b'IDAT' 41 53758
2026-09-08 19:02:46,462 - DEBUG - PIL.PngImagePlugin - STREAM b'IHDR' 16 13
2026-09-08 19:02:46,463 - DEBUG - PIL.PngImagePlugin - STREAM b'IDAT' 41 32768
2026-09-08 19:02:46,469 - DEBUG - PIL.PngImagePlugin - STREAM b'IHDR' 16 13
2026-09-08 19:02:46,469 - DEBUG - PIL.PngImagePlugin - STREAM b'IDAT' 41 65536
2026-09-08 19:02:46,472 - DEBUG - PIL.PngImagePlugin - STREAM b'IHDR' 16 13
2026-09-08 19:02:46,472 - DEBUG - PIL.PngImagePlugin - STREAM b'IDAT' 41 58612
2026-09-08 19:02:46,475 - DEBUG - PIL.PngImagePlugin - STREAM b'IHDR' 16 13
2026-09-08 19:02:46,475 - DEBUG - PIL.PngImagePlugin - STREAM b'IDAT' 41 63613
2026-09-08 19:02:46,479 - DEBUG - PIL.PngImagePlugin - STREAM b'IHDR' 16 13
2026-09-08 19:02:46,479 - DEBUG - PIL.PngImagePlugin - STREAM b'IDAT' 41 65536
2026-09-08 19:02:46,483 - DEBUG - PIL.PngImagePlugin - STREAM b'IHDR' 16 13
2026-09-08 19:02:46,483 - DEBUG - PIL.PngImagePlugin - STREAM b'IDAT' 41 63580
2026-09-08 19:02:46,487 - DEBUG - PIL.PngImagePlugin - STREAM b'IHDR' 16 13
2026-09-08 19:02:46,487 - DEBUG - PIL.PngImagePlugin - STREAM b'IDAT' 41 64126
2026-09-08 19:02:46,491 - DEBUG - PIL.PngImagePlugin - STREAM b'IHDR' 16 13
2026-09-08 19:02:46,491 - DEBUG - PIL.PngImagePlugin - STREAM b'IDAT' 41 64126
2026-09-08 19:02:46,494 - DEBUG - PIL.PngImagePlugin - STREAM b'IHDR' 16 13
2026-09-08 19:02:46,495 - DEBUG - PIL.PngImagePlugin - STREAM b'IDAT' 41 64126
2026-09-08 19:02:46,499 - DEBUG - PIL.PngImagePlugin - STREAM b'IHDR' 16 13
2026-09-08 19:02:46,499 - DEBUG - PIL.PngImagePlugin - STREAM b'IDAT' 41 56150
2026-09-08 19:02:46,503 - DEBUG - PIL.PngImagePlugin - STREAM b'IHDR' 16 13
2026-09-08 19:02:46,503 - DEBUG - PIL.PngImagePlugin - STREAM b'IDAT' 41 64126
2026-09-08 19:02:46,507 - DEBUG - PIL.PngImagePlugin - STREAM b'IHDR' 16 13
2026-09-08 19:02:46,507 - DEBUG - PIL.PngImagePlugin - STREAM b'IDAT' 41 64126
2026-09-08 19:02:46,523 - DEBUG - PIL.PngImagePlugin - STREAM b'IHDR' 16 13
2026-09-08 19:02:46,523 - DEBUG - PIL.PngImagePlugin - STREAM b'IDAT' 41 62450
2026-09-08 19:02:52,489 - INFO - KGameTracker - ℹ️  ==================================================
2026-09-08 19:02:52,489 - INFO - KGameTracker - ℹ️  K GAME TRACKER - CERRADA
2026-09-08 19:02:52,489 - INFO - KGameTracker - ℹ️  ==================================================
2026-09-08 22:40:46,263 - INFO - KGameTracker - ℹ️  ==================================================
2026-09-08 22:40:46,319 - INFO - KGameTracker - ℹ️  K GAME TRACKER - INICIADA
2026-09-08 22:40:46,319 - INFO - KGameTracker - ℹ️  ==================================================
2026-09-08 22:40:46,588 - DEBUG - PIL.Image - Importing PngImagePlugin
2026-09-08 22:40:46,598 - DEBUG - PIL.PngImagePlugin - STREAM b'IHDR' 16 13
2026-09-08 22:40:46,598 - DEBUG - PIL.PngImagePlugin - STREAM b'caBX' 41 5758
2026-09-08 22:40:46,598 - DEBUG - PIL.PngImagePlugin - b'caBX' 41 5758 (unknown)
2026-09-08 22:40:46,598 - DEBUG - PIL.PngImagePlugin - STREAM b'IDAT' 5811 65536
2026-09-08 22:40:48,770 - DEBUG - PIL.PngImagePlugin - STREAM b'IHDR' 16 13
2026-09-08 22:40:48,770 - DEBUG - PIL.PngImagePlugin - STREAM b'caBX' 41 5758
2026-09-08 22:40:48,770 - DEBUG - PIL.PngImagePlugin - b'caBX' 41 5758 (unknown)
2026-09-08 22:40:48,770 - DEBUG - PIL.PngImagePlugin - STREAM b'IDAT' 5811 65536
2026-09-08 22:40:48,838 - DEBUG - PIL.PngImagePlugin - STREAM b'IHDR' 16 13
2026-09-08 22:40:48,838 - DEBUG - PIL.PngImagePlugin - STREAM b'IDAT' 41 53758
2026-09-08 22:40:48,845 - DEBUG - PIL.PngImagePlugin - STREAM b'IHDR' 16 13
2026-09-08 22:40:48,846 - DEBUG - PIL.PngImagePlugin - STREAM b'IDAT' 41 32768
2026-09-08 22:40:48,864 - DEBUG - PIL.PngImagePlugin - STREAM b'IHDR' 16 13
2026-09-08 22:40:48,865 - DEBUG - PIL.PngImagePlugin - STREAM b'IDAT' 41 65536
2026-09-08 22:40:48,872 - DEBUG - PIL.PngImagePlugin - STREAM b'IHDR' 16 13
2026-09-08 22:40:48,873 - DEBUG - PIL.PngImagePlugin - STREAM b'IDAT' 41 58612
2026-09-08 22:40:48,879 - DEBUG - PIL.PngImagePlugin - STREAM b'IHDR' 16 13
2026-09-08 22:40:48,879 - DEBUG - PIL.PngImagePlugin - STREAM b'IDAT' 41 63613
2026-09-08 22:40:48,891 - DEBUG - PIL.PngImagePlugin - STREAM b'IHDR' 16 13
2026-09-08 22:40:48,891 - DEBUG - PIL.PngImagePlugin - STREAM b'IDAT' 41 65536
2026-09-08 22:40:48,899 - DEBUG - PIL.PngImagePlugin - STREAM b'IHDR' 16 13
2026-09-08 22:40:48,900 - DEBUG - PIL.PngImagePlugin - STREAM b'IDAT' 41 63580
2026-09-08 22:40:48,905 - DEBUG - PIL.PngImagePlugin - STREAM b'IHDR' 16 13
2026-09-08 22:40:48,905 - DEBUG - PIL.PngImagePlugin - STREAM b'IDAT' 41 64126
2026-09-08 22:40:48,912 - DEBUG - PIL.PngImagePlugin - STREAM b'IHDR' 16 13
2026-09-08 22:40:48,912 - DEBUG - PIL.PngImagePlugin - STREAM b'IDAT' 41 64126
2026-09-08 22:40:48,922 - DEBUG - PIL.PngImagePlugin - STREAM b'IHDR' 16 13
2026-09-08 22:40:48,922 - DEBUG - PIL.PngImagePlugin - STREAM b'IDAT' 41 64126
2026-09-08 22:40:48,928 - DEBUG - PIL.PngImagePlugin - STREAM b'IHDR' 16 13
2026-09-08 22:40:48,928 - DEBUG - PIL.PngImagePlugin - STREAM b'IDAT' 41 56150
2026-09-08 22:40:48,932 - DEBUG - PIL.PngImagePlugin - STREAM b'IHDR' 16 13
2026-09-08 22:40:48,932 - DEBUG - PIL.PngImagePlugin - STREAM b'IDAT' 41 64126
2026-09-08 22:40:48,937 - DEBUG - PIL.PngImagePlugin - STREAM b'IHDR' 16 13
2026-09-08 22:40:48,937 - DEBUG - PIL.PngImagePlugin - STREAM b'IDAT' 41 64126
2026-09-08 22:40:48,954 - DEBUG - PIL.PngImagePlugin - STREAM b'IHDR' 16 13
2026-09-08 22:40:48,954 - DEBUG - PIL.PngImagePlugin - STREAM b'IDAT' 41 62450
2026-09-08 22:40:50,955 - DEBUG - urllib3.connectionpool - Starting new HTTPS connection (1): www.gamerpower.com:443
2026-09-08 22:40:51,072 - DEBUG - urllib3.connectionpool - https://www.gamerpower.com:443 "GET /api/giveaways?type=game HTTP/1.1" 200 None
2026-09-08 22:40:51,936 - DEBUG - PIL.PngImagePlugin - STREAM b'IHDR' 16 13
2026-09-08 22:40:51,937 - DEBUG - PIL.PngImagePlugin - STREAM b'IDAT' 41 28109
2026-09-08 22:40:51,981 - DEBUG - PIL.PngImagePlugin - STREAM b'IHDR' 16 13
2026-09-08 22:40:51,981 - DEBUG - PIL.PngImagePlugin - STREAM b'IDAT' 41 54256
2026-09-08 22:40:51,984 - DEBUG - PIL.PngImagePlugin - STREAM b'IHDR' 16 13
2026-09-08 22:40:51,984 - DEBUG - PIL.PngImagePlugin - STREAM b'IDAT' 41 34365
2026-09-08 22:40:51,987 - DEBUG - PIL.PngImagePlugin - STREAM b'IHDR' 16 13
2026-09-08 22:40:51,987 - DEBUG - PIL.PngImagePlugin - STREAM b'IDAT' 41 54256
2026-09-08 22:41:58,331 - INFO - KGameTracker - ℹ️  ==================================================
2026-09-08 22:41:58,332 - INFO - KGameTracker - ℹ️  K GAME TRACKER - CERRADA
2026-09-08 22:41:58,332 - INFO - KGameTracker - ℹ️  ==================================================
2026-09-08 22:49:05,441 - INFO - KGameTracker - ℹ️  ==================================================
2026-09-08 22:49:05,441 - INFO - KGameTracker - ℹ️  K GAME TRACKER - INICIADA
2026-09-08 22:49:05,441 - INFO - KGameTracker - ℹ️  ==================================================
2026-09-08 22:49:05,605 - DEBUG - PIL.Image - Importing PngImagePlugin
2026-09-08 22:49:05,615 - DEBUG - PIL.PngImagePlugin - STREAM b'IHDR' 16 13
2026-09-08 22:49:05,615 - DEBUG - PIL.PngImagePlugin - STREAM b'caBX' 41 5758
2026-09-08 22:49:05,615 - DEBUG - PIL.PngImagePlugin - b'caBX' 41 5758 (unknown)
2026-09-08 22:49:05,616 - DEBUG - PIL.PngImagePlugin - STREAM b'IDAT' 5811 65536
2026-09-08 22:49:07,800 - DEBUG - PIL.PngImagePlugin - STREAM b'IHDR' 16 13
2026-09-08 22:49:07,800 - DEBUG - PIL.PngImagePlugin - STREAM b'caBX' 41 5758
2026-09-08 22:49:07,800 - DEBUG - PIL.PngImagePlugin - b'caBX' 41 5758 (unknown)
2026-09-08 22:49:07,800 - DEBUG - PIL.PngImagePlugin - STREAM b'IDAT' 5811 65536
2026-09-08 22:49:07,828 - DEBUG - PIL.PngImagePlugin - STREAM b'IHDR' 16 13
2026-09-08 22:49:07,828 - DEBUG - PIL.PngImagePlugin - STREAM b'IDAT' 41 53758
2026-09-08 22:49:07,832 - DEBUG - PIL.PngImagePlugin - STREAM b'IHDR' 16 13
2026-09-08 22:49:07,832 - DEBUG - PIL.PngImagePlugin - STREAM b'IDAT' 41 32768
2026-09-08 22:49:07,839 - DEBUG - PIL.PngImagePlugin - STREAM b'IHDR' 16 13
2026-09-08 22:49:07,839 - DEBUG - PIL.PngImagePlugin - STREAM b'IDAT' 41 65536
2026-09-08 22:49:07,842 - DEBUG - PIL.PngImagePlugin - STREAM b'IHDR' 16 13
2026-09-08 22:49:07,842 - DEBUG - PIL.PngImagePlugin - STREAM b'IDAT' 41 58612
2026-09-08 22:49:07,847 - DEBUG - PIL.PngImagePlugin - STREAM b'IHDR' 16 13
2026-09-08 22:49:07,847 - DEBUG - PIL.PngImagePlugin - STREAM b'IDAT' 41 63613
2026-09-08 22:49:07,851 - DEBUG - PIL.PngImagePlugin - STREAM b'IHDR' 16 13
2026-09-08 22:49:07,851 - DEBUG - PIL.PngImagePlugin - STREAM b'IDAT' 41 65536
2026-09-08 22:49:07,855 - DEBUG - PIL.PngImagePlugin - STREAM b'IHDR' 16 13
2026-09-08 22:49:07,856 - DEBUG - PIL.PngImagePlugin - STREAM b'IDAT' 41 63580
2026-09-08 22:49:07,859 - DEBUG - PIL.PngImagePlugin - STREAM b'IHDR' 16 13
2026-09-08 22:49:07,859 - DEBUG - PIL.PngImagePlugin - STREAM b'IDAT' 41 64126
2026-09-08 22:49:07,863 - DEBUG - PIL.PngImagePlugin - STREAM b'IHDR' 16 13
2026-09-08 22:49:07,863 - DEBUG - PIL.PngImagePlugin - STREAM b'IDAT' 41 64126
2026-09-08 22:49:07,867 - DEBUG - PIL.PngImagePlugin - STREAM b'IHDR' 16 13
2026-09-08 22:49:07,867 - DEBUG - PIL.PngImagePlugin - STREAM b'IDAT' 41 64126
2026-09-08 22:49:07,871 - DEBUG - PIL.PngImagePlugin - STREAM b'IHDR' 16 13
2026-09-08 22:49:07,871 - DEBUG - PIL.PngImagePlugin - STREAM b'IDAT' 41 56150
2026-09-08 22:49:07,874 - DEBUG - PIL.PngImagePlugin - STREAM b'IHDR' 16 13
2026-09-08 22:49:07,874 - DEBUG - PIL.PngImagePlugin - STREAM b'IDAT' 41 64126
2026-09-08 22:49:07,878 - DEBUG - PIL.PngImagePlugin - STREAM b'IHDR' 16 13
2026-09-08 22:49:07,878 - DEBUG - PIL.PngImagePlugin - STREAM b'IDAT' 41 64126
2026-09-08 22:49:07,890 - DEBUG - PIL.PngImagePlugin - STREAM b'IHDR' 16 13
2026-09-08 22:49:07,890 - DEBUG - PIL.PngImagePlugin - STREAM b'IDAT' 41 62450
2026-09-08 22:49:09,352 - DEBUG - urllib3.connectionpool - Starting new HTTPS connection (1): www.gamerpower.com:443
2026-09-08 22:49:09,544 - DEBUG - urllib3.connectionpool - https://www.gamerpower.com:443 "GET /api/giveaways?type=game HTTP/1.1" 200 None
2026-09-08 22:49:13,976 - INFO - KGameTracker - ℹ️  ==================================================
2026-09-08 22:49:13,976 - INFO - KGameTracker - ℹ️  K GAME TRACKER - CERRADA
2026-09-08 22:49:13,976 - INFO - KGameTracker - ℹ️  ==================================================
2026-09-08 22:56:10,087 - INFO - KGameTracker - ℹ️  ==================================================
2026-09-08 22:56:10,087 - INFO - KGameTracker - ℹ️  K GAME TRACKER - INICIADA
2026-09-08 22:56:10,087 - INFO - KGameTracker - ℹ️  ==================================================
2026-09-08 22:56:10,242 - DEBUG - PIL.Image - Importing PngImagePlugin
2026-09-08 22:56:10,250 - DEBUG - PIL.PngImagePlugin - STREAM b'IHDR' 16 13
2026-09-08 22:56:10,250 - DEBUG - PIL.PngImagePlugin - STREAM b'caBX' 41 5758
2026-09-08 22:56:10,250 - DEBUG - PIL.PngImagePlugin - b'caBX' 41 5758 (unknown)
2026-09-08 22:56:10,250 - DEBUG - PIL.PngImagePlugin - STREAM b'IDAT' 5811 65536
2026-09-08 22:56:12,407 - DEBUG - PIL.PngImagePlugin - STREAM b'IHDR' 16 13
2026-09-08 22:56:12,407 - DEBUG - PIL.PngImagePlugin - STREAM b'caBX' 41 5758
2026-09-08 22:56:12,407 - DEBUG - PIL.PngImagePlugin - b'caBX' 41 5758 (unknown)
2026-09-08 22:56:12,407 - DEBUG - PIL.PngImagePlugin - STREAM b'IDAT' 5811 65536
2026-09-08 22:56:12,435 - DEBUG - PIL.PngImagePlugin - STREAM b'IHDR' 16 13
2026-09-08 22:56:12,435 - DEBUG - PIL.PngImagePlugin - STREAM b'IDAT' 41 53758
2026-09-08 22:56:12,439 - DEBUG - PIL.PngImagePlugin - STREAM b'IHDR' 16 13
2026-09-08 22:56:12,439 - DEBUG - PIL.PngImagePlugin - STREAM b'IDAT' 41 32768
2026-09-08 22:56:12,445 - DEBUG - PIL.PngImagePlugin - STREAM b'IHDR' 16 13
2026-09-08 22:56:12,445 - DEBUG - PIL.PngImagePlugin - STREAM b'IDAT' 41 65536
2026-09-08 22:56:12,449 - DEBUG - PIL.PngImagePlugin - STREAM b'IHDR' 16 13
2026-09-08 22:56:12,449 - DEBUG - PIL.PngImagePlugin - STREAM b'IDAT' 41 58612
2026-09-08 22:56:12,451 - DEBUG - PIL.PngImagePlugin - STREAM b'IHDR' 16 13
2026-09-08 22:56:12,452 - DEBUG - PIL.PngImagePlugin - STREAM b'IDAT' 41 63613
2026-09-08 22:56:12,455 - DEBUG - PIL.PngImagePlugin - STREAM b'IHDR' 16 13
2026-09-08 22:56:12,455 - DEBUG - PIL.PngImagePlugin - STREAM b'IDAT' 41 65536
2026-09-08 22:56:12,459 - DEBUG - PIL.PngImagePlugin - STREAM b'IHDR' 16 13
2026-09-08 22:56:12,460 - DEBUG - PIL.PngImagePlugin - STREAM b'IDAT' 41 63580
2026-09-08 22:56:12,463 - DEBUG - PIL.PngImagePlugin - STREAM b'IHDR' 16 13
2026-09-08 22:56:12,463 - DEBUG - PIL.PngImagePlugin - STREAM b'IDAT' 41 64126
2026-09-08 22:56:12,467 - DEBUG - PIL.PngImagePlugin - STREAM b'IHDR' 16 13
2026-09-08 22:56:12,467 - DEBUG - PIL.PngImagePlugin - STREAM b'IDAT' 41 64126
2026-09-08 22:56:12,471 - DEBUG - PIL.PngImagePlugin - STREAM b'IHDR' 16 13
2026-09-08 22:56:12,471 - DEBUG - PIL.PngImagePlugin - STREAM b'IDAT' 41 64126
2026-09-08 22:56:12,475 - DEBUG - PIL.PngImagePlugin - STREAM b'IHDR' 16 13
2026-09-08 22:56:12,475 - DEBUG - PIL.PngImagePlugin - STREAM b'IDAT' 41 56150
2026-09-08 22:56:12,478 - DEBUG - PIL.PngImagePlugin - STREAM b'IHDR' 16 13
2026-09-08 22:56:12,478 - DEBUG - PIL.PngImagePlugin - STREAM b'IDAT' 41 64126
2026-09-08 22:56:12,482 - DEBUG - PIL.PngImagePlugin - STREAM b'IHDR' 16 13
2026-09-08 22:56:12,482 - DEBUG - PIL.PngImagePlugin - STREAM b'IDAT' 41 64126
2026-09-08 22:56:12,494 - DEBUG - PIL.PngImagePlugin - STREAM b'IHDR' 16 13
2026-09-08 22:56:12,494 - DEBUG - PIL.PngImagePlugin - STREAM b'IDAT' 41 62450
2026-09-08 22:56:15,023 - DEBUG - urllib3.connectionpool - Starting new HTTPS connection (1): www.gamerpower.com:443
2026-09-08 22:56:15,228 - DEBUG - urllib3.connectionpool - https://www.gamerpower.com:443 "GET /api/giveaways?type=game HTTP/1.1" 200 None
2026-09-08 22:56:16,295 - DEBUG - PIL.PngImagePlugin - STREAM b'IHDR' 16 13
2026-09-08 22:56:16,295 - DEBUG - PIL.PngImagePlugin - STREAM b'IDAT' 41 28109
2026-09-08 22:56:16,298 - DEBUG - PIL.PngImagePlugin - STREAM b'IHDR' 16 13
2026-09-08 22:56:16,298 - DEBUG - PIL.PngImagePlugin - STREAM b'IDAT' 41 54256
2026-09-08 22:56:16,300 - DEBUG - PIL.PngImagePlugin - STREAM b'IHDR' 16 13
2026-09-08 22:56:16,301 - DEBUG - PIL.PngImagePlugin - STREAM b'IDAT' 41 34365
2026-09-08 22:56:16,303 - DEBUG - PIL.PngImagePlugin - STREAM b'IHDR' 16 13
2026-09-08 22:56:16,303 - DEBUG - PIL.PngImagePlugin - STREAM b'IDAT' 41 54256
2026-09-08 22:56:19,587 - INFO - KGameTracker - ℹ️  ==================================================
2026-09-08 22:56:19,588 - INFO - KGameTracker - ℹ️  K GAME TRACKER - CERRADA
2026-09-08 22:56:19,588 - INFO - KGameTracker - ℹ️  ==================================================
2026-09-08 22:58:42,498 - INFO - KGameTracker - ℹ️  ==================================================
2026-09-08 22:58:42,498 - INFO - KGameTracker - ℹ️  K GAME TRACKER - INICIADA
2026-09-08 22:58:42,499 - INFO - KGameTracker - ℹ️  ==================================================
2026-09-08 22:58:42,649 - DEBUG - PIL.Image - Importing PngImagePlugin
2026-09-08 22:58:42,656 - DEBUG - PIL.PngImagePlugin - STREAM b'IHDR' 16 13
2026-09-08 22:58:42,656 - DEBUG - PIL.PngImagePlugin - STREAM b'caBX' 41 5758
2026-09-08 22:58:42,656 - DEBUG - PIL.PngImagePlugin - b'caBX' 41 5758 (unknown)
2026-09-08 22:58:42,656 - DEBUG - PIL.PngImagePlugin - STREAM b'IDAT' 5811 65536
2026-09-08 22:58:44,832 - DEBUG - PIL.PngImagePlugin - STREAM b'IHDR' 16 13
2026-09-08 22:58:44,833 - DEBUG - PIL.PngImagePlugin - STREAM b'caBX' 41 5758
2026-09-08 22:58:44,833 - DEBUG - PIL.PngImagePlugin - b'caBX' 41 5758 (unknown)
2026-09-08 22:58:44,833 - DEBUG - PIL.PngImagePlugin - STREAM b'IDAT' 5811 65536
2026-09-08 22:58:44,861 - DEBUG - PIL.PngImagePlugin - STREAM b'IHDR' 16 13
2026-09-08 22:58:44,861 - DEBUG - PIL.PngImagePlugin - STREAM b'IDAT' 41 53758
2026-09-08 22:58:44,864 - DEBUG - PIL.PngImagePlugin - STREAM b'IHDR' 16 13
2026-09-08 22:58:44,864 - DEBUG - PIL.PngImagePlugin - STREAM b'IDAT' 41 32768
2026-09-08 22:58:44,871 - DEBUG - PIL.PngImagePlugin - STREAM b'IHDR' 16 13
2026-09-08 22:58:44,871 - DEBUG - PIL.PngImagePlugin - STREAM b'IDAT' 41 65536
2026-09-08 22:58:44,874 - DEBUG - PIL.PngImagePlugin - STREAM b'IHDR' 16 13
2026-09-08 22:58:44,874 - DEBUG - PIL.PngImagePlugin - STREAM b'IDAT' 41 58612
2026-09-08 22:58:44,877 - DEBUG - PIL.PngImagePlugin - STREAM b'IHDR' 16 13
2026-09-08 22:58:44,877 - DEBUG - PIL.PngImagePlugin - STREAM b'IDAT' 41 63613
2026-09-08 22:58:44,881 - DEBUG - PIL.PngImagePlugin - STREAM b'IHDR' 16 13
2026-09-08 22:58:44,881 - DEBUG - PIL.PngImagePlugin - STREAM b'IDAT' 41 65536
2026-09-08 22:58:44,885 - DEBUG - PIL.PngImagePlugin - STREAM b'IHDR' 16 13
2026-09-08 22:58:44,885 - DEBUG - PIL.PngImagePlugin - STREAM b'IDAT' 41 63580
2026-09-08 22:58:44,889 - DEBUG - PIL.PngImagePlugin - STREAM b'IHDR' 16 13
2026-09-08 22:58:44,889 - DEBUG - PIL.PngImagePlugin - STREAM b'IDAT' 41 64126
2026-09-08 22:58:44,893 - DEBUG - PIL.PngImagePlugin - STREAM b'IHDR' 16 13
2026-09-08 22:58:44,893 - DEBUG - PIL.PngImagePlugin - STREAM b'IDAT' 41 64126
2026-09-08 22:58:44,897 - DEBUG - PIL.PngImagePlugin - STREAM b'IHDR' 16 13
2026-09-08 22:58:44,897 - DEBUG - PIL.PngImagePlugin - STREAM b'IDAT' 41 64126
2026-09-08 22:58:44,901 - DEBUG - PIL.PngImagePlugin - STREAM b'IHDR' 16 13
2026-09-08 22:58:44,901 - DEBUG - PIL.PngImagePlugin - STREAM b'IDAT' 41 56150
2026-09-08 22:58:44,904 - DEBUG - PIL.PngImagePlugin - STREAM b'IHDR' 16 13
2026-09-08 22:58:44,905 - DEBUG - PIL.PngImagePlugin - STREAM b'IDAT' 41 64126
2026-09-08 22:58:44,909 - DEBUG - PIL.PngImagePlugin - STREAM b'IHDR' 16 13
2026-09-08 22:58:44,910 - DEBUG - PIL.PngImagePlugin - STREAM b'IDAT' 41 64126
2026-09-08 22:58:44,925 - DEBUG - PIL.PngImagePlugin - STREAM b'IHDR' 16 13
2026-09-08 22:58:44,925 - DEBUG - PIL.PngImagePlugin - STREAM b'IDAT' 41 62450
2026-09-08 22:58:47,482 - DEBUG - urllib3.connectionpool - Starting new HTTPS connection (1): www.gamerpower.com:443
2026-09-08 22:58:47,598 - DEBUG - urllib3.connectionpool - https://www.gamerpower.com:443 "GET /api/giveaways?type=game HTTP/1.1" 200 None
2026-09-08 22:58:48,555 - DEBUG - PIL.PngImagePlugin - STREAM b'IHDR' 16 13
2026-09-08 22:58:48,555 - DEBUG - PIL.PngImagePlugin - STREAM b'IDAT' 41 28109
2026-09-08 22:58:48,558 - DEBUG - PIL.PngImagePlugin - STREAM b'IHDR' 16 13
2026-09-08 22:58:48,558 - DEBUG - PIL.PngImagePlugin - STREAM b'IDAT' 41 54256
2026-09-08 22:58:48,561 - DEBUG - PIL.PngImagePlugin - STREAM b'IHDR' 16 13
2026-09-08 22:58:48,561 - DEBUG - PIL.PngImagePlugin - STREAM b'IDAT' 41 34365
2026-09-08 22:58:48,563 - DEBUG - PIL.PngImagePlugin - STREAM b'IHDR' 16 13
2026-09-08 22:58:48,563 - DEBUG - PIL.PngImagePlugin - STREAM b'IDAT' 41 54256
2026-09-08 22:58:48,567 - DEBUG - urllib3.connectionpool - Starting new HTTPS connection (1): www.gamerpower.com:443
2026-09-08 22:58:48,733 - DEBUG - urllib3.connectionpool - https://www.gamerpower.com:443 "GET /offers/1b/6aa03d0696b15.jpg HTTP/1.1" 200 36015
2026-09-08 22:58:48,763 - DEBUG - PIL.PngImagePlugin - STREAM b'IHDR' 16 13
2026-09-08 22:58:48,763 - DEBUG - PIL.PngImagePlugin - STREAM b'IDAT' 41 54256
2026-09-08 22:58:48,765 - DEBUG - PIL.PngImagePlugin - STREAM b'IHDR' 16 13
2026-09-08 22:58:48,766 - DEBUG - PIL.PngImagePlugin - STREAM b'IDAT' 41 39888
2026-09-08 22:58:48,768 - DEBUG - PIL.PngImagePlugin - STREAM b'IHDR' 16 13
2026-09-08 22:58:48,768 - DEBUG - PIL.PngImagePlugin - STREAM b'IDAT' 41 54256
2026-09-08 22:58:48,772 - DEBUG - urllib3.connectionpool - Starting new HTTPS connection (1): www.gamerpower.com:443
2026-09-08 22:58:48,936 - DEBUG - urllib3.connectionpool - https://www.gamerpower.com:443 "GET /offers/1b/6a9ebcfac0aab.jpg HTTP/1.1" 200 45431
2026-09-08 22:58:48,950 - DEBUG - PIL.PngImagePlugin - STREAM b'IHDR' 16 13
2026-09-08 22:58:48,951 - DEBUG - PIL.PngImagePlugin - STREAM b'IDAT' 41 54256
2026-09-08 22:58:48,958 - DEBUG - urllib3.connectionpool - Starting new HTTPS connection (1): www.gamerpower.com:443
2026-09-08 22:58:49,069 - DEBUG - urllib3.connectionpool - https://www.gamerpower.com:443 "GET /offers/1b/6a456f543d3c9.jpg HTTP/1.1" 200 23987
2026-09-08 22:58:49,081 - DEBUG - PIL.PngImagePlugin - STREAM b'IHDR' 16 13
2026-09-08 22:58:49,081 - DEBUG - PIL.PngImagePlugin - STREAM b'IDAT' 41 54256
2026-09-08 22:58:49,085 - DEBUG - urllib3.connectionpool - Starting new HTTPS connection (1): www.gamerpower.com:443
2026-09-08 22:58:49,191 - DEBUG - urllib3.connectionpool - https://www.gamerpower.com:443 "GET /offers/1b/6a27eafa35794.jpg HTTP/1.1" 200 28898
2026-09-08 22:58:49,202 - DEBUG - PIL.PngImagePlugin - STREAM b'IHDR' 16 13
2026-09-08 22:58:49,202 - DEBUG - PIL.PngImagePlugin - STREAM b'IDAT' 41 54256
2026-09-08 22:58:49,206 - DEBUG - urllib3.connectionpool - Starting new HTTPS connection (1): www.gamerpower.com:443
2026-09-08 22:58:49,316 - DEBUG - urllib3.connectionpool - https://www.gamerpower.com:443 "GET /offers/1b/6946b7c157bca.jpg HTTP/1.1" 200 33903
2026-09-08 22:58:49,325 - DEBUG - PIL.PngImagePlugin - STREAM b'IHDR' 16 13
2026-09-08 22:58:49,325 - DEBUG - PIL.PngImagePlugin - STREAM b'IDAT' 41 54256
2026-09-08 22:58:49,329 - DEBUG - urllib3.connectionpool - Starting new HTTPS connection (1): www.gamerpower.com:443
2026-09-08 22:58:49,495 - DEBUG - urllib3.connectionpool - https://www.gamerpower.com:443 "GET /offers/1b/698fa7369c1f5.jpg HTTP/1.1" 200 31147
2026-09-08 22:58:49,509 - DEBUG - PIL.PngImagePlugin - STREAM b'IHDR' 16 13
2026-09-08 22:58:49,510 - DEBUG - PIL.PngImagePlugin - STREAM b'IDAT' 41 54256
2026-09-08 22:58:49,514 - DEBUG - urllib3.connectionpool - Starting new HTTPS connection (1): www.gamerpower.com:443
2026-09-08 22:58:49,680 - DEBUG - urllib3.connectionpool - https://www.gamerpower.com:443 "GET /offers/1b/6946b8c46bc9b.jpg HTTP/1.1" 200 41266
2026-09-08 22:58:49,697 - DEBUG - PIL.PngImagePlugin - STREAM b'IHDR' 16 13
2026-09-08 22:58:49,697 - DEBUG - PIL.PngImagePlugin - STREAM b'IDAT' 41 54256
2026-09-08 22:58:49,701 - DEBUG - urllib3.connectionpool - Starting new HTTPS connection (1): www.gamerpower.com:443
2026-09-08 22:58:49,864 - DEBUG - urllib3.connectionpool - https://www.gamerpower.com:443 "GET /offers/1b/63c6f67bb9c8b.jpg HTTP/1.1" 200 49447
2026-09-08 22:58:49,880 - DEBUG - PIL.PngImagePlugin - STREAM b'IHDR' 16 13
2026-09-08 22:58:49,880 - DEBUG - PIL.PngImagePlugin - STREAM b'IDAT' 41 54256
2026-09-08 22:58:49,885 - DEBUG - urllib3.connectionpool - Starting new HTTPS connection (1): www.gamerpower.com:443
2026-09-08 22:58:50,053 - DEBUG - urllib3.connectionpool - https://www.gamerpower.com:443 "GET /offers/1b/68efabd65f913.jpg HTTP/1.1" 200 32166
2026-09-08 22:58:50,066 - DEBUG - PIL.PngImagePlugin - STREAM b'IHDR' 16 13
2026-09-08 22:58:50,066 - DEBUG - PIL.PngImagePlugin - STREAM b'IDAT' 41 54256
2026-09-08 22:58:50,070 - DEBUG - urllib3.connectionpool - Starting new HTTPS connection (1): www.gamerpower.com:443
2026-09-08 22:58:50,219 - DEBUG - urllib3.connectionpool - https://www.gamerpower.com:443 "GET /offers/1b/68e6513c31514.jpg HTTP/1.1" 200 18347
2026-09-08 22:58:50,250 - DEBUG - PIL.PngImagePlugin - STREAM b'IHDR' 16 13
2026-09-08 22:58:50,250 - DEBUG - PIL.PngImagePlugin - STREAM b'IDAT' 41 54256
2026-09-08 22:58:50,253 - DEBUG - urllib3.connectionpool - Starting new HTTPS connection (1): www.gamerpower.com:443
2026-09-08 22:58:50,428 - DEBUG - urllib3.connectionpool - https://www.gamerpower.com:443 "GET /offers/1b/68e15e986da99.jpg HTTP/1.1" 200 23873
2026-09-08 22:58:50,438 - DEBUG - PIL.PngImagePlugin - STREAM b'IHDR' 16 13
2026-09-08 22:58:50,438 - DEBUG - PIL.PngImagePlugin - STREAM b'IDAT' 41 54256
2026-09-08 22:58:50,442 - DEBUG - urllib3.connectionpool - Starting new HTTPS connection (1): www.gamerpower.com:443
2026-09-08 22:58:50,545 - DEBUG - urllib3.connectionpool - https://www.gamerpower.com:443 "GET /offers/1b/68d828fc4174f.jpg HTTP/1.1" 200 57980
2026-09-08 22:58:50,555 - DEBUG - PIL.PngImagePlugin - STREAM b'IHDR' 16 13
2026-09-08 22:58:50,555 - DEBUG - PIL.PngImagePlugin - STREAM b'IDAT' 41 54256
2026-09-08 22:58:50,559 - DEBUG - urllib3.connectionpool - Starting new HTTPS connection (1): www.gamerpower.com:443
2026-09-08 22:58:50,669 - DEBUG - urllib3.connectionpool - https://www.gamerpower.com:443 "GET /offers/1b/68dd2161c3088.jpg HTTP/1.1" 200 36137
2026-09-08 22:58:50,679 - DEBUG - PIL.PngImagePlugin - STREAM b'IHDR' 16 13
2026-09-08 22:58:50,679 - DEBUG - PIL.PngImagePlugin - STREAM b'IDAT' 41 54256
2026-09-08 22:58:50,684 - DEBUG - urllib3.connectionpool - Starting new HTTPS connection (1): www.gamerpower.com:443
2026-09-08 22:58:50,849 - DEBUG - urllib3.connectionpool - https://www.gamerpower.com:443 "GET /offers/1b/6a998eb716bfe.jpg HTTP/1.1" 200 47772
2026-09-08 22:58:50,862 - DEBUG - PIL.PngImagePlugin - STREAM b'IHDR' 16 13
2026-09-08 22:58:50,863 - DEBUG - PIL.PngImagePlugin - STREAM b'IDAT' 41 54256
2026-09-08 22:58:50,867 - DEBUG - urllib3.connectionpool - Starting new HTTPS connection (1): www.gamerpower.com:443
2026-09-08 22:58:51,042 - DEBUG - urllib3.connectionpool - https://www.gamerpower.com:443 "GET /offers/1b/6993208da38c7.jpg HTTP/1.1" 200 63785
2026-09-08 22:58:51,081 - DEBUG - PIL.PngImagePlugin - STREAM b'IHDR' 16 13
2026-09-08 22:58:51,081 - DEBUG - PIL.PngImagePlugin - STREAM b'IDAT' 41 54256
2026-09-08 22:58:51,084 - DEBUG - urllib3.connectionpool - Starting new HTTPS connection (1): www.gamerpower.com:443
2026-09-08 22:58:51,255 - DEBUG - urllib3.connectionpool - https://www.gamerpower.com:443 "GET /offers/1b/69567c4ee0fa3.jpg HTTP/1.1" 200 67756
2026-09-08 22:58:51,292 - DEBUG - PIL.PngImagePlugin - STREAM b'IHDR' 16 13
2026-09-08 22:58:51,292 - DEBUG - PIL.PngImagePlugin - STREAM b'IDAT' 41 54256
2026-09-08 22:58:51,295 - DEBUG - urllib3.connectionpool - Starting new HTTPS connection (1): www.gamerpower.com:443
2026-09-08 22:58:51,469 - DEBUG - urllib3.connectionpool - https://www.gamerpower.com:443 "GET /offers/1b/689aece93310e.jpg HTTP/1.1" 200 34152
2026-09-08 22:58:51,482 - DEBUG - PIL.PngImagePlugin - STREAM b'IHDR' 16 13
2026-09-08 22:58:51,482 - DEBUG - PIL.PngImagePlugin - STREAM b'IDAT' 41 54256
2026-09-08 22:58:51,675 - DEBUG - urllib3.connectionpool - Starting new HTTPS connection (1): www.gamerpower.com:443
2026-09-08 22:58:51,786 - DEBUG - urllib3.connectionpool - https://www.gamerpower.com:443 "GET /api/giveaways?type=game HTTP/1.1" 200 None
2026-09-08 22:58:51,865 - DEBUG - PIL.PngImagePlugin - STREAM b'IHDR' 16 13
2026-09-08 22:58:51,865 - DEBUG - PIL.PngImagePlugin - STREAM b'IDAT' 41 28109
2026-09-08 22:58:51,867 - DEBUG - PIL.PngImagePlugin - STREAM b'IHDR' 16 13
2026-09-08 22:58:51,868 - DEBUG - PIL.PngImagePlugin - STREAM b'IDAT' 41 54256
2026-09-08 22:58:51,870 - DEBUG - PIL.PngImagePlugin - STREAM b'IHDR' 16 13
2026-09-08 22:58:51,870 - DEBUG - PIL.PngImagePlugin - STREAM b'IDAT' 41 34365
2026-09-08 22:58:51,873 - DEBUG - PIL.PngImagePlugin - STREAM b'IHDR' 16 13
2026-09-08 22:58:51,873 - DEBUG - PIL.PngImagePlugin - STREAM b'IDAT' 41 54256
2026-09-08 22:58:51,884 - DEBUG - PIL.PngImagePlugin - STREAM b'IHDR' 16 13
2026-09-08 22:58:51,884 - DEBUG - PIL.PngImagePlugin - STREAM b'IDAT' 41 34143
2026-09-08 22:58:51,886 - DEBUG - PIL.PngImagePlugin - STREAM b'IHDR' 16 13
2026-09-08 22:58:51,886 - DEBUG - PIL.PngImagePlugin - STREAM b'IDAT' 41 54256
2026-09-08 22:58:51,889 - DEBUG - PIL.PngImagePlugin - STREAM b'IHDR' 16 13
2026-09-08 22:58:51,889 - DEBUG - PIL.PngImagePlugin - STREAM b'IDAT' 41 39888
2026-09-08 22:58:51,892 - DEBUG - PIL.PngImagePlugin - STREAM b'IHDR' 16 13
2026-09-08 22:58:51,892 - DEBUG - PIL.PngImagePlugin - STREAM b'IDAT' 41 54256
2026-09-08 22:58:51,901 - DEBUG - PIL.PngImagePlugin - STREAM b'IHDR' 16 13
2026-09-08 22:58:51,901 - DEBUG - PIL.PngImagePlugin - STREAM b'IDAT' 41 27080
2026-09-08 22:58:51,903 - DEBUG - PIL.PngImagePlugin - STREAM b'IHDR' 16 13
2026-09-08 22:58:51,903 - DEBUG - PIL.PngImagePlugin - STREAM b'IDAT' 41 54256
2026-09-08 22:58:51,912 - DEBUG - PIL.PngImagePlugin - STREAM b'IHDR' 16 13
2026-09-08 22:58:51,912 - DEBUG - PIL.PngImagePlugin - STREAM b'IDAT' 41 25974
2026-09-08 22:58:51,914 - DEBUG - PIL.PngImagePlugin - STREAM b'IHDR' 16 13
2026-09-08 22:58:51,915 - DEBUG - PIL.PngImagePlugin - STREAM b'IDAT' 41 54256
2026-09-08 22:58:51,924 - DEBUG - PIL.PngImagePlugin - STREAM b'IHDR' 16 13
2026-09-08 22:58:51,925 - DEBUG - PIL.PngImagePlugin - STREAM b'IDAT' 41 34708
2026-09-08 22:58:51,927 - DEBUG - PIL.PngImagePlugin - STREAM b'IHDR' 16 13
2026-09-08 22:58:51,927 - DEBUG - PIL.PngImagePlugin - STREAM b'IDAT' 41 54256
2026-09-08 22:58:51,935 - DEBUG - PIL.PngImagePlugin - STREAM b'IHDR' 16 13
2026-09-08 22:58:51,936 - DEBUG - PIL.PngImagePlugin - STREAM b'IDAT' 41 18362
2026-09-08 22:58:51,937 - DEBUG - PIL.PngImagePlugin - STREAM b'IHDR' 16 13
2026-09-08 22:58:51,938 - DEBUG - PIL.PngImagePlugin - STREAM b'IDAT' 41 54256
2026-09-08 22:58:51,945 - DEBUG - PIL.PngImagePlugin - STREAM b'IHDR' 16 13
2026-09-08 22:58:51,945 - DEBUG - PIL.PngImagePlugin - STREAM b'IDAT' 41 29049
2026-09-08 22:58:51,947 - DEBUG - PIL.PngImagePlugin - STREAM b'IHDR' 16 13
2026-09-08 22:58:51,948 - DEBUG - PIL.PngImagePlugin - STREAM b'IDAT' 41 54256
2026-09-08 22:58:51,957 - DEBUG - PIL.PngImagePlugin - STREAM b'IHDR' 16 13
2026-09-08 22:58:51,957 - DEBUG - PIL.PngImagePlugin - STREAM b'IDAT' 41 28605
2026-09-08 22:58:51,960 - DEBUG - PIL.PngImagePlugin - STREAM b'IHDR' 16 13
2026-09-08 22:58:51,960 - DEBUG - PIL.PngImagePlugin - STREAM b'IDAT' 41 54256
2026-09-08 22:58:51,969 - DEBUG - PIL.PngImagePlugin - STREAM b'IHDR' 16 13
2026-09-08 22:58:51,969 - DEBUG - PIL.PngImagePlugin - STREAM b'IDAT' 41 42457
2026-09-08 22:58:51,972 - DEBUG - PIL.PngImagePlugin - STREAM b'IHDR' 16 13
2026-09-08 22:58:51,972 - DEBUG - PIL.PngImagePlugin - STREAM b'IDAT' 41 54256
2026-09-08 22:58:51,980 - DEBUG - PIL.PngImagePlugin - STREAM b'IHDR' 16 13
2026-09-08 22:58:51,981 - DEBUG - PIL.PngImagePlugin - STREAM b'IDAT' 41 31460
2026-09-08 22:58:51,983 - DEBUG - PIL.PngImagePlugin - STREAM b'IHDR' 16 13
2026-09-08 22:58:51,983 - DEBUG - PIL.PngImagePlugin - STREAM b'IDAT' 41 54256
2026-09-08 22:58:51,990 - DEBUG - PIL.PngImagePlugin - STREAM b'IHDR' 16 13
2026-09-08 22:58:51,990 - DEBUG - PIL.PngImagePlugin - STREAM b'IDAT' 41 20995
2026-09-08 22:58:51,993 - DEBUG - PIL.PngImagePlugin - STREAM b'IHDR' 16 13
2026-09-08 22:58:51,993 - DEBUG - PIL.PngImagePlugin - STREAM b'IDAT' 41 54256
2026-09-08 22:58:52,001 - DEBUG - PIL.PngImagePlugin - STREAM b'IHDR' 16 13
2026-09-08 22:58:52,002 - DEBUG - PIL.PngImagePlugin - STREAM b'IDAT' 41 15023
2026-09-08 22:58:52,004 - DEBUG - PIL.PngImagePlugin - STREAM b'IHDR' 16 13
2026-09-08 22:58:52,004 - DEBUG - PIL.PngImagePlugin - STREAM b'IDAT' 41 54256
2026-09-08 22:58:52,012 - DEBUG - PIL.PngImagePlugin - STREAM b'IHDR' 16 13
2026-09-08 22:58:52,012 - DEBUG - PIL.PngImagePlugin - STREAM b'IDAT' 41 43106
2026-09-08 22:58:52,015 - DEBUG - PIL.PngImagePlugin - STREAM b'IHDR' 16 13
2026-09-08 22:58:52,015 - DEBUG - PIL.PngImagePlugin - STREAM b'IDAT' 41 54256
2026-09-08 22:58:52,024 - DEBUG - PIL.PngImagePlugin - STREAM b'IHDR' 16 13
2026-09-08 22:58:52,024 - DEBUG - PIL.PngImagePlugin - STREAM b'IDAT' 41 34707
2026-09-08 22:58:52,026 - DEBUG - PIL.PngImagePlugin - STREAM b'IHDR' 16 13
2026-09-08 22:58:52,026 - DEBUG - PIL.PngImagePlugin - STREAM b'IDAT' 41 54256
2026-09-08 22:58:52,034 - DEBUG - PIL.PngImagePlugin - STREAM b'IHDR' 16 13
2026-09-08 22:58:52,034 - DEBUG - PIL.PngImagePlugin - STREAM b'IDAT' 41 30257
2026-09-08 22:58:52,037 - DEBUG - PIL.PngImagePlugin - STREAM b'IHDR' 16 13
2026-09-08 22:58:52,037 - DEBUG - PIL.PngImagePlugin - STREAM b'IDAT' 41 54256
2026-09-08 22:58:52,044 - DEBUG - PIL.PngImagePlugin - STREAM b'IHDR' 16 13
2026-09-08 22:58:52,045 - DEBUG - PIL.PngImagePlugin - STREAM b'IDAT' 41 47676
2026-09-08 22:58:52,047 - DEBUG - PIL.PngImagePlugin - STREAM b'IHDR' 16 13
2026-09-08 22:58:52,047 - DEBUG - PIL.PngImagePlugin - STREAM b'IDAT' 41 54256
2026-09-08 22:58:52,055 - DEBUG - PIL.PngImagePlugin - STREAM b'IHDR' 16 13
2026-09-08 22:58:52,055 - DEBUG - PIL.PngImagePlugin - STREAM b'IDAT' 41 46108
2026-09-08 22:58:52,058 - DEBUG - PIL.PngImagePlugin - STREAM b'IHDR' 16 13
2026-09-08 22:58:52,058 - DEBUG - PIL.PngImagePlugin - STREAM b'IDAT' 41 54256
2026-09-08 22:58:52,067 - DEBUG - PIL.PngImagePlugin - STREAM b'IHDR' 16 13
2026-09-08 22:58:52,067 - DEBUG - PIL.PngImagePlugin - STREAM b'IDAT' 41 37626
2026-09-08 22:58:52,069 - DEBUG - PIL.PngImagePlugin - STREAM b'IHDR' 16 13
2026-09-08 22:58:52,069 - DEBUG - PIL.PngImagePlugin - STREAM b'IDAT' 41 54256
2026-09-08 22:58:52,166 - DEBUG - PIL.PngImagePlugin - STREAM b'IHDR' 16 13
2026-09-08 22:58:52,166 - DEBUG - PIL.PngImagePlugin - STREAM b'IDAT' 41 54256
2026-09-08 22:58:52,169 - DEBUG - PIL.PngImagePlugin - STREAM b'IHDR' 16 13
2026-09-08 22:58:52,169 - DEBUG - PIL.PngImagePlugin - STREAM b'IDAT' 41 54256
2026-09-08 22:58:52,172 - DEBUG - PIL.PngImagePlugin - STREAM b'IHDR' 16 13
2026-09-08 22:58:52,173 - DEBUG - PIL.PngImagePlugin - STREAM b'IDAT' 41 54256
2026-09-08 22:58:52,176 - DEBUG - PIL.PngImagePlugin - STREAM b'IHDR' 16 13
2026-09-08 22:58:52,177 - DEBUG - PIL.PngImagePlugin - STREAM b'IDAT' 41 54256
2026-09-08 22:58:52,180 - DEBUG - PIL.PngImagePlugin - STREAM b'IHDR' 16 13
2026-09-08 22:58:52,181 - DEBUG - PIL.PngImagePlugin - STREAM b'IDAT' 41 54256
2026-09-08 22:58:52,185 - DEBUG - PIL.PngImagePlugin - STREAM b'IHDR' 16 13
2026-09-08 22:58:52,185 - DEBUG - PIL.PngImagePlugin - STREAM b'IDAT' 41 54256
2026-09-08 22:58:52,188 - DEBUG - PIL.PngImagePlugin - STREAM b'IHDR' 16 13
2026-09-08 22:58:52,188 - DEBUG - PIL.PngImagePlugin - STREAM b'IDAT' 41 54256
2026-09-08 22:58:52,192 - DEBUG - PIL.PngImagePlugin - STREAM b'IHDR' 16 13
2026-09-08 22:58:52,192 - DEBUG - PIL.PngImagePlugin - STREAM b'IDAT' 41 54256
2026-09-08 22:58:52,195 - DEBUG - PIL.PngImagePlugin - STREAM b'IHDR' 16 13
2026-09-08 22:58:52,195 - DEBUG - PIL.PngImagePlugin - STREAM b'IDAT' 41 54256
2026-09-08 22:58:52,199 - DEBUG - PIL.PngImagePlugin - STREAM b'IHDR' 16 13
2026-09-08 22:58:52,199 - DEBUG - PIL.PngImagePlugin - STREAM b'IDAT' 41 54256
2026-09-08 22:58:52,202 - DEBUG - PIL.PngImagePlugin - STREAM b'IHDR' 16 13
2026-09-08 22:58:52,202 - DEBUG - PIL.PngImagePlugin - STREAM b'IDAT' 41 54256
2026-09-08 22:58:52,207 - DEBUG - PIL.PngImagePlugin - STREAM b'IHDR' 16 13
2026-09-08 22:58:52,207 - DEBUG - PIL.PngImagePlugin - STREAM b'IDAT' 41 54256
2026-09-08 22:58:52,210 - DEBUG - PIL.PngImagePlugin - STREAM b'IHDR' 16 13
2026-09-08 22:58:52,210 - DEBUG - PIL.PngImagePlugin - STREAM b'IDAT' 41 54256
2026-09-08 22:58:52,214 - DEBUG - PIL.PngImagePlugin - STREAM b'IHDR' 16 13
2026-09-08 22:58:52,214 - DEBUG - PIL.PngImagePlugin - STREAM b'IDAT' 41 54256
2026-09-08 22:58:52,217 - DEBUG - PIL.PngImagePlugin - STREAM b'IHDR' 16 13
2026-09-08 22:58:52,218 - DEBUG - PIL.PngImagePlugin - STREAM b'IDAT' 41 54256
2026-09-08 22:58:52,221 - DEBUG - PIL.PngImagePlugin - STREAM b'IHDR' 16 13
2026-09-08 22:58:52,221 - DEBUG - PIL.PngImagePlugin - STREAM b'IDAT' 41 54256
2026-09-08 22:58:52,225 - DEBUG - PIL.PngImagePlugin - STREAM b'IHDR' 16 13
2026-09-08 22:58:52,225 - DEBUG - PIL.PngImagePlugin - STREAM b'IDAT' 41 54256
2026-09-08 22:58:52,228 - DEBUG - PIL.PngImagePlugin - STREAM b'IHDR' 16 13
2026-09-08 22:58:52,228 - DEBUG - PIL.PngImagePlugin - STREAM b'IDAT' 41 54256
2026-09-08 22:58:52,232 - DEBUG - PIL.PngImagePlugin - STREAM b'IHDR' 16 13
2026-09-08 22:58:52,232 - DEBUG - PIL.PngImagePlugin - STREAM b'IDAT' 41 54256
2026-09-08 22:58:52,235 - DEBUG - PIL.PngImagePlugin - STREAM b'IHDR' 16 13
2026-09-08 22:58:52,235 - DEBUG - PIL.PngImagePlugin - STREAM b'IDAT' 41 54256
2026-09-08 22:58:53,727 - INFO - KGameTracker - ℹ️  ==================================================
2026-09-08 22:58:53,727 - INFO - KGameTracker - ℹ️  K GAME TRACKER - CERRADA
2026-09-08 22:58:53,728 - INFO - KGameTracker - ℹ️  ==================================================
2026-09-08 23:10:09,750 - INFO - KGameTracker - ℹ️  ==================================================
2026-09-08 23:10:09,750 - INFO - KGameTracker - ℹ️  K GAME TRACKER - INICIADA
2026-09-08 23:10:09,751 - INFO - KGameTracker - ℹ️  ==================================================
2026-09-08 23:10:09,894 - DEBUG - PIL.Image - Importing PngImagePlugin
2026-09-08 23:10:09,904 - DEBUG - PIL.PngImagePlugin - STREAM b'IHDR' 16 13
2026-09-08 23:10:09,904 - DEBUG - PIL.PngImagePlugin - STREAM b'caBX' 41 5758
2026-09-08 23:10:09,904 - DEBUG - PIL.PngImagePlugin - b'caBX' 41 5758 (unknown)
2026-09-08 23:10:09,904 - DEBUG - PIL.PngImagePlugin - STREAM b'IDAT' 5811 65536
2026-09-08 23:10:12,060 - DEBUG - PIL.PngImagePlugin - STREAM b'IHDR' 16 13
2026-09-08 23:10:12,061 - DEBUG - PIL.PngImagePlugin - STREAM b'caBX' 41 5758
2026-09-08 23:10:12,061 - DEBUG - PIL.PngImagePlugin - b'caBX' 41 5758 (unknown)
2026-09-08 23:10:12,061 - DEBUG - PIL.PngImagePlugin - STREAM b'IDAT' 5811 65536
2026-09-08 23:10:12,088 - DEBUG - PIL.PngImagePlugin - STREAM b'IHDR' 16 13
2026-09-08 23:10:12,088 - DEBUG - PIL.PngImagePlugin - STREAM b'IDAT' 41 53758
2026-09-08 23:10:12,092 - DEBUG - PIL.PngImagePlugin - STREAM b'IHDR' 16 13
2026-09-08 23:10:12,092 - DEBUG - PIL.PngImagePlugin - STREAM b'IDAT' 41 32768
2026-09-08 23:10:12,098 - DEBUG - PIL.PngImagePlugin - STREAM b'IHDR' 16 13
2026-09-08 23:10:12,099 - DEBUG - PIL.PngImagePlugin - STREAM b'IDAT' 41 65536
2026-09-08 23:10:12,102 - DEBUG - PIL.PngImagePlugin - STREAM b'IHDR' 16 13
2026-09-08 23:10:12,102 - DEBUG - PIL.PngImagePlugin - STREAM b'IDAT' 41 58612
2026-09-08 23:10:12,105 - DEBUG - PIL.PngImagePlugin - STREAM b'IHDR' 16 13
2026-09-08 23:10:12,105 - DEBUG - PIL.PngImagePlugin - STREAM b'IDAT' 41 63613
2026-09-08 23:10:12,109 - DEBUG - PIL.PngImagePlugin - STREAM b'IHDR' 16 13
2026-09-08 23:10:12,110 - DEBUG - PIL.PngImagePlugin - STREAM b'IDAT' 41 65536
2026-09-08 23:10:12,114 - DEBUG - PIL.PngImagePlugin - STREAM b'IHDR' 16 13
2026-09-08 23:10:12,114 - DEBUG - PIL.PngImagePlugin - STREAM b'IDAT' 41 63580
2026-09-08 23:10:12,118 - DEBUG - PIL.PngImagePlugin - STREAM b'IHDR' 16 13
2026-09-08 23:10:12,118 - DEBUG - PIL.PngImagePlugin - STREAM b'IDAT' 41 64126
2026-09-08 23:10:12,121 - DEBUG - PIL.PngImagePlugin - STREAM b'IHDR' 16 13
2026-09-08 23:10:12,122 - DEBUG - PIL.PngImagePlugin - STREAM b'IDAT' 41 64126
2026-09-08 23:10:12,125 - DEBUG - PIL.PngImagePlugin - STREAM b'IHDR' 16 13
2026-09-08 23:10:12,126 - DEBUG - PIL.PngImagePlugin - STREAM b'IDAT' 41 64126
2026-09-08 23:10:12,129 - DEBUG - PIL.PngImagePlugin - STREAM b'IHDR' 16 13
2026-09-08 23:10:12,129 - DEBUG - PIL.PngImagePlugin - STREAM b'IDAT' 41 56150
2026-09-08 23:10:12,133 - DEBUG - PIL.PngImagePlugin - STREAM b'IHDR' 16 13
2026-09-08 23:10:12,133 - DEBUG - PIL.PngImagePlugin - STREAM b'IDAT' 41 64126
2026-09-08 23:10:12,138 - DEBUG - PIL.PngImagePlugin - STREAM b'IHDR' 16 13
2026-09-08 23:10:12,138 - DEBUG - PIL.PngImagePlugin - STREAM b'IDAT' 41 64126
2026-09-08 23:10:12,151 - DEBUG - PIL.PngImagePlugin - STREAM b'IHDR' 16 13
2026-09-08 23:10:12,151 - DEBUG - PIL.PngImagePlugin - STREAM b'IDAT' 41 62450
2026-09-08 23:10:13,435 - DEBUG - urllib3.connectionpool - Starting new HTTPS connection (1): www.gamerpower.com:443
2026-09-08 23:10:13,560 - DEBUG - urllib3.connectionpool - https://www.gamerpower.com:443 "GET /api/giveaways?type=game HTTP/1.1" 200 None
2026-09-08 23:10:15,009 - INFO - KGameTracker - ℹ️  ==================================================
2026-09-08 23:10:15,009 - INFO - KGameTracker - ℹ️  K GAME TRACKER - CERRADA
2026-09-08 23:10:15,009 - INFO - KGameTracker - ℹ️  ==================================================
2026-09-08 23:13:34,143 - INFO - KGameTracker - ℹ️  ==================================================
2026-09-08 23:13:34,143 - INFO - KGameTracker - ℹ️  K GAME TRACKER - INICIADA
2026-09-08 23:13:34,144 - INFO - KGameTracker - ℹ️  ==================================================
2026-09-08 23:13:34,291 - DEBUG - PIL.Image - Importing PngImagePlugin
2026-09-08 23:13:34,303 - DEBUG - PIL.PngImagePlugin - STREAM b'IHDR' 16 13
2026-09-08 23:13:34,303 - DEBUG - PIL.PngImagePlugin - STREAM b'caBX' 41 5758
2026-09-08 23:13:34,303 - DEBUG - PIL.PngImagePlugin - b'caBX' 41 5758 (unknown)
2026-09-08 23:13:34,304 - DEBUG - PIL.PngImagePlugin - STREAM b'IDAT' 5811 65536
2026-09-08 23:13:36,466 - DEBUG - PIL.PngImagePlugin - STREAM b'IHDR' 16 13
2026-09-08 23:13:36,466 - DEBUG - PIL.PngImagePlugin - STREAM b'caBX' 41 5758
2026-09-08 23:13:36,467 - DEBUG - PIL.PngImagePlugin - b'caBX' 41 5758 (unknown)
2026-09-08 23:13:36,467 - DEBUG - PIL.PngImagePlugin - STREAM b'IDAT' 5811 65536
2026-09-08 23:13:36,497 - DEBUG - PIL.PngImagePlugin - STREAM b'IHDR' 16 13
2026-09-08 23:13:36,497 - DEBUG - PIL.PngImagePlugin - STREAM b'IDAT' 41 53758
2026-09-08 23:13:36,501 - DEBUG - PIL.PngImagePlugin - STREAM b'IHDR' 16 13
2026-09-08 23:13:36,501 - DEBUG - PIL.PngImagePlugin - STREAM b'IDAT' 41 32768
2026-09-08 23:13:36,508 - DEBUG - PIL.PngImagePlugin - STREAM b'IHDR' 16 13
2026-09-08 23:13:36,508 - DEBUG - PIL.PngImagePlugin - STREAM b'IDAT' 41 65536
2026-09-08 23:13:36,511 - DEBUG - PIL.PngImagePlugin - STREAM b'IHDR' 16 13
2026-09-08 23:13:36,512 - DEBUG - PIL.PngImagePlugin - STREAM b'IDAT' 41 58612
2026-09-08 23:13:36,514 - DEBUG - PIL.PngImagePlugin - STREAM b'IHDR' 16 13
2026-09-08 23:13:36,514 - DEBUG - PIL.PngImagePlugin - STREAM b'IDAT' 41 63613
2026-09-08 23:13:36,518 - DEBUG - PIL.PngImagePlugin - STREAM b'IHDR' 16 13
2026-09-08 23:13:36,519 - DEBUG - PIL.PngImagePlugin - STREAM b'IDAT' 41 65536
2026-09-08 23:13:36,522 - DEBUG - PIL.PngImagePlugin - STREAM b'IHDR' 16 13
2026-09-08 23:13:36,522 - DEBUG - PIL.PngImagePlugin - STREAM b'IDAT' 41 63580
2026-09-08 23:13:36,527 - DEBUG - PIL.PngImagePlugin - STREAM b'IHDR' 16 13
2026-09-08 23:13:36,527 - DEBUG - PIL.PngImagePlugin - STREAM b'IDAT' 41 64126
2026-09-08 23:13:36,530 - DEBUG - PIL.PngImagePlugin - STREAM b'IHDR' 16 13
2026-09-08 23:13:36,530 - DEBUG - PIL.PngImagePlugin - STREAM b'IDAT' 41 64126
2026-09-08 23:13:36,534 - DEBUG - PIL.PngImagePlugin - STREAM b'IHDR' 16 13
2026-09-08 23:13:36,535 - DEBUG - PIL.PngImagePlugin - STREAM b'IDAT' 41 64126
2026-09-08 23:13:36,538 - DEBUG - PIL.PngImagePlugin - STREAM b'IHDR' 16 13
2026-09-08 23:13:36,538 - DEBUG - PIL.PngImagePlugin - STREAM b'IDAT' 41 56150
2026-09-08 23:13:36,542 - DEBUG - PIL.PngImagePlugin - STREAM b'IHDR' 16 13
2026-09-08 23:13:36,542 - DEBUG - PIL.PngImagePlugin - STREAM b'IDAT' 41 64126
2026-09-08 23:13:36,546 - DEBUG - PIL.PngImagePlugin - STREAM b'IHDR' 16 13
2026-09-08 23:13:36,546 - DEBUG - PIL.PngImagePlugin - STREAM b'IDAT' 41 64126
2026-09-08 23:13:36,560 - DEBUG - PIL.PngImagePlugin - STREAM b'IHDR' 16 13
2026-09-08 23:13:36,560 - DEBUG - PIL.PngImagePlugin - STREAM b'IDAT' 41 62450
2026-09-08 23:13:40,228 - DEBUG - urllib3.connectionpool - Starting new HTTPS connection (1): www.gamerpower.com:443
2026-09-08 23:13:40,372 - DEBUG - urllib3.connectionpool - https://www.gamerpower.com:443 "GET /api/giveaways?type=game HTTP/1.1" 200 None
2026-09-08 23:13:41,772 - DEBUG - PIL.PngImagePlugin - STREAM b'IHDR' 16 13
2026-09-08 23:13:41,772 - DEBUG - PIL.PngImagePlugin - STREAM b'IDAT' 41 28109
2026-09-08 23:13:41,774 - DEBUG - PIL.PngImagePlugin - STREAM b'IHDR' 16 13
2026-09-08 23:13:41,774 - DEBUG - PIL.PngImagePlugin - STREAM b'IDAT' 41 54256
2026-09-08 23:13:41,777 - DEBUG - PIL.PngImagePlugin - STREAM b'IHDR' 16 13
2026-09-08 23:13:41,777 - DEBUG - PIL.PngImagePlugin - STREAM b'IDAT' 41 34365
2026-09-08 23:13:41,780 - DEBUG - PIL.PngImagePlugin - STREAM b'IHDR' 16 13
2026-09-08 23:13:41,780 - DEBUG - PIL.PngImagePlugin - STREAM b'IDAT' 41 54256
2026-09-08 23:13:42,828 - DEBUG - PIL.PngImagePlugin - STREAM b'IHDR' 16 13
2026-09-08 23:13:42,828 - DEBUG - PIL.PngImagePlugin - STREAM b'IDAT' 41 34143
2026-09-08 23:13:42,831 - DEBUG - PIL.PngImagePlugin - STREAM b'IHDR' 16 13
2026-09-08 23:13:42,831 - DEBUG - PIL.PngImagePlugin - STREAM b'IDAT' 41 54256
2026-09-08 23:13:42,834 - DEBUG - PIL.PngImagePlugin - STREAM b'IHDR' 16 13
2026-09-08 23:13:42,834 - DEBUG - PIL.PngImagePlugin - STREAM b'IDAT' 41 39888
2026-09-08 23:13:42,837 - DEBUG - PIL.PngImagePlugin - STREAM b'IHDR' 16 13
2026-09-08 23:13:42,837 - DEBUG - PIL.PngImagePlugin - STREAM b'IDAT' 41 54256
2026-09-08 23:13:43,286 - DEBUG - PIL.PngImagePlugin - STREAM b'IHDR' 16 13
2026-09-08 23:13:43,286 - DEBUG - PIL.PngImagePlugin - STREAM b'IDAT' 41 54256
2026-09-08 23:13:43,289 - DEBUG - PIL.PngImagePlugin - STREAM b'IHDR' 16 13
2026-09-08 23:13:43,290 - DEBUG - PIL.PngImagePlugin - STREAM b'IDAT' 41 54256
2026-09-08 23:13:49,232 - INFO - KGameTracker - ℹ️  ==================================================
2026-09-08 23:13:49,232 - INFO - KGameTracker - ℹ️  K GAME TRACKER - CERRADA
2026-09-08 23:13:49,233 - INFO - KGameTracker - ℹ️  ==================================================
2026-09-08 23:15:08,962 - INFO - KGameTracker - ℹ️  ==================================================
2026-09-08 23:15:08,962 - INFO - KGameTracker - ℹ️  K GAME TRACKER - INICIADA
2026-09-08 23:15:08,962 - INFO - KGameTracker - ℹ️  ==================================================
2026-09-08 23:15:09,104 - DEBUG - PIL.Image - Importing PngImagePlugin
2026-09-08 23:15:09,111 - DEBUG - PIL.PngImagePlugin - STREAM b'IHDR' 16 13
2026-09-08 23:15:09,112 - DEBUG - PIL.PngImagePlugin - STREAM b'caBX' 41 5758
2026-09-08 23:15:09,112 - DEBUG - PIL.PngImagePlugin - b'caBX' 41 5758 (unknown)
2026-09-08 23:15:09,112 - DEBUG - PIL.PngImagePlugin - STREAM b'IDAT' 5811 65536
2026-09-08 23:15:11,281 - DEBUG - PIL.PngImagePlugin - STREAM b'IHDR' 16 13
2026-09-08 23:15:11,281 - DEBUG - PIL.PngImagePlugin - STREAM b'caBX' 41 5758
2026-09-08 23:15:11,281 - DEBUG - PIL.PngImagePlugin - b'caBX' 41 5758 (unknown)
2026-09-08 23:15:11,281 - DEBUG - PIL.PngImagePlugin - STREAM b'IDAT' 5811 65536
2026-09-08 23:15:11,320 - DEBUG - PIL.PngImagePlugin - STREAM b'IHDR' 16 13
2026-09-08 23:15:11,320 - DEBUG - PIL.PngImagePlugin - STREAM b'IDAT' 41 53758
2026-09-08 23:15:11,326 - DEBUG - PIL.PngImagePlugin - STREAM b'IHDR' 16 13
2026-09-08 23:15:11,326 - DEBUG - PIL.PngImagePlugin - STREAM b'IDAT' 41 32768
2026-09-08 23:15:11,336 - DEBUG - PIL.PngImagePlugin - STREAM b'IHDR' 16 13
2026-09-08 23:15:11,336 - DEBUG - PIL.PngImagePlugin - STREAM b'IDAT' 41 65536
2026-09-08 23:15:11,340 - DEBUG - PIL.PngImagePlugin - STREAM b'IHDR' 16 13
2026-09-08 23:15:11,340 - DEBUG - PIL.PngImagePlugin - STREAM b'IDAT' 41 58612
2026-09-08 23:15:11,344 - DEBUG - PIL.PngImagePlugin - STREAM b'IHDR' 16 13
2026-09-08 23:15:11,344 - DEBUG - PIL.PngImagePlugin - STREAM b'IDAT' 41 63613
2026-09-08 23:15:11,348 - DEBUG - PIL.PngImagePlugin - STREAM b'IHDR' 16 13
2026-09-08 23:15:11,348 - DEBUG - PIL.PngImagePlugin - STREAM b'IDAT' 41 65536
2026-09-08 23:15:11,352 - DEBUG - PIL.PngImagePlugin - STREAM b'IHDR' 16 13
2026-09-08 23:15:11,352 - DEBUG - PIL.PngImagePlugin - STREAM b'IDAT' 41 63580
2026-09-08 23:15:11,356 - DEBUG - PIL.PngImagePlugin - STREAM b'IHDR' 16 13
2026-09-08 23:15:11,356 - DEBUG - PIL.PngImagePlugin - STREAM b'IDAT' 41 64126
2026-09-08 23:15:11,360 - DEBUG - PIL.PngImagePlugin - STREAM b'IHDR' 16 13
2026-09-08 23:15:11,360 - DEBUG - PIL.PngImagePlugin - STREAM b'IDAT' 41 64126
2026-09-08 23:15:11,363 - DEBUG - PIL.PngImagePlugin - STREAM b'IHDR' 16 13
2026-09-08 23:15:11,364 - DEBUG - PIL.PngImagePlugin - STREAM b'IDAT' 41 64126
2026-09-08 23:15:11,368 - DEBUG - PIL.PngImagePlugin - STREAM b'IHDR' 16 13
2026-09-08 23:15:11,368 - DEBUG - PIL.PngImagePlugin - STREAM b'IDAT' 41 56150
2026-09-08 23:15:11,371 - DEBUG - PIL.PngImagePlugin - STREAM b'IHDR' 16 13
2026-09-08 23:15:11,372 - DEBUG - PIL.PngImagePlugin - STREAM b'IDAT' 41 64126
2026-09-08 23:15:11,376 - DEBUG - PIL.PngImagePlugin - STREAM b'IHDR' 16 13
2026-09-08 23:15:11,376 - DEBUG - PIL.PngImagePlugin - STREAM b'IDAT' 41 64126
2026-09-08 23:15:11,385 - DEBUG - PIL.PngImagePlugin - STREAM b'IHDR' 16 13
2026-09-08 23:15:11,386 - DEBUG - PIL.PngImagePlugin - STREAM b'IDAT' 41 62450
2026-09-08 23:15:14,798 - DEBUG - urllib3.connectionpool - Starting new HTTPS connection (1): www.gamerpower.com:443
2026-09-08 23:15:14,918 - DEBUG - urllib3.connectionpool - https://www.gamerpower.com:443 "GET /api/giveaways?type=game HTTP/1.1" 200 None
2026-09-08 23:15:15,320 - DEBUG - PIL.PngImagePlugin - STREAM b'IHDR' 16 13
2026-09-08 23:15:15,320 - DEBUG - PIL.PngImagePlugin - STREAM b'IDAT' 41 28109
2026-09-08 23:15:15,323 - DEBUG - PIL.PngImagePlugin - STREAM b'IHDR' 16 13
2026-09-08 23:15:15,323 - DEBUG - PIL.PngImagePlugin - STREAM b'IDAT' 41 54256
2026-09-08 23:15:15,325 - DEBUG - PIL.PngImagePlugin - STREAM b'IHDR' 16 13
2026-09-08 23:15:15,326 - DEBUG - PIL.PngImagePlugin - STREAM b'IDAT' 41 34365
2026-09-08 23:15:15,328 - DEBUG - PIL.PngImagePlugin - STREAM b'IHDR' 16 13
2026-09-08 23:15:15,329 - DEBUG - PIL.PngImagePlugin - STREAM b'IDAT' 41 54256
2026-09-08 23:15:31,903 - INFO - KGameTracker - ℹ️  ==================================================
2026-09-08 23:15:31,903 - INFO - KGameTracker - ℹ️  K GAME TRACKER - CERRADA
2026-09-08 23:15:31,903 - INFO - KGameTracker - ℹ️  ==================================================
2026-09-08 23:19:08,440 - INFO - KGameTracker - ℹ️  ==================================================
2026-09-08 23:19:08,440 - INFO - KGameTracker - ℹ️  K GAME TRACKER - INICIADA
2026-09-08 23:19:08,440 - INFO - KGameTracker - ℹ️  ==================================================
2026-09-08 23:19:08,598 - DEBUG - PIL.Image - Importing PngImagePlugin
2026-09-08 23:19:08,607 - DEBUG - PIL.PngImagePlugin - STREAM b'IHDR' 16 13
2026-09-08 23:19:08,607 - DEBUG - PIL.PngImagePlugin - STREAM b'caBX' 41 5758
2026-09-08 23:19:08,608 - DEBUG - PIL.PngImagePlugin - b'caBX' 41 5758 (unknown)
2026-09-08 23:19:08,608 - DEBUG - PIL.PngImagePlugin - STREAM b'IDAT' 5811 65536
2026-09-08 23:19:10,782 - DEBUG - PIL.PngImagePlugin - STREAM b'IHDR' 16 13
2026-09-08 23:19:10,782 - DEBUG - PIL.PngImagePlugin - STREAM b'caBX' 41 5758
2026-09-08 23:19:10,782 - DEBUG - PIL.PngImagePlugin - b'caBX' 41 5758 (unknown)
2026-09-08 23:19:10,782 - DEBUG - PIL.PngImagePlugin - STREAM b'IDAT' 5811 65536
2026-09-08 23:19:10,810 - DEBUG - PIL.PngImagePlugin - STREAM b'IHDR' 16 13
2026-09-08 23:19:10,810 - DEBUG - PIL.PngImagePlugin - STREAM b'IDAT' 41 53758
2026-09-08 23:19:10,814 - DEBUG - PIL.PngImagePlugin - STREAM b'IHDR' 16 13
2026-09-08 23:19:10,814 - DEBUG - PIL.PngImagePlugin - STREAM b'IDAT' 41 32768
2026-09-08 23:19:10,821 - DEBUG - PIL.PngImagePlugin - STREAM b'IHDR' 16 13
2026-09-08 23:19:10,821 - DEBUG - PIL.PngImagePlugin - STREAM b'IDAT' 41 65536
2026-09-08 23:19:10,823 - DEBUG - PIL.PngImagePlugin - STREAM b'IHDR' 16 13
2026-09-08 23:19:10,823 - DEBUG - PIL.PngImagePlugin - STREAM b'IDAT' 41 58612
2026-09-08 23:19:10,827 - DEBUG - PIL.PngImagePlugin - STREAM b'IHDR' 16 13
2026-09-08 23:19:10,827 - DEBUG - PIL.PngImagePlugin - STREAM b'IDAT' 41 63613
2026-09-08 23:19:10,830 - DEBUG - PIL.PngImagePlugin - STREAM b'IHDR' 16 13
2026-09-08 23:19:10,830 - DEBUG - PIL.PngImagePlugin - STREAM b'IDAT' 41 65536
2026-09-08 23:19:10,835 - DEBUG - PIL.PngImagePlugin - STREAM b'IHDR' 16 13
2026-09-08 23:19:10,835 - DEBUG - PIL.PngImagePlugin - STREAM b'IDAT' 41 63580
2026-09-08 23:19:10,838 - DEBUG - PIL.PngImagePlugin - STREAM b'IHDR' 16 13
2026-09-08 23:19:10,838 - DEBUG - PIL.PngImagePlugin - STREAM b'IDAT' 41 64126
2026-09-08 23:19:10,842 - DEBUG - PIL.PngImagePlugin - STREAM b'IHDR' 16 13
2026-09-08 23:19:10,842 - DEBUG - PIL.PngImagePlugin - STREAM b'IDAT' 41 64126
2026-09-08 23:19:10,846 - DEBUG - PIL.PngImagePlugin - STREAM b'IHDR' 16 13
2026-09-08 23:19:10,846 - DEBUG - PIL.PngImagePlugin - STREAM b'IDAT' 41 64126
2026-09-08 23:19:10,850 - DEBUG - PIL.PngImagePlugin - STREAM b'IHDR' 16 13
2026-09-08 23:19:10,850 - DEBUG - PIL.PngImagePlugin - STREAM b'IDAT' 41 56150
2026-09-08 23:19:10,854 - DEBUG - PIL.PngImagePlugin - STREAM b'IHDR' 16 13
2026-09-08 23:19:10,854 - DEBUG - PIL.PngImagePlugin - STREAM b'IDAT' 41 64126
2026-09-08 23:19:10,857 - DEBUG - PIL.PngImagePlugin - STREAM b'IHDR' 16 13
2026-09-08 23:19:10,857 - DEBUG - PIL.PngImagePlugin - STREAM b'IDAT' 41 64126
2026-09-08 23:19:10,869 - DEBUG - PIL.PngImagePlugin - STREAM b'IHDR' 16 13
2026-09-08 23:19:10,869 - DEBUG - PIL.PngImagePlugin - STREAM b'IDAT' 41 62450
2026-09-08 23:19:12,494 - DEBUG - urllib3.connectionpool - Starting new HTTPS connection (1): www.gamerpower.com:443
2026-09-08 23:19:12,617 - DEBUG - urllib3.connectionpool - https://www.gamerpower.com:443 "GET /api/giveaways?type=game HTTP/1.1" 200 None
2026-09-08 23:19:13,620 - DEBUG - PIL.PngImagePlugin - STREAM b'IHDR' 16 13
2026-09-08 23:19:13,621 - DEBUG - PIL.PngImagePlugin - STREAM b'IDAT' 41 28109
2026-09-08 23:19:13,623 - DEBUG - PIL.PngImagePlugin - STREAM b'IHDR' 16 13
2026-09-08 23:19:13,624 - DEBUG - PIL.PngImagePlugin - STREAM b'IDAT' 41 54256
2026-09-08 23:19:13,626 - DEBUG - PIL.PngImagePlugin - STREAM b'IHDR' 16 13
2026-09-08 23:19:13,626 - DEBUG - PIL.PngImagePlugin - STREAM b'IDAT' 41 34365
2026-09-08 23:19:13,629 - DEBUG - PIL.PngImagePlugin - STREAM b'IHDR' 16 13
2026-09-08 23:19:13,629 - DEBUG - PIL.PngImagePlugin - STREAM b'IDAT' 41 54256
2026-09-08 23:19:15,570 - DEBUG - PIL.PngImagePlugin - STREAM b'IHDR' 16 13
2026-09-08 23:19:15,570 - DEBUG - PIL.PngImagePlugin - STREAM b'IDAT' 41 54256
2026-09-08 23:19:15,573 - DEBUG - PIL.PngImagePlugin - STREAM b'IHDR' 16 13
2026-09-08 23:19:15,573 - DEBUG - PIL.PngImagePlugin - STREAM b'IDAT' 41 54256
2026-09-08 23:19:17,111 - INFO - KGameTracker - ℹ️  ==================================================
2026-09-08 23:19:17,111 - INFO - KGameTracker - ℹ️  K GAME TRACKER - CERRADA
2026-09-08 23:19:17,111 - INFO - KGameTracker - ℹ️  ==================================================
2026-09-08 23:27:11,891 - INFO - KGameTracker - ℹ️  ==================================================
2026-09-08 23:27:11,891 - INFO - KGameTracker - ℹ️  K GAME TRACKER - INICIADA
2026-09-08 23:27:11,891 - INFO - KGameTracker - ℹ️  ==================================================
2026-09-08 23:27:12,034 - DEBUG - PIL.Image - Importing PngImagePlugin
2026-09-08 23:27:12,041 - DEBUG - PIL.PngImagePlugin - STREAM b'IHDR' 16 13
2026-09-08 23:27:12,041 - DEBUG - PIL.PngImagePlugin - STREAM b'caBX' 41 5758
2026-09-08 23:27:12,041 - DEBUG - PIL.PngImagePlugin - b'caBX' 41 5758 (unknown)
2026-09-08 23:27:12,041 - DEBUG - PIL.PngImagePlugin - STREAM b'IDAT' 5811 65536
2026-09-08 23:27:14,190 - DEBUG - PIL.PngImagePlugin - STREAM b'IHDR' 16 13
2026-09-08 23:27:14,190 - DEBUG - PIL.PngImagePlugin - STREAM b'caBX' 41 5758
2026-09-08 23:27:14,190 - DEBUG - PIL.PngImagePlugin - b'caBX' 41 5758 (unknown)
2026-09-08 23:27:14,191 - DEBUG - PIL.PngImagePlugin - STREAM b'IDAT' 5811 65536
2026-09-08 23:27:14,218 - DEBUG - PIL.PngImagePlugin - STREAM b'IHDR' 16 13
2026-09-08 23:27:14,218 - DEBUG - PIL.PngImagePlugin - STREAM b'IDAT' 41 53758
2026-09-08 23:27:14,221 - DEBUG - PIL.PngImagePlugin - STREAM b'IHDR' 16 13
2026-09-08 23:27:14,221 - DEBUG - PIL.PngImagePlugin - STREAM b'IDAT' 41 32768
2026-09-08 23:27:14,227 - DEBUG - PIL.PngImagePlugin - STREAM b'IHDR' 16 13
2026-09-08 23:27:14,227 - DEBUG - PIL.PngImagePlugin - STREAM b'IDAT' 41 65536
2026-09-08 23:27:14,230 - DEBUG - PIL.PngImagePlugin - STREAM b'IHDR' 16 13
2026-09-08 23:27:14,230 - DEBUG - PIL.PngImagePlugin - STREAM b'IDAT' 41 58612
2026-09-08 23:27:14,233 - DEBUG - PIL.PngImagePlugin - STREAM b'IHDR' 16 13
2026-09-08 23:27:14,233 - DEBUG - PIL.PngImagePlugin - STREAM b'IDAT' 41 63613
2026-09-08 23:27:14,237 - DEBUG - PIL.PngImagePlugin - STREAM b'IHDR' 16 13
2026-09-08 23:27:14,237 - DEBUG - PIL.PngImagePlugin - STREAM b'IDAT' 41 65536
2026-09-08 23:27:14,241 - DEBUG - PIL.PngImagePlugin - STREAM b'IHDR' 16 13
2026-09-08 23:27:14,241 - DEBUG - PIL.PngImagePlugin - STREAM b'IDAT' 41 63580
2026-09-08 23:27:14,244 - DEBUG - PIL.PngImagePlugin - STREAM b'IHDR' 16 13
2026-09-08 23:27:14,244 - DEBUG - PIL.PngImagePlugin - STREAM b'IDAT' 41 64126
2026-09-08 23:27:14,247 - DEBUG - PIL.PngImagePlugin - STREAM b'IHDR' 16 13
2026-09-08 23:27:14,247 - DEBUG - PIL.PngImagePlugin - STREAM b'IDAT' 41 64126
2026-09-08 23:27:14,251 - DEBUG - PIL.PngImagePlugin - STREAM b'IHDR' 16 13
2026-09-08 23:27:14,251 - DEBUG - PIL.PngImagePlugin - STREAM b'IDAT' 41 64126
2026-09-08 23:27:14,254 - DEBUG - PIL.PngImagePlugin - STREAM b'IHDR' 16 13
2026-09-08 23:27:14,254 - DEBUG - PIL.PngImagePlugin - STREAM b'IDAT' 41 56150
2026-09-08 23:27:14,258 - DEBUG - PIL.PngImagePlugin - STREAM b'IHDR' 16 13
2026-09-08 23:27:14,259 - DEBUG - PIL.PngImagePlugin - STREAM b'IDAT' 41 64126
2026-09-08 23:27:14,262 - DEBUG - PIL.PngImagePlugin - STREAM b'IHDR' 16 13
2026-09-08 23:27:14,262 - DEBUG - PIL.PngImagePlugin - STREAM b'IDAT' 41 64126
2026-09-08 23:27:14,275 - DEBUG - PIL.PngImagePlugin - STREAM b'IHDR' 16 13
2026-09-08 23:27:14,275 - DEBUG - PIL.PngImagePlugin - STREAM b'IDAT' 41 62450
2026-09-08 23:27:17,068 - DEBUG - urllib3.connectionpool - Starting new HTTPS connection (1): www.gamerpower.com:443
2026-09-08 23:27:17,208 - DEBUG - urllib3.connectionpool - https://www.gamerpower.com:443 "GET /api/giveaways?type=game HTTP/1.1" 200 None
2026-09-08 23:27:18,064 - DEBUG - PIL.PngImagePlugin - STREAM b'IHDR' 16 13
2026-09-08 23:27:18,064 - DEBUG - PIL.PngImagePlugin - STREAM b'IDAT' 41 28109
2026-09-08 23:27:18,067 - DEBUG - PIL.PngImagePlugin - STREAM b'IHDR' 16 13
2026-09-08 23:27:18,067 - DEBUG - PIL.PngImagePlugin - STREAM b'IDAT' 41 54256
2026-09-08 23:27:18,069 - DEBUG - PIL.PngImagePlugin - STREAM b'IHDR' 16 13
2026-09-08 23:27:18,070 - DEBUG - PIL.PngImagePlugin - STREAM b'IDAT' 41 34365
2026-09-08 23:27:18,072 - DEBUG - PIL.PngImagePlugin - STREAM b'IHDR' 16 13
2026-09-08 23:27:18,072 - DEBUG - PIL.PngImagePlugin - STREAM b'IDAT' 41 54256
2026-09-08 23:27:32,557 - INFO - KGameTracker - ℹ️  ==================================================
2026-09-08 23:27:32,557 - INFO - KGameTracker - ℹ️  K GAME TRACKER - INICIADA
2026-09-08 23:27:32,557 - INFO - KGameTracker - ℹ️  ==================================================
2026-09-08 23:27:32,697 - DEBUG - PIL.Image - Importing PngImagePlugin
2026-09-08 23:27:32,705 - DEBUG - PIL.PngImagePlugin - STREAM b'IHDR' 16 13
2026-09-08 23:27:32,706 - DEBUG - PIL.PngImagePlugin - STREAM b'caBX' 41 5758
2026-09-08 23:27:32,706 - DEBUG - PIL.PngImagePlugin - b'caBX' 41 5758 (unknown)
2026-09-08 23:27:32,706 - DEBUG - PIL.PngImagePlugin - STREAM b'IDAT' 5811 65536
2026-09-08 23:27:34,862 - DEBUG - PIL.PngImagePlugin - STREAM b'IHDR' 16 13
2026-09-08 23:27:34,862 - DEBUG - PIL.PngImagePlugin - STREAM b'caBX' 41 5758
2026-09-08 23:27:34,863 - DEBUG - PIL.PngImagePlugin - b'caBX' 41 5758 (unknown)
2026-09-08 23:27:34,863 - DEBUG - PIL.PngImagePlugin - STREAM b'IDAT' 5811 65536
2026-09-08 23:27:34,897 - DEBUG - PIL.PngImagePlugin - STREAM b'IHDR' 16 13
2026-09-08 23:27:34,897 - DEBUG - PIL.PngImagePlugin - STREAM b'IDAT' 41 53758
2026-09-08 23:27:34,902 - DEBUG - PIL.PngImagePlugin - STREAM b'IHDR' 16 13
2026-09-08 23:27:34,902 - DEBUG - PIL.PngImagePlugin - STREAM b'IDAT' 41 32768
2026-09-08 23:27:34,911 - DEBUG - PIL.PngImagePlugin - STREAM b'IHDR' 16 13
2026-09-08 23:27:34,911 - DEBUG - PIL.PngImagePlugin - STREAM b'IDAT' 41 65536
2026-09-08 23:27:34,915 - DEBUG - PIL.PngImagePlugin - STREAM b'IHDR' 16 13
2026-09-08 23:27:34,915 - DEBUG - PIL.PngImagePlugin - STREAM b'IDAT' 41 58612
2026-09-08 23:27:34,918 - DEBUG - PIL.PngImagePlugin - STREAM b'IHDR' 16 13
2026-09-08 23:27:34,918 - DEBUG - PIL.PngImagePlugin - STREAM b'IDAT' 41 63613
2026-09-08 23:27:34,922 - DEBUG - PIL.PngImagePlugin - STREAM b'IHDR' 16 13
2026-09-08 23:27:34,922 - DEBUG - PIL.PngImagePlugin - STREAM b'IDAT' 41 65536
2026-09-08 23:27:34,926 - DEBUG - PIL.PngImagePlugin - STREAM b'IHDR' 16 13
2026-09-08 23:27:34,926 - DEBUG - PIL.PngImagePlugin - STREAM b'IDAT' 41 63580
2026-09-08 23:27:34,930 - DEBUG - PIL.PngImagePlugin - STREAM b'IHDR' 16 13
2026-09-08 23:27:34,930 - DEBUG - PIL.PngImagePlugin - STREAM b'IDAT' 41 64126
2026-09-08 23:27:34,934 - DEBUG - PIL.PngImagePlugin - STREAM b'IHDR' 16 13
2026-09-08 23:27:34,934 - DEBUG - PIL.PngImagePlugin - STREAM b'IDAT' 41 64126
2026-09-08 23:27:34,937 - DEBUG - PIL.PngImagePlugin - STREAM b'IHDR' 16 13
2026-09-08 23:27:34,938 - DEBUG - PIL.PngImagePlugin - STREAM b'IDAT' 41 64126
2026-09-08 23:27:34,941 - DEBUG - PIL.PngImagePlugin - STREAM b'IHDR' 16 13
2026-09-08 23:27:34,941 - DEBUG - PIL.PngImagePlugin - STREAM b'IDAT' 41 56150
2026-09-08 23:27:34,945 - DEBUG - PIL.PngImagePlugin - STREAM b'IHDR' 16 13
2026-09-08 23:27:34,945 - DEBUG - PIL.PngImagePlugin - STREAM b'IDAT' 41 64126
2026-09-08 23:27:34,949 - DEBUG - PIL.PngImagePlugin - STREAM b'IHDR' 16 13
2026-09-08 23:27:34,949 - DEBUG - PIL.PngImagePlugin - STREAM b'IDAT' 41 64126
2026-09-08 23:27:34,961 - DEBUG - PIL.PngImagePlugin - STREAM b'IHDR' 16 13
2026-09-08 23:27:34,961 - DEBUG - PIL.PngImagePlugin - STREAM b'IDAT' 41 62450
2026-09-08 23:27:36,923 - INFO - KGameTracker - ℹ️  ==================================================
2026-09-08 23:27:36,923 - INFO - KGameTracker - ℹ️  K GAME TRACKER - CERRADA
2026-09-08 23:27:36,923 - INFO - KGameTracker - ℹ️  ==================================================
2026-09-08 23:33:24,454 - INFO - KGameTracker - ℹ️  ==================================================
2026-09-08 23:33:24,454 - INFO - KGameTracker - ℹ️  K GAME TRACKER - INICIADA
2026-09-08 23:33:24,454 - INFO - KGameTracker - ℹ️  ==================================================
2026-09-08 23:33:24,607 - DEBUG - PIL.Image - Importing PngImagePlugin
2026-09-08 23:33:24,620 - DEBUG - PIL.PngImagePlugin - STREAM b'IHDR' 16 13
2026-09-08 23:33:24,621 - DEBUG - PIL.PngImagePlugin - STREAM b'caBX' 41 5758
2026-09-08 23:33:24,621 - DEBUG - PIL.PngImagePlugin - b'caBX' 41 5758 (unknown)
2026-09-08 23:33:24,621 - DEBUG - PIL.PngImagePlugin - STREAM b'IDAT' 5811 65536
2026-09-08 23:33:26,779 - DEBUG - PIL.PngImagePlugin - STREAM b'IHDR' 16 13
2026-09-08 23:33:26,780 - DEBUG - PIL.PngImagePlugin - STREAM b'caBX' 41 5758
2026-09-08 23:33:26,780 - DEBUG - PIL.PngImagePlugin - b'caBX' 41 5758 (unknown)
2026-09-08 23:33:26,780 - DEBUG - PIL.PngImagePlugin - STREAM b'IDAT' 5811 65536
2026-09-08 23:33:26,808 - DEBUG - PIL.PngImagePlugin - STREAM b'IHDR' 16 13
2026-09-08 23:33:26,808 - DEBUG - PIL.PngImagePlugin - STREAM b'IDAT' 41 53758
2026-09-08 23:33:26,812 - DEBUG - PIL.PngImagePlugin - STREAM b'IHDR' 16 13
2026-09-08 23:33:26,812 - DEBUG - PIL.PngImagePlugin - STREAM b'IDAT' 41 32768
2026-09-08 23:33:26,819 - DEBUG - PIL.PngImagePlugin - STREAM b'IHDR' 16 13
2026-09-08 23:33:26,819 - DEBUG - PIL.PngImagePlugin - STREAM b'IDAT' 41 65536
2026-09-08 23:33:26,822 - DEBUG - PIL.PngImagePlugin - STREAM b'IHDR' 16 13
2026-09-08 23:33:26,822 - DEBUG - PIL.PngImagePlugin - STREAM b'IDAT' 41 58612
2026-09-08 23:33:26,825 - DEBUG - PIL.PngImagePlugin - STREAM b'IHDR' 16 13
2026-09-08 23:33:26,825 - DEBUG - PIL.PngImagePlugin - STREAM b'IDAT' 41 63613
2026-09-08 23:33:26,829 - DEBUG - PIL.PngImagePlugin - STREAM b'IHDR' 16 13
2026-09-08 23:33:26,829 - DEBUG - PIL.PngImagePlugin - STREAM b'IDAT' 41 65536
2026-09-08 23:33:26,833 - DEBUG - PIL.PngImagePlugin - STREAM b'IHDR' 16 13
2026-09-08 23:33:26,833 - DEBUG - PIL.PngImagePlugin - STREAM b'IDAT' 41 63580
2026-09-08 23:33:26,837 - DEBUG - PIL.PngImagePlugin - STREAM b'IHDR' 16 13
2026-09-08 23:33:26,837 - DEBUG - PIL.PngImagePlugin - STREAM b'IDAT' 41 64126
2026-09-08 23:33:26,841 - DEBUG - PIL.PngImagePlugin - STREAM b'IHDR' 16 13
2026-09-08 23:33:26,841 - DEBUG - PIL.PngImagePlugin - STREAM b'IDAT' 41 64126
2026-09-08 23:33:26,845 - DEBUG - PIL.PngImagePlugin - STREAM b'IHDR' 16 13
2026-09-08 23:33:26,845 - DEBUG - PIL.PngImagePlugin - STREAM b'IDAT' 41 64126
2026-09-08 23:33:26,849 - DEBUG - PIL.PngImagePlugin - STREAM b'IHDR' 16 13
2026-09-08 23:33:26,849 - DEBUG - PIL.PngImagePlugin - STREAM b'IDAT' 41 56150
2026-09-08 23:33:26,853 - DEBUG - PIL.PngImagePlugin - STREAM b'IHDR' 16 13
2026-09-08 23:33:26,853 - DEBUG - PIL.PngImagePlugin - STREAM b'IDAT' 41 64126
2026-09-08 23:33:26,856 - DEBUG - PIL.PngImagePlugin - STREAM b'IHDR' 16 13
2026-09-08 23:33:26,857 - DEBUG - PIL.PngImagePlugin - STREAM b'IDAT' 41 64126
2026-09-08 23:33:26,869 - DEBUG - PIL.PngImagePlugin - STREAM b'IHDR' 16 13
2026-09-08 23:33:26,869 - DEBUG - PIL.PngImagePlugin - STREAM b'IDAT' 41 62450
2026-09-08 23:35:26,907 - DEBUG - urllib3.connectionpool - Starting new HTTPS connection (1): www.gamerpower.com:443
2026-09-08 23:35:27,046 - DEBUG - urllib3.connectionpool - https://www.gamerpower.com:443 "GET /api/giveaways?type=game HTTP/1.1" 200 None
2026-09-08 23:35:27,050 - DEBUG - PIL.PngImagePlugin - STREAM b'IHDR' 16 13
2026-09-08 23:35:27,051 - DEBUG - PIL.PngImagePlugin - STREAM b'IDAT' 41 28109
2026-09-08 23:35:27,054 - DEBUG - PIL.PngImagePlugin - STREAM b'IHDR' 16 13
2026-09-08 23:35:27,055 - DEBUG - PIL.PngImagePlugin - STREAM b'IDAT' 41 54256
2026-09-08 23:35:27,057 - DEBUG - PIL.PngImagePlugin - STREAM b'IHDR' 16 13
2026-09-08 23:35:27,058 - DEBUG - PIL.PngImagePlugin - STREAM b'IDAT' 41 34365
2026-09-08 23:35:27,060 - DEBUG - PIL.PngImagePlugin - STREAM b'IHDR' 16 13
2026-09-08 23:35:27,060 - DEBUG - PIL.PngImagePlugin - STREAM b'IDAT' 41 54256
2026-09-08 23:36:13,152 - INFO - KGameTracker - ℹ️  ==================================================
2026-09-08 23:36:13,153 - INFO - KGameTracker - ℹ️  K GAME TRACKER - CERRADA
2026-09-08 23:36:13,153 - INFO - KGameTracker - ℹ️  ==================================================
2026-09-08 23:36:55,698 - INFO - KGameTracker - ℹ️  ==================================================
2026-09-08 23:36:55,698 - INFO - KGameTracker - ℹ️  K GAME TRACKER - INICIADA
2026-09-08 23:36:55,698 - INFO - KGameTracker - ℹ️  ==================================================
2026-09-08 23:36:55,839 - DEBUG - PIL.Image - Importing PngImagePlugin
2026-09-08 23:36:55,846 - DEBUG - PIL.PngImagePlugin - STREAM b'IHDR' 16 13
2026-09-08 23:36:55,847 - DEBUG - PIL.PngImagePlugin - STREAM b'caBX' 41 5758
2026-09-08 23:36:55,847 - DEBUG - PIL.PngImagePlugin - b'caBX' 41 5758 (unknown)
2026-09-08 23:36:55,847 - DEBUG - PIL.PngImagePlugin - STREAM b'IDAT' 5811 65536
2026-09-08 23:36:58,007 - DEBUG - PIL.PngImagePlugin - STREAM b'IHDR' 16 13
2026-09-08 23:36:58,008 - DEBUG - PIL.PngImagePlugin - STREAM b'caBX' 41 5758
2026-09-08 23:36:58,008 - DEBUG - PIL.PngImagePlugin - b'caBX' 41 5758 (unknown)
2026-09-08 23:36:58,008 - DEBUG - PIL.PngImagePlugin - STREAM b'IDAT' 5811 65536
2026-09-08 23:36:58,037 - DEBUG - PIL.PngImagePlugin - STREAM b'IHDR' 16 13
2026-09-08 23:36:58,037 - DEBUG - PIL.PngImagePlugin - STREAM b'IDAT' 41 53758
2026-09-08 23:36:58,040 - DEBUG - PIL.PngImagePlugin - STREAM b'IHDR' 16 13
2026-09-08 23:36:58,040 - DEBUG - PIL.PngImagePlugin - STREAM b'IDAT' 41 32768
2026-09-08 23:36:58,046 - DEBUG - PIL.PngImagePlugin - STREAM b'IHDR' 16 13
2026-09-08 23:36:58,047 - DEBUG - PIL.PngImagePlugin - STREAM b'IDAT' 41 65536
2026-09-08 23:36:58,049 - DEBUG - PIL.PngImagePlugin - STREAM b'IHDR' 16 13
2026-09-08 23:36:58,049 - DEBUG - PIL.PngImagePlugin - STREAM b'IDAT' 41 58612
2026-09-08 23:36:58,052 - DEBUG - PIL.PngImagePlugin - STREAM b'IHDR' 16 13
2026-09-08 23:36:58,053 - DEBUG - PIL.PngImagePlugin - STREAM b'IDAT' 41 63613
2026-09-08 23:36:58,056 - DEBUG - PIL.PngImagePlugin - STREAM b'IHDR' 16 13
2026-09-08 23:36:58,056 - DEBUG - PIL.PngImagePlugin - STREAM b'IDAT' 41 65536
2026-09-08 23:36:58,060 - DEBUG - PIL.PngImagePlugin - STREAM b'IHDR' 16 13
2026-09-08 23:36:58,060 - DEBUG - PIL.PngImagePlugin - STREAM b'IDAT' 41 63580
2026-09-08 23:36:58,064 - DEBUG - PIL.PngImagePlugin - STREAM b'IHDR' 16 13
2026-09-08 23:36:58,065 - DEBUG - PIL.PngImagePlugin - STREAM b'IDAT' 41 64126
2026-09-08 23:36:58,068 - DEBUG - PIL.PngImagePlugin - STREAM b'IHDR' 16 13
2026-09-08 23:36:58,068 - DEBUG - PIL.PngImagePlugin - STREAM b'IDAT' 41 64126
2026-09-08 23:36:58,072 - DEBUG - PIL.PngImagePlugin - STREAM b'IHDR' 16 13
2026-09-08 23:36:58,073 - DEBUG - PIL.PngImagePlugin - STREAM b'IDAT' 41 64126
2026-09-08 23:36:58,076 - DEBUG - PIL.PngImagePlugin - STREAM b'IHDR' 16 13
2026-09-08 23:36:58,077 - DEBUG - PIL.PngImagePlugin - STREAM b'IDAT' 41 56150
2026-09-08 23:36:58,081 - DEBUG - PIL.PngImagePlugin - STREAM b'IHDR' 16 13
2026-09-08 23:36:58,081 - DEBUG - PIL.PngImagePlugin - STREAM b'IDAT' 41 64126
2026-09-08 23:36:58,084 - DEBUG - PIL.PngImagePlugin - STREAM b'IHDR' 16 13
2026-09-08 23:36:58,085 - DEBUG - PIL.PngImagePlugin - STREAM b'IDAT' 41 64126
2026-09-08 23:36:58,102 - DEBUG - PIL.PngImagePlugin - STREAM b'IHDR' 16 13
2026-09-08 23:36:58,102 - DEBUG - PIL.PngImagePlugin - STREAM b'IDAT' 41 62450
2026-09-08 23:37:01,637 - DEBUG - urllib3.connectionpool - Starting new HTTPS connection (1): www.gamerpower.com:443
2026-09-08 23:37:01,756 - DEBUG - urllib3.connectionpool - https://www.gamerpower.com:443 "GET /api/giveaways?type=game HTTP/1.1" 200 None
2026-09-08 23:37:02,211 - DEBUG - PIL.PngImagePlugin - STREAM b'IHDR' 16 13
2026-09-08 23:37:02,211 - DEBUG - PIL.PngImagePlugin - STREAM b'IDAT' 41 28109
2026-09-08 23:37:02,214 - DEBUG - PIL.PngImagePlugin - STREAM b'IHDR' 16 13
2026-09-08 23:37:02,214 - DEBUG - PIL.PngImagePlugin - STREAM b'IDAT' 41 54256
2026-09-08 23:37:02,216 - DEBUG - PIL.PngImagePlugin - STREAM b'IHDR' 16 13
2026-09-08 23:37:02,216 - DEBUG - PIL.PngImagePlugin - STREAM b'IDAT' 41 34365
2026-09-08 23:37:02,219 - DEBUG - PIL.PngImagePlugin - STREAM b'IHDR' 16 13
2026-09-08 23:37:02,219 - DEBUG - PIL.PngImagePlugin - STREAM b'IDAT' 41 54256
2026-09-08 23:37:05,624 - INFO - KGameTracker - ℹ️  ==================================================
2026-09-08 23:37:05,624 - INFO - KGameTracker - ℹ️  K GAME TRACKER - CERRADA
2026-09-08 23:37:05,624 - INFO - KGameTracker - ℹ️  ==================================================
2026-09-08 23:37:40,092 - INFO - KGameTracker - ℹ️  ==================================================
2026-09-08 23:37:40,092 - INFO - KGameTracker - ℹ️  K GAME TRACKER - INICIADA
2026-09-08 23:37:40,093 - INFO - KGameTracker - ℹ️  ==================================================
2026-09-08 23:37:40,236 - DEBUG - PIL.Image - Importing PngImagePlugin
2026-09-08 23:37:40,243 - DEBUG - PIL.PngImagePlugin - STREAM b'IHDR' 16 13
2026-09-08 23:37:40,243 - DEBUG - PIL.PngImagePlugin - STREAM b'caBX' 41 5758
2026-09-08 23:37:40,243 - DEBUG - PIL.PngImagePlugin - b'caBX' 41 5758 (unknown)
2026-09-08 23:37:40,244 - DEBUG - PIL.PngImagePlugin - STREAM b'IDAT' 5811 65536
2026-09-08 23:37:42,377 - DEBUG - PIL.PngImagePlugin - STREAM b'IHDR' 16 13
2026-09-08 23:37:42,377 - DEBUG - PIL.PngImagePlugin - STREAM b'caBX' 41 5758
2026-09-08 23:37:42,378 - DEBUG - PIL.PngImagePlugin - b'caBX' 41 5758 (unknown)
2026-09-08 23:37:42,378 - DEBUG - PIL.PngImagePlugin - STREAM b'IDAT' 5811 65536
2026-09-08 23:37:42,403 - DEBUG - PIL.PngImagePlugin - STREAM b'IHDR' 16 13
2026-09-08 23:37:42,403 - DEBUG - PIL.PngImagePlugin - STREAM b'IDAT' 41 53758
2026-09-08 23:37:42,406 - DEBUG - PIL.PngImagePlugin - STREAM b'IHDR' 16 13
2026-09-08 23:37:42,406 - DEBUG - PIL.PngImagePlugin - STREAM b'IDAT' 41 32768
2026-09-08 23:37:42,412 - DEBUG - PIL.PngImagePlugin - STREAM b'IHDR' 16 13
2026-09-08 23:37:42,412 - DEBUG - PIL.PngImagePlugin - STREAM b'IDAT' 41 65536
2026-09-08 23:37:42,415 - DEBUG - PIL.PngImagePlugin - STREAM b'IHDR' 16 13
2026-09-08 23:37:42,415 - DEBUG - PIL.PngImagePlugin - STREAM b'IDAT' 41 58612
2026-09-08 23:37:42,418 - DEBUG - PIL.PngImagePlugin - STREAM b'IHDR' 16 13
2026-09-08 23:37:42,418 - DEBUG - PIL.PngImagePlugin - STREAM b'IDAT' 41 63613
2026-09-08 23:37:42,421 - DEBUG - PIL.PngImagePlugin - STREAM b'IHDR' 16 13
2026-09-08 23:37:42,421 - DEBUG - PIL.PngImagePlugin - STREAM b'IDAT' 41 65536
2026-09-08 23:37:42,425 - DEBUG - PIL.PngImagePlugin - STREAM b'IHDR' 16 13
2026-09-08 23:37:42,425 - DEBUG - PIL.PngImagePlugin - STREAM b'IDAT' 41 63580
2026-09-08 23:37:42,428 - DEBUG - PIL.PngImagePlugin - STREAM b'IHDR' 16 13
2026-09-08 23:37:42,429 - DEBUG - PIL.PngImagePlugin - STREAM b'IDAT' 41 64126
2026-09-08 23:37:42,432 - DEBUG - PIL.PngImagePlugin - STREAM b'IHDR' 16 13
2026-09-08 23:37:42,432 - DEBUG - PIL.PngImagePlugin - STREAM b'IDAT' 41 64126
2026-09-08 23:37:42,436 - DEBUG - PIL.PngImagePlugin - STREAM b'IHDR' 16 13
2026-09-08 23:37:42,436 - DEBUG - PIL.PngImagePlugin - STREAM b'IDAT' 41 64126
2026-09-08 23:37:42,439 - DEBUG - PIL.PngImagePlugin - STREAM b'IHDR' 16 13
2026-09-08 23:37:42,439 - DEBUG - PIL.PngImagePlugin - STREAM b'IDAT' 41 56150
2026-09-08 23:37:42,443 - DEBUG - PIL.PngImagePlugin - STREAM b'IHDR' 16 13
2026-09-08 23:37:42,443 - DEBUG - PIL.PngImagePlugin - STREAM b'IDAT' 41 64126
2026-09-08 23:37:42,446 - DEBUG - PIL.PngImagePlugin - STREAM b'IHDR' 16 13
2026-09-08 23:37:42,447 - DEBUG - PIL.PngImagePlugin - STREAM b'IDAT' 41 64126
2026-09-08 23:37:42,515 - DEBUG - PIL.PngImagePlugin - STREAM b'IHDR' 16 13
2026-09-08 23:37:42,515 - DEBUG - PIL.PngImagePlugin - STREAM b'IDAT' 41 62450
2026-09-08 23:37:47,673 - DEBUG - urllib3.connectionpool - Starting new HTTPS connection (1): www.gamerpower.com:443
2026-09-08 23:37:47,788 - DEBUG - urllib3.connectionpool - https://www.gamerpower.com:443 "GET /api/giveaways?type=game HTTP/1.1" 200 None
2026-09-08 23:37:48,636 - DEBUG - PIL.PngImagePlugin - STREAM b'IHDR' 16 13
2026-09-08 23:37:48,636 - DEBUG - PIL.PngImagePlugin - STREAM b'IDAT' 41 28109
2026-09-08 23:37:48,639 - DEBUG - PIL.PngImagePlugin - STREAM b'IHDR' 16 13
2026-09-08 23:37:48,639 - DEBUG - PIL.PngImagePlugin - STREAM b'IDAT' 41 54256
2026-09-08 23:37:48,641 - DEBUG - PIL.PngImagePlugin - STREAM b'IHDR' 16 13
2026-09-08 23:37:48,641 - DEBUG - PIL.PngImagePlugin - STREAM b'IDAT' 41 34365
2026-09-08 23:37:48,644 - DEBUG - PIL.PngImagePlugin - STREAM b'IHDR' 16 13
2026-09-08 23:37:48,644 - DEBUG - PIL.PngImagePlugin - STREAM b'IDAT' 41 54256
2026-09-08 23:37:52,173 - DEBUG - PIL.PngImagePlugin - STREAM b'IHDR' 16 13
2026-09-08 23:37:52,173 - DEBUG - PIL.PngImagePlugin - STREAM b'IDAT' 41 54256
2026-09-08 23:37:58,301 - DEBUG - PIL.PngImagePlugin - STREAM b'IHDR' 16 13
2026-09-08 23:37:58,301 - DEBUG - PIL.PngImagePlugin - STREAM b'IDAT' 41 54256
2026-09-08 23:38:00,176 - DEBUG - PIL.PngImagePlugin - STREAM b'IHDR' 16 13
2026-09-08 23:38:00,176 - DEBUG - PIL.PngImagePlugin - STREAM b'IDAT' 41 54256
2026-09-08 23:38:00,621 - DEBUG - PIL.PngImagePlugin - STREAM b'IHDR' 16 13
2026-09-08 23:38:00,621 - DEBUG - PIL.PngImagePlugin - STREAM b'IDAT' 41 54256
2026-09-08 23:38:01,890 - DEBUG - PIL.PngImagePlugin - STREAM b'IHDR' 16 13
2026-09-08 23:38:01,890 - DEBUG - PIL.PngImagePlugin - STREAM b'IDAT' 41 54256
2026-09-08 23:38:05,838 - DEBUG - PIL.PngImagePlugin - STREAM b'IHDR' 16 13
2026-09-08 23:38:05,839 - DEBUG - PIL.PngImagePlugin - STREAM b'IDAT' 41 54256
2026-09-08 23:38:18,043 - INFO - KGameTracker - ℹ️  ==================================================
2026-09-08 23:38:18,043 - INFO - KGameTracker - ℹ️  K GAME TRACKER - CERRADA
2026-09-08 23:38:18,043 - INFO - KGameTracker - ℹ️  ==================================================
2026-09-08 23:41:14,139 - INFO - KGameTracker - ℹ️  ==================================================
2026-09-08 23:41:14,139 - INFO - KGameTracker - ℹ️  K GAME TRACKER - INICIADA
2026-09-08 23:41:14,140 - INFO - KGameTracker - ℹ️  ==================================================
2026-09-08 23:41:14,299 - DEBUG - PIL.Image - Importing PngImagePlugin
2026-09-08 23:41:14,306 - DEBUG - PIL.PngImagePlugin - STREAM b'IHDR' 16 13
2026-09-08 23:41:14,306 - DEBUG - PIL.PngImagePlugin - STREAM b'caBX' 41 5758
2026-09-08 23:41:14,306 - DEBUG - PIL.PngImagePlugin - b'caBX' 41 5758 (unknown)
2026-09-08 23:41:14,306 - DEBUG - PIL.PngImagePlugin - STREAM b'IDAT' 5811 65536
2026-09-08 23:41:16,464 - DEBUG - PIL.PngImagePlugin - STREAM b'IHDR' 16 13
2026-09-08 23:41:16,464 - DEBUG - PIL.PngImagePlugin - STREAM b'caBX' 41 5758
2026-09-08 23:41:16,464 - DEBUG - PIL.PngImagePlugin - b'caBX' 41 5758 (unknown)
2026-09-08 23:41:16,465 - DEBUG - PIL.PngImagePlugin - STREAM b'IDAT' 5811 65536
2026-09-08 23:41:16,490 - DEBUG - PIL.PngImagePlugin - STREAM b'IHDR' 16 13
2026-09-08 23:41:16,490 - DEBUG - PIL.PngImagePlugin - STREAM b'IDAT' 41 53758
2026-09-08 23:41:16,495 - DEBUG - PIL.PngImagePlugin - STREAM b'IHDR' 16 13
2026-09-08 23:41:16,495 - DEBUG - PIL.PngImagePlugin - STREAM b'IDAT' 41 32768
2026-09-08 23:41:16,501 - DEBUG - PIL.PngImagePlugin - STREAM b'IHDR' 16 13
2026-09-08 23:41:16,501 - DEBUG - PIL.PngImagePlugin - STREAM b'IDAT' 41 65536
2026-09-08 23:41:16,504 - DEBUG - PIL.PngImagePlugin - STREAM b'IHDR' 16 13
2026-09-08 23:41:16,504 - DEBUG - PIL.PngImagePlugin - STREAM b'IDAT' 41 58612
2026-09-08 23:41:16,507 - DEBUG - PIL.PngImagePlugin - STREAM b'IHDR' 16 13
2026-09-08 23:41:16,507 - DEBUG - PIL.PngImagePlugin - STREAM b'IDAT' 41 63613
2026-09-08 23:41:16,511 - DEBUG - PIL.PngImagePlugin - STREAM b'IHDR' 16 13
2026-09-08 23:41:16,511 - DEBUG - PIL.PngImagePlugin - STREAM b'IDAT' 41 65536
2026-09-08 23:41:16,514 - DEBUG - PIL.PngImagePlugin - STREAM b'IHDR' 16 13
2026-09-08 23:41:16,514 - DEBUG - PIL.PngImagePlugin - STREAM b'IDAT' 41 63580
2026-09-08 23:41:16,518 - DEBUG - PIL.PngImagePlugin - STREAM b'IHDR' 16 13
2026-09-08 23:41:16,518 - DEBUG - PIL.PngImagePlugin - STREAM b'IDAT' 41 64126
2026-09-08 23:41:16,522 - DEBUG - PIL.PngImagePlugin - STREAM b'IHDR' 16 13
2026-09-08 23:41:16,522 - DEBUG - PIL.PngImagePlugin - STREAM b'IDAT' 41 64126
2026-09-08 23:41:16,525 - DEBUG - PIL.PngImagePlugin - STREAM b'IHDR' 16 13
2026-09-08 23:41:16,525 - DEBUG - PIL.PngImagePlugin - STREAM b'IDAT' 41 64126
2026-09-08 23:41:16,529 - DEBUG - PIL.PngImagePlugin - STREAM b'IHDR' 16 13
2026-09-08 23:41:16,529 - DEBUG - PIL.PngImagePlugin - STREAM b'IDAT' 41 56150
2026-09-08 23:41:16,532 - DEBUG - PIL.PngImagePlugin - STREAM b'IHDR' 16 13
2026-09-08 23:41:16,532 - DEBUG - PIL.PngImagePlugin - STREAM b'IDAT' 41 64126
2026-09-08 23:41:16,536 - DEBUG - PIL.PngImagePlugin - STREAM b'IHDR' 16 13
2026-09-08 23:41:16,536 - DEBUG - PIL.PngImagePlugin - STREAM b'IDAT' 41 64126
2026-09-08 23:41:16,571 - DEBUG - PIL.PngImagePlugin - STREAM b'IHDR' 16 13
2026-09-08 23:41:16,571 - DEBUG - PIL.PngImagePlugin - STREAM b'IDAT' 41 62450
2026-09-08 23:41:17,758 - DEBUG - PIL.PngImagePlugin - STREAM b'IHDR' 16 13
2026-09-08 23:41:17,758 - DEBUG - PIL.PngImagePlugin - STREAM b'IDAT' 41 34365
2026-09-08 23:41:20,498 - DEBUG - PIL.PngImagePlugin - STREAM b'IHDR' 16 13
2026-09-08 23:41:20,498 - DEBUG - PIL.PngImagePlugin - STREAM b'IDAT' 41 54256
2026-09-08 23:41:24,685 - DEBUG - PIL.PngImagePlugin - STREAM b'IHDR' 16 13
2026-09-08 23:41:24,686 - DEBUG - PIL.PngImagePlugin - STREAM b'IDAT' 41 54256
2026-09-08 23:41:26,656 - DEBUG - urllib3.connectionpool - Starting new HTTPS connection (1): www.gamerpower.com:443
2026-09-08 23:41:26,782 - DEBUG - urllib3.connectionpool - https://www.gamerpower.com:443 "GET /api/giveaways?type=game HTTP/1.1" 200 None
2026-09-08 23:41:27,924 - DEBUG - PIL.PngImagePlugin - STREAM b'IHDR' 16 13
2026-09-08 23:41:27,924 - DEBUG - PIL.PngImagePlugin - STREAM b'IDAT' 41 28109
2026-09-08 23:41:27,926 - DEBUG - PIL.PngImagePlugin - STREAM b'IHDR' 16 13
2026-09-08 23:41:27,927 - DEBUG - PIL.PngImagePlugin - STREAM b'IDAT' 41 54256
2026-09-08 23:41:31,880 - DEBUG - urllib3.connectionpool - Starting new HTTPS connection (1): www.gamerpower.com:443
2026-09-08 23:41:31,999 - DEBUG - urllib3.connectionpool - https://www.gamerpower.com:443 "GET /api/giveaways?type=game HTTP/1.1" 200 None
2026-09-08 23:41:34,053 - DEBUG - PIL.PngImagePlugin - STREAM b'IHDR' 16 13
2026-09-08 23:41:34,053 - DEBUG - PIL.PngImagePlugin - STREAM b'IDAT' 41 28109
2026-09-08 23:41:34,055 - DEBUG - PIL.PngImagePlugin - STREAM b'IHDR' 16 13
2026-09-08 23:41:34,056 - DEBUG - PIL.PngImagePlugin - STREAM b'IDAT' 41 54256
2026-09-08 23:41:34,060 - DEBUG - PIL.PngImagePlugin - STREAM b'IHDR' 16 13
2026-09-08 23:41:34,061 - DEBUG - PIL.PngImagePlugin - STREAM b'IDAT' 41 34365
2026-09-08 23:41:34,063 - DEBUG - PIL.PngImagePlugin - STREAM b'IHDR' 16 13
2026-09-08 23:41:34,063 - DEBUG - PIL.PngImagePlugin - STREAM b'IDAT' 41 54256
2026-09-08 23:41:35,655 - DEBUG - PIL.PngImagePlugin - STREAM b'IHDR' 16 13
2026-09-08 23:41:35,656 - DEBUG - PIL.PngImagePlugin - STREAM b'IDAT' 41 54256
2026-09-08 23:41:35,662 - DEBUG - PIL.PngImagePlugin - STREAM b'IHDR' 16 13
2026-09-08 23:41:35,662 - DEBUG - PIL.PngImagePlugin - STREAM b'IDAT' 41 54256
2026-09-08 23:41:37,171 - DEBUG - PIL.PngImagePlugin - STREAM b'IHDR' 16 13
2026-09-08 23:41:37,171 - DEBUG - PIL.PngImagePlugin - STREAM b'IDAT' 41 54256
2026-09-08 23:41:49,212 - INFO - KGameTracker - ℹ️  ==================================================
2026-09-08 23:41:49,212 - INFO - KGameTracker - ℹ️  K GAME TRACKER - CERRADA
2026-09-08 23:41:49,212 - INFO - KGameTracker - ℹ️  ==================================================
2026-09-08 23:45:50,709 - INFO - KGameTracker - ℹ️  ==================================================
2026-09-08 23:45:50,710 - INFO - KGameTracker - ℹ️  K GAME TRACKER - INICIADA
2026-09-08 23:45:50,710 - INFO - KGameTracker - ℹ️  ==================================================
2026-09-08 23:45:50,861 - DEBUG - PIL.Image - Importing PngImagePlugin
2026-09-08 23:45:50,867 - DEBUG - PIL.PngImagePlugin - STREAM b'IHDR' 16 13
2026-09-08 23:45:50,868 - DEBUG - PIL.PngImagePlugin - STREAM b'caBX' 41 5758
2026-09-08 23:45:50,868 - DEBUG - PIL.PngImagePlugin - b'caBX' 41 5758 (unknown)
2026-09-08 23:45:50,868 - DEBUG - PIL.PngImagePlugin - STREAM b'IDAT' 5811 65536
2026-09-08 23:45:53,024 - DEBUG - PIL.PngImagePlugin - STREAM b'IHDR' 16 13
2026-09-08 23:45:53,024 - DEBUG - PIL.PngImagePlugin - STREAM b'caBX' 41 5758
2026-09-08 23:45:53,024 - DEBUG - PIL.PngImagePlugin - b'caBX' 41 5758 (unknown)
2026-09-08 23:45:53,024 - DEBUG - PIL.PngImagePlugin - STREAM b'IDAT' 5811 65536
2026-09-08 23:45:53,051 - DEBUG - PIL.PngImagePlugin - STREAM b'IHDR' 16 13
2026-09-08 23:45:53,051 - DEBUG - PIL.PngImagePlugin - STREAM b'IDAT' 41 53758
2026-09-08 23:45:53,055 - DEBUG - PIL.PngImagePlugin - STREAM b'IHDR' 16 13
2026-09-08 23:45:53,055 - DEBUG - PIL.PngImagePlugin - STREAM b'IDAT' 41 32768
2026-09-08 23:45:53,061 - DEBUG - PIL.PngImagePlugin - STREAM b'IHDR' 16 13
2026-09-08 23:45:53,061 - DEBUG - PIL.PngImagePlugin - STREAM b'IDAT' 41 65536
2026-09-08 23:45:53,064 - DEBUG - PIL.PngImagePlugin - STREAM b'IHDR' 16 13
2026-09-08 23:45:53,064 - DEBUG - PIL.PngImagePlugin - STREAM b'IDAT' 41 58612
2026-09-08 23:45:53,067 - DEBUG - PIL.PngImagePlugin - STREAM b'IHDR' 16 13
2026-09-08 23:45:53,067 - DEBUG - PIL.PngImagePlugin - STREAM b'IDAT' 41 63613
2026-09-08 23:45:53,071 - DEBUG - PIL.PngImagePlugin - STREAM b'IHDR' 16 13
2026-09-08 23:45:53,071 - DEBUG - PIL.PngImagePlugin - STREAM b'IDAT' 41 65536
2026-09-08 23:45:53,075 - DEBUG - PIL.PngImagePlugin - STREAM b'IHDR' 16 13
2026-09-08 23:45:53,075 - DEBUG - PIL.PngImagePlugin - STREAM b'IDAT' 41 63580
2026-09-08 23:45:53,078 - DEBUG - PIL.PngImagePlugin - STREAM b'IHDR' 16 13
2026-09-08 23:45:53,078 - DEBUG - PIL.PngImagePlugin - STREAM b'IDAT' 41 64126
2026-09-08 23:45:53,082 - DEBUG - PIL.PngImagePlugin - STREAM b'IHDR' 16 13
2026-09-08 23:45:53,082 - DEBUG - PIL.PngImagePlugin - STREAM b'IDAT' 41 64126
2026-09-08 23:45:53,086 - DEBUG - PIL.PngImagePlugin - STREAM b'IHDR' 16 13
2026-09-08 23:45:53,086 - DEBUG - PIL.PngImagePlugin - STREAM b'IDAT' 41 64126
2026-09-08 23:45:53,089 - DEBUG - PIL.PngImagePlugin - STREAM b'IHDR' 16 13
2026-09-08 23:45:53,089 - DEBUG - PIL.PngImagePlugin - STREAM b'IDAT' 41 56150
2026-09-08 23:45:53,093 - DEBUG - PIL.PngImagePlugin - STREAM b'IHDR' 16 13
2026-09-08 23:45:53,093 - DEBUG - PIL.PngImagePlugin - STREAM b'IDAT' 41 64126
2026-09-08 23:45:53,096 - DEBUG - PIL.PngImagePlugin - STREAM b'IHDR' 16 13
2026-09-08 23:45:53,097 - DEBUG - PIL.PngImagePlugin - STREAM b'IDAT' 41 64126
2026-09-08 23:45:53,133 - DEBUG - PIL.PngImagePlugin - STREAM b'IHDR' 16 13
2026-09-08 23:45:53,133 - DEBUG - PIL.PngImagePlugin - STREAM b'IDAT' 41 62450
2026-09-08 23:45:53,952 - DEBUG - PIL.PngImagePlugin - STREAM b'IHDR' 16 13
2026-09-08 23:45:53,953 - DEBUG - PIL.PngImagePlugin - STREAM b'IDAT' 41 28109
2026-09-08 23:45:54,009 - DEBUG - PIL.PngImagePlugin - STREAM b'IHDR' 16 13
2026-09-08 23:45:54,009 - DEBUG - PIL.PngImagePlugin - STREAM b'IDAT' 41 34365
2026-09-08 23:45:55,440 - DEBUG - PIL.PngImagePlugin - STREAM b'IHDR' 16 13
2026-09-08 23:45:55,440 - DEBUG - PIL.PngImagePlugin - STREAM b'IDAT' 41 54256
2026-09-08 23:45:56,291 - DEBUG - PIL.PngImagePlugin - STREAM b'IHDR' 16 13
2026-09-08 23:45:56,291 - DEBUG - PIL.PngImagePlugin - STREAM b'IDAT' 41 54256
2026-09-08 23:45:56,296 - DEBUG - PIL.PngImagePlugin - STREAM b'IHDR' 16 13
2026-09-08 23:45:56,297 - DEBUG - PIL.PngImagePlugin - STREAM b'IDAT' 41 54256
2026-09-08 23:45:58,657 - DEBUG - urllib3.connectionpool - Starting new HTTPS connection (1): www.gamerpower.com:443
2026-09-08 23:45:58,794 - DEBUG - urllib3.connectionpool - https://www.gamerpower.com:443 "GET /api/giveaways?type=game HTTP/1.1" 200 None
2026-09-08 23:45:59,446 - DEBUG - urllib3.connectionpool - Starting new HTTPS connection (1): www.gamerpower.com:443
2026-09-08 23:45:59,539 - DEBUG - urllib3.connectionpool - https://www.gamerpower.com:443 "GET /api/giveaways?type=game HTTP/1.1" 200 None
2026-09-08 23:46:00,184 - DEBUG - PIL.PngImagePlugin - STREAM b'IHDR' 16 13
2026-09-08 23:46:00,185 - DEBUG - PIL.PngImagePlugin - STREAM b'IDAT' 41 28109
2026-09-08 23:46:00,187 - DEBUG - PIL.PngImagePlugin - STREAM b'IHDR' 16 13
2026-09-08 23:46:00,187 - DEBUG - PIL.PngImagePlugin - STREAM b'IDAT' 41 54256
2026-09-08 23:46:00,192 - DEBUG - PIL.PngImagePlugin - STREAM b'IHDR' 16 13
2026-09-08 23:46:00,192 - DEBUG - PIL.PngImagePlugin - STREAM b'IDAT' 41 34365
2026-09-08 23:46:00,194 - DEBUG - PIL.PngImagePlugin - STREAM b'IHDR' 16 13
2026-09-08 23:46:00,194 - DEBUG - PIL.PngImagePlugin - STREAM b'IDAT' 41 54256
2026-09-08 23:46:07,443 - DEBUG - PIL.PngImagePlugin - STREAM b'IHDR' 16 13
2026-09-08 23:46:07,443 - DEBUG - PIL.PngImagePlugin - STREAM b'IDAT' 41 54256
2026-09-08 23:46:08,603 - DEBUG - PIL.PngImagePlugin - STREAM b'IHDR' 16 13
2026-09-08 23:46:08,603 - DEBUG - PIL.PngImagePlugin - STREAM b'IDAT' 41 54256
2026-09-08 23:46:16,822 - DEBUG - PIL.PngImagePlugin - STREAM b'IHDR' 16 13
2026-09-08 23:46:16,822 - DEBUG - PIL.PngImagePlugin - STREAM b'IDAT' 41 54256
2026-09-08 23:46:16,827 - DEBUG - PIL.PngImagePlugin - STREAM b'IHDR' 16 13
2026-09-08 23:46:16,828 - DEBUG - PIL.PngImagePlugin - STREAM b'IDAT' 41 54256
2026-09-08 23:46:22,282 - INFO - KGameTracker - ℹ️  ==================================================
2026-09-08 23:46:22,282 - INFO - KGameTracker - ℹ️  K GAME TRACKER - CERRADA
2026-09-08 23:46:22,282 - INFO - KGameTracker - ℹ️  ==================================================
2026-09-08 23:47:59,344 - INFO - KGameTracker - ℹ️  ==================================================
2026-09-08 23:47:59,344 - INFO - KGameTracker - ℹ️  K GAME TRACKER - INICIADA
2026-09-08 23:47:59,344 - INFO - KGameTracker - ℹ️  ==================================================
2026-09-08 23:47:59,508 - DEBUG - PIL.Image - Importing PngImagePlugin
2026-09-08 23:47:59,515 - DEBUG - PIL.PngImagePlugin - STREAM b'IHDR' 16 13
2026-09-08 23:47:59,516 - DEBUG - PIL.PngImagePlugin - STREAM b'caBX' 41 5758
2026-09-08 23:47:59,516 - DEBUG - PIL.PngImagePlugin - b'caBX' 41 5758 (unknown)
2026-09-08 23:47:59,516 - DEBUG - PIL.PngImagePlugin - STREAM b'IDAT' 5811 65536
2026-09-08 23:48:01,675 - DEBUG - PIL.PngImagePlugin - STREAM b'IHDR' 16 13
2026-09-08 23:48:01,676 - DEBUG - PIL.PngImagePlugin - STREAM b'caBX' 41 5758
2026-09-08 23:48:01,676 - DEBUG - PIL.PngImagePlugin - b'caBX' 41 5758 (unknown)
2026-09-08 23:48:01,676 - DEBUG - PIL.PngImagePlugin - STREAM b'IDAT' 5811 65536
2026-09-08 23:48:01,701 - DEBUG - PIL.PngImagePlugin - STREAM b'IHDR' 16 13
2026-09-08 23:48:01,701 - DEBUG - PIL.PngImagePlugin - STREAM b'IDAT' 41 53758
2026-09-08 23:48:01,706 - DEBUG - PIL.PngImagePlugin - STREAM b'IHDR' 16 13
2026-09-08 23:48:01,706 - DEBUG - PIL.PngImagePlugin - STREAM b'IDAT' 41 32768
2026-09-08 23:48:01,712 - DEBUG - PIL.PngImagePlugin - STREAM b'IHDR' 16 13
2026-09-08 23:48:01,712 - DEBUG - PIL.PngImagePlugin - STREAM b'IDAT' 41 65536
2026-09-08 23:48:01,715 - DEBUG - PIL.PngImagePlugin - STREAM b'IHDR' 16 13
2026-09-08 23:48:01,715 - DEBUG - PIL.PngImagePlugin - STREAM b'IDAT' 41 58612
2026-09-08 23:48:01,717 - DEBUG - PIL.PngImagePlugin - STREAM b'IHDR' 16 13
2026-09-08 23:48:01,718 - DEBUG - PIL.PngImagePlugin - STREAM b'IDAT' 41 63613
2026-09-08 23:48:01,721 - DEBUG - PIL.PngImagePlugin - STREAM b'IHDR' 16 13
2026-09-08 23:48:01,721 - DEBUG - PIL.PngImagePlugin - STREAM b'IDAT' 41 65536
2026-09-08 23:48:01,725 - DEBUG - PIL.PngImagePlugin - STREAM b'IHDR' 16 13
2026-09-08 23:48:01,725 - DEBUG - PIL.PngImagePlugin - STREAM b'IDAT' 41 63580
2026-09-08 23:48:01,728 - DEBUG - PIL.PngImagePlugin - STREAM b'IHDR' 16 13
2026-09-08 23:48:01,728 - DEBUG - PIL.PngImagePlugin - STREAM b'IDAT' 41 64126
2026-09-08 23:48:01,732 - DEBUG - PIL.PngImagePlugin - STREAM b'IHDR' 16 13
2026-09-08 23:48:01,732 - DEBUG - PIL.PngImagePlugin - STREAM b'IDAT' 41 64126
2026-09-08 23:48:01,735 - DEBUG - PIL.PngImagePlugin - STREAM b'IHDR' 16 13
2026-09-08 23:48:01,735 - DEBUG - PIL.PngImagePlugin - STREAM b'IDAT' 41 64126
2026-09-08 23:48:01,739 - DEBUG - PIL.PngImagePlugin - STREAM b'IHDR' 16 13
2026-09-08 23:48:01,739 - DEBUG - PIL.PngImagePlugin - STREAM b'IDAT' 41 56150
2026-09-08 23:48:01,742 - DEBUG - PIL.PngImagePlugin - STREAM b'IHDR' 16 13
2026-09-08 23:48:01,742 - DEBUG - PIL.PngImagePlugin - STREAM b'IDAT' 41 64126
2026-09-08 23:48:01,746 - DEBUG - PIL.PngImagePlugin - STREAM b'IHDR' 16 13
2026-09-08 23:48:01,746 - DEBUG - PIL.PngImagePlugin - STREAM b'IDAT' 41 64126
2026-09-08 23:48:01,781 - DEBUG - PIL.PngImagePlugin - STREAM b'IHDR' 16 13
2026-09-08 23:48:01,781 - DEBUG - PIL.PngImagePlugin - STREAM b'IDAT' 41 62450
2026-09-08 23:48:03,616 - DEBUG - PIL.PngImagePlugin - STREAM b'IHDR' 16 13
2026-09-08 23:48:03,616 - DEBUG - PIL.PngImagePlugin - STREAM b'IDAT' 41 28109
2026-09-08 23:48:03,667 - DEBUG - PIL.PngImagePlugin - STREAM b'IHDR' 16 13
2026-09-08 23:48:03,667 - DEBUG - PIL.PngImagePlugin - STREAM b'IDAT' 41 34365
2026-09-08 23:48:05,844 - DEBUG - urllib3.connectionpool - Starting new HTTPS connection (1): www.gamerpower.com:443
2026-09-08 23:48:05,935 - DEBUG - urllib3.connectionpool - https://www.gamerpower.com:443 "GET /api/giveaways?type=game HTTP/1.1" 200 None
2026-09-08 23:48:13,079 - DEBUG - urllib3.connectionpool - Starting new HTTPS connection (1): www.gamerpower.com:443
2026-09-08 23:48:13,182 - DEBUG - urllib3.connectionpool - https://www.gamerpower.com:443 "GET /api/giveaways?type=game HTTP/1.1" 200 None
2026-09-08 23:48:13,752 - DEBUG - PIL.PngImagePlugin - STREAM b'IHDR' 16 13
2026-09-08 23:48:13,752 - DEBUG - PIL.PngImagePlugin - STREAM b'IDAT' 41 28109
2026-09-08 23:48:13,754 - DEBUG - PIL.PngImagePlugin - STREAM b'IHDR' 16 13
2026-09-08 23:48:13,755 - DEBUG - PIL.PngImagePlugin - STREAM b'IDAT' 41 54256
2026-09-08 23:48:13,761 - DEBUG - PIL.PngImagePlugin - STREAM b'IHDR' 16 13
2026-09-08 23:48:13,761 - DEBUG - PIL.PngImagePlugin - STREAM b'IDAT' 41 34365
2026-09-08 23:48:13,764 - DEBUG - PIL.PngImagePlugin - STREAM b'IHDR' 16 13
2026-09-08 23:48:13,764 - DEBUG - PIL.PngImagePlugin - STREAM b'IDAT' 41 54256
2026-09-08 23:48:16,683 - DEBUG - PIL.PngImagePlugin - STREAM b'IHDR' 16 13
2026-09-08 23:48:16,684 - DEBUG - PIL.PngImagePlugin - STREAM b'IDAT' 41 54256
2026-09-08 23:48:28,860 - INFO - KGameTracker - ℹ️  ==================================================
2026-09-08 23:48:28,860 - INFO - KGameTracker - ℹ️  K GAME TRACKER - CERRADA
2026-09-08 23:48:28,860 - INFO - KGameTracker - ℹ️  ==================================================
2026-09-08 23:49:40,966 - INFO - KGameTracker - ℹ️  ==================================================
2026-09-08 23:49:40,966 - INFO - KGameTracker - ℹ️  K GAME TRACKER - INICIADA
2026-09-08 23:49:40,967 - INFO - KGameTracker - ℹ️  ==================================================
2026-09-08 23:49:41,115 - DEBUG - PIL.Image - Importing PngImagePlugin
2026-09-08 23:49:41,122 - DEBUG - PIL.PngImagePlugin - STREAM b'IHDR' 16 13
2026-09-08 23:49:41,122 - DEBUG - PIL.PngImagePlugin - STREAM b'caBX' 41 5758
2026-09-08 23:49:41,122 - DEBUG - PIL.PngImagePlugin - b'caBX' 41 5758 (unknown)
2026-09-08 23:49:41,123 - DEBUG - PIL.PngImagePlugin - STREAM b'IDAT' 5811 65536
2026-09-08 23:49:43,267 - DEBUG - PIL.PngImagePlugin - STREAM b'IHDR' 16 13
2026-09-08 23:49:43,267 - DEBUG - PIL.PngImagePlugin - STREAM b'caBX' 41 5758
2026-09-08 23:49:43,267 - DEBUG - PIL.PngImagePlugin - b'caBX' 41 5758 (unknown)
2026-09-08 23:49:43,267 - DEBUG - PIL.PngImagePlugin - STREAM b'IDAT' 5811 65536
2026-09-08 23:49:43,293 - DEBUG - PIL.PngImagePlugin - STREAM b'IHDR' 16 13
2026-09-08 23:49:43,293 - DEBUG - PIL.PngImagePlugin - STREAM b'IDAT' 41 53758
2026-09-08 23:49:43,297 - DEBUG - PIL.PngImagePlugin - STREAM b'IHDR' 16 13
2026-09-08 23:49:43,298 - DEBUG - PIL.PngImagePlugin - STREAM b'IDAT' 41 32768
2026-09-08 23:49:43,303 - DEBUG - PIL.PngImagePlugin - STREAM b'IHDR' 16 13
2026-09-08 23:49:43,304 - DEBUG - PIL.PngImagePlugin - STREAM b'IDAT' 41 65536
2026-09-08 23:49:43,306 - DEBUG - PIL.PngImagePlugin - STREAM b'IHDR' 16 13
2026-09-08 23:49:43,306 - DEBUG - PIL.PngImagePlugin - STREAM b'IDAT' 41 58612
2026-09-08 23:49:43,309 - DEBUG - PIL.PngImagePlugin - STREAM b'IHDR' 16 13
2026-09-08 23:49:43,309 - DEBUG - PIL.PngImagePlugin - STREAM b'IDAT' 41 63613
2026-09-08 23:49:43,313 - DEBUG - PIL.PngImagePlugin - STREAM b'IHDR' 16 13
2026-09-08 23:49:43,313 - DEBUG - PIL.PngImagePlugin - STREAM b'IDAT' 41 65536
2026-09-08 23:49:43,316 - DEBUG - PIL.PngImagePlugin - STREAM b'IHDR' 16 13
2026-09-08 23:49:43,317 - DEBUG - PIL.PngImagePlugin - STREAM b'IDAT' 41 63580
2026-09-08 23:49:43,320 - DEBUG - PIL.PngImagePlugin - STREAM b'IHDR' 16 13
2026-09-08 23:49:43,320 - DEBUG - PIL.PngImagePlugin - STREAM b'IDAT' 41 64126
2026-09-08 23:49:43,323 - DEBUG - PIL.PngImagePlugin - STREAM b'IHDR' 16 13
2026-09-08 23:49:43,323 - DEBUG - PIL.PngImagePlugin - STREAM b'IDAT' 41 64126
2026-09-08 23:49:43,327 - DEBUG - PIL.PngImagePlugin - STREAM b'IHDR' 16 13
2026-09-08 23:49:43,327 - DEBUG - PIL.PngImagePlugin - STREAM b'IDAT' 41 64126
2026-09-08 23:49:43,330 - DEBUG - PIL.PngImagePlugin - STREAM b'IHDR' 16 13
2026-09-08 23:49:43,331 - DEBUG - PIL.PngImagePlugin - STREAM b'IDAT' 41 56150
2026-09-08 23:49:43,334 - DEBUG - PIL.PngImagePlugin - STREAM b'IHDR' 16 13
2026-09-08 23:49:43,334 - DEBUG - PIL.PngImagePlugin - STREAM b'IDAT' 41 64126
2026-09-08 23:49:43,338 - DEBUG - PIL.PngImagePlugin - STREAM b'IHDR' 16 13
2026-09-08 23:49:43,338 - DEBUG - PIL.PngImagePlugin - STREAM b'IDAT' 41 64126
2026-09-08 23:49:43,374 - DEBUG - PIL.PngImagePlugin - STREAM b'IHDR' 16 13
2026-09-08 23:49:43,374 - DEBUG - PIL.PngImagePlugin - STREAM b'IDAT' 41 62450
2026-09-08 23:49:46,221 - DEBUG - urllib3.connectionpool - Starting new HTTPS connection (1): www.gamerpower.com:443
2026-09-08 23:49:46,346 - DEBUG - urllib3.connectionpool - https://www.gamerpower.com:443 "GET /api/giveaways?type=game HTTP/1.1" 200 None
2026-09-08 23:49:48,941 - DEBUG - PIL.PngImagePlugin - STREAM b'IHDR' 16 13
2026-09-08 23:49:48,941 - DEBUG - PIL.PngImagePlugin - STREAM b'IDAT' 41 34143
2026-09-08 23:49:48,943 - DEBUG - PIL.PngImagePlugin - STREAM b'IHDR' 16 13
2026-09-08 23:49:48,944 - DEBUG - PIL.PngImagePlugin - STREAM b'IDAT' 41 54256
2026-09-08 23:49:48,951 - DEBUG - PIL.PngImagePlugin - STREAM b'IHDR' 16 13
2026-09-08 23:49:48,951 - DEBUG - PIL.PngImagePlugin - STREAM b'IDAT' 41 39888
2026-09-08 23:49:48,955 - DEBUG - PIL.PngImagePlugin - STREAM b'IHDR' 16 13
2026-09-08 23:49:48,955 - DEBUG - PIL.PngImagePlugin - STREAM b'IDAT' 41 54256
2026-09-08 23:49:50,556 - DEBUG - PIL.PngImagePlugin - STREAM b'IHDR' 16 13
2026-09-08 23:49:50,556 - DEBUG - PIL.PngImagePlugin - STREAM b'IDAT' 41 54256
2026-09-08 23:50:03,903 - DEBUG - PIL.PngImagePlugin - STREAM b'IHDR' 16 13
2026-09-08 23:50:03,903 - DEBUG - PIL.PngImagePlugin - STREAM b'IDAT' 41 54256
2026-09-08 23:50:03,908 - DEBUG - PIL.PngImagePlugin - STREAM b'IHDR' 16 13
2026-09-08 23:50:03,909 - DEBUG - PIL.PngImagePlugin - STREAM b'IDAT' 41 54256
2026-09-08 23:50:05,645 - DEBUG - PIL.PngImagePlugin - STREAM b'IHDR' 16 13
2026-09-08 23:50:05,645 - DEBUG - PIL.PngImagePlugin - STREAM b'IDAT' 41 54256
2026-09-08 23:50:25,984 - INFO - KGameTracker - ℹ️  ==================================================
2026-09-08 23:50:25,984 - INFO - KGameTracker - ℹ️  K GAME TRACKER - CERRADA
2026-09-08 23:50:25,984 - INFO - KGameTracker - ℹ️  ==================================================
