2026-09-10 00:15:40,808 - INFO - KGameTracker - ℹ️  ==================================================
2026-09-10 00:15:40,808 - INFO - KGameTracker - ℹ️  K GAME TRACKER - INICIADA
2026-09-10 00:15:40,809 - INFO - KGameTracker - ℹ️  ==================================================
2026-09-10 00:15:40,996 - DEBUG - PIL.Image - Importing PngImagePlugin
2026-09-10 00:15:41,004 - DEBUG - PIL.PngImagePlugin - STREAM b'IHDR' 16 13
2026-09-10 00:15:41,004 - DEBUG - PIL.PngImagePlugin - STREAM b'IDAT' 41 65536
2026-09-10 00:15:45,938 - DEBUG - PIL.PngImagePlugin - STREAM b'IHDR' 16 13
2026-09-10 00:15:45,940 - DEBUG - PIL.PngImagePlugin - STREAM b'IDAT' 41 65536
2026-09-10 00:15:45,993 - INFO - KGameTracker - ℹ️  ❌ Error creando la ventana principal: name 'os' is not defined
2026-09-10 00:15:45,998 - INFO - KGameTracker - ℹ️  ==================================================
2026-09-10 00:15:45,999 - INFO - KGameTracker - ℹ️  K GAME TRACKER - CERRADA
2026-09-10 00:15:45,999 - INFO - KGameTracker - ℹ️  ==================================================
2026-09-10 00:16:09,609 - INFO - KGameTracker - ℹ️  ==================================================
2026-09-10 00:16:09,609 - INFO - KGameTracker - ℹ️  K GAME TRACKER - INICIADA
2026-09-10 00:16:09,609 - INFO - KGameTracker - ℹ️  ==================================================
2026-09-10 00:16:09,791 - DEBUG - PIL.Image - Importing PngImagePlugin
2026-09-10 00:16:09,804 - DEBUG - PIL.PngImagePlugin - STREAM b'IHDR' 16 13
2026-09-10 00:16:09,804 - DEBUG - PIL.PngImagePlugin - STREAM b'IDAT' 41 65536
2026-09-10 00:16:14,801 - DEBUG - PIL.PngImagePlugin - STREAM b'IHDR' 16 13
2026-09-10 00:16:14,801 - DEBUG - PIL.PngImagePlugin - STREAM b'IDAT' 41 65536
2026-09-10 00:16:14,840 - DEBUG - PIL.PngImagePlugin - STREAM b'IHDR' 16 13
2026-09-10 00:16:14,840 - DEBUG - PIL.PngImagePlugin - STREAM b'IDAT' 41 54958
2026-09-10 00:16:14,847 - DEBUG - PIL.PngImagePlugin - STREAM b'IHDR' 16 13
2026-09-10 00:16:14,847 - DEBUG - PIL.PngImagePlugin - STREAM b'IDAT' 41 54668
2026-09-10 00:16:14,854 - DEBUG - PIL.PngImagePlugin - STREAM b'IHDR' 16 13
2026-09-10 00:16:14,854 - DEBUG - PIL.PngImagePlugin - STREAM b'IDAT' 41 50455
2026-09-10 00:16:14,859 - DEBUG - PIL.PngImagePlugin - STREAM b'IHDR' 16 13
2026-09-10 00:16:14,859 - DEBUG - PIL.PngImagePlugin - STREAM b'IDAT' 41 49252
2026-09-10 00:16:14,864 - DEBUG - PIL.PngImagePlugin - STREAM b'IHDR' 16 13
2026-09-10 00:16:14,864 - DEBUG - PIL.PngImagePlugin - STREAM b'IDAT' 41 55682
2026-09-10 00:16:14,869 - DEBUG - PIL.PngImagePlugin - STREAM b'IHDR' 16 13
2026-09-10 00:16:14,869 - DEBUG - PIL.PngImagePlugin - STREAM b'IDAT' 41 57887
2026-09-10 00:16:14,874 - DEBUG - PIL.PngImagePlugin - STREAM b'IHDR' 16 13
2026-09-10 00:16:14,874 - DEBUG - PIL.PngImagePlugin - STREAM b'IDAT' 41 47281
2026-09-10 00:16:14,879 - DEBUG - PIL.PngImagePlugin - STREAM b'IHDR' 16 13
2026-09-10 00:16:14,879 - DEBUG - PIL.PngImagePlugin - STREAM b'IDAT' 41 56615
2026-09-10 00:16:14,885 - DEBUG - PIL.PngImagePlugin - STREAM b'IHDR' 16 13
2026-09-10 00:16:14,885 - DEBUG - PIL.PngImagePlugin - STREAM b'IDAT' 41 57598
2026-09-10 00:16:20,300 - DEBUG - urllib3.connectionpool - Starting new HTTPS connection (1): www.gamerpower.com:443
2026-09-10 00:16:20,403 - DEBUG - urllib3.connectionpool - https://www.gamerpower.com:443 "GET /api/giveaways?type=game HTTP/1.1" 200 None
2026-09-10 00:16:43,954 - DEBUG - PIL.PngImagePlugin - STREAM b'IHDR' 16 13
2026-09-10 00:16:43,954 - DEBUG - PIL.PngImagePlugin - STREAM b'IDAT' 41 65536
2026-09-10 00:16:43,982 - DEBUG - PIL.PngImagePlugin - STREAM b'IHDR' 16 13
2026-09-10 00:16:43,982 - DEBUG - PIL.PngImagePlugin - STREAM b'IDAT' 41 54958
2026-09-10 00:16:43,986 - DEBUG - PIL.PngImagePlugin - STREAM b'IHDR' 16 13
2026-09-10 00:16:43,986 - DEBUG - PIL.PngImagePlugin - STREAM b'IDAT' 41 54668
2026-09-10 00:16:43,990 - DEBUG - PIL.PngImagePlugin - STREAM b'IHDR' 16 13
2026-09-10 00:16:43,990 - DEBUG - PIL.PngImagePlugin - STREAM b'IDAT' 41 50455
2026-09-10 00:16:43,994 - DEBUG - PIL.PngImagePlugin - STREAM b'IHDR' 16 13
2026-09-10 00:16:43,994 - DEBUG - PIL.PngImagePlugin - STREAM b'IDAT' 41 49252
2026-09-10 00:16:43,998 - DEBUG - PIL.PngImagePlugin - STREAM b'IHDR' 16 13
2026-09-10 00:16:43,998 - DEBUG - PIL.PngImagePlugin - STREAM b'IDAT' 41 55682
2026-09-10 00:16:44,002 - DEBUG - PIL.PngImagePlugin - STREAM b'IHDR' 16 13
2026-09-10 00:16:44,002 - DEBUG - PIL.PngImagePlugin - STREAM b'IDAT' 41 57887
2026-09-10 00:16:44,007 - DEBUG - PIL.PngImagePlugin - STREAM b'IHDR' 16 13
2026-09-10 00:16:44,007 - DEBUG - PIL.PngImagePlugin - STREAM b'IDAT' 41 47281
2026-09-10 00:16:44,011 - DEBUG - PIL.PngImagePlugin - STREAM b'IHDR' 16 13
2026-09-10 00:16:44,011 - DEBUG - PIL.PngImagePlugin - STREAM b'IDAT' 41 56615
2026-09-10 00:16:44,015 - DEBUG - PIL.PngImagePlugin - STREAM b'IHDR' 16 13
2026-09-10 00:16:44,015 - DEBUG - PIL.PngImagePlugin - STREAM b'IDAT' 41 57598
2026-09-10 00:16:44,541 - DEBUG - PIL.PngImagePlugin - STREAM b'IHDR' 16 13
2026-09-10 00:16:44,541 - DEBUG - PIL.PngImagePlugin - STREAM b'IDAT' 41 65536
2026-09-10 00:16:44,570 - DEBUG - PIL.PngImagePlugin - STREAM b'IHDR' 16 13
2026-09-10 00:16:44,571 - DEBUG - PIL.PngImagePlugin - STREAM b'IDAT' 41 54958
2026-09-10 00:16:44,574 - DEBUG - PIL.PngImagePlugin - STREAM b'IHDR' 16 13
2026-09-10 00:16:44,574 - DEBUG - PIL.PngImagePlugin - STREAM b'IDAT' 41 54668
2026-09-10 00:16:44,578 - DEBUG - PIL.PngImagePlugin - STREAM b'IHDR' 16 13
2026-09-10 00:16:44,579 - DEBUG - PIL.PngImagePlugin - STREAM b'IDAT' 41 50455
2026-09-10 00:16:44,583 - DEBUG - PIL.PngImagePlugin - STREAM b'IHDR' 16 13
2026-09-10 00:16:44,583 - DEBUG - PIL.PngImagePlugin - STREAM b'IDAT' 41 49252
2026-09-10 00:16:44,587 - DEBUG - PIL.PngImagePlugin - STREAM b'IHDR' 16 13
2026-09-10 00:16:44,587 - DEBUG - PIL.PngImagePlugin - STREAM b'IDAT' 41 55682
2026-09-10 00:16:44,591 - DEBUG - PIL.PngImagePlugin - STREAM b'IHDR' 16 13
2026-09-10 00:16:44,591 - DEBUG - PIL.PngImagePlugin - STREAM b'IDAT' 41 57887
2026-09-10 00:16:44,595 - DEBUG - PIL.PngImagePlugin - STREAM b'IHDR' 16 13
2026-09-10 00:16:44,595 - DEBUG - PIL.PngImagePlugin - STREAM b'IDAT' 41 47281
2026-09-10 00:16:44,599 - DEBUG - PIL.PngImagePlugin - STREAM b'IHDR' 16 13
2026-09-10 00:16:44,599 - DEBUG - PIL.PngImagePlugin - STREAM b'IDAT' 41 56615
2026-09-10 00:16:44,603 - DEBUG - PIL.PngImagePlugin - STREAM b'IHDR' 16 13
2026-09-10 00:16:44,604 - DEBUG - PIL.PngImagePlugin - STREAM b'IDAT' 41 57598
2026-09-10 00:16:51,609 - INFO - KGameTracker - ℹ️  ==================================================
2026-09-10 00:16:51,609 - INFO - KGameTracker - ℹ️  K GAME TRACKER - CERRADA
2026-09-10 00:16:51,609 - INFO - KGameTracker - ℹ️  ==================================================
2026-09-10 00:17:30,537 - INFO - KGameTracker - ℹ️  ==================================================
2026-09-10 00:17:30,537 - INFO - KGameTracker - ℹ️  K GAME TRACKER - INICIADA
2026-09-10 00:17:30,537 - INFO - KGameTracker - ℹ️  ==================================================
2026-09-10 00:17:30,689 - DEBUG - PIL.Image - Importing PngImagePlugin
2026-09-10 00:17:30,697 - DEBUG - PIL.PngImagePlugin - STREAM b'IHDR' 16 13
2026-09-10 00:17:30,697 - DEBUG - PIL.PngImagePlugin - STREAM b'IDAT' 41 65536
2026-09-10 00:17:35,653 - DEBUG - PIL.PngImagePlugin - STREAM b'IHDR' 16 13
2026-09-10 00:17:35,653 - DEBUG - PIL.PngImagePlugin - STREAM b'IDAT' 41 65536
2026-09-10 00:17:35,693 - DEBUG - PIL.PngImagePlugin - STREAM b'IHDR' 16 13
2026-09-10 00:17:35,693 - DEBUG - PIL.PngImagePlugin - STREAM b'IDAT' 41 53758
2026-09-10 00:17:35,697 - DEBUG - PIL.PngImagePlugin - STREAM b'IHDR' 16 13
2026-09-10 00:17:35,697 - DEBUG - PIL.PngImagePlugin - STREAM b'IDAT' 41 32768
2026-09-10 00:17:35,705 - DEBUG - PIL.PngImagePlugin - STREAM b'IHDR' 16 13
2026-09-10 00:17:35,705 - DEBUG - PIL.PngImagePlugin - STREAM b'IDAT' 41 65536
2026-09-10 00:17:35,708 - DEBUG - PIL.PngImagePlugin - STREAM b'IHDR' 16 13
2026-09-10 00:17:35,709 - DEBUG - PIL.PngImagePlugin - STREAM b'IDAT' 41 65536
2026-09-10 00:17:35,714 - DEBUG - PIL.PngImagePlugin - STREAM b'IHDR' 16 13
2026-09-10 00:17:35,715 - DEBUG - PIL.PngImagePlugin - STREAM b'IDAT' 41 54958
2026-09-10 00:17:35,720 - DEBUG - PIL.PngImagePlugin - STREAM b'IHDR' 16 13
2026-09-10 00:17:35,721 - DEBUG - PIL.PngImagePlugin - STREAM b'IDAT' 41 54668
2026-09-10 00:17:35,725 - DEBUG - PIL.PngImagePlugin - STREAM b'IHDR' 16 13
2026-09-10 00:17:35,726 - DEBUG - PIL.PngImagePlugin - STREAM b'IDAT' 41 50455
2026-09-10 00:17:35,733 - DEBUG - PIL.PngImagePlugin - STREAM b'IHDR' 16 13
2026-09-10 00:17:35,733 - DEBUG - PIL.PngImagePlugin - STREAM b'IDAT' 41 49252
2026-09-10 00:17:35,739 - DEBUG - PIL.PngImagePlugin - STREAM b'IHDR' 16 13
2026-09-10 00:17:35,739 - DEBUG - PIL.PngImagePlugin - STREAM b'IDAT' 41 55682
2026-09-10 00:17:35,744 - DEBUG - PIL.PngImagePlugin - STREAM b'IHDR' 16 13
2026-09-10 00:17:35,744 - DEBUG - PIL.PngImagePlugin - STREAM b'IDAT' 41 57887
2026-09-10 00:17:35,749 - DEBUG - PIL.PngImagePlugin - STREAM b'IHDR' 16 13
2026-09-10 00:17:35,750 - DEBUG - PIL.PngImagePlugin - STREAM b'IDAT' 41 47281
2026-09-10 00:17:35,754 - DEBUG - PIL.PngImagePlugin - STREAM b'IHDR' 16 13
2026-09-10 00:17:35,755 - DEBUG - PIL.PngImagePlugin - STREAM b'IDAT' 41 56615
2026-09-10 00:17:35,758 - DEBUG - PIL.PngImagePlugin - STREAM b'IHDR' 16 13
2026-09-10 00:17:35,758 - DEBUG - PIL.PngImagePlugin - STREAM b'IDAT' 41 57598
2026-09-10 00:17:35,783 - DEBUG - PIL.PngImagePlugin - STREAM b'IHDR' 16 13
2026-09-10 00:17:35,783 - DEBUG - PIL.PngImagePlugin - STREAM b'IDAT' 41 62450
2026-09-10 00:17:39,978 - DEBUG - urllib3.connectionpool - Starting new HTTPS connection (1): www.gamerpower.com:443
2026-09-10 00:17:40,089 - DEBUG - urllib3.connectionpool - https://www.gamerpower.com:443 "GET /api/giveaways?type=game HTTP/1.1" 200 None
2026-09-10 00:17:42,752 - DEBUG - PIL.PngImagePlugin - STREAM b'IHDR' 16 13
2026-09-10 00:17:42,752 - DEBUG - PIL.PngImagePlugin - STREAM b'IDAT' 41 28109
2026-09-10 00:17:42,757 - DEBUG - PIL.PngImagePlugin - STREAM b'IHDR' 16 13
2026-09-10 00:17:42,757 - DEBUG - PIL.PngImagePlugin - STREAM b'IDAT' 41 54256
2026-09-10 00:17:47,247 - DEBUG - PIL.PngImagePlugin - STREAM b'IHDR' 16 13
2026-09-10 00:17:47,247 - DEBUG - PIL.PngImagePlugin - STREAM b'IDAT' 41 31460
2026-09-10 00:17:47,249 - DEBUG - PIL.PngImagePlugin - STREAM b'IHDR' 16 13
2026-09-10 00:17:47,250 - DEBUG - PIL.PngImagePlugin - STREAM b'IDAT' 41 54256
2026-09-10 00:17:47,255 - DEBUG - PIL.PngImagePlugin - STREAM b'IHDR' 16 13
2026-09-10 00:17:47,255 - DEBUG - PIL.PngImagePlugin - STREAM b'IDAT' 41 20995
2026-09-10 00:17:47,258 - DEBUG - PIL.PngImagePlugin - STREAM b'IHDR' 16 13
2026-09-10 00:17:47,258 - DEBUG - PIL.PngImagePlugin - STREAM b'IDAT' 41 54256
2026-09-10 00:17:47,262 - DEBUG - PIL.PngImagePlugin - STREAM b'IHDR' 16 13
2026-09-10 00:17:47,262 - DEBUG - PIL.PngImagePlugin - STREAM b'IDAT' 41 15023
2026-09-10 00:17:47,265 - DEBUG - PIL.PngImagePlugin - STREAM b'IHDR' 16 13
2026-09-10 00:17:47,265 - DEBUG - PIL.PngImagePlugin - STREAM b'IDAT' 41 54256
2026-09-10 00:17:47,270 - DEBUG - PIL.PngImagePlugin - STREAM b'IHDR' 16 13
2026-09-10 00:17:47,270 - DEBUG - PIL.PngImagePlugin - STREAM b'IDAT' 41 43106
2026-09-10 00:17:47,274 - DEBUG - PIL.PngImagePlugin - STREAM b'IHDR' 16 13
2026-09-10 00:17:47,274 - DEBUG - PIL.PngImagePlugin - STREAM b'IDAT' 41 54256
2026-09-10 00:17:47,278 - DEBUG - PIL.PngImagePlugin - STREAM b'IHDR' 16 13
2026-09-10 00:17:47,278 - DEBUG - PIL.PngImagePlugin - STREAM b'IDAT' 41 34707
2026-09-10 00:17:47,280 - DEBUG - PIL.PngImagePlugin - STREAM b'IHDR' 16 13
2026-09-10 00:17:47,280 - DEBUG - PIL.PngImagePlugin - STREAM b'IDAT' 41 54256
2026-09-10 00:17:48,614 - DEBUG - PIL.PngImagePlugin - STREAM b'IHDR' 16 13
2026-09-10 00:17:48,614 - DEBUG - PIL.PngImagePlugin - STREAM b'IDAT' 41 54256
2026-09-10 00:17:48,621 - DEBUG - PIL.PngImagePlugin - STREAM b'IHDR' 16 13
2026-09-10 00:17:48,621 - DEBUG - PIL.PngImagePlugin - STREAM b'IDAT' 41 54256
2026-09-10 00:17:48,625 - DEBUG - PIL.PngImagePlugin - STREAM b'IHDR' 16 13
2026-09-10 00:17:48,625 - DEBUG - PIL.PngImagePlugin - STREAM b'IDAT' 41 54256
2026-09-10 00:17:48,629 - DEBUG - PIL.PngImagePlugin - STREAM b'IHDR' 16 13
2026-09-10 00:17:48,629 - DEBUG - PIL.PngImagePlugin - STREAM b'IDAT' 41 54256
2026-09-10 00:17:49,413 - DEBUG - PIL.PngImagePlugin - STREAM b'IHDR' 16 13
2026-09-10 00:17:49,413 - DEBUG - PIL.PngImagePlugin - STREAM b'IDAT' 41 65536
2026-09-10 00:17:49,439 - DEBUG - PIL.PngImagePlugin - STREAM b'IHDR' 16 13
2026-09-10 00:17:49,439 - DEBUG - PIL.PngImagePlugin - STREAM b'IDAT' 41 53758
2026-09-10 00:17:49,444 - DEBUG - PIL.PngImagePlugin - STREAM b'IHDR' 16 13
2026-09-10 00:17:49,444 - DEBUG - PIL.PngImagePlugin - STREAM b'IDAT' 41 32768
2026-09-10 00:17:49,451 - DEBUG - PIL.PngImagePlugin - STREAM b'IHDR' 16 13
2026-09-10 00:17:49,451 - DEBUG - PIL.PngImagePlugin - STREAM b'IDAT' 41 65536
2026-09-10 00:17:49,455 - DEBUG - PIL.PngImagePlugin - STREAM b'IHDR' 16 13
2026-09-10 00:17:49,455 - DEBUG - PIL.PngImagePlugin - STREAM b'IDAT' 41 58612
2026-09-10 00:17:49,458 - DEBUG - PIL.PngImagePlugin - STREAM b'IHDR' 16 13
2026-09-10 00:17:49,458 - DEBUG - PIL.PngImagePlugin - STREAM b'IDAT' 41 54958
2026-09-10 00:17:49,462 - DEBUG - PIL.PngImagePlugin - STREAM b'IHDR' 16 13
2026-09-10 00:17:49,463 - DEBUG - PIL.PngImagePlugin - STREAM b'IDAT' 41 54668
2026-09-10 00:17:49,469 - DEBUG - PIL.PngImagePlugin - STREAM b'IHDR' 16 13
2026-09-10 00:17:49,474 - DEBUG - PIL.PngImagePlugin - STREAM b'IDAT' 41 50455
2026-09-10 00:17:49,481 - DEBUG - PIL.PngImagePlugin - STREAM b'IHDR' 16 13
2026-09-10 00:17:49,481 - DEBUG - PIL.PngImagePlugin - STREAM b'IDAT' 41 49252
2026-09-10 00:17:49,487 - DEBUG - PIL.PngImagePlugin - STREAM b'IHDR' 16 13
2026-09-10 00:17:49,487 - DEBUG - PIL.PngImagePlugin - STREAM b'IDAT' 41 55682
2026-09-10 00:17:49,493 - DEBUG - PIL.PngImagePlugin - STREAM b'IHDR' 16 13
2026-09-10 00:17:49,494 - DEBUG - PIL.PngImagePlugin - STREAM b'IDAT' 41 57887
2026-09-10 00:17:49,500 - DEBUG - PIL.PngImagePlugin - STREAM b'IHDR' 16 13
2026-09-10 00:17:49,502 - DEBUG - PIL.PngImagePlugin - STREAM b'IDAT' 41 47281
2026-09-10 00:17:49,507 - DEBUG - PIL.PngImagePlugin - STREAM b'IHDR' 16 13
2026-09-10 00:17:49,508 - DEBUG - PIL.PngImagePlugin - STREAM b'IDAT' 41 56615
2026-09-10 00:17:49,514 - DEBUG - PIL.PngImagePlugin - STREAM b'IHDR' 16 13
2026-09-10 00:17:49,516 - DEBUG - PIL.PngImagePlugin - STREAM b'IDAT' 41 57598
2026-09-10 00:17:49,529 - DEBUG - PIL.PngImagePlugin - STREAM b'IHDR' 16 13
2026-09-10 00:17:49,529 - DEBUG - PIL.PngImagePlugin - STREAM b'IDAT' 41 62450
2026-09-10 00:17:49,532 - DEBUG - PIL.PngImagePlugin - STREAM b'IHDR' 16 13
2026-09-10 00:17:49,532 - DEBUG - PIL.PngImagePlugin - STREAM b'IDAT' 41 65536
2026-09-10 00:17:49,539 - DEBUG - PIL.PngImagePlugin - STREAM b'IHDR' 16 13
2026-09-10 00:17:49,540 - DEBUG - PIL.PngImagePlugin - STREAM b'IDAT' 41 54256
2026-09-10 00:17:49,549 - DEBUG - PIL.PngImagePlugin - STREAM b'IHDR' 16 13
2026-09-10 00:17:49,549 - DEBUG - PIL.PngImagePlugin - STREAM b'IDAT' 41 54256
2026-09-10 00:17:49,554 - DEBUG - PIL.PngImagePlugin - STREAM b'IHDR' 16 13
2026-09-10 00:17:49,554 - DEBUG - PIL.PngImagePlugin - STREAM b'IDAT' 41 54256
2026-09-10 00:17:49,558 - DEBUG - PIL.PngImagePlugin - STREAM b'IHDR' 16 13
2026-09-10 00:17:49,558 - DEBUG - PIL.PngImagePlugin - STREAM b'IDAT' 41 54256
2026-09-10 00:17:50,685 - DEBUG - PIL.PngImagePlugin - STREAM b'IHDR' 16 13
2026-09-10 00:17:50,686 - DEBUG - PIL.PngImagePlugin - STREAM b'IDAT' 41 65536
2026-09-10 00:17:50,710 - DEBUG - PIL.PngImagePlugin - STREAM b'IHDR' 16 13
2026-09-10 00:17:50,710 - DEBUG - PIL.PngImagePlugin - STREAM b'IDAT' 41 53758
2026-09-10 00:17:50,714 - DEBUG - PIL.PngImagePlugin - STREAM b'IHDR' 16 13
2026-09-10 00:17:50,714 - DEBUG - PIL.PngImagePlugin - STREAM b'IDAT' 41 32768
2026-09-10 00:17:50,720 - DEBUG - PIL.PngImagePlugin - STREAM b'IHDR' 16 13
2026-09-10 00:17:50,720 - DEBUG - PIL.PngImagePlugin - STREAM b'IDAT' 41 65536
2026-09-10 00:17:50,723 - DEBUG - PIL.PngImagePlugin - STREAM b'IHDR' 16 13
2026-09-10 00:17:50,723 - DEBUG - PIL.PngImagePlugin - STREAM b'IDAT' 41 65536
2026-09-10 00:17:50,727 - DEBUG - PIL.PngImagePlugin - STREAM b'IHDR' 16 13
2026-09-10 00:17:50,727 - DEBUG - PIL.PngImagePlugin - STREAM b'IDAT' 41 54958
2026-09-10 00:17:50,731 - DEBUG - PIL.PngImagePlugin - STREAM b'IHDR' 16 13
2026-09-10 00:17:50,731 - DEBUG - PIL.PngImagePlugin - STREAM b'IDAT' 41 54668
2026-09-10 00:17:50,735 - DEBUG - PIL.PngImagePlugin - STREAM b'IHDR' 16 13
2026-09-10 00:17:50,735 - DEBUG - PIL.PngImagePlugin - STREAM b'IDAT' 41 50455
2026-09-10 00:17:50,740 - DEBUG - PIL.PngImagePlugin - STREAM b'IHDR' 16 13
2026-09-10 00:17:50,740 - DEBUG - PIL.PngImagePlugin - STREAM b'IDAT' 41 49252
2026-09-10 00:17:50,746 - DEBUG - PIL.PngImagePlugin - STREAM b'IHDR' 16 13
2026-09-10 00:17:50,746 - DEBUG - PIL.PngImagePlugin - STREAM b'IDAT' 41 55682
2026-09-10 00:17:50,752 - DEBUG - PIL.PngImagePlugin - STREAM b'IHDR' 16 13
2026-09-10 00:17:50,753 - DEBUG - PIL.PngImagePlugin - STREAM b'IDAT' 41 57887
2026-09-10 00:17:50,759 - DEBUG - PIL.PngImagePlugin - STREAM b'IHDR' 16 13
2026-09-10 00:17:50,759 - DEBUG - PIL.PngImagePlugin - STREAM b'IDAT' 41 47281
2026-09-10 00:17:50,764 - DEBUG - PIL.PngImagePlugin - STREAM b'IHDR' 16 13
2026-09-10 00:17:50,764 - DEBUG - PIL.PngImagePlugin - STREAM b'IDAT' 41 56615
2026-09-10 00:17:50,769 - DEBUG - PIL.PngImagePlugin - STREAM b'IHDR' 16 13
2026-09-10 00:17:50,769 - DEBUG - PIL.PngImagePlugin - STREAM b'IDAT' 41 57598
2026-09-10 00:17:50,781 - DEBUG - PIL.PngImagePlugin - STREAM b'IHDR' 16 13
2026-09-10 00:17:50,781 - DEBUG - PIL.PngImagePlugin - STREAM b'IDAT' 41 62450
2026-09-10 00:17:50,785 - DEBUG - PIL.PngImagePlugin - STREAM b'IHDR' 16 13
2026-09-10 00:17:50,786 - DEBUG - PIL.PngImagePlugin - STREAM b'IDAT' 41 58612
2026-09-10 00:17:50,793 - DEBUG - PIL.PngImagePlugin - STREAM b'IHDR' 16 13
2026-09-10 00:17:50,793 - DEBUG - PIL.PngImagePlugin - STREAM b'IDAT' 41 54256
2026-09-10 00:17:50,801 - DEBUG - PIL.PngImagePlugin - STREAM b'IHDR' 16 13
2026-09-10 00:17:50,801 - DEBUG - PIL.PngImagePlugin - STREAM b'IDAT' 41 54256
2026-09-10 00:17:50,805 - DEBUG - PIL.PngImagePlugin - STREAM b'IHDR' 16 13
2026-09-10 00:17:50,805 - DEBUG - PIL.PngImagePlugin - STREAM b'IDAT' 41 54256
2026-09-10 00:17:50,810 - DEBUG - PIL.PngImagePlugin - STREAM b'IHDR' 16 13
2026-09-10 00:17:50,810 - DEBUG - PIL.PngImagePlugin - STREAM b'IDAT' 41 54256
2026-09-10 00:17:51,292 - DEBUG - PIL.PngImagePlugin - STREAM b'IHDR' 16 13
2026-09-10 00:17:51,292 - DEBUG - PIL.PngImagePlugin - STREAM b'IDAT' 41 65536
2026-09-10 00:17:51,316 - DEBUG - PIL.PngImagePlugin - STREAM b'IHDR' 16 13
2026-09-10 00:17:51,316 - DEBUG - PIL.PngImagePlugin - STREAM b'IDAT' 41 53758
2026-09-10 00:17:51,319 - DEBUG - PIL.PngImagePlugin - STREAM b'IHDR' 16 13
2026-09-10 00:17:51,320 - DEBUG - PIL.PngImagePlugin - STREAM b'IDAT' 41 32768
2026-09-10 00:17:51,325 - DEBUG - PIL.PngImagePlugin - STREAM b'IHDR' 16 13
2026-09-10 00:17:51,326 - DEBUG - PIL.PngImagePlugin - STREAM b'IDAT' 41 65536
2026-09-10 00:17:51,330 - DEBUG - PIL.PngImagePlugin - STREAM b'IHDR' 16 13
2026-09-10 00:17:51,330 - DEBUG - PIL.PngImagePlugin - STREAM b'IDAT' 41 58612
2026-09-10 00:17:51,333 - DEBUG - PIL.PngImagePlugin - STREAM b'IHDR' 16 13
2026-09-10 00:17:51,333 - DEBUG - PIL.PngImagePlugin - STREAM b'IDAT' 41 54958
2026-09-10 00:17:51,337 - DEBUG - PIL.PngImagePlugin - STREAM b'IHDR' 16 13
2026-09-10 00:17:51,337 - DEBUG - PIL.PngImagePlugin - STREAM b'IDAT' 41 54668
2026-09-10 00:17:51,341 - DEBUG - PIL.PngImagePlugin - STREAM b'IHDR' 16 13
2026-09-10 00:17:51,341 - DEBUG - PIL.PngImagePlugin - STREAM b'IDAT' 41 50455
2026-09-10 00:17:51,344 - DEBUG - PIL.PngImagePlugin - STREAM b'IHDR' 16 13
2026-09-10 00:17:51,344 - DEBUG - PIL.PngImagePlugin - STREAM b'IDAT' 41 49252
2026-09-10 00:17:51,348 - DEBUG - PIL.PngImagePlugin - STREAM b'IHDR' 16 13
2026-09-10 00:17:51,348 - DEBUG - PIL.PngImagePlugin - STREAM b'IDAT' 41 55682
2026-09-10 00:17:51,352 - DEBUG - PIL.PngImagePlugin - STREAM b'IHDR' 16 13
2026-09-10 00:17:51,352 - DEBUG - PIL.PngImagePlugin - STREAM b'IDAT' 41 57887
2026-09-10 00:17:51,356 - DEBUG - PIL.PngImagePlugin - STREAM b'IHDR' 16 13
2026-09-10 00:17:51,356 - DEBUG - PIL.PngImagePlugin - STREAM b'IDAT' 41 47281
2026-09-10 00:17:51,359 - DEBUG - PIL.PngImagePlugin - STREAM b'IHDR' 16 13
2026-09-10 00:17:51,360 - DEBUG - PIL.PngImagePlugin - STREAM b'IDAT' 41 56615
2026-09-10 00:17:51,363 - DEBUG - PIL.PngImagePlugin - STREAM b'IHDR' 16 13
2026-09-10 00:17:51,363 - DEBUG - PIL.PngImagePlugin - STREAM b'IDAT' 41 57598
2026-09-10 00:17:51,373 - DEBUG - PIL.PngImagePlugin - STREAM b'IHDR' 16 13
2026-09-10 00:17:51,373 - DEBUG - PIL.PngImagePlugin - STREAM b'IDAT' 41 62450
2026-09-10 00:17:51,376 - DEBUG - PIL.PngImagePlugin - STREAM b'IHDR' 16 13
2026-09-10 00:17:51,376 - DEBUG - PIL.PngImagePlugin - STREAM b'IDAT' 41 65536
2026-09-10 00:17:51,381 - DEBUG - PIL.PngImagePlugin - STREAM b'IHDR' 16 13
2026-09-10 00:17:51,381 - DEBUG - PIL.PngImagePlugin - STREAM b'IDAT' 41 54256
2026-09-10 00:17:51,388 - DEBUG - PIL.PngImagePlugin - STREAM b'IHDR' 16 13
2026-09-10 00:17:51,388 - DEBUG - PIL.PngImagePlugin - STREAM b'IDAT' 41 54256
2026-09-10 00:17:51,392 - DEBUG - PIL.PngImagePlugin - STREAM b'IHDR' 16 13
2026-09-10 00:17:51,392 - DEBUG - PIL.PngImagePlugin - STREAM b'IDAT' 41 54256
2026-09-10 00:17:51,396 - DEBUG - PIL.PngImagePlugin - STREAM b'IHDR' 16 13
2026-09-10 00:17:51,396 - DEBUG - PIL.PngImagePlugin - STREAM b'IDAT' 41 54256
2026-09-10 00:17:51,865 - DEBUG - PIL.PngImagePlugin - STREAM b'IHDR' 16 13
2026-09-10 00:17:51,866 - DEBUG - PIL.PngImagePlugin - STREAM b'IDAT' 41 65536
2026-09-10 00:17:51,891 - DEBUG - PIL.PngImagePlugin - STREAM b'IHDR' 16 13
2026-09-10 00:17:51,891 - DEBUG - PIL.PngImagePlugin - STREAM b'IDAT' 41 53758
2026-09-10 00:17:51,894 - DEBUG - PIL.PngImagePlugin - STREAM b'IHDR' 16 13
2026-09-10 00:17:51,895 - DEBUG - PIL.PngImagePlugin - STREAM b'IDAT' 41 32768
2026-09-10 00:17:51,901 - DEBUG - PIL.PngImagePlugin - STREAM b'IHDR' 16 13
2026-09-10 00:17:51,901 - DEBUG - PIL.PngImagePlugin - STREAM b'IDAT' 41 65536
2026-09-10 00:17:51,904 - DEBUG - PIL.PngImagePlugin - STREAM b'IHDR' 16 13
2026-09-10 00:17:51,904 - DEBUG - PIL.PngImagePlugin - STREAM b'IDAT' 41 65536
2026-09-10 00:17:51,907 - DEBUG - PIL.PngImagePlugin - STREAM b'IHDR' 16 13
2026-09-10 00:17:51,907 - DEBUG - PIL.PngImagePlugin - STREAM b'IDAT' 41 54958
2026-09-10 00:17:51,911 - DEBUG - PIL.PngImagePlugin - STREAM b'IHDR' 16 13
2026-09-10 00:17:51,911 - DEBUG - PIL.PngImagePlugin - STREAM b'IDAT' 41 54668
2026-09-10 00:17:51,915 - DEBUG - PIL.PngImagePlugin - STREAM b'IHDR' 16 13
2026-09-10 00:17:51,915 - DEBUG - PIL.PngImagePlugin - STREAM b'IDAT' 41 50455
2026-09-10 00:17:51,918 - DEBUG - PIL.PngImagePlugin - STREAM b'IHDR' 16 13
2026-09-10 00:17:51,919 - DEBUG - PIL.PngImagePlugin - STREAM b'IDAT' 41 49252
2026-09-10 00:17:51,923 - DEBUG - PIL.PngImagePlugin - STREAM b'IHDR' 16 13
2026-09-10 00:17:51,923 - DEBUG - PIL.PngImagePlugin - STREAM b'IDAT' 41 55682
2026-09-10 00:17:51,927 - DEBUG - PIL.PngImagePlugin - STREAM b'IHDR' 16 13
2026-09-10 00:17:51,927 - DEBUG - PIL.PngImagePlugin - STREAM b'IDAT' 41 57887
2026-09-10 00:17:51,930 - DEBUG - PIL.PngImagePlugin - STREAM b'IHDR' 16 13
2026-09-10 00:17:51,930 - DEBUG - PIL.PngImagePlugin - STREAM b'IDAT' 41 47281
2026-09-10 00:17:51,934 - DEBUG - PIL.PngImagePlugin - STREAM b'IHDR' 16 13
2026-09-10 00:17:51,934 - DEBUG - PIL.PngImagePlugin - STREAM b'IDAT' 41 56615
2026-09-10 00:17:51,940 - DEBUG - PIL.PngImagePlugin - STREAM b'IHDR' 16 13
2026-09-10 00:17:51,940 - DEBUG - PIL.PngImagePlugin - STREAM b'IDAT' 41 57598
2026-09-10 00:17:51,952 - DEBUG - PIL.PngImagePlugin - STREAM b'IHDR' 16 13
2026-09-10 00:17:51,952 - DEBUG - PIL.PngImagePlugin - STREAM b'IDAT' 41 62450
2026-09-10 00:17:51,955 - DEBUG - PIL.PngImagePlugin - STREAM b'IHDR' 16 13
2026-09-10 00:17:51,955 - DEBUG - PIL.PngImagePlugin - STREAM b'IDAT' 41 58612
2026-09-10 00:17:51,960 - DEBUG - PIL.PngImagePlugin - STREAM b'IHDR' 16 13
2026-09-10 00:17:51,960 - DEBUG - PIL.PngImagePlugin - STREAM b'IDAT' 41 54256
2026-09-10 00:17:51,967 - DEBUG - PIL.PngImagePlugin - STREAM b'IHDR' 16 13
2026-09-10 00:17:51,967 - DEBUG - PIL.PngImagePlugin - STREAM b'IDAT' 41 54256
2026-09-10 00:17:51,971 - DEBUG - PIL.PngImagePlugin - STREAM b'IHDR' 16 13
2026-09-10 00:17:51,972 - DEBUG - PIL.PngImagePlugin - STREAM b'IDAT' 41 54256
2026-09-10 00:17:51,975 - DEBUG - PIL.PngImagePlugin - STREAM b'IHDR' 16 13
2026-09-10 00:17:51,975 - DEBUG - PIL.PngImagePlugin - STREAM b'IDAT' 41 54256
2026-09-10 00:17:52,439 - DEBUG - PIL.PngImagePlugin - STREAM b'IHDR' 16 13
2026-09-10 00:17:52,439 - DEBUG - PIL.PngImagePlugin - STREAM b'IDAT' 41 65536
2026-09-10 00:17:52,464 - DEBUG - PIL.PngImagePlugin - STREAM b'IHDR' 16 13
2026-09-10 00:17:52,465 - DEBUG - PIL.PngImagePlugin - STREAM b'IDAT' 41 53758
2026-09-10 00:17:52,468 - DEBUG - PIL.PngImagePlugin - STREAM b'IHDR' 16 13
2026-09-10 00:17:52,469 - DEBUG - PIL.PngImagePlugin - STREAM b'IDAT' 41 32768
2026-09-10 00:17:52,475 - DEBUG - PIL.PngImagePlugin - STREAM b'IHDR' 16 13
2026-09-10 00:17:52,475 - DEBUG - PIL.PngImagePlugin - STREAM b'IDAT' 41 65536
2026-09-10 00:17:52,478 - DEBUG - PIL.PngImagePlugin - STREAM b'IHDR' 16 13
2026-09-10 00:17:52,478 - DEBUG - PIL.PngImagePlugin - STREAM b'IDAT' 41 58612
2026-09-10 00:17:52,481 - DEBUG - PIL.PngImagePlugin - STREAM b'IHDR' 16 13
2026-09-10 00:17:52,481 - DEBUG - PIL.PngImagePlugin - STREAM b'IDAT' 41 54958
2026-09-10 00:17:52,485 - DEBUG - PIL.PngImagePlugin - STREAM b'IHDR' 16 13
2026-09-10 00:17:52,485 - DEBUG - PIL.PngImagePlugin - STREAM b'IDAT' 41 54668
2026-09-10 00:17:52,489 - DEBUG - PIL.PngImagePlugin - STREAM b'IHDR' 16 13
2026-09-10 00:17:52,489 - DEBUG - PIL.PngImagePlugin - STREAM b'IDAT' 41 50455
2026-09-10 00:17:52,493 - DEBUG - PIL.PngImagePlugin - STREAM b'IHDR' 16 13
2026-09-10 00:17:52,493 - DEBUG - PIL.PngImagePlugin - STREAM b'IDAT' 41 49252
2026-09-10 00:17:52,497 - DEBUG - PIL.PngImagePlugin - STREAM b'IHDR' 16 13
2026-09-10 00:17:52,497 - DEBUG - PIL.PngImagePlugin - STREAM b'IDAT' 41 55682
2026-09-10 00:17:52,501 - DEBUG - PIL.PngImagePlugin - STREAM b'IHDR' 16 13
2026-09-10 00:17:52,501 - DEBUG - PIL.PngImagePlugin - STREAM b'IDAT' 41 57887
2026-09-10 00:17:52,505 - DEBUG - PIL.PngImagePlugin - STREAM b'IHDR' 16 13
2026-09-10 00:17:52,505 - DEBUG - PIL.PngImagePlugin - STREAM b'IDAT' 41 47281
2026-09-10 00:17:52,508 - DEBUG - PIL.PngImagePlugin - STREAM b'IHDR' 16 13
2026-09-10 00:17:52,508 - DEBUG - PIL.PngImagePlugin - STREAM b'IDAT' 41 56615
2026-09-10 00:17:52,513 - DEBUG - PIL.PngImagePlugin - STREAM b'IHDR' 16 13
2026-09-10 00:17:52,513 - DEBUG - PIL.PngImagePlugin - STREAM b'IDAT' 41 57598
2026-09-10 00:17:52,522 - DEBUG - PIL.PngImagePlugin - STREAM b'IHDR' 16 13
2026-09-10 00:17:52,522 - DEBUG - PIL.PngImagePlugin - STREAM b'IDAT' 41 62450
2026-09-10 00:17:52,525 - DEBUG - PIL.PngImagePlugin - STREAM b'IHDR' 16 13
2026-09-10 00:17:52,525 - DEBUG - PIL.PngImagePlugin - STREAM b'IDAT' 41 65536
2026-09-10 00:17:52,531 - DEBUG - PIL.PngImagePlugin - STREAM b'IHDR' 16 13
2026-09-10 00:17:52,531 - DEBUG - PIL.PngImagePlugin - STREAM b'IDAT' 41 54256
2026-09-10 00:17:52,538 - DEBUG - PIL.PngImagePlugin - STREAM b'IHDR' 16 13
2026-09-10 00:17:52,538 - DEBUG - PIL.PngImagePlugin - STREAM b'IDAT' 41 54256
2026-09-10 00:17:52,541 - DEBUG - PIL.PngImagePlugin - STREAM b'IHDR' 16 13
2026-09-10 00:17:52,542 - DEBUG - PIL.PngImagePlugin - STREAM b'IDAT' 41 54256
2026-09-10 00:17:52,547 - DEBUG - PIL.PngImagePlugin - STREAM b'IHDR' 16 13
2026-09-10 00:17:52,547 - DEBUG - PIL.PngImagePlugin - STREAM b'IDAT' 41 54256
2026-09-10 00:17:52,968 - DEBUG - PIL.PngImagePlugin - STREAM b'IHDR' 16 13
2026-09-10 00:17:52,968 - DEBUG - PIL.PngImagePlugin - STREAM b'IDAT' 41 65536
2026-09-10 00:17:52,994 - DEBUG - PIL.PngImagePlugin - STREAM b'IHDR' 16 13
2026-09-10 00:17:52,994 - DEBUG - PIL.PngImagePlugin - STREAM b'IDAT' 41 53758
2026-09-10 00:17:52,998 - DEBUG - PIL.PngImagePlugin - STREAM b'IHDR' 16 13
2026-09-10 00:17:52,998 - DEBUG - PIL.PngImagePlugin - STREAM b'IDAT' 41 32768
2026-09-10 00:17:53,004 - DEBUG - PIL.PngImagePlugin - STREAM b'IHDR' 16 13
2026-09-10 00:17:53,004 - DEBUG - PIL.PngImagePlugin - STREAM b'IDAT' 41 65536
2026-09-10 00:17:53,007 - DEBUG - PIL.PngImagePlugin - STREAM b'IHDR' 16 13
2026-09-10 00:17:53,007 - DEBUG - PIL.PngImagePlugin - STREAM b'IDAT' 41 65536
2026-09-10 00:17:53,011 - DEBUG - PIL.PngImagePlugin - STREAM b'IHDR' 16 13
2026-09-10 00:17:53,011 - DEBUG - PIL.PngImagePlugin - STREAM b'IDAT' 41 54958
2026-09-10 00:17:53,015 - DEBUG - PIL.PngImagePlugin - STREAM b'IHDR' 16 13
2026-09-10 00:17:53,015 - DEBUG - PIL.PngImagePlugin - STREAM b'IDAT' 41 54668
2026-09-10 00:17:53,019 - DEBUG - PIL.PngImagePlugin - STREAM b'IHDR' 16 13
2026-09-10 00:17:53,019 - DEBUG - PIL.PngImagePlugin - STREAM b'IDAT' 41 50455
2026-09-10 00:17:53,022 - DEBUG - PIL.PngImagePlugin - STREAM b'IHDR' 16 13
2026-09-10 00:17:53,023 - DEBUG - PIL.PngImagePlugin - STREAM b'IDAT' 41 49252
2026-09-10 00:17:53,026 - DEBUG - PIL.PngImagePlugin - STREAM b'IHDR' 16 13
2026-09-10 00:17:53,026 - DEBUG - PIL.PngImagePlugin - STREAM b'IDAT' 41 55682
2026-09-10 00:17:53,030 - DEBUG - PIL.PngImagePlugin - STREAM b'IHDR' 16 13
2026-09-10 00:17:53,030 - DEBUG - PIL.PngImagePlugin - STREAM b'IDAT' 41 57887
2026-09-10 00:17:53,034 - DEBUG - PIL.PngImagePlugin - STREAM b'IHDR' 16 13
2026-09-10 00:17:53,034 - DEBUG - PIL.PngImagePlugin - STREAM b'IDAT' 41 47281
2026-09-10 00:17:53,038 - DEBUG - PIL.PngImagePlugin - STREAM b'IHDR' 16 13
2026-09-10 00:17:53,038 - DEBUG - PIL.PngImagePlugin - STREAM b'IDAT' 41 56615
2026-09-10 00:17:53,041 - DEBUG - PIL.PngImagePlugin - STREAM b'IHDR' 16 13
2026-09-10 00:17:53,041 - DEBUG - PIL.PngImagePlugin - STREAM b'IDAT' 41 57598
2026-09-10 00:17:53,052 - DEBUG - PIL.PngImagePlugin - STREAM b'IHDR' 16 13
2026-09-10 00:17:53,052 - DEBUG - PIL.PngImagePlugin - STREAM b'IDAT' 41 62450
2026-09-10 00:17:53,055 - DEBUG - PIL.PngImagePlugin - STREAM b'IHDR' 16 13
2026-09-10 00:17:53,055 - DEBUG - PIL.PngImagePlugin - STREAM b'IDAT' 41 58612
2026-09-10 00:17:53,059 - DEBUG - PIL.PngImagePlugin - STREAM b'IHDR' 16 13
2026-09-10 00:17:53,059 - DEBUG - PIL.PngImagePlugin - STREAM b'IDAT' 41 54256
2026-09-10 00:17:53,068 - DEBUG - PIL.PngImagePlugin - STREAM b'IHDR' 16 13
2026-09-10 00:17:53,068 - DEBUG - PIL.PngImagePlugin - STREAM b'IDAT' 41 54256
2026-09-10 00:17:53,072 - DEBUG - PIL.PngImagePlugin - STREAM b'IHDR' 16 13
2026-09-10 00:17:53,072 - DEBUG - PIL.PngImagePlugin - STREAM b'IDAT' 41 54256
2026-09-10 00:17:53,077 - DEBUG - PIL.PngImagePlugin - STREAM b'IHDR' 16 13
2026-09-10 00:17:53,077 - DEBUG - PIL.PngImagePlugin - STREAM b'IDAT' 41 54256
2026-09-10 00:17:53,450 - DEBUG - PIL.PngImagePlugin - STREAM b'IHDR' 16 13
2026-09-10 00:17:53,450 - DEBUG - PIL.PngImagePlugin - STREAM b'IDAT' 41 65536
2026-09-10 00:17:53,477 - DEBUG - PIL.PngImagePlugin - STREAM b'IHDR' 16 13
2026-09-10 00:17:53,477 - DEBUG - PIL.PngImagePlugin - STREAM b'IDAT' 41 53758
2026-09-10 00:17:53,481 - DEBUG - PIL.PngImagePlugin - STREAM b'IHDR' 16 13
2026-09-10 00:17:53,481 - DEBUG - PIL.PngImagePlugin - STREAM b'IDAT' 41 32768
2026-09-10 00:17:53,487 - DEBUG - PIL.PngImagePlugin - STREAM b'IHDR' 16 13
2026-09-10 00:17:53,487 - DEBUG - PIL.PngImagePlugin - STREAM b'IDAT' 41 65536
2026-09-10 00:17:53,490 - DEBUG - PIL.PngImagePlugin - STREAM b'IHDR' 16 13
2026-09-10 00:17:53,490 - DEBUG - PIL.PngImagePlugin - STREAM b'IDAT' 41 58612
2026-09-10 00:17:53,493 - DEBUG - PIL.PngImagePlugin - STREAM b'IHDR' 16 13
2026-09-10 00:17:53,493 - DEBUG - PIL.PngImagePlugin - STREAM b'IDAT' 41 54958
2026-09-10 00:17:53,496 - DEBUG - PIL.PngImagePlugin - STREAM b'IHDR' 16 13
2026-09-10 00:17:53,497 - DEBUG - PIL.PngImagePlugin - STREAM b'IDAT' 41 54668
2026-09-10 00:17:53,500 - DEBUG - PIL.PngImagePlugin - STREAM b'IHDR' 16 13
2026-09-10 00:17:53,501 - DEBUG - PIL.PngImagePlugin - STREAM b'IDAT' 41 50455
2026-09-10 00:17:53,504 - DEBUG - PIL.PngImagePlugin - STREAM b'IHDR' 16 13
2026-09-10 00:17:53,504 - DEBUG - PIL.PngImagePlugin - STREAM b'IDAT' 41 49252
2026-09-10 00:17:53,508 - DEBUG - PIL.PngImagePlugin - STREAM b'IHDR' 16 13
2026-09-10 00:17:53,508 - DEBUG - PIL.PngImagePlugin - STREAM b'IDAT' 41 55682
2026-09-10 00:17:53,512 - DEBUG - PIL.PngImagePlugin - STREAM b'IHDR' 16 13
2026-09-10 00:17:53,512 - DEBUG - PIL.PngImagePlugin - STREAM b'IDAT' 41 57887
2026-09-10 00:17:53,515 - DEBUG - PIL.PngImagePlugin - STREAM b'IHDR' 16 13
2026-09-10 00:17:53,515 - DEBUG - PIL.PngImagePlugin - STREAM b'IDAT' 41 47281
2026-09-10 00:17:53,519 - DEBUG - PIL.PngImagePlugin - STREAM b'IHDR' 16 13
2026-09-10 00:17:53,519 - DEBUG - PIL.PngImagePlugin - STREAM b'IDAT' 41 56615
2026-09-10 00:17:53,524 - DEBUG - PIL.PngImagePlugin - STREAM b'IHDR' 16 13
2026-09-10 00:17:53,524 - DEBUG - PIL.PngImagePlugin - STREAM b'IDAT' 41 57598
2026-09-10 00:17:53,536 - DEBUG - PIL.PngImagePlugin - STREAM b'IHDR' 16 13
2026-09-10 00:17:53,536 - DEBUG - PIL.PngImagePlugin - STREAM b'IDAT' 41 62450
2026-09-10 00:17:53,540 - DEBUG - PIL.PngImagePlugin - STREAM b'IHDR' 16 13
2026-09-10 00:17:53,541 - DEBUG - PIL.PngImagePlugin - STREAM b'IDAT' 41 65536
2026-09-10 00:17:53,547 - DEBUG - PIL.PngImagePlugin - STREAM b'IHDR' 16 13
2026-09-10 00:17:53,547 - DEBUG - PIL.PngImagePlugin - STREAM b'IDAT' 41 54256
2026-09-10 00:17:53,558 - DEBUG - PIL.PngImagePlugin - STREAM b'IHDR' 16 13
2026-09-10 00:17:53,558 - DEBUG - PIL.PngImagePlugin - STREAM b'IDAT' 41 54256
2026-09-10 00:17:53,563 - DEBUG - PIL.PngImagePlugin - STREAM b'IHDR' 16 13
2026-09-10 00:17:53,563 - DEBUG - PIL.PngImagePlugin - STREAM b'IDAT' 41 54256
2026-09-10 00:17:53,567 - DEBUG - PIL.PngImagePlugin - STREAM b'IHDR' 16 13
2026-09-10 00:17:53,567 - DEBUG - PIL.PngImagePlugin - STREAM b'IDAT' 41 54256
2026-09-10 00:17:54,348 - DEBUG - PIL.PngImagePlugin - STREAM b'IHDR' 16 13
2026-09-10 00:17:54,348 - DEBUG - PIL.PngImagePlugin - STREAM b'IDAT' 41 65536
2026-09-10 00:17:54,374 - DEBUG - PIL.PngImagePlugin - STREAM b'IHDR' 16 13
2026-09-10 00:17:54,374 - DEBUG - PIL.PngImagePlugin - STREAM b'IDAT' 41 53758
2026-09-10 00:17:54,378 - DEBUG - PIL.PngImagePlugin - STREAM b'IHDR' 16 13
2026-09-10 00:17:54,378 - DEBUG - PIL.PngImagePlugin - STREAM b'IDAT' 41 32768
2026-09-10 00:17:54,385 - DEBUG - PIL.PngImagePlugin - STREAM b'IHDR' 16 13
2026-09-10 00:17:54,385 - DEBUG - PIL.PngImagePlugin - STREAM b'IDAT' 41 65536
2026-09-10 00:17:54,388 - DEBUG - PIL.PngImagePlugin - STREAM b'IHDR' 16 13
2026-09-10 00:17:54,389 - DEBUG - PIL.PngImagePlugin - STREAM b'IDAT' 41 65536
2026-09-10 00:17:54,392 - DEBUG - PIL.PngImagePlugin - STREAM b'IHDR' 16 13
2026-09-10 00:17:54,392 - DEBUG - PIL.PngImagePlugin - STREAM b'IDAT' 41 54958
2026-09-10 00:17:54,396 - DEBUG - PIL.PngImagePlugin - STREAM b'IHDR' 16 13
2026-09-10 00:17:54,396 - DEBUG - PIL.PngImagePlugin - STREAM b'IDAT' 41 54668
2026-09-10 00:17:54,400 - DEBUG - PIL.PngImagePlugin - STREAM b'IHDR' 16 13
2026-09-10 00:17:54,400 - DEBUG - PIL.PngImagePlugin - STREAM b'IDAT' 41 50455
2026-09-10 00:17:54,404 - DEBUG - PIL.PngImagePlugin - STREAM b'IHDR' 16 13
2026-09-10 00:17:54,404 - DEBUG - PIL.PngImagePlugin - STREAM b'IDAT' 41 49252
2026-09-10 00:17:54,408 - DEBUG - PIL.PngImagePlugin - STREAM b'IHDR' 16 13
2026-09-10 00:17:54,408 - DEBUG - PIL.PngImagePlugin - STREAM b'IDAT' 41 55682
2026-09-10 00:17:54,412 - DEBUG - PIL.PngImagePlugin - STREAM b'IHDR' 16 13
2026-09-10 00:17:54,412 - DEBUG - PIL.PngImagePlugin - STREAM b'IDAT' 41 57887
2026-09-10 00:17:54,416 - DEBUG - PIL.PngImagePlugin - STREAM b'IHDR' 16 13
2026-09-10 00:17:54,416 - DEBUG - PIL.PngImagePlugin - STREAM b'IDAT' 41 47281
2026-09-10 00:17:54,419 - DEBUG - PIL.PngImagePlugin - STREAM b'IHDR' 16 13
2026-09-10 00:17:54,420 - DEBUG - PIL.PngImagePlugin - STREAM b'IDAT' 41 56615
2026-09-10 00:17:54,423 - DEBUG - PIL.PngImagePlugin - STREAM b'IHDR' 16 13
2026-09-10 00:17:54,423 - DEBUG - PIL.PngImagePlugin - STREAM b'IDAT' 41 57598
2026-09-10 00:17:54,432 - DEBUG - PIL.PngImagePlugin - STREAM b'IHDR' 16 13
2026-09-10 00:17:54,433 - DEBUG - PIL.PngImagePlugin - STREAM b'IDAT' 41 62450
2026-09-10 00:17:54,436 - DEBUG - PIL.PngImagePlugin - STREAM b'IHDR' 16 13
2026-09-10 00:17:54,436 - DEBUG - PIL.PngImagePlugin - STREAM b'IDAT' 41 58612
2026-09-10 00:17:54,441 - DEBUG - PIL.PngImagePlugin - STREAM b'IHDR' 16 13
2026-09-10 00:17:54,441 - DEBUG - PIL.PngImagePlugin - STREAM b'IDAT' 41 54256
2026-09-10 00:17:54,448 - DEBUG - PIL.PngImagePlugin - STREAM b'IHDR' 16 13
2026-09-10 00:17:54,448 - DEBUG - PIL.PngImagePlugin - STREAM b'IDAT' 41 54256
2026-09-10 00:17:54,452 - DEBUG - PIL.PngImagePlugin - STREAM b'IHDR' 16 13
2026-09-10 00:17:54,453 - DEBUG - PIL.PngImagePlugin - STREAM b'IDAT' 41 54256
2026-09-10 00:17:54,456 - DEBUG - PIL.PngImagePlugin - STREAM b'IHDR' 16 13
2026-09-10 00:17:54,457 - DEBUG - PIL.PngImagePlugin - STREAM b'IDAT' 41 54256
2026-09-10 00:17:54,796 - DEBUG - PIL.PngImagePlugin - STREAM b'IHDR' 16 13
2026-09-10 00:17:54,796 - DEBUG - PIL.PngImagePlugin - STREAM b'IDAT' 41 65536
2026-09-10 00:17:54,820 - DEBUG - PIL.PngImagePlugin - STREAM b'IHDR' 16 13
2026-09-10 00:17:54,820 - DEBUG - PIL.PngImagePlugin - STREAM b'IDAT' 41 53758
2026-09-10 00:17:54,823 - DEBUG - PIL.PngImagePlugin - STREAM b'IHDR' 16 13
2026-09-10 00:17:54,824 - DEBUG - PIL.PngImagePlugin - STREAM b'IDAT' 41 32768
2026-09-10 00:17:54,830 - DEBUG - PIL.PngImagePlugin - STREAM b'IHDR' 16 13
2026-09-10 00:17:54,830 - DEBUG - PIL.PngImagePlugin - STREAM b'IDAT' 41 65536
2026-09-10 00:17:54,833 - DEBUG - PIL.PngImagePlugin - STREAM b'IHDR' 16 13
2026-09-10 00:17:54,833 - DEBUG - PIL.PngImagePlugin - STREAM b'IDAT' 41 58612
2026-09-10 00:17:54,836 - DEBUG - PIL.PngImagePlugin - STREAM b'IHDR' 16 13
2026-09-10 00:17:54,836 - DEBUG - PIL.PngImagePlugin - STREAM b'IDAT' 41 54958
2026-09-10 00:17:54,840 - DEBUG - PIL.PngImagePlugin - STREAM b'IHDR' 16 13
2026-09-10 00:17:54,840 - DEBUG - PIL.PngImagePlugin - STREAM b'IDAT' 41 54668
2026-09-10 00:17:54,844 - DEBUG - PIL.PngImagePlugin - STREAM b'IHDR' 16 13
2026-09-10 00:17:54,844 - DEBUG - PIL.PngImagePlugin - STREAM b'IDAT' 41 50455
2026-09-10 00:17:54,847 - DEBUG - PIL.PngImagePlugin - STREAM b'IHDR' 16 13
2026-09-10 00:17:54,848 - DEBUG - PIL.PngImagePlugin - STREAM b'IDAT' 41 49252
2026-09-10 00:17:54,851 - DEBUG - PIL.PngImagePlugin - STREAM b'IHDR' 16 13
2026-09-10 00:17:54,852 - DEBUG - PIL.PngImagePlugin - STREAM b'IDAT' 41 55682
2026-09-10 00:17:54,856 - DEBUG - PIL.PngImagePlugin - STREAM b'IHDR' 16 13
2026-09-10 00:17:54,856 - DEBUG - PIL.PngImagePlugin - STREAM b'IDAT' 41 57887
2026-09-10 00:17:54,860 - DEBUG - PIL.PngImagePlugin - STREAM b'IHDR' 16 13
2026-09-10 00:17:54,860 - DEBUG - PIL.PngImagePlugin - STREAM b'IDAT' 41 47281
2026-09-10 00:17:54,864 - DEBUG - PIL.PngImagePlugin - STREAM b'IHDR' 16 13
2026-09-10 00:17:54,864 - DEBUG - PIL.PngImagePlugin - STREAM b'IDAT' 41 56615
2026-09-10 00:17:54,869 - DEBUG - PIL.PngImagePlugin - STREAM b'IHDR' 16 13
2026-09-10 00:17:54,869 - DEBUG - PIL.PngImagePlugin - STREAM b'IDAT' 41 57598
2026-09-10 00:17:54,879 - DEBUG - PIL.PngImagePlugin - STREAM b'IHDR' 16 13
2026-09-10 00:17:54,879 - DEBUG - PIL.PngImagePlugin - STREAM b'IDAT' 41 62450
2026-09-10 00:17:54,881 - DEBUG - PIL.PngImagePlugin - STREAM b'IHDR' 16 13
2026-09-10 00:17:54,882 - DEBUG - PIL.PngImagePlugin - STREAM b'IDAT' 41 65536
2026-09-10 00:17:54,887 - DEBUG - PIL.PngImagePlugin - STREAM b'IHDR' 16 13
2026-09-10 00:17:54,888 - DEBUG - PIL.PngImagePlugin - STREAM b'IDAT' 41 54256
2026-09-10 00:17:54,894 - DEBUG - PIL.PngImagePlugin - STREAM b'IHDR' 16 13
2026-09-10 00:17:54,894 - DEBUG - PIL.PngImagePlugin - STREAM b'IDAT' 41 54256
2026-09-10 00:17:54,898 - DEBUG - PIL.PngImagePlugin - STREAM b'IHDR' 16 13
2026-09-10 00:17:54,898 - DEBUG - PIL.PngImagePlugin - STREAM b'IDAT' 41 54256
2026-09-10 00:17:54,902 - DEBUG - PIL.PngImagePlugin - STREAM b'IHDR' 16 13
2026-09-10 00:17:54,902 - DEBUG - PIL.PngImagePlugin - STREAM b'IDAT' 41 54256
2026-09-10 00:17:56,832 - DEBUG - PIL.PngImagePlugin - STREAM b'IHDR' 16 13
2026-09-10 00:17:56,832 - DEBUG - PIL.PngImagePlugin - STREAM b'IDAT' 41 54256
2026-09-10 00:17:56,839 - DEBUG - PIL.PngImagePlugin - STREAM b'IHDR' 16 13
2026-09-10 00:17:56,839 - DEBUG - PIL.PngImagePlugin - STREAM b'IDAT' 41 54256
2026-09-10 00:17:56,844 - DEBUG - PIL.PngImagePlugin - STREAM b'IHDR' 16 13
2026-09-10 00:17:56,844 - DEBUG - PIL.PngImagePlugin - STREAM b'IDAT' 41 54256
2026-09-10 00:17:57,292 - DEBUG - PIL.PngImagePlugin - STREAM b'IHDR' 16 13
2026-09-10 00:17:57,293 - DEBUG - PIL.PngImagePlugin - STREAM b'IDAT' 41 54256
2026-09-10 00:17:57,298 - DEBUG - PIL.PngImagePlugin - STREAM b'IHDR' 16 13
2026-09-10 00:17:57,298 - DEBUG - PIL.PngImagePlugin - STREAM b'IDAT' 41 54256
2026-09-10 00:17:59,875 - DEBUG - PIL.PngImagePlugin - STREAM b'IHDR' 16 13
2026-09-10 00:17:59,876 - DEBUG - PIL.PngImagePlugin - STREAM b'IDAT' 41 62450
2026-09-10 00:17:59,963 - DEBUG - PIL.PngImagePlugin - STREAM b'IHDR' 16 13
2026-09-10 00:17:59,963 - DEBUG - PIL.PngImagePlugin - STREAM b'IDAT' 41 62450
2026-09-10 00:17:59,971 - DEBUG - PIL.PngImagePlugin - STREAM b'IHDR' 16 13
2026-09-10 00:17:59,971 - DEBUG - PIL.PngImagePlugin - STREAM b'IDAT' 41 62450
2026-09-10 00:17:59,979 - DEBUG - PIL.PngImagePlugin - STREAM b'IHDR' 16 13
2026-09-10 00:17:59,979 - DEBUG - PIL.PngImagePlugin - STREAM b'IDAT' 41 62450
2026-09-10 00:17:59,987 - DEBUG - PIL.PngImagePlugin - STREAM b'IHDR' 16 13
2026-09-10 00:17:59,987 - DEBUG - PIL.PngImagePlugin - STREAM b'IDAT' 41 62450
2026-09-10 00:17:59,995 - DEBUG - PIL.PngImagePlugin - STREAM b'IHDR' 16 13
2026-09-10 00:17:59,995 - DEBUG - PIL.PngImagePlugin - STREAM b'IDAT' 41 62450
2026-09-10 00:18:00,003 - DEBUG - PIL.PngImagePlugin - STREAM b'IHDR' 16 13
2026-09-10 00:18:00,003 - DEBUG - PIL.PngImagePlugin - STREAM b'IDAT' 41 62450
2026-09-10 00:18:00,011 - DEBUG - PIL.PngImagePlugin - STREAM b'IHDR' 16 13
2026-09-10 00:18:00,011 - DEBUG - PIL.PngImagePlugin - STREAM b'IDAT' 41 62450
2026-09-10 00:18:00,019 - DEBUG - PIL.PngImagePlugin - STREAM b'IHDR' 16 13
2026-09-10 00:18:00,019 - DEBUG - PIL.PngImagePlugin - STREAM b'IDAT' 41 62450
2026-09-10 00:18:00,027 - DEBUG - PIL.PngImagePlugin - STREAM b'IHDR' 16 13
2026-09-10 00:18:00,028 - DEBUG - PIL.PngImagePlugin - STREAM b'IDAT' 41 62450
2026-09-10 00:18:00,035 - DEBUG - PIL.PngImagePlugin - STREAM b'IHDR' 16 13
2026-09-10 00:18:00,035 - DEBUG - PIL.PngImagePlugin - STREAM b'IDAT' 41 62450
2026-09-10 00:18:00,044 - DEBUG - PIL.PngImagePlugin - STREAM b'IHDR' 16 13
2026-09-10 00:18:00,044 - DEBUG - PIL.PngImagePlugin - STREAM b'IDAT' 41 62450
2026-09-10 00:18:00,051 - DEBUG - PIL.PngImagePlugin - STREAM b'IHDR' 16 13
2026-09-10 00:18:00,052 - DEBUG - PIL.PngImagePlugin - STREAM b'IDAT' 41 62450
2026-09-10 00:18:00,060 - DEBUG - PIL.PngImagePlugin - STREAM b'IHDR' 16 13
2026-09-10 00:18:00,060 - DEBUG - PIL.PngImagePlugin - STREAM b'IDAT' 41 62450
2026-09-10 00:18:00,465 - DEBUG - PIL.PngImagePlugin - STREAM b'IHDR' 16 13
2026-09-10 00:18:00,465 - DEBUG - PIL.PngImagePlugin - STREAM b'IDAT' 41 62450
2026-09-10 00:18:00,473 - DEBUG - PIL.PngImagePlugin - STREAM b'IHDR' 16 13
2026-09-10 00:18:00,473 - DEBUG - PIL.PngImagePlugin - STREAM b'IDAT' 41 62450
2026-09-10 00:18:00,481 - DEBUG - PIL.PngImagePlugin - STREAM b'IHDR' 16 13
2026-09-10 00:18:00,482 - DEBUG - PIL.PngImagePlugin - STREAM b'IDAT' 41 62450
2026-09-10 00:18:00,490 - DEBUG - PIL.PngImagePlugin - STREAM b'IHDR' 16 13
2026-09-10 00:18:00,490 - DEBUG - PIL.PngImagePlugin - STREAM b'IDAT' 41 62450
2026-09-10 00:18:00,498 - DEBUG - PIL.PngImagePlugin - STREAM b'IHDR' 16 13
2026-09-10 00:18:00,498 - DEBUG - PIL.PngImagePlugin - STREAM b'IDAT' 41 62450
2026-09-10 00:18:00,508 - DEBUG - PIL.PngImagePlugin - STREAM b'IHDR' 16 13
2026-09-10 00:18:00,508 - DEBUG - PIL.PngImagePlugin - STREAM b'IDAT' 41 62450
2026-09-10 00:18:00,515 - DEBUG - PIL.PngImagePlugin - STREAM b'IHDR' 16 13
2026-09-10 00:18:00,516 - DEBUG - PIL.PngImagePlugin - STREAM b'IDAT' 41 62450
2026-09-10 00:18:00,523 - DEBUG - PIL.PngImagePlugin - STREAM b'IHDR' 16 13
2026-09-10 00:18:00,524 - DEBUG - PIL.PngImagePlugin - STREAM b'IDAT' 41 62450
2026-09-10 00:18:00,532 - DEBUG - PIL.PngImagePlugin - STREAM b'IHDR' 16 13
2026-09-10 00:18:00,532 - DEBUG - PIL.PngImagePlugin - STREAM b'IDAT' 41 62450
2026-09-10 00:18:00,539 - DEBUG - PIL.PngImagePlugin - STREAM b'IHDR' 16 13
2026-09-10 00:18:00,539 - DEBUG - PIL.PngImagePlugin - STREAM b'IDAT' 41 62450
2026-09-10 00:18:00,547 - DEBUG - PIL.PngImagePlugin - STREAM b'IHDR' 16 13
2026-09-10 00:18:00,547 - DEBUG - PIL.PngImagePlugin - STREAM b'IDAT' 41 62450
2026-09-10 00:18:00,556 - DEBUG - PIL.PngImagePlugin - STREAM b'IHDR' 16 13
2026-09-10 00:18:00,557 - DEBUG - PIL.PngImagePlugin - STREAM b'IDAT' 41 62450
2026-09-10 00:18:00,563 - DEBUG - PIL.PngImagePlugin - STREAM b'IHDR' 16 13
2026-09-10 00:18:00,563 - DEBUG - PIL.PngImagePlugin - STREAM b'IDAT' 41 62450
2026-09-10 00:18:00,802 - DEBUG - PIL.PngImagePlugin - STREAM b'IHDR' 16 13
2026-09-10 00:18:00,802 - DEBUG - PIL.PngImagePlugin - STREAM b'IDAT' 41 62450
2026-09-10 00:18:00,809 - DEBUG - PIL.PngImagePlugin - STREAM b'IHDR' 16 13
2026-09-10 00:18:00,810 - DEBUG - PIL.PngImagePlugin - STREAM b'IDAT' 41 62450
2026-09-10 00:18:00,818 - DEBUG - PIL.PngImagePlugin - STREAM b'IHDR' 16 13
2026-09-10 00:18:00,818 - DEBUG - PIL.PngImagePlugin - STREAM b'IDAT' 41 62450
2026-09-10 00:18:00,825 - DEBUG - PIL.PngImagePlugin - STREAM b'IHDR' 16 13
2026-09-10 00:18:00,826 - DEBUG - PIL.PngImagePlugin - STREAM b'IDAT' 41 62450
2026-09-10 00:18:00,833 - DEBUG - PIL.PngImagePlugin - STREAM b'IHDR' 16 13
2026-09-10 00:18:00,834 - DEBUG - PIL.PngImagePlugin - STREAM b'IDAT' 41 62450
2026-09-10 00:18:00,842 - DEBUG - PIL.PngImagePlugin - STREAM b'IHDR' 16 13
2026-09-10 00:18:00,842 - DEBUG - PIL.PngImagePlugin - STREAM b'IDAT' 41 62450
2026-09-10 00:18:00,849 - DEBUG - PIL.PngImagePlugin - STREAM b'IHDR' 16 13
2026-09-10 00:18:00,849 - DEBUG - PIL.PngImagePlugin - STREAM b'IDAT' 41 62450
2026-09-10 00:18:00,857 - DEBUG - PIL.PngImagePlugin - STREAM b'IHDR' 16 13
2026-09-10 00:18:00,858 - DEBUG - PIL.PngImagePlugin - STREAM b'IDAT' 41 62450
2026-09-10 00:18:00,866 - DEBUG - PIL.PngImagePlugin - STREAM b'IHDR' 16 13
2026-09-10 00:18:00,866 - DEBUG - PIL.PngImagePlugin - STREAM b'IDAT' 41 62450
2026-09-10 00:18:13,271 - DEBUG - urllib3.connectionpool - Starting new HTTPS connection (1): www.gamerpower.com:443
2026-09-10 00:18:13,370 - DEBUG - urllib3.connectionpool - https://www.gamerpower.com:443 "GET /api/giveaways?type=game HTTP/1.1" 200 None
2026-09-10 00:18:15,122 - DEBUG - urllib3.connectionpool - Starting new HTTPS connection (1): www.gamerpower.com:443
2026-09-10 00:18:15,236 - DEBUG - urllib3.connectionpool - https://www.gamerpower.com:443 "GET /api/giveaways?type=game HTTP/1.1" 200 None
2026-09-10 00:18:23,911 - INFO - KGameTracker - ℹ️  ==================================================
2026-09-10 00:18:23,911 - INFO - KGameTracker - ℹ️  K GAME TRACKER - CERRADA
2026-09-10 00:18:23,911 - INFO - KGameTracker - ℹ️  ==================================================
2026-09-10 00:23:45,092 - INFO - KGameTracker - ℹ️  ==================================================
2026-09-10 00:23:45,093 - INFO - KGameTracker - ℹ️  K GAME TRACKER - INICIADA
2026-09-10 00:23:45,093 - INFO - KGameTracker - ℹ️  ==================================================
2026-09-10 00:23:45,258 - DEBUG - PIL.Image - Importing PngImagePlugin
2026-09-10 00:23:45,265 - DEBUG - PIL.PngImagePlugin - STREAM b'IHDR' 16 13
2026-09-10 00:23:45,266 - DEBUG - PIL.PngImagePlugin - STREAM b'IDAT' 41 65536
2026-09-10 00:23:50,195 - DEBUG - PIL.PngImagePlugin - STREAM b'IHDR' 16 13
2026-09-10 00:23:50,196 - DEBUG - PIL.PngImagePlugin - STREAM b'IDAT' 41 65536
2026-09-10 00:23:50,243 - DEBUG - PIL.PngImagePlugin - STREAM b'IHDR' 16 13
2026-09-10 00:23:50,243 - DEBUG - PIL.PngImagePlugin - STREAM b'IDAT' 41 53758
2026-09-10 00:23:50,247 - DEBUG - PIL.PngImagePlugin - STREAM b'IHDR' 16 13
2026-09-10 00:23:50,248 - DEBUG - PIL.PngImagePlugin - STREAM b'IDAT' 41 32768
2026-09-10 00:23:50,254 - DEBUG - PIL.PngImagePlugin - STREAM b'IHDR' 16 13
2026-09-10 00:23:50,254 - DEBUG - PIL.PngImagePlugin - STREAM b'IDAT' 41 65536
2026-09-10 00:23:50,258 - DEBUG - PIL.PngImagePlugin - STREAM b'IHDR' 16 13
2026-09-10 00:23:50,258 - DEBUG - PIL.PngImagePlugin - STREAM b'IDAT' 41 65536
2026-09-10 00:23:50,262 - DEBUG - PIL.PngImagePlugin - STREAM b'IHDR' 16 13
2026-09-10 00:23:50,263 - DEBUG - PIL.PngImagePlugin - STREAM b'IDAT' 41 54958
2026-09-10 00:23:50,266 - DEBUG - PIL.PngImagePlugin - STREAM b'IHDR' 16 13
2026-09-10 00:23:50,266 - DEBUG - PIL.PngImagePlugin - STREAM b'IDAT' 41 54668
2026-09-10 00:23:50,271 - DEBUG - PIL.PngImagePlugin - STREAM b'IHDR' 16 13
2026-09-10 00:23:50,271 - DEBUG - PIL.PngImagePlugin - STREAM b'IDAT' 41 50455
2026-09-10 00:23:50,275 - DEBUG - PIL.PngImagePlugin - STREAM b'IHDR' 16 13
2026-09-10 00:23:50,275 - DEBUG - PIL.PngImagePlugin - STREAM b'IDAT' 41 49252
2026-09-10 00:23:50,280 - DEBUG - PIL.PngImagePlugin - STREAM b'IHDR' 16 13
2026-09-10 00:23:50,281 - DEBUG - PIL.PngImagePlugin - STREAM b'IDAT' 41 55682
2026-09-10 00:23:50,285 - DEBUG - PIL.PngImagePlugin - STREAM b'IHDR' 16 13
2026-09-10 00:23:50,285 - DEBUG - PIL.PngImagePlugin - STREAM b'IDAT' 41 57887
2026-09-10 00:23:50,290 - DEBUG - PIL.PngImagePlugin - STREAM b'IHDR' 16 13
2026-09-10 00:23:50,290 - DEBUG - PIL.PngImagePlugin - STREAM b'IDAT' 41 47281
2026-09-10 00:23:50,294 - DEBUG - PIL.PngImagePlugin - STREAM b'IHDR' 16 13
2026-09-10 00:23:50,295 - DEBUG - PIL.PngImagePlugin - STREAM b'IDAT' 41 56615
2026-09-10 00:23:50,299 - DEBUG - PIL.PngImagePlugin - STREAM b'IHDR' 16 13
2026-09-10 00:23:50,299 - DEBUG - PIL.PngImagePlugin - STREAM b'IDAT' 41 57598
2026-09-10 00:23:50,340 - DEBUG - PIL.PngImagePlugin - STREAM b'IHDR' 16 13
2026-09-10 00:23:50,341 - DEBUG - PIL.PngImagePlugin - STREAM b'IDAT' 41 62450
2026-09-10 00:23:58,927 - INFO - KGameTracker - ℹ️  ==================================================
2026-09-10 00:23:58,928 - INFO - KGameTracker - ℹ️  K GAME TRACKER - CERRADA
2026-09-10 00:23:58,928 - INFO - KGameTracker - ℹ️  ==================================================
2026-09-10 00:24:04,785 - INFO - KGameTracker - ℹ️  ==================================================
2026-09-10 00:24:04,785 - INFO - KGameTracker - ℹ️  K GAME TRACKER - INICIADA
2026-09-10 00:24:04,785 - INFO - KGameTracker - ℹ️  ==================================================
2026-09-10 00:24:04,937 - DEBUG - PIL.Image - Importing PngImagePlugin
2026-09-10 00:24:04,947 - DEBUG - PIL.PngImagePlugin - STREAM b'IHDR' 16 13
2026-09-10 00:24:04,947 - DEBUG - PIL.PngImagePlugin - STREAM b'IDAT' 41 65536
2026-09-10 00:24:09,878 - DEBUG - PIL.PngImagePlugin - STREAM b'IHDR' 16 13
2026-09-10 00:24:09,878 - DEBUG - PIL.PngImagePlugin - STREAM b'IDAT' 41 65536
2026-09-10 00:24:09,912 - DEBUG - PIL.PngImagePlugin - STREAM b'IHDR' 16 13
2026-09-10 00:24:09,912 - DEBUG - PIL.PngImagePlugin - STREAM b'IDAT' 41 53758
2026-09-10 00:24:09,915 - DEBUG - PIL.PngImagePlugin - STREAM b'IHDR' 16 13
2026-09-10 00:24:09,915 - DEBUG - PIL.PngImagePlugin - STREAM b'IDAT' 41 32768
2026-09-10 00:24:09,921 - DEBUG - PIL.PngImagePlugin - STREAM b'IHDR' 16 13
2026-09-10 00:24:09,921 - DEBUG - PIL.PngImagePlugin - STREAM b'IDAT' 41 65536
2026-09-10 00:24:09,924 - DEBUG - PIL.PngImagePlugin - STREAM b'IHDR' 16 13
2026-09-10 00:24:09,924 - DEBUG - PIL.PngImagePlugin - STREAM b'IDAT' 41 65536
2026-09-10 00:24:09,928 - DEBUG - PIL.PngImagePlugin - STREAM b'IHDR' 16 13
2026-09-10 00:24:09,928 - DEBUG - PIL.PngImagePlugin - STREAM b'IDAT' 41 54958
2026-09-10 00:24:09,933 - DEBUG - PIL.PngImagePlugin - STREAM b'IHDR' 16 13
2026-09-10 00:24:09,933 - DEBUG - PIL.PngImagePlugin - STREAM b'IDAT' 41 54668
2026-09-10 00:24:09,937 - DEBUG - PIL.PngImagePlugin - STREAM b'IHDR' 16 13
2026-09-10 00:24:09,938 - DEBUG - PIL.PngImagePlugin - STREAM b'IDAT' 41 50455
2026-09-10 00:24:09,942 - DEBUG - PIL.PngImagePlugin - STREAM b'IHDR' 16 13
2026-09-10 00:24:09,942 - DEBUG - PIL.PngImagePlugin - STREAM b'IDAT' 41 49252
2026-09-10 00:24:09,946 - DEBUG - PIL.PngImagePlugin - STREAM b'IHDR' 16 13
2026-09-10 00:24:09,946 - DEBUG - PIL.PngImagePlugin - STREAM b'IDAT' 41 55682
2026-09-10 00:24:09,951 - DEBUG - PIL.PngImagePlugin - STREAM b'IHDR' 16 13
2026-09-10 00:24:09,951 - DEBUG - PIL.PngImagePlugin - STREAM b'IDAT' 41 57887
2026-09-10 00:24:09,956 - DEBUG - PIL.PngImagePlugin - STREAM b'IHDR' 16 13
2026-09-10 00:24:09,956 - DEBUG - PIL.PngImagePlugin - STREAM b'IDAT' 41 47281
2026-09-10 00:24:09,959 - DEBUG - PIL.PngImagePlugin - STREAM b'IHDR' 16 13
2026-09-10 00:24:09,960 - DEBUG - PIL.PngImagePlugin - STREAM b'IDAT' 41 56615
2026-09-10 00:24:09,963 - DEBUG - PIL.PngImagePlugin - STREAM b'IHDR' 16 13
2026-09-10 00:24:09,964 - DEBUG - PIL.PngImagePlugin - STREAM b'IDAT' 41 57598
2026-09-10 00:24:09,986 - DEBUG - PIL.PngImagePlugin - STREAM b'IHDR' 16 13
2026-09-10 00:24:09,986 - DEBUG - PIL.PngImagePlugin - STREAM b'IDAT' 41 62450
2026-09-10 00:24:32,020 - INFO - KGameTracker - ℹ️  ==================================================
2026-09-10 00:24:32,020 - INFO - KGameTracker - ℹ️  K GAME TRACKER - CERRADA
2026-09-10 00:24:32,021 - INFO - KGameTracker - ℹ️  ==================================================
2026-09-10 00:25:10,293 - INFO - KGameTracker - ℹ️  ==================================================
2026-09-10 00:25:10,293 - INFO - KGameTracker - ℹ️  K GAME TRACKER - INICIADA
2026-09-10 00:25:10,293 - INFO - KGameTracker - ℹ️  ==================================================
2026-09-10 00:25:10,456 - DEBUG - PIL.Image - Importing PngImagePlugin
2026-09-10 00:25:10,463 - DEBUG - PIL.PngImagePlugin - STREAM b'IHDR' 16 13
2026-09-10 00:25:10,463 - DEBUG - PIL.PngImagePlugin - STREAM b'IDAT' 41 65536
2026-09-10 00:25:15,386 - DEBUG - PIL.PngImagePlugin - STREAM b'IHDR' 16 13
2026-09-10 00:25:15,386 - DEBUG - PIL.PngImagePlugin - STREAM b'IDAT' 41 65536
2026-09-10 00:25:15,423 - DEBUG - PIL.PngImagePlugin - STREAM b'IHDR' 16 13
2026-09-10 00:25:15,424 - DEBUG - PIL.PngImagePlugin - STREAM b'IDAT' 41 53758
2026-09-10 00:25:15,429 - DEBUG - PIL.PngImagePlugin - STREAM b'IHDR' 16 13
2026-09-10 00:25:15,429 - DEBUG - PIL.PngImagePlugin - STREAM b'IDAT' 41 32768
2026-09-10 00:25:15,438 - DEBUG - PIL.PngImagePlugin - STREAM b'IHDR' 16 13
2026-09-10 00:25:15,438 - DEBUG - PIL.PngImagePlugin - STREAM b'IDAT' 41 65536
2026-09-10 00:25:15,443 - DEBUG - PIL.PngImagePlugin - STREAM b'IHDR' 16 13
2026-09-10 00:25:15,444 - DEBUG - PIL.PngImagePlugin - STREAM b'IDAT' 41 65536
2026-09-10 00:25:15,449 - DEBUG - PIL.PngImagePlugin - STREAM b'IHDR' 16 13
2026-09-10 00:25:15,449 - DEBUG - PIL.PngImagePlugin - STREAM b'IDAT' 41 54958
2026-09-10 00:25:15,454 - DEBUG - PIL.PngImagePlugin - STREAM b'IHDR' 16 13
2026-09-10 00:25:15,454 - DEBUG - PIL.PngImagePlugin - STREAM b'IDAT' 41 54668
2026-09-10 00:25:15,459 - DEBUG - PIL.PngImagePlugin - STREAM b'IHDR' 16 13
2026-09-10 00:25:15,459 - DEBUG - PIL.PngImagePlugin - STREAM b'IDAT' 41 50455
2026-09-10 00:25:15,464 - DEBUG - PIL.PngImagePlugin - STREAM b'IHDR' 16 13
2026-09-10 00:25:15,464 - DEBUG - PIL.PngImagePlugin - STREAM b'IDAT' 41 49252
2026-09-10 00:25:15,468 - DEBUG - PIL.PngImagePlugin - STREAM b'IHDR' 16 13
2026-09-10 00:25:15,468 - DEBUG - PIL.PngImagePlugin - STREAM b'IDAT' 41 55682
2026-09-10 00:25:15,473 - DEBUG - PIL.PngImagePlugin - STREAM b'IHDR' 16 13
2026-09-10 00:25:15,473 - DEBUG - PIL.PngImagePlugin - STREAM b'IDAT' 41 57887
2026-09-10 00:25:15,478 - DEBUG - PIL.PngImagePlugin - STREAM b'IHDR' 16 13
2026-09-10 00:25:15,478 - DEBUG - PIL.PngImagePlugin - STREAM b'IDAT' 41 47281
2026-09-10 00:25:15,487 - DEBUG - PIL.PngImagePlugin - STREAM b'IHDR' 16 13
2026-09-10 00:25:15,491 - DEBUG - PIL.PngImagePlugin - STREAM b'IDAT' 41 56615
2026-09-10 00:25:15,512 - DEBUG - PIL.PngImagePlugin - STREAM b'IHDR' 16 13
2026-09-10 00:25:15,513 - DEBUG - PIL.PngImagePlugin - STREAM b'IDAT' 41 57598
2026-09-10 00:25:15,545 - DEBUG - PIL.PngImagePlugin - STREAM b'IHDR' 16 13
2026-09-10 00:25:15,546 - DEBUG - PIL.PngImagePlugin - STREAM b'IDAT' 41 62450
2026-09-10 00:25:28,678 - INFO - KGameTracker - ℹ️  ==================================================
2026-09-10 00:25:28,678 - INFO - KGameTracker - ℹ️  K GAME TRACKER - CERRADA
2026-09-10 00:25:28,679 - INFO - KGameTracker - ℹ️  ==================================================
2026-09-10 00:25:57,351 - INFO - KGameTracker - ℹ️  ==================================================
2026-09-10 00:25:57,351 - INFO - KGameTracker - ℹ️  K GAME TRACKER - INICIADA
2026-09-10 00:25:57,351 - INFO - KGameTracker - ℹ️  ==================================================
2026-09-10 00:25:57,499 - DEBUG - PIL.Image - Importing PngImagePlugin
2026-09-10 00:25:57,507 - DEBUG - PIL.PngImagePlugin - STREAM b'IHDR' 16 13
2026-09-10 00:25:57,507 - DEBUG - PIL.PngImagePlugin - STREAM b'IDAT' 41 65536
2026-09-10 00:26:02,450 - DEBUG - PIL.PngImagePlugin - STREAM b'IHDR' 16 13
2026-09-10 00:26:02,450 - DEBUG - PIL.PngImagePlugin - STREAM b'IDAT' 41 65536
2026-09-10 00:26:02,487 - DEBUG - PIL.PngImagePlugin - STREAM b'IHDR' 16 13
2026-09-10 00:26:02,487 - DEBUG - PIL.PngImagePlugin - STREAM b'IDAT' 41 53758
2026-09-10 00:26:02,492 - DEBUG - PIL.PngImagePlugin - STREAM b'IHDR' 16 13
2026-09-10 00:26:02,492 - DEBUG - PIL.PngImagePlugin - STREAM b'IDAT' 41 32768
2026-09-10 00:26:02,498 - DEBUG - PIL.PngImagePlugin - STREAM b'IHDR' 16 13
2026-09-10 00:26:02,499 - DEBUG - PIL.PngImagePlugin - STREAM b'IDAT' 41 65536
2026-09-10 00:26:02,504 - DEBUG - PIL.PngImagePlugin - STREAM b'IHDR' 16 13
2026-09-10 00:26:02,504 - DEBUG - PIL.PngImagePlugin - STREAM b'IDAT' 41 65536
2026-09-10 00:26:02,507 - DEBUG - PIL.PngImagePlugin - STREAM b'IHDR' 16 13
2026-09-10 00:26:02,507 - DEBUG - PIL.PngImagePlugin - STREAM b'IDAT' 41 54958
2026-09-10 00:26:02,511 - DEBUG - PIL.PngImagePlugin - STREAM b'IHDR' 16 13
2026-09-10 00:26:02,512 - DEBUG - PIL.PngImagePlugin - STREAM b'IDAT' 41 54668
2026-09-10 00:26:02,517 - DEBUG - PIL.PngImagePlugin - STREAM b'IHDR' 16 13
2026-09-10 00:26:02,517 - DEBUG - PIL.PngImagePlugin - STREAM b'IDAT' 41 50455
2026-09-10 00:26:02,521 - DEBUG - PIL.PngImagePlugin - STREAM b'IHDR' 16 13
2026-09-10 00:26:02,521 - DEBUG - PIL.PngImagePlugin - STREAM b'IDAT' 41 49252
2026-09-10 00:26:02,525 - DEBUG - PIL.PngImagePlugin - STREAM b'IHDR' 16 13
2026-09-10 00:26:02,526 - DEBUG - PIL.PngImagePlugin - STREAM b'IDAT' 41 55682
2026-09-10 00:26:02,531 - DEBUG - PIL.PngImagePlugin - STREAM b'IHDR' 16 13
2026-09-10 00:26:02,531 - DEBUG - PIL.PngImagePlugin - STREAM b'IDAT' 41 57887
2026-09-10 00:26:02,535 - DEBUG - PIL.PngImagePlugin - STREAM b'IHDR' 16 13
2026-09-10 00:26:02,536 - DEBUG - PIL.PngImagePlugin - STREAM b'IDAT' 41 47281
2026-09-10 00:26:02,541 - DEBUG - PIL.PngImagePlugin - STREAM b'IHDR' 16 13
2026-09-10 00:26:02,541 - DEBUG - PIL.PngImagePlugin - STREAM b'IDAT' 41 56615
2026-09-10 00:26:02,546 - DEBUG - PIL.PngImagePlugin - STREAM b'IHDR' 16 13
2026-09-10 00:26:02,546 - DEBUG - PIL.PngImagePlugin - STREAM b'IDAT' 41 57598
2026-09-10 00:26:02,572 - DEBUG - PIL.PngImagePlugin - STREAM b'IHDR' 16 13
2026-09-10 00:26:02,573 - DEBUG - PIL.PngImagePlugin - STREAM b'IDAT' 41 62450
2026-09-10 00:26:21,112 - INFO - KGameTracker - ℹ️  ==================================================
2026-09-10 00:26:21,112 - INFO - KGameTracker - ℹ️  K GAME TRACKER - CERRADA
2026-09-10 00:26:21,112 - INFO - KGameTracker - ℹ️  ==================================================
2026-09-10 00:26:46,713 - INFO - KGameTracker - ℹ️  ==================================================
2026-09-10 00:26:46,713 - INFO - KGameTracker - ℹ️  K GAME TRACKER - INICIADA
2026-09-10 00:26:46,713 - INFO - KGameTracker - ℹ️  ==================================================
2026-09-10 00:26:46,876 - DEBUG - PIL.Image - Importing PngImagePlugin
2026-09-10 00:26:46,884 - DEBUG - PIL.PngImagePlugin - STREAM b'IHDR' 16 13
2026-09-10 00:26:46,884 - DEBUG - PIL.PngImagePlugin - STREAM b'IDAT' 41 65536
2026-09-10 00:26:51,796 - DEBUG - PIL.PngImagePlugin - STREAM b'IHDR' 16 13
2026-09-10 00:26:51,796 - DEBUG - PIL.PngImagePlugin - STREAM b'IDAT' 41 65536
2026-09-10 00:26:51,833 - DEBUG - PIL.PngImagePlugin - STREAM b'IHDR' 16 13
2026-09-10 00:26:51,833 - DEBUG - PIL.PngImagePlugin - STREAM b'IDAT' 41 53758
2026-09-10 00:26:51,839 - DEBUG - PIL.PngImagePlugin - STREAM b'IHDR' 16 13
2026-09-10 00:26:51,839 - DEBUG - PIL.PngImagePlugin - STREAM b'IDAT' 41 32768
2026-09-10 00:26:51,846 - DEBUG - PIL.PngImagePlugin - STREAM b'IHDR' 16 13
2026-09-10 00:26:51,846 - DEBUG - PIL.PngImagePlugin - STREAM b'IDAT' 41 65536
2026-09-10 00:26:51,849 - DEBUG - PIL.PngImagePlugin - STREAM b'IHDR' 16 13
2026-09-10 00:26:51,849 - DEBUG - PIL.PngImagePlugin - STREAM b'IDAT' 41 65536
2026-09-10 00:26:51,853 - DEBUG - PIL.PngImagePlugin - STREAM b'IHDR' 16 13
2026-09-10 00:26:51,853 - DEBUG - PIL.PngImagePlugin - STREAM b'IDAT' 41 54958
2026-09-10 00:26:51,857 - DEBUG - PIL.PngImagePlugin - STREAM b'IHDR' 16 13
2026-09-10 00:26:51,857 - DEBUG - PIL.PngImagePlugin - STREAM b'IDAT' 41 54668
2026-09-10 00:26:51,862 - DEBUG - PIL.PngImagePlugin - STREAM b'IHDR' 16 13
2026-09-10 00:26:51,862 - DEBUG - PIL.PngImagePlugin - STREAM b'IDAT' 41 50455
2026-09-10 00:26:51,868 - DEBUG - PIL.PngImagePlugin - STREAM b'IHDR' 16 13
2026-09-10 00:26:51,868 - DEBUG - PIL.PngImagePlugin - STREAM b'IDAT' 41 49252
2026-09-10 00:26:51,873 - DEBUG - PIL.PngImagePlugin - STREAM b'IHDR' 16 13
2026-09-10 00:26:51,873 - DEBUG - PIL.PngImagePlugin - STREAM b'IDAT' 41 55682
2026-09-10 00:26:51,881 - DEBUG - PIL.PngImagePlugin - STREAM b'IHDR' 16 13
2026-09-10 00:26:51,881 - DEBUG - PIL.PngImagePlugin - STREAM b'IDAT' 41 57887
2026-09-10 00:26:51,885 - DEBUG - PIL.PngImagePlugin - STREAM b'IHDR' 16 13
2026-09-10 00:26:51,886 - DEBUG - PIL.PngImagePlugin - STREAM b'IDAT' 41 47281
2026-09-10 00:26:51,890 - DEBUG - PIL.PngImagePlugin - STREAM b'IHDR' 16 13
2026-09-10 00:26:51,890 - DEBUG - PIL.PngImagePlugin - STREAM b'IDAT' 41 56615
2026-09-10 00:26:51,895 - DEBUG - PIL.PngImagePlugin - STREAM b'IHDR' 16 13
2026-09-10 00:26:51,895 - DEBUG - PIL.PngImagePlugin - STREAM b'IDAT' 41 57598
2026-09-10 00:26:51,936 - DEBUG - PIL.PngImagePlugin - STREAM b'IHDR' 16 13
2026-09-10 00:26:51,936 - DEBUG - PIL.PngImagePlugin - STREAM b'IDAT' 41 62450
2026-09-10 00:27:34,442 - INFO - KGameTracker - ℹ️  ==================================================
2026-09-10 00:27:34,442 - INFO - KGameTracker - ℹ️  K GAME TRACKER - CERRADA
2026-09-10 00:27:34,442 - INFO - KGameTracker - ℹ️  ==================================================
2026-09-10 00:27:47,591 - INFO - KGameTracker - ℹ️  ==================================================
2026-09-10 00:27:47,591 - INFO - KGameTracker - ℹ️  K GAME TRACKER - INICIADA
2026-09-10 00:27:47,591 - INFO - KGameTracker - ℹ️  ==================================================
2026-09-10 00:27:47,763 - DEBUG - PIL.Image - Importing PngImagePlugin
2026-09-10 00:27:47,775 - DEBUG - PIL.PngImagePlugin - STREAM b'IHDR' 16 13
2026-09-10 00:27:47,776 - DEBUG - PIL.PngImagePlugin - STREAM b'IDAT' 41 65536
2026-09-10 00:27:52,717 - DEBUG - PIL.PngImagePlugin - STREAM b'IHDR' 16 13
2026-09-10 00:27:52,717 - DEBUG - PIL.PngImagePlugin - STREAM b'IDAT' 41 65536
2026-09-10 00:27:52,751 - DEBUG - PIL.PngImagePlugin - STREAM b'IHDR' 16 13
2026-09-10 00:27:52,751 - DEBUG - PIL.PngImagePlugin - STREAM b'IDAT' 41 53758
2026-09-10 00:27:52,757 - DEBUG - PIL.PngImagePlugin - STREAM b'IHDR' 16 13
2026-09-10 00:27:52,758 - DEBUG - PIL.PngImagePlugin - STREAM b'IDAT' 41 32768
2026-09-10 00:27:52,764 - DEBUG - PIL.PngImagePlugin - STREAM b'IHDR' 16 13
2026-09-10 00:27:52,765 - DEBUG - PIL.PngImagePlugin - STREAM b'IDAT' 41 65536
2026-09-10 00:27:52,768 - DEBUG - PIL.PngImagePlugin - STREAM b'IHDR' 16 13
2026-09-10 00:27:52,769 - DEBUG - PIL.PngImagePlugin - STREAM b'IDAT' 41 65536
2026-09-10 00:27:52,772 - DEBUG - PIL.PngImagePlugin - STREAM b'IHDR' 16 13
2026-09-10 00:27:52,773 - DEBUG - PIL.PngImagePlugin - STREAM b'IDAT' 41 54958
2026-09-10 00:27:52,777 - DEBUG - PIL.PngImagePlugin - STREAM b'IHDR' 16 13
2026-09-10 00:27:52,777 - DEBUG - PIL.PngImagePlugin - STREAM b'IDAT' 41 54668
2026-09-10 00:27:52,782 - DEBUG - PIL.PngImagePlugin - STREAM b'IHDR' 16 13
2026-09-10 00:27:52,782 - DEBUG - PIL.PngImagePlugin - STREAM b'IDAT' 41 50455
2026-09-10 00:27:52,787 - DEBUG - PIL.PngImagePlugin - STREAM b'IHDR' 16 13
2026-09-10 00:27:52,787 - DEBUG - PIL.PngImagePlugin - STREAM b'IDAT' 41 49252
2026-09-10 00:27:52,793 - DEBUG - PIL.PngImagePlugin - STREAM b'IHDR' 16 13
2026-09-10 00:27:52,793 - DEBUG - PIL.PngImagePlugin - STREAM b'IDAT' 41 55682
2026-09-10 00:27:52,799 - DEBUG - PIL.PngImagePlugin - STREAM b'IHDR' 16 13
2026-09-10 00:27:52,799 - DEBUG - PIL.PngImagePlugin - STREAM b'IDAT' 41 57887
2026-09-10 00:27:52,803 - DEBUG - PIL.PngImagePlugin - STREAM b'IHDR' 16 13
2026-09-10 00:27:52,803 - DEBUG - PIL.PngImagePlugin - STREAM b'IDAT' 41 47281
2026-09-10 00:27:52,808 - DEBUG - PIL.PngImagePlugin - STREAM b'IHDR' 16 13
2026-09-10 00:27:52,808 - DEBUG - PIL.PngImagePlugin - STREAM b'IDAT' 41 56615
2026-09-10 00:27:52,813 - DEBUG - PIL.PngImagePlugin - STREAM b'IHDR' 16 13
2026-09-10 00:27:52,813 - DEBUG - PIL.PngImagePlugin - STREAM b'IDAT' 41 57598
2026-09-10 00:27:52,856 - DEBUG - PIL.PngImagePlugin - STREAM b'IHDR' 16 13
2026-09-10 00:27:52,857 - DEBUG - PIL.PngImagePlugin - STREAM b'IDAT' 41 62450
2026-09-10 00:28:13,458 - INFO - KGameTracker - ℹ️  ==================================================
2026-09-10 00:28:13,458 - INFO - KGameTracker - ℹ️  K GAME TRACKER - CERRADA
2026-09-10 00:28:13,458 - INFO - KGameTracker - ℹ️  ==================================================
2026-09-10 00:28:25,724 - INFO - KGameTracker - ℹ️  ==================================================
2026-09-10 00:28:25,724 - INFO - KGameTracker - ℹ️  K GAME TRACKER - INICIADA
2026-09-10 00:28:25,725 - INFO - KGameTracker - ℹ️  ==================================================
2026-09-10 00:28:25,896 - DEBUG - PIL.Image - Importing PngImagePlugin
2026-09-10 00:28:25,904 - DEBUG - PIL.PngImagePlugin - STREAM b'IHDR' 16 13
2026-09-10 00:28:25,905 - DEBUG - PIL.PngImagePlugin - STREAM b'IDAT' 41 65536
2026-09-10 00:28:30,987 - DEBUG - PIL.PngImagePlugin - STREAM b'IHDR' 16 13
2026-09-10 00:28:30,987 - DEBUG - PIL.PngImagePlugin - STREAM b'IDAT' 41 65536
2026-09-10 00:28:31,034 - DEBUG - PIL.PngImagePlugin - STREAM b'IHDR' 16 13
2026-09-10 00:28:31,035 - DEBUG - PIL.PngImagePlugin - STREAM b'IDAT' 41 53758
2026-09-10 00:28:31,043 - DEBUG - PIL.PngImagePlugin - STREAM b'IHDR' 16 13
2026-09-10 00:28:31,043 - DEBUG - PIL.PngImagePlugin - STREAM b'IDAT' 41 32768
2026-09-10 00:28:31,050 - DEBUG - PIL.PngImagePlugin - STREAM b'IHDR' 16 13
2026-09-10 00:28:31,051 - DEBUG - PIL.PngImagePlugin - STREAM b'IDAT' 41 65536
2026-09-10 00:28:31,054 - DEBUG - PIL.PngImagePlugin - STREAM b'IHDR' 16 13
2026-09-10 00:28:31,054 - DEBUG - PIL.PngImagePlugin - STREAM b'IDAT' 41 65536
2026-09-10 00:28:31,059 - DEBUG - PIL.PngImagePlugin - STREAM b'IHDR' 16 13
2026-09-10 00:28:31,059 - DEBUG - PIL.PngImagePlugin - STREAM b'IDAT' 41 54958
2026-09-10 00:28:31,063 - DEBUG - PIL.PngImagePlugin - STREAM b'IHDR' 16 13
2026-09-10 00:28:31,063 - DEBUG - PIL.PngImagePlugin - STREAM b'IDAT' 41 54668
2026-09-10 00:28:31,067 - DEBUG - PIL.PngImagePlugin - STREAM b'IHDR' 16 13
2026-09-10 00:28:31,067 - DEBUG - PIL.PngImagePlugin - STREAM b'IDAT' 41 50455
2026-09-10 00:28:31,072 - DEBUG - PIL.PngImagePlugin - STREAM b'IHDR' 16 13
2026-09-10 00:28:31,073 - DEBUG - PIL.PngImagePlugin - STREAM b'IDAT' 41 49252
2026-09-10 00:28:31,077 - DEBUG - PIL.PngImagePlugin - STREAM b'IHDR' 16 13
2026-09-10 00:28:31,077 - DEBUG - PIL.PngImagePlugin - STREAM b'IDAT' 41 55682
2026-09-10 00:28:31,082 - DEBUG - PIL.PngImagePlugin - STREAM b'IHDR' 16 13
2026-09-10 00:28:31,082 - DEBUG - PIL.PngImagePlugin - STREAM b'IDAT' 41 57887
2026-09-10 00:28:31,086 - DEBUG - PIL.PngImagePlugin - STREAM b'IHDR' 16 13
2026-09-10 00:28:31,086 - DEBUG - PIL.PngImagePlugin - STREAM b'IDAT' 41 47281
2026-09-10 00:28:31,091 - DEBUG - PIL.PngImagePlugin - STREAM b'IHDR' 16 13
2026-09-10 00:28:31,091 - DEBUG - PIL.PngImagePlugin - STREAM b'IDAT' 41 56615
2026-09-10 00:28:31,095 - DEBUG - PIL.PngImagePlugin - STREAM b'IHDR' 16 13
2026-09-10 00:28:31,096 - DEBUG - PIL.PngImagePlugin - STREAM b'IDAT' 41 57598
2026-09-10 00:28:31,134 - DEBUG - PIL.PngImagePlugin - STREAM b'IHDR' 16 13
2026-09-10 00:28:31,134 - DEBUG - PIL.PngImagePlugin - STREAM b'IDAT' 41 62450
2026-09-10 00:28:45,086 - INFO - KGameTracker - ℹ️  ==================================================
2026-09-10 00:28:45,086 - INFO - KGameTracker - ℹ️  K GAME TRACKER - CERRADA
2026-09-10 00:28:45,086 - INFO - KGameTracker - ℹ️  ==================================================
2026-09-10 00:31:51,608 - INFO - KGameTracker - ℹ️  ==================================================
2026-09-10 00:31:51,609 - INFO - KGameTracker - ℹ️  K GAME TRACKER - INICIADA
2026-09-10 00:31:51,609 - INFO - KGameTracker - ℹ️  ==================================================
2026-09-10 00:31:51,772 - DEBUG - PIL.Image - Importing PngImagePlugin
2026-09-10 00:31:51,783 - DEBUG - PIL.PngImagePlugin - STREAM b'IHDR' 16 13
2026-09-10 00:31:51,783 - DEBUG - PIL.PngImagePlugin - STREAM b'IDAT' 41 65536
2026-09-10 00:31:56,787 - DEBUG - PIL.PngImagePlugin - STREAM b'IHDR' 16 13
2026-09-10 00:31:57,255 - DEBUG - PIL.PngImagePlugin - STREAM b'IDAT' 41 65536
2026-09-10 00:31:57,287 - DEBUG - PIL.PngImagePlugin - STREAM b'IHDR' 16 13
2026-09-10 00:31:57,288 - DEBUG - PIL.PngImagePlugin - STREAM b'IDAT' 41 53758
2026-09-10 00:31:57,293 - DEBUG - PIL.PngImagePlugin - STREAM b'IHDR' 16 13
2026-09-10 00:31:57,294 - DEBUG - PIL.PngImagePlugin - STREAM b'IDAT' 41 32768
2026-09-10 00:31:57,302 - DEBUG - PIL.PngImagePlugin - STREAM b'IHDR' 16 13
2026-09-10 00:31:57,302 - DEBUG - PIL.PngImagePlugin - STREAM b'IDAT' 41 65536
2026-09-10 00:31:57,305 - DEBUG - PIL.PngImagePlugin - STREAM b'IHDR' 16 13
2026-09-10 00:31:57,305 - DEBUG - PIL.PngImagePlugin - STREAM b'IDAT' 41 65536
2026-09-10 00:31:57,309 - DEBUG - PIL.PngImagePlugin - STREAM b'IHDR' 16 13
2026-09-10 00:31:57,309 - DEBUG - PIL.PngImagePlugin - STREAM b'IDAT' 41 54958
2026-09-10 00:31:57,314 - DEBUG - PIL.PngImagePlugin - STREAM b'IHDR' 16 13
2026-09-10 00:31:57,314 - DEBUG - PIL.PngImagePlugin - STREAM b'IDAT' 41 54668
2026-09-10 00:31:57,319 - DEBUG - PIL.PngImagePlugin - STREAM b'IHDR' 16 13
2026-09-10 00:31:57,320 - DEBUG - PIL.PngImagePlugin - STREAM b'IDAT' 41 50455
2026-09-10 00:31:57,323 - DEBUG - PIL.PngImagePlugin - STREAM b'IHDR' 16 13
2026-09-10 00:31:57,323 - DEBUG - PIL.PngImagePlugin - STREAM b'IDAT' 41 49252
2026-09-10 00:31:57,327 - DEBUG - PIL.PngImagePlugin - STREAM b'IHDR' 16 13
2026-09-10 00:31:57,328 - DEBUG - PIL.PngImagePlugin - STREAM b'IDAT' 41 55682
2026-09-10 00:31:57,331 - DEBUG - PIL.PngImagePlugin - STREAM b'IHDR' 16 13
2026-09-10 00:31:57,331 - DEBUG - PIL.PngImagePlugin - STREAM b'IDAT' 41 57887
2026-09-10 00:31:57,335 - DEBUG - PIL.PngImagePlugin - STREAM b'IHDR' 16 13
2026-09-10 00:31:57,336 - DEBUG - PIL.PngImagePlugin - STREAM b'IDAT' 41 47281
2026-09-10 00:31:57,339 - DEBUG - PIL.PngImagePlugin - STREAM b'IHDR' 16 13
2026-09-10 00:31:57,339 - DEBUG - PIL.PngImagePlugin - STREAM b'IDAT' 41 56615
2026-09-10 00:31:57,343 - DEBUG - PIL.PngImagePlugin - STREAM b'IHDR' 16 13
2026-09-10 00:31:57,344 - DEBUG - PIL.PngImagePlugin - STREAM b'IDAT' 41 57598
2026-09-10 00:31:57,385 - DEBUG - PIL.PngImagePlugin - STREAM b'IHDR' 16 13
2026-09-10 00:31:57,385 - DEBUG - PIL.PngImagePlugin - STREAM b'IDAT' 41 62450
2026-09-10 00:33:01,888 - INFO - KGameTracker - ℹ️  ==================================================
2026-09-10 00:33:01,888 - INFO - KGameTracker - ℹ️  K GAME TRACKER - CERRADA
2026-09-10 00:33:01,889 - INFO - KGameTracker - ℹ️  ==================================================
2026-09-10 00:33:11,789 - INFO - KGameTracker - ℹ️  ==================================================
2026-09-10 00:33:11,790 - INFO - KGameTracker - ℹ️  K GAME TRACKER - INICIADA
2026-09-10 00:33:11,790 - INFO - KGameTracker - ℹ️  ==================================================
2026-09-10 00:33:11,961 - DEBUG - PIL.Image - Importing PngImagePlugin
2026-09-10 00:33:11,973 - DEBUG - PIL.PngImagePlugin - STREAM b'IHDR' 16 13
2026-09-10 00:33:11,974 - DEBUG - PIL.PngImagePlugin - STREAM b'IDAT' 41 65536
2026-09-10 00:33:16,943 - DEBUG - PIL.PngImagePlugin - STREAM b'IHDR' 16 13
2026-09-10 00:33:16,943 - DEBUG - PIL.PngImagePlugin - STREAM b'IDAT' 41 65536
2026-09-10 00:33:16,980 - DEBUG - PIL.PngImagePlugin - STREAM b'IHDR' 16 13
2026-09-10 00:33:16,980 - DEBUG - PIL.PngImagePlugin - STREAM b'IDAT' 41 53758
2026-09-10 00:33:16,985 - DEBUG - PIL.PngImagePlugin - STREAM b'IHDR' 16 13
2026-09-10 00:33:16,985 - DEBUG - PIL.PngImagePlugin - STREAM b'IDAT' 41 32768
2026-09-10 00:33:16,992 - DEBUG - PIL.PngImagePlugin - STREAM b'IHDR' 16 13
2026-09-10 00:33:16,992 - DEBUG - PIL.PngImagePlugin - STREAM b'IDAT' 41 65536
2026-09-10 00:33:16,996 - DEBUG - PIL.PngImagePlugin - STREAM b'IHDR' 16 13
2026-09-10 00:33:16,996 - DEBUG - PIL.PngImagePlugin - STREAM b'IDAT' 41 65536
2026-09-10 00:33:17,000 - DEBUG - PIL.PngImagePlugin - STREAM b'IHDR' 16 13
2026-09-10 00:33:17,000 - DEBUG - PIL.PngImagePlugin - STREAM b'IDAT' 41 54958
2026-09-10 00:33:17,004 - DEBUG - PIL.PngImagePlugin - STREAM b'IHDR' 16 13
2026-09-10 00:33:17,004 - DEBUG - PIL.PngImagePlugin - STREAM b'IDAT' 41 54668
2026-09-10 00:33:17,008 - DEBUG - PIL.PngImagePlugin - STREAM b'IHDR' 16 13
2026-09-10 00:33:17,008 - DEBUG - PIL.PngImagePlugin - STREAM b'IDAT' 41 50455
2026-09-10 00:33:17,012 - DEBUG - PIL.PngImagePlugin - STREAM b'IHDR' 16 13
2026-09-10 00:33:17,013 - DEBUG - PIL.PngImagePlugin - STREAM b'IDAT' 41 49252
2026-09-10 00:33:17,016 - DEBUG - PIL.PngImagePlugin - STREAM b'IHDR' 16 13
2026-09-10 00:33:17,016 - DEBUG - PIL.PngImagePlugin - STREAM b'IDAT' 41 55682
2026-09-10 00:33:17,020 - DEBUG - PIL.PngImagePlugin - STREAM b'IHDR' 16 13
2026-09-10 00:33:17,021 - DEBUG - PIL.PngImagePlugin - STREAM b'IDAT' 41 57887
2026-09-10 00:33:17,025 - DEBUG - PIL.PngImagePlugin - STREAM b'IHDR' 16 13
2026-09-10 00:33:17,025 - DEBUG - PIL.PngImagePlugin - STREAM b'IDAT' 41 47281
2026-09-10 00:33:17,029 - DEBUG - PIL.PngImagePlugin - STREAM b'IHDR' 16 13
2026-09-10 00:33:17,029 - DEBUG - PIL.PngImagePlugin - STREAM b'IDAT' 41 56615
2026-09-10 00:33:17,033 - DEBUG - PIL.PngImagePlugin - STREAM b'IHDR' 16 13
2026-09-10 00:33:17,033 - DEBUG - PIL.PngImagePlugin - STREAM b'IDAT' 41 57598
2026-09-10 00:33:17,070 - DEBUG - PIL.PngImagePlugin - STREAM b'IHDR' 16 13
2026-09-10 00:33:17,070 - DEBUG - PIL.PngImagePlugin - STREAM b'IDAT' 41 62450
2026-09-10 00:33:18,531 - DEBUG - PIL.PngImagePlugin - STREAM b'IHDR' 16 13
2026-09-10 00:33:18,531 - DEBUG - PIL.PngImagePlugin - STREAM b'IDAT' 41 65536
2026-09-10 00:33:18,558 - DEBUG - PIL.PngImagePlugin - STREAM b'IHDR' 16 13
2026-09-10 00:33:18,559 - DEBUG - PIL.PngImagePlugin - STREAM b'IDAT' 41 53758
2026-09-10 00:33:18,563 - DEBUG - PIL.PngImagePlugin - STREAM b'IHDR' 16 13
2026-09-10 00:33:18,563 - DEBUG - PIL.PngImagePlugin - STREAM b'IDAT' 41 32768
2026-09-10 00:33:18,570 - DEBUG - PIL.PngImagePlugin - STREAM b'IHDR' 16 13
2026-09-10 00:33:18,570 - DEBUG - PIL.PngImagePlugin - STREAM b'IDAT' 41 65536
2026-09-10 00:33:18,574 - DEBUG - PIL.PngImagePlugin - STREAM b'IHDR' 16 13
2026-09-10 00:33:18,574 - DEBUG - PIL.PngImagePlugin - STREAM b'IDAT' 41 58612
2026-09-10 00:33:18,577 - DEBUG - PIL.PngImagePlugin - STREAM b'IHDR' 16 13
2026-09-10 00:33:18,577 - DEBUG - PIL.PngImagePlugin - STREAM b'IDAT' 41 54958
2026-09-10 00:33:18,581 - DEBUG - PIL.PngImagePlugin - STREAM b'IHDR' 16 13
2026-09-10 00:33:18,581 - DEBUG - PIL.PngImagePlugin - STREAM b'IDAT' 41 54668
2026-09-10 00:33:18,585 - DEBUG - PIL.PngImagePlugin - STREAM b'IHDR' 16 13
2026-09-10 00:33:18,585 - DEBUG - PIL.PngImagePlugin - STREAM b'IDAT' 41 50455
2026-09-10 00:33:18,589 - DEBUG - PIL.PngImagePlugin - STREAM b'IHDR' 16 13
2026-09-10 00:33:18,589 - DEBUG - PIL.PngImagePlugin - STREAM b'IDAT' 41 49252
2026-09-10 00:33:18,593 - DEBUG - PIL.PngImagePlugin - STREAM b'IHDR' 16 13
2026-09-10 00:33:18,593 - DEBUG - PIL.PngImagePlugin - STREAM b'IDAT' 41 55682
2026-09-10 00:33:18,597 - DEBUG - PIL.PngImagePlugin - STREAM b'IHDR' 16 13
2026-09-10 00:33:18,597 - DEBUG - PIL.PngImagePlugin - STREAM b'IDAT' 41 57887
2026-09-10 00:33:18,600 - DEBUG - PIL.PngImagePlugin - STREAM b'IHDR' 16 13
2026-09-10 00:33:18,601 - DEBUG - PIL.PngImagePlugin - STREAM b'IDAT' 41 47281
2026-09-10 00:33:18,604 - DEBUG - PIL.PngImagePlugin - STREAM b'IHDR' 16 13
2026-09-10 00:33:18,604 - DEBUG - PIL.PngImagePlugin - STREAM b'IDAT' 41 56615
2026-09-10 00:33:18,608 - DEBUG - PIL.PngImagePlugin - STREAM b'IHDR' 16 13
2026-09-10 00:33:18,608 - DEBUG - PIL.PngImagePlugin - STREAM b'IDAT' 41 57598
2026-09-10 00:33:18,618 - DEBUG - PIL.PngImagePlugin - STREAM b'IHDR' 16 13
2026-09-10 00:33:18,619 - DEBUG - PIL.PngImagePlugin - STREAM b'IDAT' 41 62450
2026-09-10 00:33:18,621 - DEBUG - PIL.PngImagePlugin - STREAM b'IHDR' 16 13
2026-09-10 00:33:18,621 - DEBUG - PIL.PngImagePlugin - STREAM b'IDAT' 41 65536
2026-09-10 00:33:19,217 - DEBUG - PIL.PngImagePlugin - STREAM b'IHDR' 16 13
2026-09-10 00:33:19,217 - DEBUG - PIL.PngImagePlugin - STREAM b'IDAT' 41 65536
2026-09-10 00:33:19,243 - DEBUG - PIL.PngImagePlugin - STREAM b'IHDR' 16 13
2026-09-10 00:33:19,243 - DEBUG - PIL.PngImagePlugin - STREAM b'IDAT' 41 53758
2026-09-10 00:33:19,247 - DEBUG - PIL.PngImagePlugin - STREAM b'IHDR' 16 13
2026-09-10 00:33:19,248 - DEBUG - PIL.PngImagePlugin - STREAM b'IDAT' 41 32768
2026-09-10 00:33:19,254 - DEBUG - PIL.PngImagePlugin - STREAM b'IHDR' 16 13
2026-09-10 00:33:19,255 - DEBUG - PIL.PngImagePlugin - STREAM b'IDAT' 41 65536
2026-09-10 00:33:19,259 - DEBUG - PIL.PngImagePlugin - STREAM b'IHDR' 16 13
2026-09-10 00:33:19,259 - DEBUG - PIL.PngImagePlugin - STREAM b'IDAT' 41 65536
2026-09-10 00:33:19,262 - DEBUG - PIL.PngImagePlugin - STREAM b'IHDR' 16 13
2026-09-10 00:33:19,262 - DEBUG - PIL.PngImagePlugin - STREAM b'IDAT' 41 54958
2026-09-10 00:33:19,267 - DEBUG - PIL.PngImagePlugin - STREAM b'IHDR' 16 13
2026-09-10 00:33:19,267 - DEBUG - PIL.PngImagePlugin - STREAM b'IDAT' 41 54668
2026-09-10 00:33:19,271 - DEBUG - PIL.PngImagePlugin - STREAM b'IHDR' 16 13
2026-09-10 00:33:19,271 - DEBUG - PIL.PngImagePlugin - STREAM b'IDAT' 41 50455
2026-09-10 00:33:19,275 - DEBUG - PIL.PngImagePlugin - STREAM b'IHDR' 16 13
2026-09-10 00:33:19,275 - DEBUG - PIL.PngImagePlugin - STREAM b'IDAT' 41 49252
2026-09-10 00:33:19,279 - DEBUG - PIL.PngImagePlugin - STREAM b'IHDR' 16 13
2026-09-10 00:33:19,279 - DEBUG - PIL.PngImagePlugin - STREAM b'IDAT' 41 55682
2026-09-10 00:33:19,283 - DEBUG - PIL.PngImagePlugin - STREAM b'IHDR' 16 13
2026-09-10 00:33:19,284 - DEBUG - PIL.PngImagePlugin - STREAM b'IDAT' 41 57887
2026-09-10 00:33:19,287 - DEBUG - PIL.PngImagePlugin - STREAM b'IHDR' 16 13
2026-09-10 00:33:19,287 - DEBUG - PIL.PngImagePlugin - STREAM b'IDAT' 41 47281
2026-09-10 00:33:19,291 - DEBUG - PIL.PngImagePlugin - STREAM b'IHDR' 16 13
2026-09-10 00:33:19,291 - DEBUG - PIL.PngImagePlugin - STREAM b'IDAT' 41 56615
2026-09-10 00:33:19,295 - DEBUG - PIL.PngImagePlugin - STREAM b'IHDR' 16 13
2026-09-10 00:33:19,295 - DEBUG - PIL.PngImagePlugin - STREAM b'IDAT' 41 57598
2026-09-10 00:33:19,304 - DEBUG - PIL.PngImagePlugin - STREAM b'IHDR' 16 13
2026-09-10 00:33:19,304 - DEBUG - PIL.PngImagePlugin - STREAM b'IDAT' 41 62450
2026-09-10 00:33:19,308 - DEBUG - PIL.PngImagePlugin - STREAM b'IHDR' 16 13
2026-09-10 00:33:19,308 - DEBUG - PIL.PngImagePlugin - STREAM b'IDAT' 41 58612
2026-09-10 00:33:22,467 - INFO - KGameTracker - ℹ️  ==================================================
2026-09-10 00:33:22,468 - INFO - KGameTracker - ℹ️  K GAME TRACKER - CERRADA
2026-09-10 00:33:22,468 - INFO - KGameTracker - ℹ️  ==================================================
2026-09-10 00:33:28,660 - INFO - KGameTracker - ℹ️  ==================================================
2026-09-10 00:33:28,660 - INFO - KGameTracker - ℹ️  K GAME TRACKER - INICIADA
2026-09-10 00:33:28,661 - INFO - KGameTracker - ℹ️  ==================================================
2026-09-10 00:33:28,824 - DEBUG - PIL.Image - Importing PngImagePlugin
2026-09-10 00:33:28,833 - DEBUG - PIL.PngImagePlugin - STREAM b'IHDR' 16 13
2026-09-10 00:33:28,833 - DEBUG - PIL.PngImagePlugin - STREAM b'IDAT' 41 65536
2026-09-10 00:33:33,805 - DEBUG - PIL.PngImagePlugin - STREAM b'IHDR' 16 13
2026-09-10 00:33:33,805 - DEBUG - PIL.PngImagePlugin - STREAM b'IDAT' 41 65536
2026-09-10 00:33:33,835 - DEBUG - PIL.PngImagePlugin - STREAM b'IHDR' 16 13
2026-09-10 00:33:33,836 - DEBUG - PIL.PngImagePlugin - STREAM b'IDAT' 41 53758
2026-09-10 00:33:33,839 - DEBUG - PIL.PngImagePlugin - STREAM b'IHDR' 16 13
2026-09-10 00:33:33,839 - DEBUG - PIL.PngImagePlugin - STREAM b'IDAT' 41 32768
2026-09-10 00:33:33,846 - DEBUG - PIL.PngImagePlugin - STREAM b'IHDR' 16 13
2026-09-10 00:33:33,846 - DEBUG - PIL.PngImagePlugin - STREAM b'IDAT' 41 65536
2026-09-10 00:33:33,849 - DEBUG - PIL.PngImagePlugin - STREAM b'IHDR' 16 13
2026-09-10 00:33:33,849 - DEBUG - PIL.PngImagePlugin - STREAM b'IDAT' 41 65536
2026-09-10 00:33:33,852 - DEBUG - PIL.PngImagePlugin - STREAM b'IHDR' 16 13
2026-09-10 00:33:33,853 - DEBUG - PIL.PngImagePlugin - STREAM b'IDAT' 41 54958
2026-09-10 00:33:33,856 - DEBUG - PIL.PngImagePlugin - STREAM b'IHDR' 16 13
2026-09-10 00:33:33,856 - DEBUG - PIL.PngImagePlugin - STREAM b'IDAT' 41 54668
2026-09-10 00:33:33,861 - DEBUG - PIL.PngImagePlugin - STREAM b'IHDR' 16 13
2026-09-10 00:33:33,861 - DEBUG - PIL.PngImagePlugin - STREAM b'IDAT' 41 50455
2026-09-10 00:33:33,866 - DEBUG - PIL.PngImagePlugin - STREAM b'IHDR' 16 13
2026-09-10 00:33:33,866 - DEBUG - PIL.PngImagePlugin - STREAM b'IDAT' 41 49252
2026-09-10 00:33:33,870 - DEBUG - PIL.PngImagePlugin - STREAM b'IHDR' 16 13
2026-09-10 00:33:33,870 - DEBUG - PIL.PngImagePlugin - STREAM b'IDAT' 41 55682
2026-09-10 00:33:33,875 - DEBUG - PIL.PngImagePlugin - STREAM b'IHDR' 16 13
2026-09-10 00:33:33,876 - DEBUG - PIL.PngImagePlugin - STREAM b'IDAT' 41 57887
2026-09-10 00:33:33,879 - DEBUG - PIL.PngImagePlugin - STREAM b'IHDR' 16 13
2026-09-10 00:33:33,880 - DEBUG - PIL.PngImagePlugin - STREAM b'IDAT' 41 47281
2026-09-10 00:33:33,883 - DEBUG - PIL.PngImagePlugin - STREAM b'IHDR' 16 13
2026-09-10 00:33:33,884 - DEBUG - PIL.PngImagePlugin - STREAM b'IDAT' 41 56615
2026-09-10 00:33:33,887 - DEBUG - PIL.PngImagePlugin - STREAM b'IHDR' 16 13
2026-09-10 00:33:33,887 - DEBUG - PIL.PngImagePlugin - STREAM b'IDAT' 41 57598
2026-09-10 00:33:33,923 - DEBUG - PIL.PngImagePlugin - STREAM b'IHDR' 16 13
2026-09-10 00:33:33,923 - DEBUG - PIL.PngImagePlugin - STREAM b'IDAT' 41 62450
2026-09-10 00:33:37,303 - INFO - KGameTracker - ℹ️  ==================================================
2026-09-10 00:33:37,303 - INFO - KGameTracker - ℹ️  K GAME TRACKER - CERRADA
2026-09-10 00:33:37,303 - INFO - KGameTracker - ℹ️  ==================================================
2026-09-10 00:35:28,036 - INFO - KGameTracker - ℹ️  ==================================================
2026-09-10 00:35:28,037 - INFO - KGameTracker - ℹ️  K GAME TRACKER - INICIADA
2026-09-10 00:35:28,037 - INFO - KGameTracker - ℹ️  ==================================================
2026-09-10 00:35:28,175 - DEBUG - PIL.Image - Importing PngImagePlugin
2026-09-10 00:35:28,184 - DEBUG - PIL.PngImagePlugin - STREAM b'IHDR' 16 13
2026-09-10 00:35:28,184 - DEBUG - PIL.PngImagePlugin - STREAM b'IDAT' 41 65536
2026-09-10 00:35:33,174 - DEBUG - PIL.PngImagePlugin - STREAM b'IHDR' 16 13
2026-09-10 00:35:33,174 - DEBUG - PIL.PngImagePlugin - STREAM b'IDAT' 41 65536
2026-09-10 00:35:33,207 - DEBUG - PIL.PngImagePlugin - STREAM b'IHDR' 16 13
2026-09-10 00:35:33,207 - DEBUG - PIL.PngImagePlugin - STREAM b'IDAT' 41 53758
2026-09-10 00:35:33,213 - DEBUG - PIL.PngImagePlugin - STREAM b'IHDR' 16 13
2026-09-10 00:35:33,213 - DEBUG - PIL.PngImagePlugin - STREAM b'IDAT' 41 32768
2026-09-10 00:35:33,219 - DEBUG - PIL.PngImagePlugin - STREAM b'IHDR' 16 13
2026-09-10 00:35:33,220 - DEBUG - PIL.PngImagePlugin - STREAM b'IDAT' 41 65536
2026-09-10 00:35:33,223 - DEBUG - PIL.PngImagePlugin - STREAM b'IHDR' 16 13
2026-09-10 00:35:33,223 - DEBUG - PIL.PngImagePlugin - STREAM b'IDAT' 41 65536
2026-09-10 00:35:33,226 - DEBUG - PIL.PngImagePlugin - STREAM b'IHDR' 16 13
2026-09-10 00:35:33,227 - DEBUG - PIL.PngImagePlugin - STREAM b'IDAT' 41 54958
2026-09-10 00:35:33,231 - DEBUG - PIL.PngImagePlugin - STREAM b'IHDR' 16 13
2026-09-10 00:35:33,231 - DEBUG - PIL.PngImagePlugin - STREAM b'IDAT' 41 54668
2026-09-10 00:35:33,235 - DEBUG - PIL.PngImagePlugin - STREAM b'IHDR' 16 13
2026-09-10 00:35:33,235 - DEBUG - PIL.PngImagePlugin - STREAM b'IDAT' 41 50455
2026-09-10 00:35:33,239 - DEBUG - PIL.PngImagePlugin - STREAM b'IHDR' 16 13
2026-09-10 00:35:33,239 - DEBUG - PIL.PngImagePlugin - STREAM b'IDAT' 41 49252
2026-09-10 00:35:33,243 - DEBUG - PIL.PngImagePlugin - STREAM b'IHDR' 16 13
2026-09-10 00:35:33,243 - DEBUG - PIL.PngImagePlugin - STREAM b'IDAT' 41 55682
2026-09-10 00:35:33,247 - DEBUG - PIL.PngImagePlugin - STREAM b'IHDR' 16 13
2026-09-10 00:35:33,247 - DEBUG - PIL.PngImagePlugin - STREAM b'IDAT' 41 57887
2026-09-10 00:35:33,250 - DEBUG - PIL.PngImagePlugin - STREAM b'IHDR' 16 13
2026-09-10 00:35:33,251 - DEBUG - PIL.PngImagePlugin - STREAM b'IDAT' 41 47281
2026-09-10 00:35:33,254 - DEBUG - PIL.PngImagePlugin - STREAM b'IHDR' 16 13
2026-09-10 00:35:33,255 - DEBUG - PIL.PngImagePlugin - STREAM b'IDAT' 41 56615
2026-09-10 00:35:33,258 - DEBUG - PIL.PngImagePlugin - STREAM b'IHDR' 16 13
2026-09-10 00:35:33,259 - DEBUG - PIL.PngImagePlugin - STREAM b'IDAT' 41 57598
2026-09-10 00:35:33,300 - DEBUG - PIL.PngImagePlugin - STREAM b'IHDR' 16 13
2026-09-10 00:35:33,301 - DEBUG - PIL.PngImagePlugin - STREAM b'IDAT' 41 62450
2026-09-10 00:35:53,416 - INFO - KGameTracker - ℹ️  ==================================================
2026-09-10 00:35:53,416 - INFO - KGameTracker - ℹ️  K GAME TRACKER - CERRADA
2026-09-10 00:35:53,416 - INFO - KGameTracker - ℹ️  ==================================================
2026-09-10 00:42:27,426 - INFO - KGameTracker - ℹ️  ==================================================
2026-09-10 00:42:27,427 - INFO - KGameTracker - ℹ️  K GAME TRACKER - INICIADA
2026-09-10 00:42:27,427 - INFO - KGameTracker - ℹ️  ==================================================
2026-09-10 00:42:27,614 - DEBUG - PIL.Image - Importing PngImagePlugin
2026-09-10 00:42:27,622 - DEBUG - PIL.PngImagePlugin - STREAM b'IHDR' 16 13
2026-09-10 00:42:27,622 - DEBUG - PIL.PngImagePlugin - STREAM b'IDAT' 41 65536
2026-09-10 00:42:32,509 - INFO - KGameTracker - ℹ️  ❌ Error creando la ventana principal: VentanaPrincipal.__init__() missing 1 required positional argument: 'root'
2026-09-10 00:42:32,510 - INFO - KGameTracker - ℹ️  ==================================================
2026-09-10 00:42:32,510 - INFO - KGameTracker - ℹ️  K GAME TRACKER - CERRADA
2026-09-10 00:42:32,511 - INFO - KGameTracker - ℹ️  ==================================================
2026-09-10 00:47:27,100 - INFO - KGameTracker - ℹ️  ==================================================
2026-09-10 00:47:27,100 - INFO - KGameTracker - ℹ️  K GAME TRACKER - INICIADA
2026-09-10 00:47:27,100 - INFO - KGameTracker - ℹ️  ==================================================
2026-09-10 00:47:27,300 - DEBUG - PIL.Image - Importing PngImagePlugin
2026-09-10 00:47:27,309 - DEBUG - PIL.PngImagePlugin - STREAM b'IHDR' 16 13
2026-09-10 00:47:27,310 - DEBUG - PIL.PngImagePlugin - STREAM b'IDAT' 41 65536
2026-09-10 00:48:22,232 - INFO - KGameTracker - ℹ️  ==================================================
2026-09-10 00:48:22,232 - INFO - KGameTracker - ℹ️  K GAME TRACKER - CERRADA
2026-09-10 00:48:22,232 - INFO - KGameTracker - ℹ️  ==================================================
2026-09-10 00:49:00,294 - INFO - KGameTracker - ℹ️  ==================================================
2026-09-10 00:49:00,294 - INFO - KGameTracker - ℹ️  K GAME TRACKER - INICIADA
2026-09-10 00:49:00,295 - INFO - KGameTracker - ℹ️  ==================================================
2026-09-10 00:49:00,496 - DEBUG - PIL.Image - Importing PngImagePlugin
2026-09-10 00:49:00,509 - DEBUG - PIL.PngImagePlugin - STREAM b'IHDR' 16 13
2026-09-10 00:49:00,509 - DEBUG - PIL.PngImagePlugin - STREAM b'IDAT' 41 65536
2026-09-10 00:49:05,491 - INFO - KGameTracker - ℹ️  ==================================================
2026-09-10 00:49:05,492 - INFO - KGameTracker - ℹ️  K GAME TRACKER - CERRADA
2026-09-10 00:49:05,492 - INFO - KGameTracker - ℹ️  ==================================================
2026-09-10 00:50:47,749 - INFO - KGameTracker - ℹ️  ==================================================
2026-09-10 00:50:47,750 - INFO - KGameTracker - ℹ️  K GAME TRACKER - INICIADA
2026-09-10 00:50:47,750 - INFO - KGameTracker - ℹ️  ==================================================
2026-09-10 00:50:47,939 - DEBUG - PIL.Image - Importing PngImagePlugin
2026-09-10 00:50:47,948 - DEBUG - PIL.PngImagePlugin - STREAM b'IHDR' 16 13
2026-09-10 00:50:47,948 - DEBUG - PIL.PngImagePlugin - STREAM b'IDAT' 41 65536
2026-09-10 00:50:54,336 - INFO - KGameTracker - ℹ️  ==================================================
2026-09-10 00:50:54,336 - INFO - KGameTracker - ℹ️  K GAME TRACKER - CERRADA
2026-09-10 00:50:54,336 - INFO - KGameTracker - ℹ️  ==================================================
2026-09-10 00:51:35,701 - INFO - KGameTracker - ℹ️  ==================================================
2026-09-10 00:51:35,701 - INFO - KGameTracker - ℹ️  K GAME TRACKER - INICIADA
2026-09-10 00:51:35,701 - INFO - KGameTracker - ℹ️  ==================================================
2026-09-10 00:51:35,921 - DEBUG - PIL.Image - Importing PngImagePlugin
2026-09-10 00:51:35,938 - DEBUG - PIL.PngImagePlugin - STREAM b'IHDR' 16 13
2026-09-10 00:51:35,938 - DEBUG - PIL.PngImagePlugin - STREAM b'IDAT' 41 65536
2026-09-10 00:51:42,459 - INFO - KGameTracker - ℹ️  ==================================================
2026-09-10 00:51:42,459 - INFO - KGameTracker - ℹ️  K GAME TRACKER - CERRADA
2026-09-10 00:51:42,459 - INFO - KGameTracker - ℹ️  ==================================================
2026-09-10 00:53:05,831 - INFO - KGameTracker - ℹ️  ==================================================
2026-09-10 00:53:05,831 - INFO - KGameTracker - ℹ️  K GAME TRACKER - INICIADA
2026-09-10 00:53:05,832 - INFO - KGameTracker - ℹ️  ==================================================
2026-09-10 00:53:05,977 - DEBUG - PIL.Image - Importing PngImagePlugin
2026-09-10 00:53:05,986 - DEBUG - PIL.PngImagePlugin - STREAM b'IHDR' 16 13
2026-09-10 00:53:05,986 - DEBUG - PIL.PngImagePlugin - STREAM b'IDAT' 41 65536
2026-09-10 00:53:10,929 - DEBUG - PIL.PngImagePlugin - STREAM b'IHDR' 16 13
2026-09-10 00:53:10,929 - DEBUG - PIL.PngImagePlugin - STREAM b'IDAT' 41 65536
2026-09-10 00:53:10,960 - DEBUG - PIL.PngImagePlugin - STREAM b'IHDR' 16 13
2026-09-10 00:53:10,960 - DEBUG - PIL.PngImagePlugin - STREAM b'IDAT' 41 53758
2026-09-10 00:53:10,965 - DEBUG - PIL.PngImagePlugin - STREAM b'IHDR' 16 13
2026-09-10 00:53:10,966 - DEBUG - PIL.PngImagePlugin - STREAM b'IDAT' 41 32768
2026-09-10 00:53:10,972 - DEBUG - PIL.PngImagePlugin - STREAM b'IHDR' 16 13
2026-09-10 00:53:10,972 - DEBUG - PIL.PngImagePlugin - STREAM b'IDAT' 41 65536
2026-09-10 00:53:10,976 - DEBUG - PIL.PngImagePlugin - STREAM b'IHDR' 16 13
2026-09-10 00:53:10,977 - DEBUG - PIL.PngImagePlugin - STREAM b'IDAT' 41 65536
2026-09-10 00:53:10,980 - DEBUG - PIL.PngImagePlugin - STREAM b'IHDR' 16 13
2026-09-10 00:53:10,980 - DEBUG - PIL.PngImagePlugin - STREAM b'IDAT' 41 54958
2026-09-10 00:53:10,984 - DEBUG - PIL.PngImagePlugin - STREAM b'IHDR' 16 13
2026-09-10 00:53:10,984 - DEBUG - PIL.PngImagePlugin - STREAM b'IDAT' 41 54668
2026-09-10 00:53:10,989 - DEBUG - PIL.PngImagePlugin - STREAM b'IHDR' 16 13
2026-09-10 00:53:10,989 - DEBUG - PIL.PngImagePlugin - STREAM b'IDAT' 41 50455
2026-09-10 00:53:10,993 - DEBUG - PIL.PngImagePlugin - STREAM b'IHDR' 16 13
2026-09-10 00:53:10,993 - DEBUG - PIL.PngImagePlugin - STREAM b'IDAT' 41 49252
2026-09-10 00:53:10,996 - DEBUG - PIL.PngImagePlugin - STREAM b'IHDR' 16 13
2026-09-10 00:53:10,996 - DEBUG - PIL.PngImagePlugin - STREAM b'IDAT' 41 55682
2026-09-10 00:53:11,001 - DEBUG - PIL.PngImagePlugin - STREAM b'IHDR' 16 13
2026-09-10 00:53:11,001 - DEBUG - PIL.PngImagePlugin - STREAM b'IDAT' 41 57887
2026-09-10 00:53:11,005 - DEBUG - PIL.PngImagePlugin - STREAM b'IHDR' 16 13
2026-09-10 00:53:11,005 - DEBUG - PIL.PngImagePlugin - STREAM b'IDAT' 41 47281
2026-09-10 00:53:11,009 - DEBUG - PIL.PngImagePlugin - STREAM b'IHDR' 16 13
2026-09-10 00:53:11,009 - DEBUG - PIL.PngImagePlugin - STREAM b'IDAT' 41 56615
2026-09-10 00:53:11,014 - DEBUG - PIL.PngImagePlugin - STREAM b'IHDR' 16 13
2026-09-10 00:53:11,015 - DEBUG - PIL.PngImagePlugin - STREAM b'IDAT' 41 57598
2026-09-10 00:53:11,056 - DEBUG - PIL.PngImagePlugin - STREAM b'IHDR' 16 13
2026-09-10 00:53:11,056 - DEBUG - PIL.PngImagePlugin - STREAM b'IDAT' 41 62450
2026-09-10 00:53:13,275 - DEBUG - urllib3.connectionpool - Starting new HTTPS connection (1): www.gamerpower.com:443
2026-09-10 00:53:13,405 - DEBUG - urllib3.connectionpool - https://www.gamerpower.com:443 "GET /api/giveaways?type=game HTTP/1.1" 200 None
2026-09-10 00:53:20,361 - INFO - KGameTracker - ℹ️  ==================================================
2026-09-10 00:53:20,362 - INFO - KGameTracker - ℹ️  K GAME TRACKER - CERRADA
2026-09-10 00:53:20,362 - INFO - KGameTracker - ℹ️  ==================================================
2026-09-10 00:56:42,638 - INFO - KGameTracker - ℹ️  ==================================================
2026-09-10 00:56:42,639 - INFO - KGameTracker - ℹ️  K GAME TRACKER - INICIADA
2026-09-10 00:56:42,639 - INFO - KGameTracker - ℹ️  ==================================================
2026-09-10 00:56:42,792 - DEBUG - PIL.Image - Importing PngImagePlugin
2026-09-10 00:56:42,802 - DEBUG - PIL.PngImagePlugin - STREAM b'IHDR' 16 13
2026-09-10 00:56:42,803 - DEBUG - PIL.PngImagePlugin - STREAM b'IDAT' 41 65536
2026-09-10 00:56:47,843 - DEBUG - PIL.PngImagePlugin - STREAM b'IHDR' 16 13
2026-09-10 00:56:47,843 - DEBUG - PIL.PngImagePlugin - STREAM b'IDAT' 41 65536
2026-09-10 00:56:47,886 - DEBUG - PIL.PngImagePlugin - STREAM b'IHDR' 16 13
2026-09-10 00:56:47,886 - DEBUG - PIL.PngImagePlugin - STREAM b'IDAT' 41 53758
2026-09-10 00:56:47,890 - DEBUG - PIL.PngImagePlugin - STREAM b'IHDR' 16 13
2026-09-10 00:56:47,891 - DEBUG - PIL.PngImagePlugin - STREAM b'IDAT' 41 32768
2026-09-10 00:56:47,900 - DEBUG - PIL.PngImagePlugin - STREAM b'IHDR' 16 13
2026-09-10 00:56:47,900 - DEBUG - PIL.PngImagePlugin - STREAM b'IDAT' 41 65536
2026-09-10 00:56:47,903 - DEBUG - PIL.PngImagePlugin - STREAM b'IHDR' 16 13
2026-09-10 00:56:47,903 - DEBUG - PIL.PngImagePlugin - STREAM b'IDAT' 41 65536
2026-09-10 00:56:47,908 - DEBUG - PIL.PngImagePlugin - STREAM b'IHDR' 16 13
2026-09-10 00:56:47,908 - DEBUG - PIL.PngImagePlugin - STREAM b'IDAT' 41 54958
2026-09-10 00:56:47,913 - DEBUG - PIL.PngImagePlugin - STREAM b'IHDR' 16 13
2026-09-10 00:56:47,913 - DEBUG - PIL.PngImagePlugin - STREAM b'IDAT' 41 54668
2026-09-10 00:56:47,918 - DEBUG - PIL.PngImagePlugin - STREAM b'IHDR' 16 13
2026-09-10 00:56:47,918 - DEBUG - PIL.PngImagePlugin - STREAM b'IDAT' 41 50455
2026-09-10 00:56:47,923 - DEBUG - PIL.PngImagePlugin - STREAM b'IHDR' 16 13
2026-09-10 00:56:47,924 - DEBUG - PIL.PngImagePlugin - STREAM b'IDAT' 41 49252
2026-09-10 00:56:47,928 - DEBUG - PIL.PngImagePlugin - STREAM b'IHDR' 16 13
2026-09-10 00:56:47,928 - DEBUG - PIL.PngImagePlugin - STREAM b'IDAT' 41 55682
2026-09-10 00:56:47,932 - DEBUG - PIL.PngImagePlugin - STREAM b'IHDR' 16 13
2026-09-10 00:56:47,933 - DEBUG - PIL.PngImagePlugin - STREAM b'IDAT' 41 57887
2026-09-10 00:56:47,938 - DEBUG - PIL.PngImagePlugin - STREAM b'IHDR' 16 13
2026-09-10 00:56:47,938 - DEBUG - PIL.PngImagePlugin - STREAM b'IDAT' 41 47281
2026-09-10 00:56:47,944 - DEBUG - PIL.PngImagePlugin - STREAM b'IHDR' 16 13
2026-09-10 00:56:47,944 - DEBUG - PIL.PngImagePlugin - STREAM b'IDAT' 41 56615
2026-09-10 00:56:47,949 - DEBUG - PIL.PngImagePlugin - STREAM b'IHDR' 16 13
2026-09-10 00:56:47,949 - DEBUG - PIL.PngImagePlugin - STREAM b'IDAT' 41 57598
2026-09-10 00:56:47,974 - DEBUG - PIL.PngImagePlugin - STREAM b'IHDR' 16 13
2026-09-10 00:56:47,974 - DEBUG - PIL.PngImagePlugin - STREAM b'IDAT' 41 62450
2026-09-10 00:56:50,130 - DEBUG - urllib3.connectionpool - Starting new HTTPS connection (1): www.gamerpower.com:443
2026-09-10 00:56:50,238 - DEBUG - urllib3.connectionpool - https://www.gamerpower.com:443 "GET /api/giveaways?type=game HTTP/1.1" 200 None
2026-09-10 00:56:55,316 - INFO - KGameTracker - ℹ️  ==================================================
2026-09-10 00:56:55,316 - INFO - KGameTracker - ℹ️  K GAME TRACKER - CERRADA
2026-09-10 00:56:55,316 - INFO - KGameTracker - ℹ️  ==================================================
2026-09-10 01:03:27,844 - INFO - KGameTracker - ℹ️  ==================================================
2026-09-10 01:03:27,844 - INFO - KGameTracker - ℹ️  K GAME TRACKER - INICIADA
2026-09-10 01:03:27,844 - INFO - KGameTracker - ℹ️  ==================================================
2026-09-10 01:03:27,998 - DEBUG - PIL.Image - Importing PngImagePlugin
2026-09-10 01:03:28,006 - DEBUG - PIL.PngImagePlugin - STREAM b'IHDR' 16 13
2026-09-10 01:03:28,006 - DEBUG - PIL.PngImagePlugin - STREAM b'IDAT' 41 65536
2026-09-10 01:03:32,987 - DEBUG - PIL.PngImagePlugin - STREAM b'IHDR' 16 13
2026-09-10 01:03:32,988 - DEBUG - PIL.PngImagePlugin - STREAM b'IDAT' 41 65536
2026-09-10 01:03:33,033 - DEBUG - PIL.PngImagePlugin - STREAM b'IHDR' 16 13
2026-09-10 01:03:33,033 - DEBUG - PIL.PngImagePlugin - STREAM b'IDAT' 41 53758
2026-09-10 01:03:33,037 - DEBUG - PIL.PngImagePlugin - STREAM b'IHDR' 16 13
2026-09-10 01:03:33,037 - DEBUG - PIL.PngImagePlugin - STREAM b'IDAT' 41 32768
2026-09-10 01:03:33,046 - DEBUG - PIL.PngImagePlugin - STREAM b'IHDR' 16 13
2026-09-10 01:03:33,046 - DEBUG - PIL.PngImagePlugin - STREAM b'IDAT' 41 65536
2026-09-10 01:03:33,050 - DEBUG - PIL.PngImagePlugin - STREAM b'IHDR' 16 13
2026-09-10 01:03:33,050 - DEBUG - PIL.PngImagePlugin - STREAM b'IDAT' 41 65536
2026-09-10 01:03:33,055 - DEBUG - PIL.PngImagePlugin - STREAM b'IHDR' 16 13
2026-09-10 01:03:33,055 - DEBUG - PIL.PngImagePlugin - STREAM b'IDAT' 41 54958
2026-09-10 01:03:33,059 - DEBUG - PIL.PngImagePlugin - STREAM b'IHDR' 16 13
2026-09-10 01:03:33,059 - DEBUG - PIL.PngImagePlugin - STREAM b'IDAT' 41 54668
2026-09-10 01:03:33,063 - DEBUG - PIL.PngImagePlugin - STREAM b'IHDR' 16 13
2026-09-10 01:03:33,064 - DEBUG - PIL.PngImagePlugin - STREAM b'IDAT' 41 50455
2026-09-10 01:03:33,067 - DEBUG - PIL.PngImagePlugin - STREAM b'IHDR' 16 13
2026-09-10 01:03:33,067 - DEBUG - PIL.PngImagePlugin - STREAM b'IDAT' 41 49252
2026-09-10 01:03:33,072 - DEBUG - PIL.PngImagePlugin - STREAM b'IHDR' 16 13
2026-09-10 01:03:33,072 - DEBUG - PIL.PngImagePlugin - STREAM b'IDAT' 41 55682
2026-09-10 01:03:33,078 - DEBUG - PIL.PngImagePlugin - STREAM b'IHDR' 16 13
2026-09-10 01:03:33,079 - DEBUG - PIL.PngImagePlugin - STREAM b'IDAT' 41 57887
2026-09-10 01:03:33,082 - DEBUG - PIL.PngImagePlugin - STREAM b'IHDR' 16 13
2026-09-10 01:03:33,082 - DEBUG - PIL.PngImagePlugin - STREAM b'IDAT' 41 47281
2026-09-10 01:03:33,086 - DEBUG - PIL.PngImagePlugin - STREAM b'IHDR' 16 13
2026-09-10 01:03:33,086 - DEBUG - PIL.PngImagePlugin - STREAM b'IDAT' 41 56615
2026-09-10 01:03:33,090 - DEBUG - PIL.PngImagePlugin - STREAM b'IHDR' 16 13
2026-09-10 01:03:33,091 - DEBUG - PIL.PngImagePlugin - STREAM b'IDAT' 41 57598
2026-09-10 01:03:33,112 - DEBUG - PIL.PngImagePlugin - STREAM b'IHDR' 16 13
2026-09-10 01:03:33,113 - DEBUG - PIL.PngImagePlugin - STREAM b'IDAT' 41 62450
2026-09-10 01:03:34,511 - DEBUG - PIL.PngImagePlugin - STREAM b'IHDR' 16 13
2026-09-10 01:03:34,511 - DEBUG - PIL.PngImagePlugin - STREAM b'IDAT' 41 65536
2026-09-10 01:03:34,536 - DEBUG - PIL.PngImagePlugin - STREAM b'IHDR' 16 13
2026-09-10 01:03:34,536 - DEBUG - PIL.PngImagePlugin - STREAM b'IDAT' 41 53758
2026-09-10 01:03:34,540 - DEBUG - PIL.PngImagePlugin - STREAM b'IHDR' 16 13
2026-09-10 01:03:34,540 - DEBUG - PIL.PngImagePlugin - STREAM b'IDAT' 41 32768
2026-09-10 01:03:34,547 - DEBUG - PIL.PngImagePlugin - STREAM b'IHDR' 16 13
2026-09-10 01:03:34,547 - DEBUG - PIL.PngImagePlugin - STREAM b'IDAT' 41 65536
2026-09-10 01:03:34,550 - DEBUG - PIL.PngImagePlugin - STREAM b'IHDR' 16 13
2026-09-10 01:03:34,550 - DEBUG - PIL.PngImagePlugin - STREAM b'IDAT' 41 58612
2026-09-10 01:03:34,553 - DEBUG - PIL.PngImagePlugin - STREAM b'IHDR' 16 13
2026-09-10 01:03:34,554 - DEBUG - PIL.PngImagePlugin - STREAM b'IDAT' 41 54958
2026-09-10 01:03:34,557 - DEBUG - PIL.PngImagePlugin - STREAM b'IHDR' 16 13
2026-09-10 01:03:34,558 - DEBUG - PIL.PngImagePlugin - STREAM b'IDAT' 41 54668
2026-09-10 01:03:34,561 - DEBUG - PIL.PngImagePlugin - STREAM b'IHDR' 16 13
2026-09-10 01:03:34,561 - DEBUG - PIL.PngImagePlugin - STREAM b'IDAT' 41 50455
2026-09-10 01:03:34,565 - DEBUG - PIL.PngImagePlugin - STREAM b'IHDR' 16 13
2026-09-10 01:03:34,565 - DEBUG - PIL.PngImagePlugin - STREAM b'IDAT' 41 49252
2026-09-10 01:03:34,569 - DEBUG - PIL.PngImagePlugin - STREAM b'IHDR' 16 13
2026-09-10 01:03:34,569 - DEBUG - PIL.PngImagePlugin - STREAM b'IDAT' 41 55682
2026-09-10 01:03:34,573 - DEBUG - PIL.PngImagePlugin - STREAM b'IHDR' 16 13
2026-09-10 01:03:34,574 - DEBUG - PIL.PngImagePlugin - STREAM b'IDAT' 41 57887
2026-09-10 01:03:34,577 - DEBUG - PIL.PngImagePlugin - STREAM b'IHDR' 16 13
2026-09-10 01:03:34,577 - DEBUG - PIL.PngImagePlugin - STREAM b'IDAT' 41 47281
2026-09-10 01:03:34,582 - DEBUG - PIL.PngImagePlugin - STREAM b'IHDR' 16 13
2026-09-10 01:03:34,582 - DEBUG - PIL.PngImagePlugin - STREAM b'IDAT' 41 56615
2026-09-10 01:03:34,585 - DEBUG - PIL.PngImagePlugin - STREAM b'IHDR' 16 13
2026-09-10 01:03:34,585 - DEBUG - PIL.PngImagePlugin - STREAM b'IDAT' 41 57598
2026-09-10 01:03:34,596 - DEBUG - PIL.PngImagePlugin - STREAM b'IHDR' 16 13
2026-09-10 01:03:34,596 - DEBUG - PIL.PngImagePlugin - STREAM b'IDAT' 41 62450
2026-09-10 01:03:34,598 - DEBUG - PIL.PngImagePlugin - STREAM b'IHDR' 16 13
2026-09-10 01:03:34,599 - DEBUG - PIL.PngImagePlugin - STREAM b'IDAT' 41 65536
2026-09-10 01:03:35,171 - DEBUG - PIL.PngImagePlugin - STREAM b'IHDR' 16 13
2026-09-10 01:03:35,171 - DEBUG - PIL.PngImagePlugin - STREAM b'IDAT' 41 65536
2026-09-10 01:03:35,196 - DEBUG - PIL.PngImagePlugin - STREAM b'IHDR' 16 13
2026-09-10 01:03:35,197 - DEBUG - PIL.PngImagePlugin - STREAM b'IDAT' 41 53758
2026-09-10 01:03:35,201 - DEBUG - PIL.PngImagePlugin - STREAM b'IHDR' 16 13
2026-09-10 01:03:35,201 - DEBUG - PIL.PngImagePlugin - STREAM b'IDAT' 41 32768
2026-09-10 01:03:35,208 - DEBUG - PIL.PngImagePlugin - STREAM b'IHDR' 16 13
2026-09-10 01:03:35,208 - DEBUG - PIL.PngImagePlugin - STREAM b'IDAT' 41 65536
2026-09-10 01:03:35,211 - DEBUG - PIL.PngImagePlugin - STREAM b'IHDR' 16 13
2026-09-10 01:03:35,212 - DEBUG - PIL.PngImagePlugin - STREAM b'IDAT' 41 65536
2026-09-10 01:03:35,215 - DEBUG - PIL.PngImagePlugin - STREAM b'IHDR' 16 13
2026-09-10 01:03:35,215 - DEBUG - PIL.PngImagePlugin - STREAM b'IDAT' 41 54958
2026-09-10 01:03:35,219 - DEBUG - PIL.PngImagePlugin - STREAM b'IHDR' 16 13
2026-09-10 01:03:35,219 - DEBUG - PIL.PngImagePlugin - STREAM b'IDAT' 41 54668
2026-09-10 01:03:35,224 - DEBUG - PIL.PngImagePlugin - STREAM b'IHDR' 16 13
2026-09-10 01:03:35,224 - DEBUG - PIL.PngImagePlugin - STREAM b'IDAT' 41 50455
2026-09-10 01:03:35,228 - DEBUG - PIL.PngImagePlugin - STREAM b'IHDR' 16 13
2026-09-10 01:03:35,228 - DEBUG - PIL.PngImagePlugin - STREAM b'IDAT' 41 49252
2026-09-10 01:03:35,232 - DEBUG - PIL.PngImagePlugin - STREAM b'IHDR' 16 13
2026-09-10 01:03:35,232 - DEBUG - PIL.PngImagePlugin - STREAM b'IDAT' 41 55682
2026-09-10 01:03:35,236 - DEBUG - PIL.PngImagePlugin - STREAM b'IHDR' 16 13
2026-09-10 01:03:35,236 - DEBUG - PIL.PngImagePlugin - STREAM b'IDAT' 41 57887
2026-09-10 01:03:35,240 - DEBUG - PIL.PngImagePlugin - STREAM b'IHDR' 16 13
2026-09-10 01:03:35,240 - DEBUG - PIL.PngImagePlugin - STREAM b'IDAT' 41 47281
2026-09-10 01:03:35,244 - DEBUG - PIL.PngImagePlugin - STREAM b'IHDR' 16 13
2026-09-10 01:03:35,244 - DEBUG - PIL.PngImagePlugin - STREAM b'IDAT' 41 56615
2026-09-10 01:03:35,248 - DEBUG - PIL.PngImagePlugin - STREAM b'IHDR' 16 13
2026-09-10 01:03:35,248 - DEBUG - PIL.PngImagePlugin - STREAM b'IDAT' 41 57598
2026-09-10 01:03:35,257 - DEBUG - PIL.PngImagePlugin - STREAM b'IHDR' 16 13
2026-09-10 01:03:35,257 - DEBUG - PIL.PngImagePlugin - STREAM b'IDAT' 41 62450
2026-09-10 01:03:35,260 - DEBUG - PIL.PngImagePlugin - STREAM b'IHDR' 16 13
2026-09-10 01:03:35,260 - DEBUG - PIL.PngImagePlugin - STREAM b'IDAT' 41 58612
2026-09-10 01:03:40,550 - INFO - KGameTracker - ℹ️  ==================================================
2026-09-10 01:03:40,550 - INFO - KGameTracker - ℹ️  K GAME TRACKER - CERRADA
2026-09-10 01:03:40,550 - INFO - KGameTracker - ℹ️  ==================================================
2026-09-10 01:04:16,683 - INFO - KGameTracker - ℹ️  ==================================================
2026-09-10 01:04:16,683 - INFO - KGameTracker - ℹ️  K GAME TRACKER - INICIADA
2026-09-10 01:04:16,683 - INFO - KGameTracker - ℹ️  ==================================================
2026-09-10 01:04:16,843 - DEBUG - PIL.Image - Importing PngImagePlugin
2026-09-10 01:04:16,852 - DEBUG - PIL.PngImagePlugin - STREAM b'IHDR' 16 13
2026-09-10 01:04:16,852 - DEBUG - PIL.PngImagePlugin - STREAM b'IDAT' 41 65536
2026-09-10 01:04:21,891 - DEBUG - PIL.PngImagePlugin - STREAM b'IHDR' 16 13
2026-09-10 01:04:21,891 - DEBUG - PIL.PngImagePlugin - STREAM b'IDAT' 41 65536
2026-09-10 01:04:21,933 - DEBUG - PIL.PngImagePlugin - STREAM b'IHDR' 16 13
2026-09-10 01:04:21,934 - DEBUG - PIL.PngImagePlugin - STREAM b'IDAT' 41 53758
2026-09-10 01:04:21,939 - DEBUG - PIL.PngImagePlugin - STREAM b'IHDR' 16 13
2026-09-10 01:04:21,939 - DEBUG - PIL.PngImagePlugin - STREAM b'IDAT' 41 32768
2026-09-10 01:04:21,949 - DEBUG - PIL.PngImagePlugin - STREAM b'IHDR' 16 13
2026-09-10 01:04:21,949 - DEBUG - PIL.PngImagePlugin - STREAM b'IDAT' 41 65536
2026-09-10 01:04:21,953 - DEBUG - PIL.PngImagePlugin - STREAM b'IHDR' 16 13
2026-09-10 01:04:21,953 - DEBUG - PIL.PngImagePlugin - STREAM b'IDAT' 41 65536
2026-09-10 01:04:21,957 - DEBUG - PIL.PngImagePlugin - STREAM b'IHDR' 16 13
2026-09-10 01:04:21,957 - DEBUG - PIL.PngImagePlugin - STREAM b'IDAT' 41 54958
2026-09-10 01:04:21,962 - DEBUG - PIL.PngImagePlugin - STREAM b'IHDR' 16 13
2026-09-10 01:04:21,962 - DEBUG - PIL.PngImagePlugin - STREAM b'IDAT' 41 54668
2026-09-10 01:04:21,968 - DEBUG - PIL.PngImagePlugin - STREAM b'IHDR' 16 13
2026-09-10 01:04:21,969 - DEBUG - PIL.PngImagePlugin - STREAM b'IDAT' 41 50455
2026-09-10 01:04:21,975 - DEBUG - PIL.PngImagePlugin - STREAM b'IHDR' 16 13
2026-09-10 01:04:21,975 - DEBUG - PIL.PngImagePlugin - STREAM b'IDAT' 41 49252
2026-09-10 01:04:21,979 - DEBUG - PIL.PngImagePlugin - STREAM b'IHDR' 16 13
2026-09-10 01:04:21,980 - DEBUG - PIL.PngImagePlugin - STREAM b'IDAT' 41 55682
2026-09-10 01:04:21,984 - DEBUG - PIL.PngImagePlugin - STREAM b'IHDR' 16 13
2026-09-10 01:04:21,985 - DEBUG - PIL.PngImagePlugin - STREAM b'IDAT' 41 57887
2026-09-10 01:04:21,990 - DEBUG - PIL.PngImagePlugin - STREAM b'IHDR' 16 13
2026-09-10 01:04:21,990 - DEBUG - PIL.PngImagePlugin - STREAM b'IDAT' 41 47281
2026-09-10 01:04:21,994 - DEBUG - PIL.PngImagePlugin - STREAM b'IHDR' 16 13
2026-09-10 01:04:21,995 - DEBUG - PIL.PngImagePlugin - STREAM b'IDAT' 41 56615
2026-09-10 01:04:22,000 - DEBUG - PIL.PngImagePlugin - STREAM b'IHDR' 16 13
2026-09-10 01:04:22,000 - DEBUG - PIL.PngImagePlugin - STREAM b'IDAT' 41 57598
2026-09-10 01:04:22,030 - DEBUG - PIL.PngImagePlugin - STREAM b'IHDR' 16 13
2026-09-10 01:04:22,030 - DEBUG - PIL.PngImagePlugin - STREAM b'IDAT' 41 62450
2026-09-10 01:04:54,779 - INFO - KGameTracker - ℹ️  ==================================================
2026-09-10 01:04:54,780 - INFO - KGameTracker - ℹ️  K GAME TRACKER - CERRADA
2026-09-10 01:04:54,780 - INFO - KGameTracker - ℹ️  ==================================================
2026-09-10 01:05:06,670 - INFO - KGameTracker - ℹ️  ==================================================
2026-09-10 01:05:06,671 - INFO - KGameTracker - ℹ️  K GAME TRACKER - INICIADA
2026-09-10 01:05:06,671 - INFO - KGameTracker - ℹ️  ==================================================
2026-09-10 01:05:06,819 - DEBUG - PIL.Image - Importing PngImagePlugin
2026-09-10 01:05:06,828 - DEBUG - PIL.PngImagePlugin - STREAM b'IHDR' 16 13
2026-09-10 01:05:06,828 - DEBUG - PIL.PngImagePlugin - STREAM b'IDAT' 41 65536
2026-09-10 01:05:11,734 - DEBUG - PIL.PngImagePlugin - STREAM b'IHDR' 16 13
2026-09-10 01:05:11,734 - DEBUG - PIL.PngImagePlugin - STREAM b'IDAT' 41 65536
2026-09-10 01:05:11,776 - DEBUG - PIL.PngImagePlugin - STREAM b'IHDR' 16 13
2026-09-10 01:05:11,776 - DEBUG - PIL.PngImagePlugin - STREAM b'IDAT' 41 53758
2026-09-10 01:05:11,781 - DEBUG - PIL.PngImagePlugin - STREAM b'IHDR' 16 13
2026-09-10 01:05:11,781 - DEBUG - PIL.PngImagePlugin - STREAM b'IDAT' 41 32768
2026-09-10 01:05:11,788 - DEBUG - PIL.PngImagePlugin - STREAM b'IHDR' 16 13
2026-09-10 01:05:11,788 - DEBUG - PIL.PngImagePlugin - STREAM b'IDAT' 41 65536
2026-09-10 01:05:11,792 - DEBUG - PIL.PngImagePlugin - STREAM b'IHDR' 16 13
2026-09-10 01:05:11,793 - DEBUG - PIL.PngImagePlugin - STREAM b'IDAT' 41 65536
2026-09-10 01:05:11,797 - DEBUG - PIL.PngImagePlugin - STREAM b'IHDR' 16 13
2026-09-10 01:05:11,798 - DEBUG - PIL.PngImagePlugin - STREAM b'IDAT' 41 54958
2026-09-10 01:05:11,802 - DEBUG - PIL.PngImagePlugin - STREAM b'IHDR' 16 13
2026-09-10 01:05:11,802 - DEBUG - PIL.PngImagePlugin - STREAM b'IDAT' 41 54668
2026-09-10 01:05:11,807 - DEBUG - PIL.PngImagePlugin - STREAM b'IHDR' 16 13
2026-09-10 01:05:11,807 - DEBUG - PIL.PngImagePlugin - STREAM b'IDAT' 41 50455
2026-09-10 01:05:11,813 - DEBUG - PIL.PngImagePlugin - STREAM b'IHDR' 16 13
2026-09-10 01:05:11,813 - DEBUG - PIL.PngImagePlugin - STREAM b'IDAT' 41 49252
2026-09-10 01:05:11,818 - DEBUG - PIL.PngImagePlugin - STREAM b'IHDR' 16 13
2026-09-10 01:05:11,818 - DEBUG - PIL.PngImagePlugin - STREAM b'IDAT' 41 55682
2026-09-10 01:05:11,822 - DEBUG - PIL.PngImagePlugin - STREAM b'IHDR' 16 13
2026-09-10 01:05:11,823 - DEBUG - PIL.PngImagePlugin - STREAM b'IDAT' 41 57887
2026-09-10 01:05:11,827 - DEBUG - PIL.PngImagePlugin - STREAM b'IHDR' 16 13
2026-09-10 01:05:11,827 - DEBUG - PIL.PngImagePlugin - STREAM b'IDAT' 41 47281
2026-09-10 01:05:11,833 - DEBUG - PIL.PngImagePlugin - STREAM b'IHDR' 16 13
2026-09-10 01:05:11,833 - DEBUG - PIL.PngImagePlugin - STREAM b'IDAT' 41 56615
2026-09-10 01:05:11,837 - DEBUG - PIL.PngImagePlugin - STREAM b'IHDR' 16 13
2026-09-10 01:05:11,838 - DEBUG - PIL.PngImagePlugin - STREAM b'IDAT' 41 57598
2026-09-10 01:05:11,865 - DEBUG - PIL.PngImagePlugin - STREAM b'IHDR' 16 13
2026-09-10 01:05:11,865 - DEBUG - PIL.PngImagePlugin - STREAM b'IDAT' 41 62450
2026-09-10 01:05:27,217 - INFO - KGameTracker - ℹ️  ==================================================
2026-09-10 01:05:27,217 - INFO - KGameTracker - ℹ️  K GAME TRACKER - CERRADA
2026-09-10 01:05:27,218 - INFO - KGameTracker - ℹ️  ==================================================
2026-09-10 01:06:17,876 - INFO - KGameTracker - ℹ️  ==================================================
2026-09-10 01:06:17,876 - INFO - KGameTracker - ℹ️  K GAME TRACKER - INICIADA
2026-09-10 01:06:17,877 - INFO - KGameTracker - ℹ️  ==================================================
2026-09-10 01:06:18,035 - DEBUG - PIL.Image - Importing PngImagePlugin
2026-09-10 01:06:18,044 - DEBUG - PIL.PngImagePlugin - STREAM b'IHDR' 16 13
2026-09-10 01:06:18,045 - DEBUG - PIL.PngImagePlugin - STREAM b'IDAT' 41 65536
2026-09-10 01:06:23,039 - DEBUG - PIL.PngImagePlugin - STREAM b'IHDR' 16 13
2026-09-10 01:06:23,040 - DEBUG - PIL.PngImagePlugin - STREAM b'IDAT' 41 65536
2026-09-10 01:06:23,079 - DEBUG - PIL.PngImagePlugin - STREAM b'IHDR' 16 13
2026-09-10 01:06:23,079 - DEBUG - PIL.PngImagePlugin - STREAM b'IDAT' 41 53758
2026-09-10 01:06:23,083 - DEBUG - PIL.PngImagePlugin - STREAM b'IHDR' 16 13
2026-09-10 01:06:23,083 - DEBUG - PIL.PngImagePlugin - STREAM b'IDAT' 41 32768
2026-09-10 01:06:23,089 - DEBUG - PIL.PngImagePlugin - STREAM b'IHDR' 16 13
2026-09-10 01:06:23,089 - DEBUG - PIL.PngImagePlugin - STREAM b'IDAT' 41 65536
2026-09-10 01:06:23,093 - DEBUG - PIL.PngImagePlugin - STREAM b'IHDR' 16 13
2026-09-10 01:06:23,093 - DEBUG - PIL.PngImagePlugin - STREAM b'IDAT' 41 65536
2026-09-10 01:06:23,097 - DEBUG - PIL.PngImagePlugin - STREAM b'IHDR' 16 13
2026-09-10 01:06:23,097 - DEBUG - PIL.PngImagePlugin - STREAM b'IDAT' 41 54958
2026-09-10 01:06:23,102 - DEBUG - PIL.PngImagePlugin - STREAM b'IHDR' 16 13
2026-09-10 01:06:23,102 - DEBUG - PIL.PngImagePlugin - STREAM b'IDAT' 41 54668
2026-09-10 01:06:23,106 - DEBUG - PIL.PngImagePlugin - STREAM b'IHDR' 16 13
2026-09-10 01:06:23,106 - DEBUG - PIL.PngImagePlugin - STREAM b'IDAT' 41 50455
2026-09-10 01:06:23,111 - DEBUG - PIL.PngImagePlugin - STREAM b'IHDR' 16 13
2026-09-10 01:06:23,112 - DEBUG - PIL.PngImagePlugin - STREAM b'IDAT' 41 49252
2026-09-10 01:06:23,116 - DEBUG - PIL.PngImagePlugin - STREAM b'IHDR' 16 13
2026-09-10 01:06:23,116 - DEBUG - PIL.PngImagePlugin - STREAM b'IDAT' 41 55682
2026-09-10 01:06:23,122 - DEBUG - PIL.PngImagePlugin - STREAM b'IHDR' 16 13
2026-09-10 01:06:23,122 - DEBUG - PIL.PngImagePlugin - STREAM b'IDAT' 41 57887
2026-09-10 01:06:23,128 - DEBUG - PIL.PngImagePlugin - STREAM b'IHDR' 16 13
2026-09-10 01:06:23,128 - DEBUG - PIL.PngImagePlugin - STREAM b'IDAT' 41 47281
2026-09-10 01:06:23,134 - DEBUG - PIL.PngImagePlugin - STREAM b'IHDR' 16 13
2026-09-10 01:06:23,134 - DEBUG - PIL.PngImagePlugin - STREAM b'IDAT' 41 56615
2026-09-10 01:06:23,138 - DEBUG - PIL.PngImagePlugin - STREAM b'IHDR' 16 13
2026-09-10 01:06:23,138 - DEBUG - PIL.PngImagePlugin - STREAM b'IDAT' 41 57598
2026-09-10 01:06:23,164 - DEBUG - PIL.PngImagePlugin - STREAM b'IHDR' 16 13
2026-09-10 01:06:23,164 - DEBUG - PIL.PngImagePlugin - STREAM b'IDAT' 41 62450
2026-09-10 01:07:27,698 - INFO - KGameTracker - ℹ️  ==================================================
2026-09-10 01:07:27,698 - INFO - KGameTracker - ℹ️  K GAME TRACKER - CERRADA
2026-09-10 01:07:27,699 - INFO - KGameTracker - ℹ️  ==================================================
2026-09-10 01:08:16,694 - INFO - KGameTracker - ℹ️  ==================================================
2026-09-10 01:08:16,694 - INFO - KGameTracker - ℹ️  K GAME TRACKER - INICIADA
2026-09-10 01:08:16,694 - INFO - KGameTracker - ℹ️  ==================================================
2026-09-10 01:08:16,849 - DEBUG - PIL.Image - Importing PngImagePlugin
2026-09-10 01:08:16,859 - DEBUG - PIL.PngImagePlugin - STREAM b'IHDR' 16 13
2026-09-10 01:08:16,859 - DEBUG - PIL.PngImagePlugin - STREAM b'IDAT' 41 65536
2026-09-10 01:08:21,783 - DEBUG - PIL.PngImagePlugin - STREAM b'IHDR' 16 13
2026-09-10 01:08:21,784 - DEBUG - PIL.PngImagePlugin - STREAM b'IDAT' 41 65536
2026-09-10 01:08:21,816 - DEBUG - PIL.PngImagePlugin - STREAM b'IHDR' 16 13
2026-09-10 01:08:21,817 - DEBUG - PIL.PngImagePlugin - STREAM b'IDAT' 41 53758
2026-09-10 01:08:21,821 - DEBUG - PIL.PngImagePlugin - STREAM b'IHDR' 16 13
2026-09-10 01:08:21,822 - DEBUG - PIL.PngImagePlugin - STREAM b'IDAT' 41 32768
2026-09-10 01:08:21,828 - DEBUG - PIL.PngImagePlugin - STREAM b'IHDR' 16 13
2026-09-10 01:08:21,828 - DEBUG - PIL.PngImagePlugin - STREAM b'IDAT' 41 65536
2026-09-10 01:08:21,831 - DEBUG - PIL.PngImagePlugin - STREAM b'IHDR' 16 13
2026-09-10 01:08:21,831 - DEBUG - PIL.PngImagePlugin - STREAM b'IDAT' 41 65536
2026-09-10 01:08:21,835 - DEBUG - PIL.PngImagePlugin - STREAM b'IHDR' 16 13
2026-09-10 01:08:21,835 - DEBUG - PIL.PngImagePlugin - STREAM b'IDAT' 41 54958
2026-09-10 01:08:21,838 - DEBUG - PIL.PngImagePlugin - STREAM b'IHDR' 16 13
2026-09-10 01:08:21,839 - DEBUG - PIL.PngImagePlugin - STREAM b'IDAT' 41 54668
2026-09-10 01:08:21,843 - DEBUG - PIL.PngImagePlugin - STREAM b'IHDR' 16 13
2026-09-10 01:08:21,843 - DEBUG - PIL.PngImagePlugin - STREAM b'IDAT' 41 50455
2026-09-10 01:08:21,847 - DEBUG - PIL.PngImagePlugin - STREAM b'IHDR' 16 13
2026-09-10 01:08:21,848 - DEBUG - PIL.PngImagePlugin - STREAM b'IDAT' 41 49252
2026-09-10 01:08:21,851 - DEBUG - PIL.PngImagePlugin - STREAM b'IHDR' 16 13
2026-09-10 01:08:21,852 - DEBUG - PIL.PngImagePlugin - STREAM b'IDAT' 41 55682
2026-09-10 01:08:21,856 - DEBUG - PIL.PngImagePlugin - STREAM b'IHDR' 16 13
2026-09-10 01:08:21,856 - DEBUG - PIL.PngImagePlugin - STREAM b'IDAT' 41 57887
2026-09-10 01:08:21,861 - DEBUG - PIL.PngImagePlugin - STREAM b'IHDR' 16 13
2026-09-10 01:08:21,862 - DEBUG - PIL.PngImagePlugin - STREAM b'IDAT' 41 47281
2026-09-10 01:08:21,865 - DEBUG - PIL.PngImagePlugin - STREAM b'IHDR' 16 13
2026-09-10 01:08:21,866 - DEBUG - PIL.PngImagePlugin - STREAM b'IDAT' 41 56615
2026-09-10 01:08:21,869 - DEBUG - PIL.PngImagePlugin - STREAM b'IHDR' 16 13
2026-09-10 01:08:21,870 - DEBUG - PIL.PngImagePlugin - STREAM b'IDAT' 41 57598
2026-09-10 01:08:21,914 - DEBUG - PIL.PngImagePlugin - STREAM b'IHDR' 16 13
2026-09-10 01:08:21,914 - DEBUG - PIL.PngImagePlugin - STREAM b'IDAT' 41 62450
2026-09-10 01:11:54,457 - INFO - KGameTracker - ℹ️  ==================================================
2026-09-10 01:11:54,457 - INFO - KGameTracker - ℹ️  K GAME TRACKER - CERRADA
2026-09-10 01:11:54,457 - INFO - KGameTracker - ℹ️  ==================================================
2026-09-10 01:12:33,223 - INFO - KGameTracker - ℹ️  ==================================================
2026-09-10 01:12:33,223 - INFO - KGameTracker - ℹ️  K GAME TRACKER - INICIADA
2026-09-10 01:12:33,223 - INFO - KGameTracker - ℹ️  ==================================================
2026-09-10 01:12:33,395 - DEBUG - PIL.Image - Importing PngImagePlugin
2026-09-10 01:12:33,405 - DEBUG - PIL.PngImagePlugin - STREAM b'IHDR' 16 13
2026-09-10 01:12:33,406 - DEBUG - PIL.PngImagePlugin - STREAM b'IDAT' 41 65536
2026-09-10 01:12:38,382 - DEBUG - PIL.PngImagePlugin - STREAM b'IHDR' 16 13
2026-09-10 01:12:38,382 - DEBUG - PIL.PngImagePlugin - STREAM b'IDAT' 41 65536
2026-09-10 01:12:38,419 - DEBUG - PIL.PngImagePlugin - STREAM b'IHDR' 16 13
2026-09-10 01:12:38,419 - DEBUG - PIL.PngImagePlugin - STREAM b'IDAT' 41 53758
2026-09-10 01:12:38,426 - DEBUG - PIL.PngImagePlugin - STREAM b'IHDR' 16 13
2026-09-10 01:12:38,426 - DEBUG - PIL.PngImagePlugin - STREAM b'IDAT' 41 32768
2026-09-10 01:12:38,433 - DEBUG - PIL.PngImagePlugin - STREAM b'IHDR' 16 13
2026-09-10 01:12:38,433 - DEBUG - PIL.PngImagePlugin - STREAM b'IDAT' 41 65536
2026-09-10 01:12:38,438 - DEBUG - PIL.PngImagePlugin - STREAM b'IHDR' 16 13
2026-09-10 01:12:38,439 - DEBUG - PIL.PngImagePlugin - STREAM b'IDAT' 41 65536
2026-09-10 01:12:38,443 - DEBUG - PIL.PngImagePlugin - STREAM b'IHDR' 16 13
2026-09-10 01:12:38,443 - DEBUG - PIL.PngImagePlugin - STREAM b'IDAT' 41 54958
2026-09-10 01:12:38,447 - DEBUG - PIL.PngImagePlugin - STREAM b'IHDR' 16 13
2026-09-10 01:12:38,447 - DEBUG - PIL.PngImagePlugin - STREAM b'IDAT' 41 54668
2026-09-10 01:12:38,453 - DEBUG - PIL.PngImagePlugin - STREAM b'IHDR' 16 13
2026-09-10 01:12:38,453 - DEBUG - PIL.PngImagePlugin - STREAM b'IDAT' 41 50455
2026-09-10 01:12:38,457 - DEBUG - PIL.PngImagePlugin - STREAM b'IHDR' 16 13
2026-09-10 01:12:38,458 - DEBUG - PIL.PngImagePlugin - STREAM b'IDAT' 41 49252
2026-09-10 01:12:38,462 - DEBUG - PIL.PngImagePlugin - STREAM b'IHDR' 16 13
2026-09-10 01:12:38,462 - DEBUG - PIL.PngImagePlugin - STREAM b'IDAT' 41 55682
2026-09-10 01:12:38,466 - DEBUG - PIL.PngImagePlugin - STREAM b'IHDR' 16 13
2026-09-10 01:12:38,467 - DEBUG - PIL.PngImagePlugin - STREAM b'IDAT' 41 57887
2026-09-10 01:12:38,472 - DEBUG - PIL.PngImagePlugin - STREAM b'IHDR' 16 13
2026-09-10 01:12:38,473 - DEBUG - PIL.PngImagePlugin - STREAM b'IDAT' 41 47281
2026-09-10 01:12:38,478 - DEBUG - PIL.PngImagePlugin - STREAM b'IHDR' 16 13
2026-09-10 01:12:38,479 - DEBUG - PIL.PngImagePlugin - STREAM b'IDAT' 41 56615
2026-09-10 01:12:38,483 - DEBUG - PIL.PngImagePlugin - STREAM b'IHDR' 16 13
2026-09-10 01:12:38,483 - DEBUG - PIL.PngImagePlugin - STREAM b'IDAT' 41 57598
2026-09-10 01:12:38,533 - DEBUG - PIL.PngImagePlugin - STREAM b'IHDR' 16 13
2026-09-10 01:12:38,533 - DEBUG - PIL.PngImagePlugin - STREAM b'IDAT' 41 62450
2026-09-10 01:12:57,144 - INFO - KGameTracker - ℹ️  ==================================================
2026-09-10 01:12:57,145 - INFO - KGameTracker - ℹ️  K GAME TRACKER - CERRADA
2026-09-10 01:12:57,145 - INFO - KGameTracker - ℹ️  ==================================================
2026-09-10 01:13:51,487 - INFO - KGameTracker - ℹ️  ==================================================
2026-09-10 01:13:51,487 - INFO - KGameTracker - ℹ️  K GAME TRACKER - INICIADA
2026-09-10 01:13:51,488 - INFO - KGameTracker - ℹ️  ==================================================
2026-09-10 01:13:51,645 - DEBUG - PIL.Image - Importing PngImagePlugin
2026-09-10 01:13:51,655 - DEBUG - PIL.PngImagePlugin - STREAM b'IHDR' 16 13
2026-09-10 01:13:51,655 - DEBUG - PIL.PngImagePlugin - STREAM b'IDAT' 41 65536
2026-09-10 01:13:56,618 - DEBUG - PIL.PngImagePlugin - STREAM b'IHDR' 16 13
2026-09-10 01:13:56,619 - DEBUG - PIL.PngImagePlugin - STREAM b'IDAT' 41 65536
2026-09-10 01:13:56,658 - DEBUG - PIL.PngImagePlugin - STREAM b'IHDR' 16 13
2026-09-10 01:13:56,658 - DEBUG - PIL.PngImagePlugin - STREAM b'IDAT' 41 53758
2026-09-10 01:13:56,663 - DEBUG - PIL.PngImagePlugin - STREAM b'IHDR' 16 13
2026-09-10 01:13:56,663 - DEBUG - PIL.PngImagePlugin - STREAM b'IDAT' 41 32768
2026-09-10 01:13:56,671 - DEBUG - PIL.PngImagePlugin - STREAM b'IHDR' 16 13
2026-09-10 01:13:56,671 - DEBUG - PIL.PngImagePlugin - STREAM b'IDAT' 41 65536
2026-09-10 01:13:56,675 - DEBUG - PIL.PngImagePlugin - STREAM b'IHDR' 16 13
2026-09-10 01:13:56,675 - DEBUG - PIL.PngImagePlugin - STREAM b'IDAT' 41 65536
2026-09-10 01:13:56,679 - DEBUG - PIL.PngImagePlugin - STREAM b'IHDR' 16 13
2026-09-10 01:13:56,679 - DEBUG - PIL.PngImagePlugin - STREAM b'IDAT' 41 54958
2026-09-10 01:13:56,684 - DEBUG - PIL.PngImagePlugin - STREAM b'IHDR' 16 13
2026-09-10 01:13:56,685 - DEBUG - PIL.PngImagePlugin - STREAM b'IDAT' 41 54668
2026-09-10 01:13:56,689 - DEBUG - PIL.PngImagePlugin - STREAM b'IHDR' 16 13
2026-09-10 01:13:56,690 - DEBUG - PIL.PngImagePlugin - STREAM b'IDAT' 41 50455
2026-09-10 01:13:56,695 - DEBUG - PIL.PngImagePlugin - STREAM b'IHDR' 16 13
2026-09-10 01:13:56,695 - DEBUG - PIL.PngImagePlugin - STREAM b'IDAT' 41 49252
2026-09-10 01:13:56,699 - DEBUG - PIL.PngImagePlugin - STREAM b'IHDR' 16 13
2026-09-10 01:13:56,699 - DEBUG - PIL.PngImagePlugin - STREAM b'IDAT' 41 55682
2026-09-10 01:13:56,704 - DEBUG - PIL.PngImagePlugin - STREAM b'IHDR' 16 13
2026-09-10 01:13:56,704 - DEBUG - PIL.PngImagePlugin - STREAM b'IDAT' 41 57887
2026-09-10 01:13:56,708 - DEBUG - PIL.PngImagePlugin - STREAM b'IHDR' 16 13
2026-09-10 01:13:56,708 - DEBUG - PIL.PngImagePlugin - STREAM b'IDAT' 41 47281
2026-09-10 01:13:56,713 - DEBUG - PIL.PngImagePlugin - STREAM b'IHDR' 16 13
2026-09-10 01:13:56,713 - DEBUG - PIL.PngImagePlugin - STREAM b'IDAT' 41 56615
2026-09-10 01:13:56,717 - DEBUG - PIL.PngImagePlugin - STREAM b'IHDR' 16 13
2026-09-10 01:13:56,717 - DEBUG - PIL.PngImagePlugin - STREAM b'IDAT' 41 57598
2026-09-10 01:13:56,742 - DEBUG - PIL.PngImagePlugin - STREAM b'IHDR' 16 13
2026-09-10 01:13:56,742 - DEBUG - PIL.PngImagePlugin - STREAM b'IDAT' 41 62450
2026-09-10 01:14:25,483 - INFO - KGameTracker - ℹ️  ==================================================
2026-09-10 01:14:25,483 - INFO - KGameTracker - ℹ️  K GAME TRACKER - CERRADA
2026-09-10 01:14:25,483 - INFO - KGameTracker - ℹ️  ==================================================
2026-09-10 01:14:30,888 - INFO - KGameTracker - ℹ️  ==================================================
2026-09-10 01:14:30,888 - INFO - KGameTracker - ℹ️  K GAME TRACKER - INICIADA
2026-09-10 01:14:30,888 - INFO - KGameTracker - ℹ️  ==================================================
2026-09-10 01:14:31,056 - DEBUG - PIL.Image - Importing PngImagePlugin
2026-09-10 01:14:31,065 - DEBUG - PIL.PngImagePlugin - STREAM b'IHDR' 16 13
2026-09-10 01:14:31,065 - DEBUG - PIL.PngImagePlugin - STREAM b'IDAT' 41 65536
2026-09-10 01:14:36,108 - DEBUG - PIL.PngImagePlugin - STREAM b'IHDR' 16 13
2026-09-10 01:14:36,108 - DEBUG - PIL.PngImagePlugin - STREAM b'IDAT' 41 65536
2026-09-10 01:14:36,141 - DEBUG - PIL.PngImagePlugin - STREAM b'IHDR' 16 13
2026-09-10 01:14:36,142 - DEBUG - PIL.PngImagePlugin - STREAM b'IDAT' 41 53758
2026-09-10 01:14:36,145 - DEBUG - PIL.PngImagePlugin - STREAM b'IHDR' 16 13
2026-09-10 01:14:36,146 - DEBUG - PIL.PngImagePlugin - STREAM b'IDAT' 41 32768
2026-09-10 01:14:36,152 - DEBUG - PIL.PngImagePlugin - STREAM b'IHDR' 16 13
2026-09-10 01:14:36,152 - DEBUG - PIL.PngImagePlugin - STREAM b'IDAT' 41 65536
2026-09-10 01:14:36,157 - DEBUG - PIL.PngImagePlugin - STREAM b'IHDR' 16 13
2026-09-10 01:14:36,158 - DEBUG - PIL.PngImagePlugin - STREAM b'IDAT' 41 65536
2026-09-10 01:14:36,167 - DEBUG - PIL.PngImagePlugin - STREAM b'IHDR' 16 13
2026-09-10 01:14:36,168 - DEBUG - PIL.PngImagePlugin - STREAM b'IDAT' 41 54958
2026-09-10 01:14:36,178 - DEBUG - PIL.PngImagePlugin - STREAM b'IHDR' 16 13
2026-09-10 01:14:36,179 - DEBUG - PIL.PngImagePlugin - STREAM b'IDAT' 41 54668
2026-09-10 01:14:36,188 - DEBUG - PIL.PngImagePlugin - STREAM b'IHDR' 16 13
2026-09-10 01:14:36,194 - DEBUG - PIL.PngImagePlugin - STREAM b'IDAT' 41 50455
2026-09-10 01:14:36,203 - DEBUG - PIL.PngImagePlugin - STREAM b'IHDR' 16 13
2026-09-10 01:14:36,203 - DEBUG - PIL.PngImagePlugin - STREAM b'IDAT' 41 49252
2026-09-10 01:14:36,208 - DEBUG - PIL.PngImagePlugin - STREAM b'IHDR' 16 13
2026-09-10 01:14:36,208 - DEBUG - PIL.PngImagePlugin - STREAM b'IDAT' 41 55682
2026-09-10 01:14:36,215 - DEBUG - PIL.PngImagePlugin - STREAM b'IHDR' 16 13
2026-09-10 01:14:36,217 - DEBUG - PIL.PngImagePlugin - STREAM b'IDAT' 41 57887
2026-09-10 01:14:36,223 - DEBUG - PIL.PngImagePlugin - STREAM b'IHDR' 16 13
2026-09-10 01:14:36,223 - DEBUG - PIL.PngImagePlugin - STREAM b'IDAT' 41 47281
2026-09-10 01:14:36,227 - DEBUG - PIL.PngImagePlugin - STREAM b'IHDR' 16 13
2026-09-10 01:14:36,227 - DEBUG - PIL.PngImagePlugin - STREAM b'IDAT' 41 56615
2026-09-10 01:14:36,232 - DEBUG - PIL.PngImagePlugin - STREAM b'IHDR' 16 13
2026-09-10 01:14:36,233 - DEBUG - PIL.PngImagePlugin - STREAM b'IDAT' 41 57598
2026-09-10 01:14:36,258 - DEBUG - PIL.PngImagePlugin - STREAM b'IHDR' 16 13
2026-09-10 01:14:36,259 - DEBUG - PIL.PngImagePlugin - STREAM b'IDAT' 41 62450
2026-09-10 01:16:34,616 - INFO - KGameTracker - ℹ️  ==================================================
2026-09-10 01:16:34,617 - INFO - KGameTracker - ℹ️  K GAME TRACKER - CERRADA
2026-09-10 01:16:34,617 - INFO - KGameTracker - ℹ️  ==================================================
2026-09-10 01:16:52,358 - INFO - KGameTracker - ℹ️  ==================================================
2026-09-10 01:16:52,358 - INFO - KGameTracker - ℹ️  K GAME TRACKER - INICIADA
2026-09-10 01:16:52,358 - INFO - KGameTracker - ℹ️  ==================================================
2026-09-10 01:16:52,528 - DEBUG - PIL.Image - Importing PngImagePlugin
2026-09-10 01:16:52,539 - DEBUG - PIL.PngImagePlugin - STREAM b'IHDR' 16 13
2026-09-10 01:16:52,539 - DEBUG - PIL.PngImagePlugin - STREAM b'IDAT' 41 65536
2026-09-10 01:16:57,586 - DEBUG - PIL.PngImagePlugin - STREAM b'IHDR' 16 13
2026-09-10 01:16:57,587 - DEBUG - PIL.PngImagePlugin - STREAM b'IDAT' 41 65536
2026-09-10 01:16:57,620 - DEBUG - PIL.PngImagePlugin - STREAM b'IHDR' 16 13
2026-09-10 01:16:57,620 - DEBUG - PIL.PngImagePlugin - STREAM b'IDAT' 41 53758
2026-09-10 01:16:57,625 - DEBUG - PIL.PngImagePlugin - STREAM b'IHDR' 16 13
2026-09-10 01:16:57,625 - DEBUG - PIL.PngImagePlugin - STREAM b'IDAT' 41 32768
2026-09-10 01:16:57,633 - DEBUG - PIL.PngImagePlugin - STREAM b'IHDR' 16 13
2026-09-10 01:16:57,633 - DEBUG - PIL.PngImagePlugin - STREAM b'IDAT' 41 65536
2026-09-10 01:16:57,637 - DEBUG - PIL.PngImagePlugin - STREAM b'IHDR' 16 13
2026-09-10 01:16:57,637 - DEBUG - PIL.PngImagePlugin - STREAM b'IDAT' 41 65536
2026-09-10 01:16:57,640 - DEBUG - PIL.PngImagePlugin - STREAM b'IHDR' 16 13
2026-09-10 01:16:57,641 - DEBUG - PIL.PngImagePlugin - STREAM b'IDAT' 41 54958
2026-09-10 01:16:57,645 - DEBUG - PIL.PngImagePlugin - STREAM b'IHDR' 16 13
2026-09-10 01:16:57,645 - DEBUG - PIL.PngImagePlugin - STREAM b'IDAT' 41 54668
2026-09-10 01:16:57,650 - DEBUG - PIL.PngImagePlugin - STREAM b'IHDR' 16 13
2026-09-10 01:16:57,650 - DEBUG - PIL.PngImagePlugin - STREAM b'IDAT' 41 50455
2026-09-10 01:16:57,656 - DEBUG - PIL.PngImagePlugin - STREAM b'IHDR' 16 13
2026-09-10 01:16:57,656 - DEBUG - PIL.PngImagePlugin - STREAM b'IDAT' 41 49252
2026-09-10 01:16:57,661 - DEBUG - PIL.PngImagePlugin - STREAM b'IHDR' 16 13
2026-09-10 01:16:57,662 - DEBUG - PIL.PngImagePlugin - STREAM b'IDAT' 41 55682
2026-09-10 01:16:57,667 - DEBUG - PIL.PngImagePlugin - STREAM b'IHDR' 16 13
2026-09-10 01:16:57,667 - DEBUG - PIL.PngImagePlugin - STREAM b'IDAT' 41 57887
2026-09-10 01:16:57,673 - DEBUG - PIL.PngImagePlugin - STREAM b'IHDR' 16 13
2026-09-10 01:16:57,673 - DEBUG - PIL.PngImagePlugin - STREAM b'IDAT' 41 47281
2026-09-10 01:16:57,678 - DEBUG - PIL.PngImagePlugin - STREAM b'IHDR' 16 13
2026-09-10 01:16:57,678 - DEBUG - PIL.PngImagePlugin - STREAM b'IDAT' 41 56615
2026-09-10 01:16:57,683 - DEBUG - PIL.PngImagePlugin - STREAM b'IHDR' 16 13
2026-09-10 01:16:57,683 - DEBUG - PIL.PngImagePlugin - STREAM b'IDAT' 41 57598
2026-09-10 01:16:57,734 - DEBUG - PIL.PngImagePlugin - STREAM b'IHDR' 16 13
2026-09-10 01:16:57,735 - DEBUG - PIL.PngImagePlugin - STREAM b'IDAT' 41 62450
2026-09-10 01:19:29,727 - INFO - KGameTracker - ℹ️  ==================================================
2026-09-10 01:19:29,727 - INFO - KGameTracker - ℹ️  K GAME TRACKER - CERRADA
2026-09-10 01:19:29,727 - INFO - KGameTracker - ℹ️  ==================================================
2026-09-10 01:19:41,381 - INFO - KGameTracker - ℹ️  ==================================================
2026-09-10 01:19:41,381 - INFO - KGameTracker - ℹ️  K GAME TRACKER - INICIADA
2026-09-10 01:19:41,381 - INFO - KGameTracker - ℹ️  ==================================================
2026-09-10 01:19:41,545 - DEBUG - PIL.Image - Importing PngImagePlugin
2026-09-10 01:19:41,554 - DEBUG - PIL.PngImagePlugin - STREAM b'IHDR' 16 13
2026-09-10 01:19:41,554 - DEBUG - PIL.PngImagePlugin - STREAM b'IDAT' 41 65536
2026-09-10 01:19:46,483 - DEBUG - PIL.PngImagePlugin - STREAM b'IHDR' 16 13
2026-09-10 01:19:46,484 - DEBUG - PIL.PngImagePlugin - STREAM b'IDAT' 41 65536
2026-09-10 01:19:46,525 - DEBUG - PIL.PngImagePlugin - STREAM b'IHDR' 16 13
2026-09-10 01:19:46,525 - DEBUG - PIL.PngImagePlugin - STREAM b'IDAT' 41 53758
2026-09-10 01:19:46,531 - DEBUG - PIL.PngImagePlugin - STREAM b'IHDR' 16 13
2026-09-10 01:19:46,531 - DEBUG - PIL.PngImagePlugin - STREAM b'IDAT' 41 32768
2026-09-10 01:19:46,538 - DEBUG - PIL.PngImagePlugin - STREAM b'IHDR' 16 13
2026-09-10 01:19:46,538 - DEBUG - PIL.PngImagePlugin - STREAM b'IDAT' 41 65536
2026-09-10 01:19:46,541 - DEBUG - PIL.PngImagePlugin - STREAM b'IHDR' 16 13
2026-09-10 01:19:46,541 - DEBUG - PIL.PngImagePlugin - STREAM b'IDAT' 41 65536
2026-09-10 01:19:46,545 - DEBUG - PIL.PngImagePlugin - STREAM b'IHDR' 16 13
2026-09-10 01:19:46,545 - DEBUG - PIL.PngImagePlugin - STREAM b'IDAT' 41 54958
2026-09-10 01:19:46,549 - DEBUG - PIL.PngImagePlugin - STREAM b'IHDR' 16 13
2026-09-10 01:19:46,549 - DEBUG - PIL.PngImagePlugin - STREAM b'IDAT' 41 54668
2026-09-10 01:19:46,553 - DEBUG - PIL.PngImagePlugin - STREAM b'IHDR' 16 13
2026-09-10 01:19:46,554 - DEBUG - PIL.PngImagePlugin - STREAM b'IDAT' 41 50455
2026-09-10 01:19:46,557 - DEBUG - PIL.PngImagePlugin - STREAM b'IHDR' 16 13
2026-09-10 01:19:46,557 - DEBUG - PIL.PngImagePlugin - STREAM b'IDAT' 41 49252
2026-09-10 01:19:46,561 - DEBUG - PIL.PngImagePlugin - STREAM b'IHDR' 16 13
2026-09-10 01:19:46,561 - DEBUG - PIL.PngImagePlugin - STREAM b'IDAT' 41 55682
2026-09-10 01:19:46,565 - DEBUG - PIL.PngImagePlugin - STREAM b'IHDR' 16 13
2026-09-10 01:19:46,565 - DEBUG - PIL.PngImagePlugin - STREAM b'IDAT' 41 57887
2026-09-10 01:19:46,569 - DEBUG - PIL.PngImagePlugin - STREAM b'IHDR' 16 13
2026-09-10 01:19:46,569 - DEBUG - PIL.PngImagePlugin - STREAM b'IDAT' 41 47281
2026-09-10 01:19:46,572 - DEBUG - PIL.PngImagePlugin - STREAM b'IHDR' 16 13
2026-09-10 01:19:46,573 - DEBUG - PIL.PngImagePlugin - STREAM b'IDAT' 41 56615
2026-09-10 01:19:46,577 - DEBUG - PIL.PngImagePlugin - STREAM b'IHDR' 16 13
2026-09-10 01:19:46,577 - DEBUG - PIL.PngImagePlugin - STREAM b'IDAT' 41 57598
2026-09-10 01:19:46,620 - DEBUG - PIL.PngImagePlugin - STREAM b'IHDR' 16 13
2026-09-10 01:19:46,620 - DEBUG - PIL.PngImagePlugin - STREAM b'IDAT' 41 62450
2026-09-10 01:20:26,419 - INFO - KGameTracker - ℹ️  ==================================================
2026-09-10 01:20:26,420 - INFO - KGameTracker - ℹ️  K GAME TRACKER - CERRADA
2026-09-10 01:20:26,420 - INFO - KGameTracker - ℹ️  ==================================================
2026-09-10 01:20:36,329 - INFO - KGameTracker - ℹ️  ==================================================
2026-09-10 01:20:36,329 - INFO - KGameTracker - ℹ️  K GAME TRACKER - INICIADA
2026-09-10 01:20:36,329 - INFO - KGameTracker - ℹ️  ==================================================
2026-09-10 01:20:36,496 - DEBUG - PIL.Image - Importing PngImagePlugin
2026-09-10 01:20:36,507 - DEBUG - PIL.PngImagePlugin - STREAM b'IHDR' 16 13
2026-09-10 01:20:36,507 - DEBUG - PIL.PngImagePlugin - STREAM b'IDAT' 41 65536
2026-09-10 01:20:41,449 - DEBUG - PIL.PngImagePlugin - STREAM b'IHDR' 16 13
2026-09-10 01:20:41,450 - DEBUG - PIL.PngImagePlugin - STREAM b'IDAT' 41 65536
2026-09-10 01:20:41,480 - DEBUG - PIL.PngImagePlugin - STREAM b'IHDR' 16 13
2026-09-10 01:20:41,480 - DEBUG - PIL.PngImagePlugin - STREAM b'IDAT' 41 53758
2026-09-10 01:20:41,485 - DEBUG - PIL.PngImagePlugin - STREAM b'IHDR' 16 13
2026-09-10 01:20:41,485 - DEBUG - PIL.PngImagePlugin - STREAM b'IDAT' 41 32768
2026-09-10 01:20:41,492 - DEBUG - PIL.PngImagePlugin - STREAM b'IHDR' 16 13
2026-09-10 01:20:41,492 - DEBUG - PIL.PngImagePlugin - STREAM b'IDAT' 41 65536
2026-09-10 01:20:41,495 - DEBUG - PIL.PngImagePlugin - STREAM b'IHDR' 16 13
2026-09-10 01:20:41,495 - DEBUG - PIL.PngImagePlugin - STREAM b'IDAT' 41 65536
2026-09-10 01:20:41,500 - DEBUG - PIL.PngImagePlugin - STREAM b'IHDR' 16 13
2026-09-10 01:20:41,500 - DEBUG - PIL.PngImagePlugin - STREAM b'IDAT' 41 54958
2026-09-10 01:20:41,503 - DEBUG - PIL.PngImagePlugin - STREAM b'IHDR' 16 13
2026-09-10 01:20:41,503 - DEBUG - PIL.PngImagePlugin - STREAM b'IDAT' 41 54668
2026-09-10 01:20:41,508 - DEBUG - PIL.PngImagePlugin - STREAM b'IHDR' 16 13
2026-09-10 01:20:41,508 - DEBUG - PIL.PngImagePlugin - STREAM b'IDAT' 41 50455
2026-09-10 01:20:41,512 - DEBUG - PIL.PngImagePlugin - STREAM b'IHDR' 16 13
2026-09-10 01:20:41,512 - DEBUG - PIL.PngImagePlugin - STREAM b'IDAT' 41 49252
2026-09-10 01:20:41,516 - DEBUG - PIL.PngImagePlugin - STREAM b'IHDR' 16 13
2026-09-10 01:20:41,516 - DEBUG - PIL.PngImagePlugin - STREAM b'IDAT' 41 55682
2026-09-10 01:20:41,520 - DEBUG - PIL.PngImagePlugin - STREAM b'IHDR' 16 13
2026-09-10 01:20:41,520 - DEBUG - PIL.PngImagePlugin - STREAM b'IDAT' 41 57887
2026-09-10 01:20:41,524 - DEBUG - PIL.PngImagePlugin - STREAM b'IHDR' 16 13
2026-09-10 01:20:41,524 - DEBUG - PIL.PngImagePlugin - STREAM b'IDAT' 41 47281
2026-09-10 01:20:41,528 - DEBUG - PIL.PngImagePlugin - STREAM b'IHDR' 16 13
2026-09-10 01:20:41,528 - DEBUG - PIL.PngImagePlugin - STREAM b'IDAT' 41 56615
2026-09-10 01:20:41,533 - DEBUG - PIL.PngImagePlugin - STREAM b'IHDR' 16 13
2026-09-10 01:20:41,533 - DEBUG - PIL.PngImagePlugin - STREAM b'IDAT' 41 57598
2026-09-10 01:20:41,573 - DEBUG - PIL.PngImagePlugin - STREAM b'IHDR' 16 13
2026-09-10 01:20:41,574 - DEBUG - PIL.PngImagePlugin - STREAM b'IDAT' 41 62450
2026-09-10 01:25:25,825 - INFO - KGameTracker - ℹ️  ==================================================
2026-09-10 01:25:25,825 - INFO - KGameTracker - ℹ️  K GAME TRACKER - CERRADA
2026-09-10 01:25:25,826 - INFO - KGameTracker - ℹ️  ==================================================
2026-09-10 01:25:57,998 - INFO - KGameTracker - ℹ️  ==================================================
2026-09-10 01:25:57,998 - INFO - KGameTracker - ℹ️  K GAME TRACKER - INICIADA
2026-09-10 01:25:57,998 - INFO - KGameTracker - ℹ️  ==================================================
2026-09-10 01:25:58,174 - DEBUG - PIL.Image - Importing PngImagePlugin
2026-09-10 01:25:58,183 - DEBUG - PIL.PngImagePlugin - STREAM b'IHDR' 16 13
2026-09-10 01:25:58,183 - DEBUG - PIL.PngImagePlugin - STREAM b'IDAT' 41 65536
2026-09-10 01:26:03,124 - DEBUG - PIL.PngImagePlugin - STREAM b'IHDR' 16 13
2026-09-10 01:26:03,124 - DEBUG - PIL.PngImagePlugin - STREAM b'IDAT' 41 65536
2026-09-10 01:26:03,169 - DEBUG - PIL.PngImagePlugin - STREAM b'IHDR' 16 13
2026-09-10 01:26:03,170 - DEBUG - PIL.PngImagePlugin - STREAM b'IDAT' 41 53758
2026-09-10 01:26:03,177 - DEBUG - PIL.PngImagePlugin - STREAM b'IHDR' 16 13
2026-09-10 01:26:03,177 - DEBUG - PIL.PngImagePlugin - STREAM b'IDAT' 41 32768
2026-09-10 01:26:03,183 - DEBUG - PIL.PngImagePlugin - STREAM b'IHDR' 16 13
2026-09-10 01:26:03,183 - DEBUG - PIL.PngImagePlugin - STREAM b'IDAT' 41 65536
2026-09-10 01:26:03,186 - DEBUG - PIL.PngImagePlugin - STREAM b'IHDR' 16 13
2026-09-10 01:26:03,187 - DEBUG - PIL.PngImagePlugin - STREAM b'IDAT' 41 65536
2026-09-10 01:26:03,190 - DEBUG - PIL.PngImagePlugin - STREAM b'IHDR' 16 13
2026-09-10 01:26:03,190 - DEBUG - PIL.PngImagePlugin - STREAM b'IDAT' 41 54958
2026-09-10 01:26:03,194 - DEBUG - PIL.PngImagePlugin - STREAM b'IHDR' 16 13
2026-09-10 01:26:03,194 - DEBUG - PIL.PngImagePlugin - STREAM b'IDAT' 41 54668
2026-09-10 01:26:03,198 - DEBUG - PIL.PngImagePlugin - STREAM b'IHDR' 16 13
2026-09-10 01:26:03,198 - DEBUG - PIL.PngImagePlugin - STREAM b'IDAT' 41 50455
2026-09-10 01:26:03,202 - DEBUG - PIL.PngImagePlugin - STREAM b'IHDR' 16 13
2026-09-10 01:26:03,202 - DEBUG - PIL.PngImagePlugin - STREAM b'IDAT' 41 49252
2026-09-10 01:26:03,205 - DEBUG - PIL.PngImagePlugin - STREAM b'IHDR' 16 13
2026-09-10 01:26:03,206 - DEBUG - PIL.PngImagePlugin - STREAM b'IDAT' 41 55682
2026-09-10 01:26:03,211 - DEBUG - PIL.PngImagePlugin - STREAM b'IHDR' 16 13
2026-09-10 01:26:03,211 - DEBUG - PIL.PngImagePlugin - STREAM b'IDAT' 41 57887
2026-09-10 01:26:03,215 - DEBUG - PIL.PngImagePlugin - STREAM b'IHDR' 16 13
2026-09-10 01:26:03,215 - DEBUG - PIL.PngImagePlugin - STREAM b'IDAT' 41 47281
2026-09-10 01:26:03,219 - DEBUG - PIL.PngImagePlugin - STREAM b'IHDR' 16 13
2026-09-10 01:26:03,219 - DEBUG - PIL.PngImagePlugin - STREAM b'IDAT' 41 56615
2026-09-10 01:26:03,222 - DEBUG - PIL.PngImagePlugin - STREAM b'IHDR' 16 13
2026-09-10 01:26:03,223 - DEBUG - PIL.PngImagePlugin - STREAM b'IDAT' 41 57598
2026-09-10 01:26:03,263 - DEBUG - PIL.PngImagePlugin - STREAM b'IHDR' 16 13
2026-09-10 01:26:03,263 - DEBUG - PIL.PngImagePlugin - STREAM b'IDAT' 41 62450
2026-09-10 01:27:33,041 - INFO - KGameTracker - ℹ️  ==================================================
2026-09-10 01:27:33,041 - INFO - KGameTracker - ℹ️  K GAME TRACKER - CERRADA
2026-09-10 01:27:33,042 - INFO - KGameTracker - ℹ️  ==================================================
2026-09-10 01:27:39,422 - INFO - KGameTracker - ℹ️  ==================================================
2026-09-10 01:27:39,423 - INFO - KGameTracker - ℹ️  K GAME TRACKER - INICIADA
2026-09-10 01:27:39,423 - INFO - KGameTracker - ℹ️  ==================================================
2026-09-10 01:27:39,590 - DEBUG - PIL.Image - Importing PngImagePlugin
2026-09-10 01:27:39,599 - DEBUG - PIL.PngImagePlugin - STREAM b'IHDR' 16 13
2026-09-10 01:27:39,599 - DEBUG - PIL.PngImagePlugin - STREAM b'IDAT' 41 65536
2026-09-10 01:27:44,529 - DEBUG - PIL.PngImagePlugin - STREAM b'IHDR' 16 13
2026-09-10 01:27:44,530 - DEBUG - PIL.PngImagePlugin - STREAM b'IDAT' 41 65536
2026-09-10 01:27:44,576 - DEBUG - PIL.PngImagePlugin - STREAM b'IHDR' 16 13
2026-09-10 01:27:44,576 - DEBUG - PIL.PngImagePlugin - STREAM b'IDAT' 41 53758
2026-09-10 01:27:44,581 - DEBUG - PIL.PngImagePlugin - STREAM b'IHDR' 16 13
2026-09-10 01:27:44,582 - DEBUG - PIL.PngImagePlugin - STREAM b'IDAT' 41 32768
2026-09-10 01:27:44,588 - DEBUG - PIL.PngImagePlugin - STREAM b'IHDR' 16 13
2026-09-10 01:27:44,588 - DEBUG - PIL.PngImagePlugin - STREAM b'IDAT' 41 65536
2026-09-10 01:27:44,592 - DEBUG - PIL.PngImagePlugin - STREAM b'IHDR' 16 13
2026-09-10 01:27:44,592 - DEBUG - PIL.PngImagePlugin - STREAM b'IDAT' 41 65536
2026-09-10 01:27:44,595 - DEBUG - PIL.PngImagePlugin - STREAM b'IHDR' 16 13
2026-09-10 01:27:44,596 - DEBUG - PIL.PngImagePlugin - STREAM b'IDAT' 41 54958
2026-09-10 01:27:44,600 - DEBUG - PIL.PngImagePlugin - STREAM b'IHDR' 16 13
2026-09-10 01:27:44,600 - DEBUG - PIL.PngImagePlugin - STREAM b'IDAT' 41 54668
2026-09-10 01:27:44,603 - DEBUG - PIL.PngImagePlugin - STREAM b'IHDR' 16 13
2026-09-10 01:27:44,604 - DEBUG - PIL.PngImagePlugin - STREAM b'IDAT' 41 50455
2026-09-10 01:27:44,608 - DEBUG - PIL.PngImagePlugin - STREAM b'IHDR' 16 13
2026-09-10 01:27:44,608 - DEBUG - PIL.PngImagePlugin - STREAM b'IDAT' 41 49252
2026-09-10 01:27:44,612 - DEBUG - PIL.PngImagePlugin - STREAM b'IHDR' 16 13
2026-09-10 01:27:44,612 - DEBUG - PIL.PngImagePlugin - STREAM b'IDAT' 41 55682
2026-09-10 01:27:44,616 - DEBUG - PIL.PngImagePlugin - STREAM b'IHDR' 16 13
2026-09-10 01:27:44,616 - DEBUG - PIL.PngImagePlugin - STREAM b'IDAT' 41 57887
2026-09-10 01:27:44,619 - DEBUG - PIL.PngImagePlugin - STREAM b'IHDR' 16 13
2026-09-10 01:27:44,619 - DEBUG - PIL.PngImagePlugin - STREAM b'IDAT' 41 47281
2026-09-10 01:27:44,623 - DEBUG - PIL.PngImagePlugin - STREAM b'IHDR' 16 13
2026-09-10 01:27:44,623 - DEBUG - PIL.PngImagePlugin - STREAM b'IDAT' 41 56615
2026-09-10 01:27:44,628 - DEBUG - PIL.PngImagePlugin - STREAM b'IHDR' 16 13
2026-09-10 01:27:44,628 - DEBUG - PIL.PngImagePlugin - STREAM b'IDAT' 41 57598
2026-09-10 01:27:44,668 - DEBUG - PIL.PngImagePlugin - STREAM b'IHDR' 16 13
2026-09-10 01:27:44,668 - DEBUG - PIL.PngImagePlugin - STREAM b'IDAT' 41 62450
2026-09-10 01:27:48,584 - INFO - KGameTracker - ℹ️  ==================================================
2026-09-10 01:27:48,584 - INFO - KGameTracker - ℹ️  K GAME TRACKER - CERRADA
2026-09-10 01:27:48,584 - INFO - KGameTracker - ℹ️  ==================================================
2026-09-10 01:29:26,556 - INFO - KGameTracker - ℹ️  ==================================================
2026-09-10 01:29:26,556 - INFO - KGameTracker - ℹ️  K GAME TRACKER - INICIADA
2026-09-10 01:29:26,556 - INFO - KGameTracker - ℹ️  ==================================================
2026-09-10 01:29:26,719 - DEBUG - PIL.Image - Importing PngImagePlugin
2026-09-10 01:29:26,727 - DEBUG - PIL.PngImagePlugin - STREAM b'IHDR' 16 13
2026-09-10 01:29:26,727 - DEBUG - PIL.PngImagePlugin - STREAM b'IDAT' 41 65536
2026-09-10 01:29:31,708 - DEBUG - PIL.PngImagePlugin - STREAM b'IHDR' 16 13
2026-09-10 01:29:31,708 - DEBUG - PIL.PngImagePlugin - STREAM b'IDAT' 41 65536
2026-09-10 01:29:31,740 - DEBUG - PIL.PngImagePlugin - STREAM b'IHDR' 16 13
2026-09-10 01:29:31,740 - DEBUG - PIL.PngImagePlugin - STREAM b'IDAT' 41 53758
2026-09-10 01:29:31,746 - DEBUG - PIL.PngImagePlugin - STREAM b'IHDR' 16 13
2026-09-10 01:29:31,746 - DEBUG - PIL.PngImagePlugin - STREAM b'IDAT' 41 32768
2026-09-10 01:29:31,755 - DEBUG - PIL.PngImagePlugin - STREAM b'IHDR' 16 13
2026-09-10 01:29:31,755 - DEBUG - PIL.PngImagePlugin - STREAM b'IDAT' 41 65536
2026-09-10 01:29:31,758 - DEBUG - PIL.PngImagePlugin - STREAM b'IHDR' 16 13
2026-09-10 01:29:31,759 - DEBUG - PIL.PngImagePlugin - STREAM b'IDAT' 41 65536
2026-09-10 01:29:31,762 - DEBUG - PIL.PngImagePlugin - STREAM b'IHDR' 16 13
2026-09-10 01:29:31,762 - DEBUG - PIL.PngImagePlugin - STREAM b'IDAT' 41 54958
2026-09-10 01:29:31,767 - DEBUG - PIL.PngImagePlugin - STREAM b'IHDR' 16 13
2026-09-10 01:29:31,768 - DEBUG - PIL.PngImagePlugin - STREAM b'IDAT' 41 54668
2026-09-10 01:29:31,773 - DEBUG - PIL.PngImagePlugin - STREAM b'IHDR' 16 13
2026-09-10 01:29:31,773 - DEBUG - PIL.PngImagePlugin - STREAM b'IDAT' 41 50455
2026-09-10 01:29:31,777 - DEBUG - PIL.PngImagePlugin - STREAM b'IHDR' 16 13
2026-09-10 01:29:31,777 - DEBUG - PIL.PngImagePlugin - STREAM b'IDAT' 41 49252
2026-09-10 01:29:31,782 - DEBUG - PIL.PngImagePlugin - STREAM b'IHDR' 16 13
2026-09-10 01:29:31,783 - DEBUG - PIL.PngImagePlugin - STREAM b'IDAT' 41 55682
2026-09-10 01:29:31,788 - DEBUG - PIL.PngImagePlugin - STREAM b'IHDR' 16 13
2026-09-10 01:29:31,789 - DEBUG - PIL.PngImagePlugin - STREAM b'IDAT' 41 57887
2026-09-10 01:29:31,793 - DEBUG - PIL.PngImagePlugin - STREAM b'IHDR' 16 13
2026-09-10 01:29:31,793 - DEBUG - PIL.PngImagePlugin - STREAM b'IDAT' 41 47281
2026-09-10 01:29:31,799 - DEBUG - PIL.PngImagePlugin - STREAM b'IHDR' 16 13
2026-09-10 01:29:31,799 - DEBUG - PIL.PngImagePlugin - STREAM b'IDAT' 41 56615
2026-09-10 01:29:31,802 - DEBUG - PIL.PngImagePlugin - STREAM b'IHDR' 16 13
2026-09-10 01:29:31,803 - DEBUG - PIL.PngImagePlugin - STREAM b'IDAT' 41 57598
2026-09-10 01:29:31,847 - DEBUG - PIL.PngImagePlugin - STREAM b'IHDR' 16 13
2026-09-10 01:29:31,848 - DEBUG - PIL.PngImagePlugin - STREAM b'IDAT' 41 62450
2026-09-10 01:29:35,072 - INFO - KGameTracker - ℹ️  ==================================================
2026-09-10 01:29:35,072 - INFO - KGameTracker - ℹ️  K GAME TRACKER - CERRADA
2026-09-10 01:29:35,072 - INFO - KGameTracker - ℹ️  ==================================================
2026-09-10 01:31:27,069 - INFO - KGameTracker - ℹ️  ==================================================
2026-09-10 01:31:27,069 - INFO - KGameTracker - ℹ️  K GAME TRACKER - INICIADA
2026-09-10 01:31:27,069 - INFO - KGameTracker - ℹ️  ==================================================
2026-09-10 01:31:27,240 - DEBUG - PIL.Image - Importing PngImagePlugin
2026-09-10 01:31:27,249 - DEBUG - PIL.PngImagePlugin - STREAM b'IHDR' 16 13
2026-09-10 01:31:27,249 - DEBUG - PIL.PngImagePlugin - STREAM b'IDAT' 41 65536
2026-09-10 01:31:32,231 - DEBUG - PIL.PngImagePlugin - STREAM b'IHDR' 16 13
2026-09-10 01:31:32,231 - DEBUG - PIL.PngImagePlugin - STREAM b'IDAT' 41 65536
2026-09-10 01:31:32,263 - DEBUG - PIL.PngImagePlugin - STREAM b'IHDR' 16 13
2026-09-10 01:31:32,263 - DEBUG - PIL.PngImagePlugin - STREAM b'IDAT' 41 53758
2026-09-10 01:31:32,268 - DEBUG - PIL.PngImagePlugin - STREAM b'IHDR' 16 13
2026-09-10 01:31:32,268 - DEBUG - PIL.PngImagePlugin - STREAM b'IDAT' 41 32768
2026-09-10 01:31:32,274 - DEBUG - PIL.PngImagePlugin - STREAM b'IHDR' 16 13
2026-09-10 01:31:32,274 - DEBUG - PIL.PngImagePlugin - STREAM b'IDAT' 41 65536
2026-09-10 01:31:32,278 - DEBUG - PIL.PngImagePlugin - STREAM b'IHDR' 16 13
2026-09-10 01:31:32,279 - DEBUG - PIL.PngImagePlugin - STREAM b'IDAT' 41 65536
2026-09-10 01:31:32,282 - DEBUG - PIL.PngImagePlugin - STREAM b'IHDR' 16 13
2026-09-10 01:31:32,282 - DEBUG - PIL.PngImagePlugin - STREAM b'IDAT' 41 54958
2026-09-10 01:31:32,286 - DEBUG - PIL.PngImagePlugin - STREAM b'IHDR' 16 13
2026-09-10 01:31:32,287 - DEBUG - PIL.PngImagePlugin - STREAM b'IDAT' 41 54668
2026-09-10 01:31:32,290 - DEBUG - PIL.PngImagePlugin - STREAM b'IHDR' 16 13
2026-09-10 01:31:32,290 - DEBUG - PIL.PngImagePlugin - STREAM b'IDAT' 41 50455
2026-09-10 01:31:32,294 - DEBUG - PIL.PngImagePlugin - STREAM b'IHDR' 16 13
2026-09-10 01:31:32,295 - DEBUG - PIL.PngImagePlugin - STREAM b'IDAT' 41 49252
2026-09-10 01:31:32,298 - DEBUG - PIL.PngImagePlugin - STREAM b'IHDR' 16 13
2026-09-10 01:31:32,298 - DEBUG - PIL.PngImagePlugin - STREAM b'IDAT' 41 55682
2026-09-10 01:31:32,303 - DEBUG - PIL.PngImagePlugin - STREAM b'IHDR' 16 13
2026-09-10 01:31:32,303 - DEBUG - PIL.PngImagePlugin - STREAM b'IDAT' 41 57887
2026-09-10 01:31:32,306 - DEBUG - PIL.PngImagePlugin - STREAM b'IHDR' 16 13
2026-09-10 01:31:32,306 - DEBUG - PIL.PngImagePlugin - STREAM b'IDAT' 41 47281
2026-09-10 01:31:32,310 - DEBUG - PIL.PngImagePlugin - STREAM b'IHDR' 16 13
2026-09-10 01:31:32,311 - DEBUG - PIL.PngImagePlugin - STREAM b'IDAT' 41 56615
2026-09-10 01:31:32,314 - DEBUG - PIL.PngImagePlugin - STREAM b'IHDR' 16 13
2026-09-10 01:31:32,315 - DEBUG - PIL.PngImagePlugin - STREAM b'IDAT' 41 57598
2026-09-10 01:31:32,359 - DEBUG - PIL.PngImagePlugin - STREAM b'IHDR' 16 13
2026-09-10 01:31:32,360 - DEBUG - PIL.PngImagePlugin - STREAM b'IDAT' 41 62450
2026-09-10 01:33:37,706 - INFO - KGameTracker - ℹ️  ==================================================
2026-09-10 01:33:37,706 - INFO - KGameTracker - ℹ️  K GAME TRACKER - CERRADA
2026-09-10 01:33:37,706 - INFO - KGameTracker - ℹ️  ==================================================
2026-09-10 01:33:46,501 - INFO - KGameTracker - ℹ️  ==================================================
2026-09-10 01:33:46,501 - INFO - KGameTracker - ℹ️  K GAME TRACKER - INICIADA
2026-09-10 01:33:46,501 - INFO - KGameTracker - ℹ️  ==================================================
2026-09-10 01:33:46,719 - DEBUG - PIL.Image - Importing PngImagePlugin
2026-09-10 01:33:46,731 - DEBUG - PIL.PngImagePlugin - STREAM b'IHDR' 16 13
2026-09-10 01:33:46,731 - DEBUG - PIL.PngImagePlugin - STREAM b'IDAT' 41 65536
2026-09-10 01:33:51,777 - DEBUG - PIL.PngImagePlugin - STREAM b'IHDR' 16 13
2026-09-10 01:33:51,777 - DEBUG - PIL.PngImagePlugin - STREAM b'IDAT' 41 65536
2026-09-10 01:33:51,863 - DEBUG - PIL.PngImagePlugin - STREAM b'IHDR' 16 13
2026-09-10 01:33:51,863 - DEBUG - PIL.PngImagePlugin - STREAM b'IDAT' 41 53758
2026-09-10 01:33:51,872 - DEBUG - PIL.PngImagePlugin - STREAM b'IHDR' 16 13
2026-09-10 01:33:51,872 - DEBUG - PIL.PngImagePlugin - STREAM b'IDAT' 41 32768
2026-09-10 01:33:51,884 - DEBUG - PIL.PngImagePlugin - STREAM b'IHDR' 16 13
2026-09-10 01:33:51,884 - DEBUG - PIL.PngImagePlugin - STREAM b'IDAT' 41 65536
2026-09-10 01:33:51,892 - DEBUG - PIL.PngImagePlugin - STREAM b'IHDR' 16 13
2026-09-10 01:33:51,892 - DEBUG - PIL.PngImagePlugin - STREAM b'IDAT' 41 65536
2026-09-10 01:33:51,901 - DEBUG - PIL.PngImagePlugin - STREAM b'IHDR' 16 13
2026-09-10 01:33:51,901 - DEBUG - PIL.PngImagePlugin - STREAM b'IDAT' 41 54958
2026-09-10 01:33:51,912 - DEBUG - PIL.PngImagePlugin - STREAM b'IHDR' 16 13
2026-09-10 01:33:51,912 - DEBUG - PIL.PngImagePlugin - STREAM b'IDAT' 41 54668
2026-09-10 01:33:51,921 - DEBUG - PIL.PngImagePlugin - STREAM b'IHDR' 16 13
2026-09-10 01:33:51,921 - DEBUG - PIL.PngImagePlugin - STREAM b'IDAT' 41 50455
2026-09-10 01:33:51,930 - DEBUG - PIL.PngImagePlugin - STREAM b'IHDR' 16 13
2026-09-10 01:33:51,930 - DEBUG - PIL.PngImagePlugin - STREAM b'IDAT' 41 49252
2026-09-10 01:33:51,939 - DEBUG - PIL.PngImagePlugin - STREAM b'IHDR' 16 13
2026-09-10 01:33:51,940 - DEBUG - PIL.PngImagePlugin - STREAM b'IDAT' 41 55682
2026-09-10 01:33:51,959 - DEBUG - PIL.PngImagePlugin - STREAM b'IHDR' 16 13
2026-09-10 01:33:51,959 - DEBUG - PIL.PngImagePlugin - STREAM b'IDAT' 41 57887
2026-09-10 01:33:51,972 - DEBUG - PIL.PngImagePlugin - STREAM b'IHDR' 16 13
2026-09-10 01:33:51,972 - DEBUG - PIL.PngImagePlugin - STREAM b'IDAT' 41 47281
2026-09-10 01:33:51,983 - DEBUG - PIL.PngImagePlugin - STREAM b'IHDR' 16 13
2026-09-10 01:33:51,983 - DEBUG - PIL.PngImagePlugin - STREAM b'IDAT' 41 56615
2026-09-10 01:33:51,995 - DEBUG - PIL.PngImagePlugin - STREAM b'IHDR' 16 13
2026-09-10 01:33:51,995 - DEBUG - PIL.PngImagePlugin - STREAM b'IDAT' 41 57598
2026-09-10 01:33:52,042 - DEBUG - PIL.PngImagePlugin - STREAM b'IHDR' 16 13
2026-09-10 01:33:52,042 - DEBUG - PIL.PngImagePlugin - STREAM b'IDAT' 41 62450
2026-09-10 01:34:43,459 - INFO - KGameTracker - ℹ️  ==================================================
2026-09-10 01:34:43,459 - INFO - KGameTracker - ℹ️  K GAME TRACKER - CERRADA
2026-09-10 01:34:43,460 - INFO - KGameTracker - ℹ️  ==================================================
2026-09-10 01:34:57,795 - INFO - KGameTracker - ℹ️  ==================================================
2026-09-10 01:34:57,796 - INFO - KGameTracker - ℹ️  K GAME TRACKER - INICIADA
2026-09-10 01:34:57,796 - INFO - KGameTracker - ℹ️  ==================================================
2026-09-10 01:34:57,985 - DEBUG - PIL.Image - Importing PngImagePlugin
2026-09-10 01:34:57,996 - DEBUG - PIL.PngImagePlugin - STREAM b'IHDR' 16 13
2026-09-10 01:34:57,996 - DEBUG - PIL.PngImagePlugin - STREAM b'IDAT' 41 65536
2026-09-10 01:35:03,257 - DEBUG - PIL.PngImagePlugin - STREAM b'IHDR' 16 13
2026-09-10 01:35:03,257 - DEBUG - PIL.PngImagePlugin - STREAM b'IDAT' 41 65536
2026-09-10 01:35:03,291 - DEBUG - PIL.PngImagePlugin - STREAM b'IHDR' 16 13
2026-09-10 01:35:03,291 - DEBUG - PIL.PngImagePlugin - STREAM b'IDAT' 41 53758
2026-09-10 01:35:03,299 - DEBUG - PIL.PngImagePlugin - STREAM b'IHDR' 16 13
2026-09-10 01:35:03,299 - DEBUG - PIL.PngImagePlugin - STREAM b'IDAT' 41 32768
2026-09-10 01:35:03,307 - DEBUG - PIL.PngImagePlugin - STREAM b'IHDR' 16 13
2026-09-10 01:35:03,307 - DEBUG - PIL.PngImagePlugin - STREAM b'IDAT' 41 65536
2026-09-10 01:35:03,311 - DEBUG - PIL.PngImagePlugin - STREAM b'IHDR' 16 13
2026-09-10 01:35:03,311 - DEBUG - PIL.PngImagePlugin - STREAM b'IDAT' 41 65536
2026-09-10 01:35:03,316 - DEBUG - PIL.PngImagePlugin - STREAM b'IHDR' 16 13
2026-09-10 01:35:03,316 - DEBUG - PIL.PngImagePlugin - STREAM b'IDAT' 41 54958
2026-09-10 01:35:03,320 - DEBUG - PIL.PngImagePlugin - STREAM b'IHDR' 16 13
2026-09-10 01:35:03,320 - DEBUG - PIL.PngImagePlugin - STREAM b'IDAT' 41 54668
2026-09-10 01:35:03,326 - DEBUG - PIL.PngImagePlugin - STREAM b'IHDR' 16 13
2026-09-10 01:35:03,326 - DEBUG - PIL.PngImagePlugin - STREAM b'IDAT' 41 50455
2026-09-10 01:35:03,332 - DEBUG - PIL.PngImagePlugin - STREAM b'IHDR' 16 13
2026-09-10 01:35:03,332 - DEBUG - PIL.PngImagePlugin - STREAM b'IDAT' 41 49252
2026-09-10 01:35:03,336 - DEBUG - PIL.PngImagePlugin - STREAM b'IHDR' 16 13
2026-09-10 01:35:03,336 - DEBUG - PIL.PngImagePlugin - STREAM b'IDAT' 41 55682
2026-09-10 01:35:03,341 - DEBUG - PIL.PngImagePlugin - STREAM b'IHDR' 16 13
2026-09-10 01:35:03,341 - DEBUG - PIL.PngImagePlugin - STREAM b'IDAT' 41 57887
2026-09-10 01:35:03,346 - DEBUG - PIL.PngImagePlugin - STREAM b'IHDR' 16 13
2026-09-10 01:35:03,346 - DEBUG - PIL.PngImagePlugin - STREAM b'IDAT' 41 47281
2026-09-10 01:35:03,351 - DEBUG - PIL.PngImagePlugin - STREAM b'IHDR' 16 13
2026-09-10 01:35:03,351 - DEBUG - PIL.PngImagePlugin - STREAM b'IDAT' 41 56615
2026-09-10 01:35:03,355 - DEBUG - PIL.PngImagePlugin - STREAM b'IHDR' 16 13
2026-09-10 01:35:03,355 - DEBUG - PIL.PngImagePlugin - STREAM b'IDAT' 41 57598
2026-09-10 01:35:03,402 - DEBUG - PIL.PngImagePlugin - STREAM b'IHDR' 16 13
2026-09-10 01:35:03,402 - DEBUG - PIL.PngImagePlugin - STREAM b'IDAT' 41 62450
2026-09-10 01:35:54,358 - INFO - KGameTracker - ℹ️  ==================================================
2026-09-10 01:35:54,358 - INFO - KGameTracker - ℹ️  K GAME TRACKER - CERRADA
2026-09-10 01:35:54,358 - INFO - KGameTracker - ℹ️  ==================================================
2026-09-10 01:41:25,151 - INFO - KGameTracker - ℹ️  ==================================================
2026-09-10 01:41:25,152 - INFO - KGameTracker - ℹ️  K GAME TRACKER - INICIADA
2026-09-10 01:41:25,152 - INFO - KGameTracker - ℹ️  ==================================================
2026-09-10 01:41:25,309 - DEBUG - PIL.Image - Importing PngImagePlugin
2026-09-10 01:41:25,317 - DEBUG - PIL.PngImagePlugin - STREAM b'IHDR' 16 13
2026-09-10 01:41:25,317 - DEBUG - PIL.PngImagePlugin - STREAM b'IDAT' 41 65536
2026-09-10 01:41:30,238 - DEBUG - PIL.PngImagePlugin - STREAM b'IHDR' 16 13
2026-09-10 01:41:30,239 - DEBUG - PIL.PngImagePlugin - STREAM b'IDAT' 41 65536
2026-09-10 01:41:30,275 - DEBUG - PIL.PngImagePlugin - STREAM b'IHDR' 16 13
2026-09-10 01:41:30,275 - DEBUG - PIL.PngImagePlugin - STREAM b'IDAT' 41 53758
2026-09-10 01:41:30,280 - DEBUG - PIL.PngImagePlugin - STREAM b'IHDR' 16 13
2026-09-10 01:41:30,281 - DEBUG - PIL.PngImagePlugin - STREAM b'IDAT' 41 32768
2026-09-10 01:41:30,288 - DEBUG - PIL.PngImagePlugin - STREAM b'IHDR' 16 13
2026-09-10 01:41:30,289 - DEBUG - PIL.PngImagePlugin - STREAM b'IDAT' 41 65536
2026-09-10 01:41:30,293 - DEBUG - PIL.PngImagePlugin - STREAM b'IHDR' 16 13
2026-09-10 01:41:30,293 - DEBUG - PIL.PngImagePlugin - STREAM b'IDAT' 41 65536
2026-09-10 01:41:30,296 - DEBUG - PIL.PngImagePlugin - STREAM b'IHDR' 16 13
2026-09-10 01:41:30,297 - DEBUG - PIL.PngImagePlugin - STREAM b'IDAT' 41 54958
2026-09-10 01:41:30,301 - DEBUG - PIL.PngImagePlugin - STREAM b'IHDR' 16 13
2026-09-10 01:41:30,301 - DEBUG - PIL.PngImagePlugin - STREAM b'IDAT' 41 54668
2026-09-10 01:41:30,305 - DEBUG - PIL.PngImagePlugin - STREAM b'IHDR' 16 13
2026-09-10 01:41:30,305 - DEBUG - PIL.PngImagePlugin - STREAM b'IDAT' 41 50455
2026-09-10 01:41:30,310 - DEBUG - PIL.PngImagePlugin - STREAM b'IHDR' 16 13
2026-09-10 01:41:30,310 - DEBUG - PIL.PngImagePlugin - STREAM b'IDAT' 41 49252
2026-09-10 01:41:30,315 - DEBUG - PIL.PngImagePlugin - STREAM b'IHDR' 16 13
2026-09-10 01:41:30,315 - DEBUG - PIL.PngImagePlugin - STREAM b'IDAT' 41 55682
2026-09-10 01:41:30,328 - DEBUG - PIL.PngImagePlugin - STREAM b'IHDR' 16 13
2026-09-10 01:41:30,328 - DEBUG - PIL.PngImagePlugin - STREAM b'IDAT' 41 57887
2026-09-10 01:41:30,334 - DEBUG - PIL.PngImagePlugin - STREAM b'IHDR' 16 13
2026-09-10 01:41:30,334 - DEBUG - PIL.PngImagePlugin - STREAM b'IDAT' 41 47281
2026-09-10 01:41:30,342 - DEBUG - PIL.PngImagePlugin - STREAM b'IHDR' 16 13
2026-09-10 01:41:30,344 - DEBUG - PIL.PngImagePlugin - STREAM b'IDAT' 41 56615
2026-09-10 01:41:30,352 - DEBUG - PIL.PngImagePlugin - STREAM b'IHDR' 16 13
2026-09-10 01:41:30,352 - DEBUG - PIL.PngImagePlugin - STREAM b'IDAT' 41 57598
2026-09-10 01:41:30,404 - DEBUG - PIL.PngImagePlugin - STREAM b'IHDR' 16 13
2026-09-10 01:41:30,405 - DEBUG - PIL.PngImagePlugin - STREAM b'IDAT' 41 62450
2026-09-10 01:41:36,240 - INFO - KGameTracker - ℹ️  ==================================================
2026-09-10 01:41:36,240 - INFO - KGameTracker - ℹ️  K GAME TRACKER - CERRADA
2026-09-10 01:41:36,241 - INFO - KGameTracker - ℹ️  ==================================================
2026-09-10 01:41:49,785 - INFO - KGameTracker - ℹ️  ==================================================
2026-09-10 01:41:49,785 - INFO - KGameTracker - ℹ️  K GAME TRACKER - INICIADA
2026-09-10 01:41:49,785 - INFO - KGameTracker - ℹ️  ==================================================
2026-09-10 01:41:49,966 - DEBUG - PIL.Image - Importing PngImagePlugin
2026-09-10 01:41:49,978 - DEBUG - PIL.PngImagePlugin - STREAM b'IHDR' 16 13
2026-09-10 01:41:49,978 - DEBUG - PIL.PngImagePlugin - STREAM b'IDAT' 41 65536
2026-09-10 01:41:54,974 - DEBUG - PIL.PngImagePlugin - STREAM b'IHDR' 16 13
2026-09-10 01:41:54,974 - DEBUG - PIL.PngImagePlugin - STREAM b'IDAT' 41 65536
2026-09-10 01:41:55,008 - DEBUG - PIL.PngImagePlugin - STREAM b'IHDR' 16 13
2026-09-10 01:41:55,008 - DEBUG - PIL.PngImagePlugin - STREAM b'IDAT' 41 53758
2026-09-10 01:41:55,013 - DEBUG - PIL.PngImagePlugin - STREAM b'IHDR' 16 13
2026-09-10 01:41:55,013 - DEBUG - PIL.PngImagePlugin - STREAM b'IDAT' 41 32768
2026-09-10 01:41:55,020 - DEBUG - PIL.PngImagePlugin - STREAM b'IHDR' 16 13
2026-09-10 01:41:55,020 - DEBUG - PIL.PngImagePlugin - STREAM b'IDAT' 41 65536
2026-09-10 01:41:55,024 - DEBUG - PIL.PngImagePlugin - STREAM b'IHDR' 16 13
2026-09-10 01:41:55,024 - DEBUG - PIL.PngImagePlugin - STREAM b'IDAT' 41 65536
2026-09-10 01:41:55,027 - DEBUG - PIL.PngImagePlugin - STREAM b'IHDR' 16 13
2026-09-10 01:41:55,027 - DEBUG - PIL.PngImagePlugin - STREAM b'IDAT' 41 54958
2026-09-10 01:41:55,032 - DEBUG - PIL.PngImagePlugin - STREAM b'IHDR' 16 13
2026-09-10 01:41:55,033 - DEBUG - PIL.PngImagePlugin - STREAM b'IDAT' 41 54668
2026-09-10 01:41:55,036 - DEBUG - PIL.PngImagePlugin - STREAM b'IHDR' 16 13
2026-09-10 01:41:55,036 - DEBUG - PIL.PngImagePlugin - STREAM b'IDAT' 41 50455
2026-09-10 01:41:55,042 - DEBUG - PIL.PngImagePlugin - STREAM b'IHDR' 16 13
2026-09-10 01:41:55,043 - DEBUG - PIL.PngImagePlugin - STREAM b'IDAT' 41 49252
2026-09-10 01:41:55,046 - DEBUG - PIL.PngImagePlugin - STREAM b'IHDR' 16 13
2026-09-10 01:41:55,047 - DEBUG - PIL.PngImagePlugin - STREAM b'IDAT' 41 55682
2026-09-10 01:41:55,051 - DEBUG - PIL.PngImagePlugin - STREAM b'IHDR' 16 13
2026-09-10 01:41:55,052 - DEBUG - PIL.PngImagePlugin - STREAM b'IDAT' 41 57887
2026-09-10 01:41:55,055 - DEBUG - PIL.PngImagePlugin - STREAM b'IHDR' 16 13
2026-09-10 01:41:55,055 - DEBUG - PIL.PngImagePlugin - STREAM b'IDAT' 41 47281
2026-09-10 01:41:55,060 - DEBUG - PIL.PngImagePlugin - STREAM b'IHDR' 16 13
2026-09-10 01:41:55,060 - DEBUG - PIL.PngImagePlugin - STREAM b'IDAT' 41 56615
2026-09-10 01:41:55,065 - DEBUG - PIL.PngImagePlugin - STREAM b'IHDR' 16 13
2026-09-10 01:41:55,065 - DEBUG - PIL.PngImagePlugin - STREAM b'IDAT' 41 57598
2026-09-10 01:41:55,109 - DEBUG - PIL.PngImagePlugin - STREAM b'IHDR' 16 13
2026-09-10 01:41:55,109 - DEBUG - PIL.PngImagePlugin - STREAM b'IDAT' 41 62450
2026-09-10 01:41:59,592 - INFO - KGameTracker - ℹ️  ==================================================
2026-09-10 01:41:59,592 - INFO - KGameTracker - ℹ️  K GAME TRACKER - CERRADA
2026-09-10 01:41:59,593 - INFO - KGameTracker - ℹ️  ==================================================
2026-09-10 01:44:16,549 - INFO - KGameTracker - ℹ️  ==================================================
2026-09-10 01:44:16,550 - INFO - KGameTracker - ℹ️  K GAME TRACKER - INICIADA
2026-09-10 01:44:16,550 - INFO - KGameTracker - ℹ️  ==================================================
2026-09-10 01:44:16,711 - DEBUG - PIL.Image - Importing PngImagePlugin
2026-09-10 01:44:16,719 - DEBUG - PIL.PngImagePlugin - STREAM b'IHDR' 16 13
2026-09-10 01:44:16,719 - DEBUG - PIL.PngImagePlugin - STREAM b'IDAT' 41 65536
2026-09-10 01:44:21,663 - DEBUG - PIL.PngImagePlugin - STREAM b'IHDR' 16 13
2026-09-10 01:44:21,663 - DEBUG - PIL.PngImagePlugin - STREAM b'IDAT' 41 65536
2026-09-10 01:44:21,698 - DEBUG - PIL.PngImagePlugin - STREAM b'IHDR' 16 13
2026-09-10 01:44:21,698 - DEBUG - PIL.PngImagePlugin - STREAM b'IDAT' 41 53758
2026-09-10 01:44:21,704 - DEBUG - PIL.PngImagePlugin - STREAM b'IHDR' 16 13
2026-09-10 01:44:21,704 - DEBUG - PIL.PngImagePlugin - STREAM b'IDAT' 41 32768
2026-09-10 01:44:21,710 - DEBUG - PIL.PngImagePlugin - STREAM b'IHDR' 16 13
2026-09-10 01:44:21,711 - DEBUG - PIL.PngImagePlugin - STREAM b'IDAT' 41 65536
2026-09-10 01:44:21,714 - DEBUG - PIL.PngImagePlugin - STREAM b'IHDR' 16 13
2026-09-10 01:44:21,714 - DEBUG - PIL.PngImagePlugin - STREAM b'IDAT' 41 65536
2026-09-10 01:44:21,718 - DEBUG - PIL.PngImagePlugin - STREAM b'IHDR' 16 13
2026-09-10 01:44:21,718 - DEBUG - PIL.PngImagePlugin - STREAM b'IDAT' 41 54958
2026-09-10 01:44:21,722 - DEBUG - PIL.PngImagePlugin - STREAM b'IHDR' 16 13
2026-09-10 01:44:21,722 - DEBUG - PIL.PngImagePlugin - STREAM b'IDAT' 41 54668
2026-09-10 01:44:21,738 - DEBUG - PIL.PngImagePlugin - STREAM b'IHDR' 16 13
2026-09-10 01:44:21,740 - DEBUG - PIL.PngImagePlugin - STREAM b'IDAT' 41 50455
2026-09-10 01:44:21,757 - DEBUG - PIL.PngImagePlugin - STREAM b'IHDR' 16 13
2026-09-10 01:44:21,761 - DEBUG - PIL.PngImagePlugin - STREAM b'IDAT' 41 49252
2026-09-10 01:44:21,769 - DEBUG - PIL.PngImagePlugin - STREAM b'IHDR' 16 13
2026-09-10 01:44:21,770 - DEBUG - PIL.PngImagePlugin - STREAM b'IDAT' 41 55682
2026-09-10 01:44:21,776 - DEBUG - PIL.PngImagePlugin - STREAM b'IHDR' 16 13
2026-09-10 01:44:21,776 - DEBUG - PIL.PngImagePlugin - STREAM b'IDAT' 41 57887
2026-09-10 01:44:21,781 - DEBUG - PIL.PngImagePlugin - STREAM b'IHDR' 16 13
2026-09-10 01:44:21,782 - DEBUG - PIL.PngImagePlugin - STREAM b'IDAT' 41 47281
2026-09-10 01:44:21,790 - DEBUG - PIL.PngImagePlugin - STREAM b'IHDR' 16 13
2026-09-10 01:44:21,790 - DEBUG - PIL.PngImagePlugin - STREAM b'IDAT' 41 56615
2026-09-10 01:44:21,795 - DEBUG - PIL.PngImagePlugin - STREAM b'IHDR' 16 13
2026-09-10 01:44:21,796 - DEBUG - PIL.PngImagePlugin - STREAM b'IDAT' 41 57598
2026-09-10 01:44:21,845 - DEBUG - PIL.PngImagePlugin - STREAM b'IHDR' 16 13
2026-09-10 01:44:21,845 - DEBUG - PIL.PngImagePlugin - STREAM b'IDAT' 41 62450
2026-09-10 01:46:06,023 - INFO - KGameTracker - ℹ️  ==================================================
2026-09-10 01:46:06,024 - INFO - KGameTracker - ℹ️  K GAME TRACKER - CERRADA
2026-09-10 01:46:06,024 - INFO - KGameTracker - ℹ️  ==================================================
2026-09-10 01:47:03,939 - INFO - KGameTracker - ℹ️  ==================================================
2026-09-10 01:47:03,939 - INFO - KGameTracker - ℹ️  K GAME TRACKER - INICIADA
2026-09-10 01:47:03,940 - INFO - KGameTracker - ℹ️  ==================================================
2026-09-10 01:47:04,099 - DEBUG - PIL.Image - Importing PngImagePlugin
2026-09-10 01:47:04,112 - DEBUG - PIL.PngImagePlugin - STREAM b'IHDR' 16 13
2026-09-10 01:47:04,113 - DEBUG - PIL.PngImagePlugin - STREAM b'IDAT' 41 65536
2026-09-10 01:47:09,191 - DEBUG - PIL.PngImagePlugin - STREAM b'IHDR' 16 13
2026-09-10 01:47:09,191 - DEBUG - PIL.PngImagePlugin - STREAM b'IDAT' 41 65536
2026-09-10 01:47:09,222 - DEBUG - PIL.PngImagePlugin - STREAM b'IHDR' 16 13
2026-09-10 01:47:09,222 - DEBUG - PIL.PngImagePlugin - STREAM b'IDAT' 41 53758
2026-09-10 01:47:09,227 - DEBUG - PIL.PngImagePlugin - STREAM b'IHDR' 16 13
2026-09-10 01:47:09,227 - DEBUG - PIL.PngImagePlugin - STREAM b'IDAT' 41 32768
2026-09-10 01:47:09,233 - DEBUG - PIL.PngImagePlugin - STREAM b'IHDR' 16 13
2026-09-10 01:47:09,233 - DEBUG - PIL.PngImagePlugin - STREAM b'IDAT' 41 65536
2026-09-10 01:47:09,236 - DEBUG - PIL.PngImagePlugin - STREAM b'IHDR' 16 13
2026-09-10 01:47:09,237 - DEBUG - PIL.PngImagePlugin - STREAM b'IDAT' 41 65536
2026-09-10 01:47:09,240 - DEBUG - PIL.PngImagePlugin - STREAM b'IHDR' 16 13
2026-09-10 01:47:09,240 - DEBUG - PIL.PngImagePlugin - STREAM b'IDAT' 41 54958
2026-09-10 01:47:09,244 - DEBUG - PIL.PngImagePlugin - STREAM b'IHDR' 16 13
2026-09-10 01:47:09,244 - DEBUG - PIL.PngImagePlugin - STREAM b'IDAT' 41 54668
2026-09-10 01:47:09,248 - DEBUG - PIL.PngImagePlugin - STREAM b'IHDR' 16 13
2026-09-10 01:47:09,248 - DEBUG - PIL.PngImagePlugin - STREAM b'IDAT' 41 50455
2026-09-10 01:47:09,252 - DEBUG - PIL.PngImagePlugin - STREAM b'IHDR' 16 13
2026-09-10 01:47:09,252 - DEBUG - PIL.PngImagePlugin - STREAM b'IDAT' 41 49252
2026-09-10 01:47:09,256 - DEBUG - PIL.PngImagePlugin - STREAM b'IHDR' 16 13
2026-09-10 01:47:09,256 - DEBUG - PIL.PngImagePlugin - STREAM b'IDAT' 41 55682
2026-09-10 01:47:09,260 - DEBUG - PIL.PngImagePlugin - STREAM b'IHDR' 16 13
2026-09-10 01:47:09,260 - DEBUG - PIL.PngImagePlugin - STREAM b'IDAT' 41 57887
2026-09-10 01:47:09,263 - DEBUG - PIL.PngImagePlugin - STREAM b'IHDR' 16 13
2026-09-10 01:47:09,263 - DEBUG - PIL.PngImagePlugin - STREAM b'IDAT' 41 47281
2026-09-10 01:47:09,267 - DEBUG - PIL.PngImagePlugin - STREAM b'IHDR' 16 13
2026-09-10 01:47:09,268 - DEBUG - PIL.PngImagePlugin - STREAM b'IDAT' 41 56615
2026-09-10 01:47:09,271 - DEBUG - PIL.PngImagePlugin - STREAM b'IHDR' 16 13
2026-09-10 01:47:09,272 - DEBUG - PIL.PngImagePlugin - STREAM b'IDAT' 41 57598
2026-09-10 01:47:09,294 - DEBUG - PIL.PngImagePlugin - STREAM b'IHDR' 16 13
2026-09-10 01:47:09,294 - DEBUG - PIL.PngImagePlugin - STREAM b'IDAT' 41 62450
2026-09-10 01:47:48,213 - DEBUG - urllib3.connectionpool - Starting new HTTPS connection (1): www.gamerpower.com:443
2026-09-10 01:47:48,685 - DEBUG - urllib3.connectionpool - https://www.gamerpower.com:443 "GET /api/giveaways?type=game HTTP/1.1" 200 None
2026-09-10 01:47:51,051 - DEBUG - PIL.PngImagePlugin - STREAM b'IHDR' 16 13
2026-09-10 01:47:51,051 - DEBUG - PIL.PngImagePlugin - STREAM b'IDAT' 41 28109
2026-09-10 01:47:51,079 - DEBUG - PIL.PngImagePlugin - STREAM b'IHDR' 16 13
2026-09-10 01:47:51,080 - DEBUG - PIL.PngImagePlugin - STREAM b'IDAT' 41 54256
2026-09-10 01:47:51,704 - DEBUG - PIL.PngImagePlugin - STREAM b'IHDR' 16 13
2026-09-10 01:47:51,704 - DEBUG - PIL.PngImagePlugin - STREAM b'IDAT' 41 39888
2026-09-10 01:47:51,708 - DEBUG - PIL.PngImagePlugin - STREAM b'IHDR' 16 13
2026-09-10 01:47:51,708 - DEBUG - PIL.PngImagePlugin - STREAM b'IDAT' 41 54256
2026-09-10 01:47:52,179 - DEBUG - PIL.PngImagePlugin - STREAM b'IHDR' 16 13
2026-09-10 01:47:52,179 - DEBUG - PIL.PngImagePlugin - STREAM b'IDAT' 41 27080
2026-09-10 01:47:52,182 - DEBUG - PIL.PngImagePlugin - STREAM b'IHDR' 16 13
2026-09-10 01:47:52,182 - DEBUG - PIL.PngImagePlugin - STREAM b'IDAT' 41 54256
2026-09-10 01:47:53,077 - DEBUG - PIL.PngImagePlugin - STREAM b'IHDR' 16 13
2026-09-10 01:47:53,078 - DEBUG - PIL.PngImagePlugin - STREAM b'IDAT' 41 25974
2026-09-10 01:47:53,080 - DEBUG - PIL.PngImagePlugin - STREAM b'IHDR' 16 13
2026-09-10 01:47:53,081 - DEBUG - PIL.PngImagePlugin - STREAM b'IDAT' 41 54256
2026-09-10 01:47:53,094 - DEBUG - PIL.PngImagePlugin - STREAM b'IHDR' 16 13
2026-09-10 01:47:53,094 - DEBUG - PIL.PngImagePlugin - STREAM b'IDAT' 41 34708
2026-09-10 01:47:53,097 - DEBUG - PIL.PngImagePlugin - STREAM b'IHDR' 16 13
2026-09-10 01:47:53,097 - DEBUG - PIL.PngImagePlugin - STREAM b'IDAT' 41 54256
2026-09-10 01:47:53,109 - DEBUG - PIL.PngImagePlugin - STREAM b'IHDR' 16 13
2026-09-10 01:47:53,109 - DEBUG - PIL.PngImagePlugin - STREAM b'IDAT' 41 18362
2026-09-10 01:47:53,112 - DEBUG - PIL.PngImagePlugin - STREAM b'IHDR' 16 13
2026-09-10 01:47:53,112 - DEBUG - PIL.PngImagePlugin - STREAM b'IDAT' 41 54256
2026-09-10 01:47:53,126 - DEBUG - PIL.PngImagePlugin - STREAM b'IHDR' 16 13
2026-09-10 01:47:53,126 - DEBUG - PIL.PngImagePlugin - STREAM b'IDAT' 41 29049
2026-09-10 01:47:53,128 - DEBUG - PIL.PngImagePlugin - STREAM b'IHDR' 16 13
2026-09-10 01:47:53,129 - DEBUG - PIL.PngImagePlugin - STREAM b'IDAT' 41 54256
2026-09-10 01:47:53,141 - DEBUG - PIL.PngImagePlugin - STREAM b'IHDR' 16 13
2026-09-10 01:47:53,141 - DEBUG - PIL.PngImagePlugin - STREAM b'IDAT' 41 28605
2026-09-10 01:47:53,144 - DEBUG - PIL.PngImagePlugin - STREAM b'IHDR' 16 13
2026-09-10 01:47:53,144 - DEBUG - PIL.PngImagePlugin - STREAM b'IDAT' 41 54256
2026-09-10 01:47:53,156 - DEBUG - PIL.PngImagePlugin - STREAM b'IHDR' 16 13
2026-09-10 01:47:53,156 - DEBUG - PIL.PngImagePlugin - STREAM b'IDAT' 41 42457
2026-09-10 01:47:53,159 - DEBUG - PIL.PngImagePlugin - STREAM b'IHDR' 16 13
2026-09-10 01:47:53,160 - DEBUG - PIL.PngImagePlugin - STREAM b'IDAT' 41 54256
2026-09-10 01:47:56,420 - INFO - KGameTracker - ℹ️  ==================================================
2026-09-10 01:47:56,421 - INFO - KGameTracker - ℹ️  K GAME TRACKER - CERRADA
2026-09-10 01:47:56,421 - INFO - KGameTracker - ℹ️  ==================================================
2026-09-10 01:50:51,169 - INFO - KGameTracker - ℹ️  ==================================================
2026-09-10 01:50:51,169 - INFO - KGameTracker - ℹ️  K GAME TRACKER - INICIADA
2026-09-10 01:50:51,169 - INFO - KGameTracker - ℹ️  ==================================================
2026-09-10 01:50:51,340 - DEBUG - PIL.Image - Importing PngImagePlugin
2026-09-10 01:50:51,354 - DEBUG - PIL.PngImagePlugin - STREAM b'IHDR' 16 13
2026-09-10 01:50:51,355 - DEBUG - PIL.PngImagePlugin - STREAM b'IDAT' 41 65536
2026-09-10 01:50:56,370 - DEBUG - PIL.PngImagePlugin - STREAM b'IHDR' 16 13
2026-09-10 01:50:56,370 - DEBUG - PIL.PngImagePlugin - STREAM b'IDAT' 41 65536
2026-09-10 01:50:56,413 - DEBUG - PIL.PngImagePlugin - STREAM b'IHDR' 16 13
2026-09-10 01:50:56,413 - DEBUG - PIL.PngImagePlugin - STREAM b'IDAT' 41 53758
2026-09-10 01:50:56,416 - DEBUG - PIL.PngImagePlugin - STREAM b'IHDR' 16 13
2026-09-10 01:50:56,416 - DEBUG - PIL.PngImagePlugin - STREAM b'IDAT' 41 32768
2026-09-10 01:50:56,423 - DEBUG - PIL.PngImagePlugin - STREAM b'IHDR' 16 13
2026-09-10 01:50:56,423 - DEBUG - PIL.PngImagePlugin - STREAM b'IDAT' 41 65536
2026-09-10 01:50:56,426 - DEBUG - PIL.PngImagePlugin - STREAM b'IHDR' 16 13
2026-09-10 01:50:56,426 - DEBUG - PIL.PngImagePlugin - STREAM b'IDAT' 41 65536
2026-09-10 01:50:56,430 - DEBUG - PIL.PngImagePlugin - STREAM b'IHDR' 16 13
2026-09-10 01:50:56,430 - DEBUG - PIL.PngImagePlugin - STREAM b'IDAT' 41 54958
2026-09-10 01:50:56,434 - DEBUG - PIL.PngImagePlugin - STREAM b'IHDR' 16 13
2026-09-10 01:50:56,434 - DEBUG - PIL.PngImagePlugin - STREAM b'IDAT' 41 54668
2026-09-10 01:50:56,439 - DEBUG - PIL.PngImagePlugin - STREAM b'IHDR' 16 13
2026-09-10 01:50:56,439 - DEBUG - PIL.PngImagePlugin - STREAM b'IDAT' 41 50455
2026-09-10 01:50:56,443 - DEBUG - PIL.PngImagePlugin - STREAM b'IHDR' 16 13
2026-09-10 01:50:56,443 - DEBUG - PIL.PngImagePlugin - STREAM b'IDAT' 41 49252
2026-09-10 01:50:56,447 - DEBUG - PIL.PngImagePlugin - STREAM b'IHDR' 16 13
2026-09-10 01:50:56,448 - DEBUG - PIL.PngImagePlugin - STREAM b'IDAT' 41 55682
2026-09-10 01:50:56,452 - DEBUG - PIL.PngImagePlugin - STREAM b'IHDR' 16 13
2026-09-10 01:50:56,452 - DEBUG - PIL.PngImagePlugin - STREAM b'IDAT' 41 57887
2026-09-10 01:50:56,455 - DEBUG - PIL.PngImagePlugin - STREAM b'IHDR' 16 13
2026-09-10 01:50:56,455 - DEBUG - PIL.PngImagePlugin - STREAM b'IDAT' 41 47281
2026-09-10 01:50:56,459 - DEBUG - PIL.PngImagePlugin - STREAM b'IHDR' 16 13
2026-09-10 01:50:56,459 - DEBUG - PIL.PngImagePlugin - STREAM b'IDAT' 41 56615
2026-09-10 01:50:56,463 - DEBUG - PIL.PngImagePlugin - STREAM b'IHDR' 16 13
2026-09-10 01:50:56,463 - DEBUG - PIL.PngImagePlugin - STREAM b'IDAT' 41 57598
2026-09-10 01:50:56,486 - DEBUG - PIL.PngImagePlugin - STREAM b'IHDR' 16 13
2026-09-10 01:50:56,486 - DEBUG - PIL.PngImagePlugin - STREAM b'IDAT' 41 62450
2026-09-10 01:51:08,404 - DEBUG - PIL.PngImagePlugin - STREAM b'IHDR' 16 13
2026-09-10 01:51:08,405 - DEBUG - PIL.PngImagePlugin - STREAM b'IDAT' 41 65536
2026-09-10 01:51:08,432 - DEBUG - PIL.PngImagePlugin - STREAM b'IHDR' 16 13
2026-09-10 01:51:08,432 - DEBUG - PIL.PngImagePlugin - STREAM b'IDAT' 41 53758
2026-09-10 01:51:08,437 - DEBUG - PIL.PngImagePlugin - STREAM b'IHDR' 16 13
2026-09-10 01:51:08,437 - DEBUG - PIL.PngImagePlugin - STREAM b'IDAT' 41 32768
2026-09-10 01:51:08,443 - DEBUG - PIL.PngImagePlugin - STREAM b'IHDR' 16 13
2026-09-10 01:51:08,443 - DEBUG - PIL.PngImagePlugin - STREAM b'IDAT' 41 65536
2026-09-10 01:51:08,495 - DEBUG - PIL.PngImagePlugin - STREAM b'IHDR' 16 13
2026-09-10 01:51:08,495 - DEBUG - PIL.PngImagePlugin - STREAM b'IDAT' 41 58612
2026-09-10 01:51:08,498 - DEBUG - PIL.PngImagePlugin - STREAM b'IHDR' 16 13
2026-09-10 01:51:08,498 - DEBUG - PIL.PngImagePlugin - STREAM b'IDAT' 41 54958
2026-09-10 01:51:08,501 - DEBUG - PIL.PngImagePlugin - STREAM b'IHDR' 16 13
2026-09-10 01:51:08,502 - DEBUG - PIL.PngImagePlugin - STREAM b'IDAT' 41 54668
2026-09-10 01:51:08,506 - DEBUG - PIL.PngImagePlugin - STREAM b'IHDR' 16 13
2026-09-10 01:51:08,506 - DEBUG - PIL.PngImagePlugin - STREAM b'IDAT' 41 50455
2026-09-10 01:51:08,509 - DEBUG - PIL.PngImagePlugin - STREAM b'IHDR' 16 13
2026-09-10 01:51:08,510 - DEBUG - PIL.PngImagePlugin - STREAM b'IDAT' 41 49252
2026-09-10 01:51:08,513 - DEBUG - PIL.PngImagePlugin - STREAM b'IHDR' 16 13
2026-09-10 01:51:08,514 - DEBUG - PIL.PngImagePlugin - STREAM b'IDAT' 41 55682
2026-09-10 01:51:08,517 - DEBUG - PIL.PngImagePlugin - STREAM b'IHDR' 16 13
2026-09-10 01:51:08,517 - DEBUG - PIL.PngImagePlugin - STREAM b'IDAT' 41 57887
2026-09-10 01:51:08,521 - DEBUG - PIL.PngImagePlugin - STREAM b'IHDR' 16 13
2026-09-10 01:51:08,522 - DEBUG - PIL.PngImagePlugin - STREAM b'IDAT' 41 47281
2026-09-10 01:51:08,525 - DEBUG - PIL.PngImagePlugin - STREAM b'IHDR' 16 13
2026-09-10 01:51:08,525 - DEBUG - PIL.PngImagePlugin - STREAM b'IDAT' 41 56615
2026-09-10 01:51:08,529 - DEBUG - PIL.PngImagePlugin - STREAM b'IHDR' 16 13
2026-09-10 01:51:08,529 - DEBUG - PIL.PngImagePlugin - STREAM b'IDAT' 41 57598
2026-09-10 01:51:08,540 - DEBUG - PIL.PngImagePlugin - STREAM b'IHDR' 16 13
2026-09-10 01:51:08,540 - DEBUG - PIL.PngImagePlugin - STREAM b'IDAT' 41 62450
2026-09-10 01:51:08,543 - DEBUG - PIL.PngImagePlugin - STREAM b'IHDR' 16 13
2026-09-10 01:51:08,543 - DEBUG - PIL.PngImagePlugin - STREAM b'IDAT' 41 65536
2026-09-10 01:51:08,956 - DEBUG - PIL.PngImagePlugin - STREAM b'IHDR' 16 13
2026-09-10 01:51:08,956 - DEBUG - PIL.PngImagePlugin - STREAM b'IDAT' 41 65536
2026-09-10 01:51:08,981 - DEBUG - PIL.PngImagePlugin - STREAM b'IHDR' 16 13
2026-09-10 01:51:08,981 - DEBUG - PIL.PngImagePlugin - STREAM b'IDAT' 41 53758
2026-09-10 01:51:08,984 - DEBUG - PIL.PngImagePlugin - STREAM b'IHDR' 16 13
2026-09-10 01:51:08,984 - DEBUG - PIL.PngImagePlugin - STREAM b'IDAT' 41 32768
2026-09-10 01:51:08,992 - DEBUG - PIL.PngImagePlugin - STREAM b'IHDR' 16 13
2026-09-10 01:51:08,992 - DEBUG - PIL.PngImagePlugin - STREAM b'IDAT' 41 65536
2026-09-10 01:51:08,996 - DEBUG - PIL.PngImagePlugin - STREAM b'IHDR' 16 13
2026-09-10 01:51:08,996 - DEBUG - PIL.PngImagePlugin - STREAM b'IDAT' 41 65536
2026-09-10 01:51:08,999 - DEBUG - PIL.PngImagePlugin - STREAM b'IHDR' 16 13
2026-09-10 01:51:08,999 - DEBUG - PIL.PngImagePlugin - STREAM b'IDAT' 41 54958
2026-09-10 01:51:09,003 - DEBUG - PIL.PngImagePlugin - STREAM b'IHDR' 16 13
2026-09-10 01:51:09,004 - DEBUG - PIL.PngImagePlugin - STREAM b'IDAT' 41 54668
2026-09-10 01:51:09,008 - DEBUG - PIL.PngImagePlugin - STREAM b'IHDR' 16 13
2026-09-10 01:51:09,008 - DEBUG - PIL.PngImagePlugin - STREAM b'IDAT' 41 50455
2026-09-10 01:51:09,012 - DEBUG - PIL.PngImagePlugin - STREAM b'IHDR' 16 13
2026-09-10 01:51:09,013 - DEBUG - PIL.PngImagePlugin - STREAM b'IDAT' 41 49252
2026-09-10 01:51:09,016 - DEBUG - PIL.PngImagePlugin - STREAM b'IHDR' 16 13
2026-09-10 01:51:09,016 - DEBUG - PIL.PngImagePlugin - STREAM b'IDAT' 41 55682
2026-09-10 01:51:09,021 - DEBUG - PIL.PngImagePlugin - STREAM b'IHDR' 16 13
2026-09-10 01:51:09,021 - DEBUG - PIL.PngImagePlugin - STREAM b'IDAT' 41 57887
2026-09-10 01:51:09,024 - DEBUG - PIL.PngImagePlugin - STREAM b'IHDR' 16 13
2026-09-10 01:51:09,024 - DEBUG - PIL.PngImagePlugin - STREAM b'IDAT' 41 47281
2026-09-10 01:51:09,028 - DEBUG - PIL.PngImagePlugin - STREAM b'IHDR' 16 13
2026-09-10 01:51:09,028 - DEBUG - PIL.PngImagePlugin - STREAM b'IDAT' 41 56615
2026-09-10 01:51:09,032 - DEBUG - PIL.PngImagePlugin - STREAM b'IHDR' 16 13
2026-09-10 01:51:09,032 - DEBUG - PIL.PngImagePlugin - STREAM b'IDAT' 41 57598
2026-09-10 01:51:09,042 - DEBUG - PIL.PngImagePlugin - STREAM b'IHDR' 16 13
2026-09-10 01:51:09,043 - DEBUG - PIL.PngImagePlugin - STREAM b'IDAT' 41 62450
2026-09-10 01:51:09,046 - DEBUG - PIL.PngImagePlugin - STREAM b'IHDR' 16 13
2026-09-10 01:51:09,046 - DEBUG - PIL.PngImagePlugin - STREAM b'IDAT' 41 58612
2026-09-10 01:52:25,892 - INFO - KGameTracker - ℹ️  ==================================================
2026-09-10 01:52:25,892 - INFO - KGameTracker - ℹ️  K GAME TRACKER - CERRADA
2026-09-10 01:52:25,892 - INFO - KGameTracker - ℹ️  ==================================================
2026-09-10 01:55:22,211 - INFO - KGameTracker - ℹ️  ==================================================
2026-09-10 01:55:22,211 - INFO - KGameTracker - ℹ️  K GAME TRACKER - INICIADA
2026-09-10 01:55:22,211 - INFO - KGameTracker - ℹ️  ==================================================
2026-09-10 01:55:22,388 - DEBUG - PIL.Image - Importing PngImagePlugin
2026-09-10 01:55:22,401 - DEBUG - PIL.PngImagePlugin - STREAM b'IHDR' 16 13
2026-09-10 01:55:22,402 - DEBUG - PIL.PngImagePlugin - STREAM b'IDAT' 41 65536
2026-09-10 01:55:27,546 - DEBUG - PIL.PngImagePlugin - STREAM b'IHDR' 16 13
2026-09-10 01:55:27,547 - DEBUG - PIL.PngImagePlugin - STREAM b'IDAT' 41 65536
2026-09-10 01:55:27,580 - DEBUG - PIL.PngImagePlugin - STREAM b'IHDR' 16 13
2026-09-10 01:55:27,580 - DEBUG - PIL.PngImagePlugin - STREAM b'IDAT' 41 53758
2026-09-10 01:55:27,584 - DEBUG - PIL.PngImagePlugin - STREAM b'IHDR' 16 13
2026-09-10 01:55:27,584 - DEBUG - PIL.PngImagePlugin - STREAM b'IDAT' 41 32768
2026-09-10 01:55:27,591 - DEBUG - PIL.PngImagePlugin - STREAM b'IHDR' 16 13
2026-09-10 01:55:27,591 - DEBUG - PIL.PngImagePlugin - STREAM b'IDAT' 41 65536
2026-09-10 01:55:27,594 - DEBUG - PIL.PngImagePlugin - STREAM b'IHDR' 16 13
2026-09-10 01:55:27,594 - DEBUG - PIL.PngImagePlugin - STREAM b'IDAT' 41 65536
2026-09-10 01:55:27,598 - DEBUG - PIL.PngImagePlugin - STREAM b'IHDR' 16 13
2026-09-10 01:55:27,598 - DEBUG - PIL.PngImagePlugin - STREAM b'IDAT' 41 54958
2026-09-10 01:55:27,602 - DEBUG - PIL.PngImagePlugin - STREAM b'IHDR' 16 13
2026-09-10 01:55:27,602 - DEBUG - PIL.PngImagePlugin - STREAM b'IDAT' 41 54668
2026-09-10 01:55:27,606 - DEBUG - PIL.PngImagePlugin - STREAM b'IHDR' 16 13
2026-09-10 01:55:27,607 - DEBUG - PIL.PngImagePlugin - STREAM b'IDAT' 41 50455
2026-09-10 01:55:27,611 - DEBUG - PIL.PngImagePlugin - STREAM b'IHDR' 16 13
2026-09-10 01:55:27,611 - DEBUG - PIL.PngImagePlugin - STREAM b'IDAT' 41 49252
2026-09-10 01:55:27,615 - DEBUG - PIL.PngImagePlugin - STREAM b'IHDR' 16 13
2026-09-10 01:55:27,616 - DEBUG - PIL.PngImagePlugin - STREAM b'IDAT' 41 55682
2026-09-10 01:55:27,620 - DEBUG - PIL.PngImagePlugin - STREAM b'IHDR' 16 13
2026-09-10 01:55:27,620 - DEBUG - PIL.PngImagePlugin - STREAM b'IDAT' 41 57887
2026-09-10 01:55:27,624 - DEBUG - PIL.PngImagePlugin - STREAM b'IHDR' 16 13
2026-09-10 01:55:27,624 - DEBUG - PIL.PngImagePlugin - STREAM b'IDAT' 41 47281
2026-09-10 01:55:27,628 - DEBUG - PIL.PngImagePlugin - STREAM b'IHDR' 16 13
2026-09-10 01:55:27,628 - DEBUG - PIL.PngImagePlugin - STREAM b'IDAT' 41 56615
2026-09-10 01:55:27,633 - DEBUG - PIL.PngImagePlugin - STREAM b'IHDR' 16 13
2026-09-10 01:55:27,633 - DEBUG - PIL.PngImagePlugin - STREAM b'IDAT' 41 57598
2026-09-10 01:55:27,678 - DEBUG - PIL.PngImagePlugin - STREAM b'IHDR' 16 13
2026-09-10 01:55:27,678 - DEBUG - PIL.PngImagePlugin - STREAM b'IDAT' 41 62450
2026-09-10 01:55:29,426 - INFO - KGameTracker - ℹ️  ==================================================
2026-09-10 01:55:29,426 - INFO - KGameTracker - ℹ️  K GAME TRACKER - CERRADA
2026-09-10 01:55:29,426 - INFO - KGameTracker - ℹ️  ==================================================
2026-09-10 01:56:00,641 - INFO - KGameTracker - ℹ️  ==================================================
2026-09-10 01:56:00,641 - INFO - KGameTracker - ℹ️  K GAME TRACKER - INICIADA
2026-09-10 01:56:00,641 - INFO - KGameTracker - ℹ️  ==================================================
2026-09-10 01:56:00,797 - DEBUG - PIL.Image - Importing PngImagePlugin
2026-09-10 01:56:00,806 - DEBUG - PIL.PngImagePlugin - STREAM b'IHDR' 16 13
2026-09-10 01:56:00,807 - DEBUG - PIL.PngImagePlugin - STREAM b'IDAT' 41 65536
2026-09-10 01:56:05,797 - DEBUG - PIL.PngImagePlugin - STREAM b'IHDR' 16 13
2026-09-10 01:56:05,797 - DEBUG - PIL.PngImagePlugin - STREAM b'IDAT' 41 65536
2026-09-10 01:56:05,830 - DEBUG - PIL.PngImagePlugin - STREAM b'IHDR' 16 13
2026-09-10 01:56:05,831 - DEBUG - PIL.PngImagePlugin - STREAM b'IDAT' 41 53758
2026-09-10 01:56:05,834 - DEBUG - PIL.PngImagePlugin - STREAM b'IHDR' 16 13
2026-09-10 01:56:05,834 - DEBUG - PIL.PngImagePlugin - STREAM b'IDAT' 41 32768
2026-09-10 01:56:05,840 - DEBUG - PIL.PngImagePlugin - STREAM b'IHDR' 16 13
2026-09-10 01:56:05,841 - DEBUG - PIL.PngImagePlugin - STREAM b'IDAT' 41 65536
2026-09-10 01:56:05,844 - DEBUG - PIL.PngImagePlugin - STREAM b'IHDR' 16 13
2026-09-10 01:56:05,844 - DEBUG - PIL.PngImagePlugin - STREAM b'IDAT' 41 65536
2026-09-10 01:56:05,847 - DEBUG - PIL.PngImagePlugin - STREAM b'IHDR' 16 13
2026-09-10 01:56:05,848 - DEBUG - PIL.PngImagePlugin - STREAM b'IDAT' 41 54958
2026-09-10 01:56:05,851 - DEBUG - PIL.PngImagePlugin - STREAM b'IHDR' 16 13
2026-09-10 01:56:05,852 - DEBUG - PIL.PngImagePlugin - STREAM b'IDAT' 41 54668
2026-09-10 01:56:05,856 - DEBUG - PIL.PngImagePlugin - STREAM b'IHDR' 16 13
2026-09-10 01:56:05,856 - DEBUG - PIL.PngImagePlugin - STREAM b'IDAT' 41 50455
2026-09-10 01:56:05,862 - DEBUG - PIL.PngImagePlugin - STREAM b'IHDR' 16 13
2026-09-10 01:56:05,862 - DEBUG - PIL.PngImagePlugin - STREAM b'IDAT' 41 49252
2026-09-10 01:56:05,867 - DEBUG - PIL.PngImagePlugin - STREAM b'IHDR' 16 13
2026-09-10 01:56:05,867 - DEBUG - PIL.PngImagePlugin - STREAM b'IDAT' 41 55682
2026-09-10 01:56:05,872 - DEBUG - PIL.PngImagePlugin - STREAM b'IHDR' 16 13
2026-09-10 01:56:05,872 - DEBUG - PIL.PngImagePlugin - STREAM b'IDAT' 41 57887
2026-09-10 01:56:05,876 - DEBUG - PIL.PngImagePlugin - STREAM b'IHDR' 16 13
2026-09-10 01:56:05,876 - DEBUG - PIL.PngImagePlugin - STREAM b'IDAT' 41 47281
2026-09-10 01:56:05,880 - DEBUG - PIL.PngImagePlugin - STREAM b'IHDR' 16 13
2026-09-10 01:56:05,881 - DEBUG - PIL.PngImagePlugin - STREAM b'IDAT' 41 56615
2026-09-10 01:56:05,885 - DEBUG - PIL.PngImagePlugin - STREAM b'IHDR' 16 13
2026-09-10 01:56:05,885 - DEBUG - PIL.PngImagePlugin - STREAM b'IDAT' 41 57598
2026-09-10 01:56:05,909 - DEBUG - PIL.PngImagePlugin - STREAM b'IHDR' 16 13
2026-09-10 01:56:05,909 - DEBUG - PIL.PngImagePlugin - STREAM b'IDAT' 41 62450
2026-09-10 01:56:07,350 - INFO - KGameTracker - ℹ️  ==================================================
2026-09-10 01:56:07,350 - INFO - KGameTracker - ℹ️  K GAME TRACKER - CERRADA
2026-09-10 01:56:07,351 - INFO - KGameTracker - ℹ️  ==================================================
2026-09-10 01:56:24,548 - INFO - KGameTracker - ℹ️  ==================================================
2026-09-10 01:56:24,548 - INFO - KGameTracker - ℹ️  K GAME TRACKER - INICIADA
2026-09-10 01:56:24,548 - INFO - KGameTracker - ℹ️  ==================================================
2026-09-10 01:56:24,711 - DEBUG - PIL.Image - Importing PngImagePlugin
2026-09-10 01:56:24,721 - DEBUG - PIL.PngImagePlugin - STREAM b'IHDR' 16 13
2026-09-10 01:56:24,722 - DEBUG - PIL.PngImagePlugin - STREAM b'IDAT' 41 65536
2026-09-10 01:56:29,674 - DEBUG - PIL.PngImagePlugin - STREAM b'IHDR' 16 13
2026-09-10 01:56:29,674 - DEBUG - PIL.PngImagePlugin - STREAM b'IDAT' 41 65536
2026-09-10 01:56:29,712 - DEBUG - PIL.PngImagePlugin - STREAM b'IHDR' 16 13
2026-09-10 01:56:29,712 - DEBUG - PIL.PngImagePlugin - STREAM b'IDAT' 41 53758
2026-09-10 01:56:29,717 - DEBUG - PIL.PngImagePlugin - STREAM b'IHDR' 16 13
2026-09-10 01:56:29,717 - DEBUG - PIL.PngImagePlugin - STREAM b'IDAT' 41 32768
2026-09-10 01:56:29,725 - DEBUG - PIL.PngImagePlugin - STREAM b'IHDR' 16 13
2026-09-10 01:56:29,725 - DEBUG - PIL.PngImagePlugin - STREAM b'IDAT' 41 65536
2026-09-10 01:56:29,729 - DEBUG - PIL.PngImagePlugin - STREAM b'IHDR' 16 13
2026-09-10 01:56:29,730 - DEBUG - PIL.PngImagePlugin - STREAM b'IDAT' 41 65536
2026-09-10 01:56:29,733 - DEBUG - PIL.PngImagePlugin - STREAM b'IHDR' 16 13
2026-09-10 01:56:29,734 - DEBUG - PIL.PngImagePlugin - STREAM b'IDAT' 41 54958
2026-09-10 01:56:29,738 - DEBUG - PIL.PngImagePlugin - STREAM b'IHDR' 16 13
2026-09-10 01:56:29,738 - DEBUG - PIL.PngImagePlugin - STREAM b'IDAT' 41 54668
2026-09-10 01:56:29,743 - DEBUG - PIL.PngImagePlugin - STREAM b'IHDR' 16 13
2026-09-10 01:56:29,743 - DEBUG - PIL.PngImagePlugin - STREAM b'IDAT' 41 50455
2026-09-10 01:56:29,748 - DEBUG - PIL.PngImagePlugin - STREAM b'IHDR' 16 13
2026-09-10 01:56:29,749 - DEBUG - PIL.PngImagePlugin - STREAM b'IDAT' 41 49252
2026-09-10 01:56:29,753 - DEBUG - PIL.PngImagePlugin - STREAM b'IHDR' 16 13
2026-09-10 01:56:29,754 - DEBUG - PIL.PngImagePlugin - STREAM b'IDAT' 41 55682
2026-09-10 01:56:29,759 - DEBUG - PIL.PngImagePlugin - STREAM b'IHDR' 16 13
2026-09-10 01:56:29,759 - DEBUG - PIL.PngImagePlugin - STREAM b'IDAT' 41 57887
2026-09-10 01:56:29,763 - DEBUG - PIL.PngImagePlugin - STREAM b'IHDR' 16 13
2026-09-10 01:56:29,763 - DEBUG - PIL.PngImagePlugin - STREAM b'IDAT' 41 47281
2026-09-10 01:56:29,768 - DEBUG - PIL.PngImagePlugin - STREAM b'IHDR' 16 13
2026-09-10 01:56:29,768 - DEBUG - PIL.PngImagePlugin - STREAM b'IDAT' 41 56615
2026-09-10 01:56:29,773 - DEBUG - PIL.PngImagePlugin - STREAM b'IHDR' 16 13
2026-09-10 01:56:29,773 - DEBUG - PIL.PngImagePlugin - STREAM b'IDAT' 41 57598
2026-09-10 01:56:29,801 - DEBUG - PIL.PngImagePlugin - STREAM b'IHDR' 16 13
2026-09-10 01:56:29,802 - DEBUG - PIL.PngImagePlugin - STREAM b'IDAT' 41 62450
2026-09-10 01:56:31,158 - INFO - KGameTracker - ℹ️  ==================================================
2026-09-10 01:56:31,158 - INFO - KGameTracker - ℹ️  K GAME TRACKER - CERRADA
2026-09-10 01:56:31,159 - INFO - KGameTracker - ℹ️  ==================================================
2026-09-10 01:56:46,519 - INFO - KGameTracker - ℹ️  ==================================================
2026-09-10 01:56:46,520 - INFO - KGameTracker - ℹ️  K GAME TRACKER - INICIADA
2026-09-10 01:56:46,520 - INFO - KGameTracker - ℹ️  ==================================================
2026-09-10 01:56:46,667 - DEBUG - PIL.Image - Importing PngImagePlugin
2026-09-10 01:56:46,676 - DEBUG - PIL.PngImagePlugin - STREAM b'IHDR' 16 13
2026-09-10 01:56:46,677 - DEBUG - PIL.PngImagePlugin - STREAM b'IDAT' 41 65536
2026-09-10 01:56:51,644 - DEBUG - PIL.PngImagePlugin - STREAM b'IHDR' 16 13
2026-09-10 01:56:51,644 - DEBUG - PIL.PngImagePlugin - STREAM b'IDAT' 41 65536
2026-09-10 01:56:51,678 - DEBUG - PIL.PngImagePlugin - STREAM b'IHDR' 16 13
2026-09-10 01:56:51,679 - DEBUG - PIL.PngImagePlugin - STREAM b'IDAT' 41 53758
2026-09-10 01:56:51,682 - DEBUG - PIL.PngImagePlugin - STREAM b'IHDR' 16 13
2026-09-10 01:56:51,683 - DEBUG - PIL.PngImagePlugin - STREAM b'IDAT' 41 32768
2026-09-10 01:56:51,689 - DEBUG - PIL.PngImagePlugin - STREAM b'IHDR' 16 13
2026-09-10 01:56:51,689 - DEBUG - PIL.PngImagePlugin - STREAM b'IDAT' 41 65536
2026-09-10 01:56:51,692 - DEBUG - PIL.PngImagePlugin - STREAM b'IHDR' 16 13
2026-09-10 01:56:51,692 - DEBUG - PIL.PngImagePlugin - STREAM b'IDAT' 41 65536
2026-09-10 01:56:51,695 - DEBUG - PIL.PngImagePlugin - STREAM b'IHDR' 16 13
2026-09-10 01:56:51,695 - DEBUG - PIL.PngImagePlugin - STREAM b'IDAT' 41 54958
2026-09-10 01:56:51,699 - DEBUG - PIL.PngImagePlugin - STREAM b'IHDR' 16 13
2026-09-10 01:56:51,700 - DEBUG - PIL.PngImagePlugin - STREAM b'IDAT' 41 54668
2026-09-10 01:56:51,705 - DEBUG - PIL.PngImagePlugin - STREAM b'IHDR' 16 13
2026-09-10 01:56:51,705 - DEBUG - PIL.PngImagePlugin - STREAM b'IDAT' 41 50455
2026-09-10 01:56:51,709 - DEBUG - PIL.PngImagePlugin - STREAM b'IHDR' 16 13
2026-09-10 01:56:51,709 - DEBUG - PIL.PngImagePlugin - STREAM b'IDAT' 41 49252
2026-09-10 01:56:51,713 - DEBUG - PIL.PngImagePlugin - STREAM b'IHDR' 16 13
2026-09-10 01:56:51,713 - DEBUG - PIL.PngImagePlugin - STREAM b'IDAT' 41 55682
2026-09-10 01:56:51,717 - DEBUG - PIL.PngImagePlugin - STREAM b'IHDR' 16 13
2026-09-10 01:56:51,717 - DEBUG - PIL.PngImagePlugin - STREAM b'IDAT' 41 57887
2026-09-10 01:56:51,720 - DEBUG - PIL.PngImagePlugin - STREAM b'IHDR' 16 13
2026-09-10 01:56:51,721 - DEBUG - PIL.PngImagePlugin - STREAM b'IDAT' 41 47281
2026-09-10 01:56:51,724 - DEBUG - PIL.PngImagePlugin - STREAM b'IHDR' 16 13
2026-09-10 01:56:51,725 - DEBUG - PIL.PngImagePlugin - STREAM b'IDAT' 41 56615
2026-09-10 01:56:51,729 - DEBUG - PIL.PngImagePlugin - STREAM b'IHDR' 16 13
2026-09-10 01:56:51,729 - DEBUG - PIL.PngImagePlugin - STREAM b'IDAT' 41 57598
2026-09-10 01:56:51,752 - DEBUG - PIL.PngImagePlugin - STREAM b'IHDR' 16 13
2026-09-10 01:56:51,752 - DEBUG - PIL.PngImagePlugin - STREAM b'IDAT' 41 62450
2026-09-10 01:56:53,853 - INFO - KGameTracker - ℹ️  ==================================================
2026-09-10 01:56:53,853 - INFO - KGameTracker - ℹ️  K GAME TRACKER - CERRADA
2026-09-10 01:56:53,854 - INFO - KGameTracker - ℹ️  ==================================================
2026-09-10 01:58:25,285 - INFO - KGameTracker - ℹ️  ==================================================
2026-09-10 01:58:25,285 - INFO - KGameTracker - ℹ️  K GAME TRACKER - INICIADA
2026-09-10 01:58:25,285 - INFO - KGameTracker - ℹ️  ==================================================
2026-09-10 01:58:25,434 - DEBUG - PIL.Image - Importing PngImagePlugin
2026-09-10 01:58:25,444 - DEBUG - PIL.PngImagePlugin - STREAM b'IHDR' 16 13
2026-09-10 01:58:25,444 - DEBUG - PIL.PngImagePlugin - STREAM b'IDAT' 41 65536
2026-09-10 01:58:30,409 - DEBUG - PIL.PngImagePlugin - STREAM b'IHDR' 16 13
2026-09-10 01:58:30,409 - DEBUG - PIL.PngImagePlugin - STREAM b'IDAT' 41 65536
2026-09-10 01:58:30,446 - DEBUG - PIL.PngImagePlugin - STREAM b'IHDR' 16 13
2026-09-10 01:58:30,446 - DEBUG - PIL.PngImagePlugin - STREAM b'IDAT' 41 53758
2026-09-10 01:58:30,449 - DEBUG - PIL.PngImagePlugin - STREAM b'IHDR' 16 13
2026-09-10 01:58:30,450 - DEBUG - PIL.PngImagePlugin - STREAM b'IDAT' 41 32768
2026-09-10 01:58:30,456 - DEBUG - PIL.PngImagePlugin - STREAM b'IHDR' 16 13
2026-09-10 01:58:30,456 - DEBUG - PIL.PngImagePlugin - STREAM b'IDAT' 41 65536
2026-09-10 01:58:30,461 - DEBUG - PIL.PngImagePlugin - STREAM b'IHDR' 16 13
2026-09-10 01:58:30,461 - DEBUG - PIL.PngImagePlugin - STREAM b'IDAT' 41 65536
2026-09-10 01:58:30,464 - DEBUG - PIL.PngImagePlugin - STREAM b'IHDR' 16 13
2026-09-10 01:58:30,464 - DEBUG - PIL.PngImagePlugin - STREAM b'IDAT' 41 54958
2026-09-10 01:58:30,469 - DEBUG - PIL.PngImagePlugin - STREAM b'IHDR' 16 13
2026-09-10 01:58:30,469 - DEBUG - PIL.PngImagePlugin - STREAM b'IDAT' 41 54668
2026-09-10 01:58:30,474 - DEBUG - PIL.PngImagePlugin - STREAM b'IHDR' 16 13
2026-09-10 01:58:30,474 - DEBUG - PIL.PngImagePlugin - STREAM b'IDAT' 41 50455
2026-09-10 01:58:30,479 - DEBUG - PIL.PngImagePlugin - STREAM b'IHDR' 16 13
2026-09-10 01:58:30,479 - DEBUG - PIL.PngImagePlugin - STREAM b'IDAT' 41 49252
2026-09-10 01:58:30,484 - DEBUG - PIL.PngImagePlugin - STREAM b'IHDR' 16 13
2026-09-10 01:58:30,485 - DEBUG - PIL.PngImagePlugin - STREAM b'IDAT' 41 55682
2026-09-10 01:58:30,491 - DEBUG - PIL.PngImagePlugin - STREAM b'IHDR' 16 13
2026-09-10 01:58:30,491 - DEBUG - PIL.PngImagePlugin - STREAM b'IDAT' 41 57887
2026-09-10 01:58:30,496 - DEBUG - PIL.PngImagePlugin - STREAM b'IHDR' 16 13
2026-09-10 01:58:30,496 - DEBUG - PIL.PngImagePlugin - STREAM b'IDAT' 41 47281
2026-09-10 01:58:30,500 - DEBUG - PIL.PngImagePlugin - STREAM b'IHDR' 16 13
2026-09-10 01:58:30,500 - DEBUG - PIL.PngImagePlugin - STREAM b'IDAT' 41 56615
2026-09-10 01:58:30,506 - DEBUG - PIL.PngImagePlugin - STREAM b'IHDR' 16 13
2026-09-10 01:58:30,506 - DEBUG - PIL.PngImagePlugin - STREAM b'IDAT' 41 57598
2026-09-10 01:58:30,532 - DEBUG - PIL.PngImagePlugin - STREAM b'IHDR' 16 13
2026-09-10 01:58:30,532 - DEBUG - PIL.PngImagePlugin - STREAM b'IDAT' 41 62450
2026-09-10 01:58:32,296 - INFO - KGameTracker - ℹ️  ==================================================
2026-09-10 01:58:32,297 - INFO - KGameTracker - ℹ️  K GAME TRACKER - CERRADA
2026-09-10 01:58:32,297 - INFO - KGameTracker - ℹ️  ==================================================
2026-09-10 01:59:27,425 - INFO - KGameTracker - ℹ️  ==================================================
2026-09-10 01:59:27,425 - INFO - KGameTracker - ℹ️  K GAME TRACKER - INICIADA
2026-09-10 01:59:27,426 - INFO - KGameTracker - ℹ️  ==================================================
2026-09-10 01:59:27,572 - DEBUG - PIL.Image - Importing PngImagePlugin
2026-09-10 01:59:27,580 - DEBUG - PIL.PngImagePlugin - STREAM b'IHDR' 16 13
2026-09-10 01:59:27,580 - DEBUG - PIL.PngImagePlugin - STREAM b'IDAT' 41 65536
2026-09-10 01:59:32,509 - DEBUG - PIL.PngImagePlugin - STREAM b'IHDR' 16 13
2026-09-10 01:59:32,509 - DEBUG - PIL.PngImagePlugin - STREAM b'IDAT' 41 65536
2026-09-10 01:59:32,541 - DEBUG - PIL.PngImagePlugin - STREAM b'IHDR' 16 13
2026-09-10 01:59:32,541 - DEBUG - PIL.PngImagePlugin - STREAM b'IDAT' 41 53758
2026-09-10 01:59:32,545 - DEBUG - PIL.PngImagePlugin - STREAM b'IHDR' 16 13
2026-09-10 01:59:32,545 - DEBUG - PIL.PngImagePlugin - STREAM b'IDAT' 41 32768
2026-09-10 01:59:32,551 - DEBUG - PIL.PngImagePlugin - STREAM b'IHDR' 16 13
2026-09-10 01:59:32,551 - DEBUG - PIL.PngImagePlugin - STREAM b'IDAT' 41 65536
2026-09-10 01:59:32,555 - DEBUG - PIL.PngImagePlugin - STREAM b'IHDR' 16 13
2026-09-10 01:59:32,555 - DEBUG - PIL.PngImagePlugin - STREAM b'IDAT' 41 65536
2026-09-10 01:59:32,559 - DEBUG - PIL.PngImagePlugin - STREAM b'IHDR' 16 13
2026-09-10 01:59:32,559 - DEBUG - PIL.PngImagePlugin - STREAM b'IDAT' 41 54958
2026-09-10 01:59:32,563 - DEBUG - PIL.PngImagePlugin - STREAM b'IHDR' 16 13
2026-09-10 01:59:32,563 - DEBUG - PIL.PngImagePlugin - STREAM b'IDAT' 41 54668
2026-09-10 01:59:32,567 - DEBUG - PIL.PngImagePlugin - STREAM b'IHDR' 16 13
2026-09-10 01:59:32,567 - DEBUG - PIL.PngImagePlugin - STREAM b'IDAT' 41 50455
2026-09-10 01:59:32,571 - DEBUG - PIL.PngImagePlugin - STREAM b'IHDR' 16 13
2026-09-10 01:59:32,571 - DEBUG - PIL.PngImagePlugin - STREAM b'IDAT' 41 49252
2026-09-10 01:59:32,574 - DEBUG - PIL.PngImagePlugin - STREAM b'IHDR' 16 13
2026-09-10 01:59:32,575 - DEBUG - PIL.PngImagePlugin - STREAM b'IDAT' 41 55682
2026-09-10 01:59:32,579 - DEBUG - PIL.PngImagePlugin - STREAM b'IHDR' 16 13
2026-09-10 01:59:32,579 - DEBUG - PIL.PngImagePlugin - STREAM b'IDAT' 41 57887
2026-09-10 01:59:32,583 - DEBUG - PIL.PngImagePlugin - STREAM b'IHDR' 16 13
2026-09-10 01:59:32,584 - DEBUG - PIL.PngImagePlugin - STREAM b'IDAT' 41 47281
2026-09-10 01:59:32,587 - DEBUG - PIL.PngImagePlugin - STREAM b'IHDR' 16 13
2026-09-10 01:59:32,587 - DEBUG - PIL.PngImagePlugin - STREAM b'IDAT' 41 56615
2026-09-10 01:59:32,591 - DEBUG - PIL.PngImagePlugin - STREAM b'IHDR' 16 13
2026-09-10 01:59:32,591 - DEBUG - PIL.PngImagePlugin - STREAM b'IDAT' 41 57598
2026-09-10 01:59:32,613 - DEBUG - PIL.PngImagePlugin - STREAM b'IHDR' 16 13
2026-09-10 01:59:32,613 - DEBUG - PIL.PngImagePlugin - STREAM b'IDAT' 41 62450
2026-09-10 01:59:34,804 - INFO - KGameTracker - ℹ️  ==================================================
2026-09-10 01:59:34,805 - INFO - KGameTracker - ℹ️  K GAME TRACKER - CERRADA
2026-09-10 01:59:34,805 - INFO - KGameTracker - ℹ️  ==================================================
2026-09-10 01:59:42,927 - INFO - KGameTracker - ℹ️  ==================================================
2026-09-10 01:59:42,927 - INFO - KGameTracker - ℹ️  K GAME TRACKER - INICIADA
2026-09-10 01:59:42,927 - INFO - KGameTracker - ℹ️  ==================================================
2026-09-10 01:59:43,072 - DEBUG - PIL.Image - Importing PngImagePlugin
2026-09-10 01:59:43,080 - DEBUG - PIL.PngImagePlugin - STREAM b'IHDR' 16 13
2026-09-10 01:59:43,081 - DEBUG - PIL.PngImagePlugin - STREAM b'IDAT' 41 65536
2026-09-10 01:59:47,992 - DEBUG - PIL.PngImagePlugin - STREAM b'IHDR' 16 13
2026-09-10 01:59:47,993 - DEBUG - PIL.PngImagePlugin - STREAM b'IDAT' 41 65536
2026-09-10 01:59:48,027 - DEBUG - PIL.PngImagePlugin - STREAM b'IHDR' 16 13
2026-09-10 01:59:48,028 - DEBUG - PIL.PngImagePlugin - STREAM b'IDAT' 41 53758
2026-09-10 01:59:48,031 - DEBUG - PIL.PngImagePlugin - STREAM b'IHDR' 16 13
2026-09-10 01:59:48,031 - DEBUG - PIL.PngImagePlugin - STREAM b'IDAT' 41 32768
2026-09-10 01:59:48,037 - DEBUG - PIL.PngImagePlugin - STREAM b'IHDR' 16 13
2026-09-10 01:59:48,037 - DEBUG - PIL.PngImagePlugin - STREAM b'IDAT' 41 65536
2026-09-10 01:59:48,040 - DEBUG - PIL.PngImagePlugin - STREAM b'IHDR' 16 13
2026-09-10 01:59:48,041 - DEBUG - PIL.PngImagePlugin - STREAM b'IDAT' 41 65536
2026-09-10 01:59:48,044 - DEBUG - PIL.PngImagePlugin - STREAM b'IHDR' 16 13
2026-09-10 01:59:48,044 - DEBUG - PIL.PngImagePlugin - STREAM b'IDAT' 41 54958
2026-09-10 01:59:48,048 - DEBUG - PIL.PngImagePlugin - STREAM b'IHDR' 16 13
2026-09-10 01:59:48,048 - DEBUG - PIL.PngImagePlugin - STREAM b'IDAT' 41 54668
2026-09-10 01:59:48,053 - DEBUG - PIL.PngImagePlugin - STREAM b'IHDR' 16 13
2026-09-10 01:59:48,053 - DEBUG - PIL.PngImagePlugin - STREAM b'IDAT' 41 50455
2026-09-10 01:59:48,057 - DEBUG - PIL.PngImagePlugin - STREAM b'IHDR' 16 13
2026-09-10 01:59:48,057 - DEBUG - PIL.PngImagePlugin - STREAM b'IDAT' 41 49252
2026-09-10 01:59:48,061 - DEBUG - PIL.PngImagePlugin - STREAM b'IHDR' 16 13
2026-09-10 01:59:48,061 - DEBUG - PIL.PngImagePlugin - STREAM b'IDAT' 41 55682
2026-09-10 01:59:48,065 - DEBUG - PIL.PngImagePlugin - STREAM b'IHDR' 16 13
2026-09-10 01:59:48,065 - DEBUG - PIL.PngImagePlugin - STREAM b'IDAT' 41 57887
2026-09-10 01:59:48,069 - DEBUG - PIL.PngImagePlugin - STREAM b'IHDR' 16 13
2026-09-10 01:59:48,069 - DEBUG - PIL.PngImagePlugin - STREAM b'IDAT' 41 47281
2026-09-10 01:59:48,072 - DEBUG - PIL.PngImagePlugin - STREAM b'IHDR' 16 13
2026-09-10 01:59:48,072 - DEBUG - PIL.PngImagePlugin - STREAM b'IDAT' 41 56615
2026-09-10 01:59:48,077 - DEBUG - PIL.PngImagePlugin - STREAM b'IHDR' 16 13
2026-09-10 01:59:48,077 - DEBUG - PIL.PngImagePlugin - STREAM b'IDAT' 41 57598
2026-09-10 01:59:48,098 - DEBUG - PIL.PngImagePlugin - STREAM b'IHDR' 16 13
2026-09-10 01:59:48,099 - DEBUG - PIL.PngImagePlugin - STREAM b'IDAT' 41 62450
2026-09-10 01:59:50,694 - INFO - KGameTracker - ℹ️  ==================================================
2026-09-10 01:59:50,694 - INFO - KGameTracker - ℹ️  K GAME TRACKER - CERRADA
2026-09-10 01:59:50,694 - INFO - KGameTracker - ℹ️  ==================================================
2026-09-10 02:00:23,875 - INFO - KGameTracker - ℹ️  ==================================================
2026-09-10 02:00:23,875 - INFO - KGameTracker - ℹ️  K GAME TRACKER - INICIADA
2026-09-10 02:00:23,875 - INFO - KGameTracker - ℹ️  ==================================================
2026-09-10 02:00:24,021 - DEBUG - PIL.Image - Importing PngImagePlugin
2026-09-10 02:00:24,030 - DEBUG - PIL.PngImagePlugin - STREAM b'IHDR' 16 13
2026-09-10 02:00:24,030 - DEBUG - PIL.PngImagePlugin - STREAM b'IDAT' 41 65536
2026-09-10 02:00:28,938 - DEBUG - PIL.PngImagePlugin - STREAM b'IHDR' 16 13
2026-09-10 02:00:28,939 - DEBUG - PIL.PngImagePlugin - STREAM b'IDAT' 41 65536
2026-09-10 02:00:28,972 - DEBUG - PIL.PngImagePlugin - STREAM b'IHDR' 16 13
2026-09-10 02:00:28,972 - DEBUG - PIL.PngImagePlugin - STREAM b'IDAT' 41 53758
2026-09-10 02:00:28,976 - DEBUG - PIL.PngImagePlugin - STREAM b'IHDR' 16 13
2026-09-10 02:00:28,976 - DEBUG - PIL.PngImagePlugin - STREAM b'IDAT' 41 32768
2026-09-10 02:00:28,982 - DEBUG - PIL.PngImagePlugin - STREAM b'IHDR' 16 13
2026-09-10 02:00:28,982 - DEBUG - PIL.PngImagePlugin - STREAM b'IDAT' 41 65536
2026-09-10 02:00:28,986 - DEBUG - PIL.PngImagePlugin - STREAM b'IHDR' 16 13
2026-09-10 02:00:28,986 - DEBUG - PIL.PngImagePlugin - STREAM b'IDAT' 41 65536
2026-09-10 02:00:28,989 - DEBUG - PIL.PngImagePlugin - STREAM b'IHDR' 16 13
2026-09-10 02:00:28,989 - DEBUG - PIL.PngImagePlugin - STREAM b'IDAT' 41 54958
2026-09-10 02:00:28,993 - DEBUG - PIL.PngImagePlugin - STREAM b'IHDR' 16 13
2026-09-10 02:00:28,993 - DEBUG - PIL.PngImagePlugin - STREAM b'IDAT' 41 54668
2026-09-10 02:00:28,997 - DEBUG - PIL.PngImagePlugin - STREAM b'IHDR' 16 13
2026-09-10 02:00:28,997 - DEBUG - PIL.PngImagePlugin - STREAM b'IDAT' 41 50455
2026-09-10 02:00:29,001 - DEBUG - PIL.PngImagePlugin - STREAM b'IHDR' 16 13
2026-09-10 02:00:29,001 - DEBUG - PIL.PngImagePlugin - STREAM b'IDAT' 41 49252
2026-09-10 02:00:29,005 - DEBUG - PIL.PngImagePlugin - STREAM b'IHDR' 16 13
2026-09-10 02:00:29,006 - DEBUG - PIL.PngImagePlugin - STREAM b'IDAT' 41 55682
2026-09-10 02:00:29,010 - DEBUG - PIL.PngImagePlugin - STREAM b'IHDR' 16 13
2026-09-10 02:00:29,010 - DEBUG - PIL.PngImagePlugin - STREAM b'IDAT' 41 57887
2026-09-10 02:00:29,013 - DEBUG - PIL.PngImagePlugin - STREAM b'IHDR' 16 13
2026-09-10 02:00:29,014 - DEBUG - PIL.PngImagePlugin - STREAM b'IDAT' 41 47281
2026-09-10 02:00:29,018 - DEBUG - PIL.PngImagePlugin - STREAM b'IHDR' 16 13
2026-09-10 02:00:29,018 - DEBUG - PIL.PngImagePlugin - STREAM b'IDAT' 41 56615
2026-09-10 02:00:29,021 - DEBUG - PIL.PngImagePlugin - STREAM b'IHDR' 16 13
2026-09-10 02:00:29,021 - DEBUG - PIL.PngImagePlugin - STREAM b'IDAT' 41 57598
2026-09-10 02:00:29,044 - DEBUG - PIL.PngImagePlugin - STREAM b'IHDR' 16 13
2026-09-10 02:00:29,044 - DEBUG - PIL.PngImagePlugin - STREAM b'IDAT' 41 62450
2026-09-10 02:00:30,466 - INFO - KGameTracker - ℹ️  ==================================================
2026-09-10 02:00:30,466 - INFO - KGameTracker - ℹ️  K GAME TRACKER - CERRADA
2026-09-10 02:00:30,466 - INFO - KGameTracker - ℹ️  ==================================================
2026-09-10 02:02:11,923 - INFO - KGameTracker - ℹ️  ==================================================
2026-09-10 02:02:11,923 - INFO - KGameTracker - ℹ️  K GAME TRACKER - INICIADA
2026-09-10 02:02:11,924 - INFO - KGameTracker - ℹ️  ==================================================
2026-09-10 02:02:12,070 - DEBUG - PIL.Image - Importing PngImagePlugin
2026-09-10 02:02:12,079 - DEBUG - PIL.PngImagePlugin - STREAM b'IHDR' 16 13
2026-09-10 02:02:12,080 - DEBUG - PIL.PngImagePlugin - STREAM b'IDAT' 41 65536
2026-09-10 02:02:13,507 - DEBUG - PIL.PngImagePlugin - STREAM b'IHDR' 16 13
2026-09-10 02:02:13,508 - DEBUG - PIL.PngImagePlugin - STREAM b'IDAT' 41 65536
2026-09-10 02:02:13,587 - DEBUG - PIL.PngImagePlugin - STREAM b'IHDR' 16 13
2026-09-10 02:02:13,588 - DEBUG - PIL.PngImagePlugin - STREAM b'IDAT' 41 53758
2026-09-10 02:02:13,595 - DEBUG - PIL.PngImagePlugin - STREAM b'IHDR' 16 13
2026-09-10 02:02:13,595 - DEBUG - PIL.PngImagePlugin - STREAM b'IDAT' 41 32768
2026-09-10 02:02:13,606 - DEBUG - PIL.PngImagePlugin - STREAM b'IHDR' 16 13
2026-09-10 02:02:13,606 - DEBUG - PIL.PngImagePlugin - STREAM b'IDAT' 41 65536
2026-09-10 02:02:13,611 - DEBUG - PIL.PngImagePlugin - STREAM b'IHDR' 16 13
2026-09-10 02:02:13,611 - DEBUG - PIL.PngImagePlugin - STREAM b'IDAT' 41 65536
2026-09-10 02:02:13,617 - DEBUG - PIL.PngImagePlugin - STREAM b'IHDR' 16 13
2026-09-10 02:02:13,618 - DEBUG - PIL.PngImagePlugin - STREAM b'IDAT' 41 54958
2026-09-10 02:02:13,624 - DEBUG - PIL.PngImagePlugin - STREAM b'IHDR' 16 13
2026-09-10 02:02:13,625 - DEBUG - PIL.PngImagePlugin - STREAM b'IDAT' 41 54668
2026-09-10 02:02:13,631 - DEBUG - PIL.PngImagePlugin - STREAM b'IHDR' 16 13
2026-09-10 02:02:13,631 - DEBUG - PIL.PngImagePlugin - STREAM b'IDAT' 41 50455
2026-09-10 02:02:13,634 - DEBUG - PIL.PngImagePlugin - STREAM b'IHDR' 16 13
2026-09-10 02:02:13,635 - DEBUG - PIL.PngImagePlugin - STREAM b'IDAT' 41 49252
2026-09-10 02:02:13,640 - DEBUG - PIL.PngImagePlugin - STREAM b'IHDR' 16 13
2026-09-10 02:02:13,640 - DEBUG - PIL.PngImagePlugin - STREAM b'IDAT' 41 55682
2026-09-10 02:02:13,645 - DEBUG - PIL.PngImagePlugin - STREAM b'IHDR' 16 13
2026-09-10 02:02:13,645 - DEBUG - PIL.PngImagePlugin - STREAM b'IDAT' 41 57887
2026-09-10 02:02:13,650 - DEBUG - PIL.PngImagePlugin - STREAM b'IHDR' 16 13
2026-09-10 02:02:13,651 - DEBUG - PIL.PngImagePlugin - STREAM b'IDAT' 41 47281
2026-09-10 02:02:13,655 - DEBUG - PIL.PngImagePlugin - STREAM b'IHDR' 16 13
2026-09-10 02:02:13,655 - DEBUG - PIL.PngImagePlugin - STREAM b'IDAT' 41 56615
2026-09-10 02:02:13,660 - DEBUG - PIL.PngImagePlugin - STREAM b'IHDR' 16 13
2026-09-10 02:02:13,660 - DEBUG - PIL.PngImagePlugin - STREAM b'IDAT' 41 57598
2026-09-10 02:02:13,686 - DEBUG - PIL.PngImagePlugin - STREAM b'IHDR' 16 13
2026-09-10 02:02:13,686 - DEBUG - PIL.PngImagePlugin - STREAM b'IDAT' 41 62450
2026-09-10 02:02:14,660 - INFO - KGameTracker - ℹ️  ==================================================
2026-09-10 02:02:14,661 - INFO - KGameTracker - ℹ️  K GAME TRACKER - CERRADA
2026-09-10 02:02:14,661 - INFO - KGameTracker - ℹ️  ==================================================
2026-09-10 02:02:43,328 - INFO - KGameTracker - ℹ️  ==================================================
2026-09-10 02:02:43,328 - INFO - KGameTracker - ℹ️  K GAME TRACKER - INICIADA
2026-09-10 02:02:43,328 - INFO - KGameTracker - ℹ️  ==================================================
2026-09-10 02:02:43,475 - DEBUG - PIL.Image - Importing PngImagePlugin
2026-09-10 02:02:43,483 - DEBUG - PIL.PngImagePlugin - STREAM b'IHDR' 16 13
2026-09-10 02:02:43,484 - DEBUG - PIL.PngImagePlugin - STREAM b'IDAT' 41 65536
2026-09-10 02:02:45,431 - DEBUG - PIL.PngImagePlugin - STREAM b'IHDR' 16 13
2026-09-10 02:02:45,431 - DEBUG - PIL.PngImagePlugin - STREAM b'IDAT' 41 65536
2026-09-10 02:02:45,475 - DEBUG - PIL.PngImagePlugin - STREAM b'IHDR' 16 13
2026-09-10 02:02:45,475 - DEBUG - PIL.PngImagePlugin - STREAM b'IDAT' 41 53758
2026-09-10 02:02:45,481 - DEBUG - PIL.PngImagePlugin - STREAM b'IHDR' 16 13
2026-09-10 02:02:45,482 - DEBUG - PIL.PngImagePlugin - STREAM b'IDAT' 41 32768
2026-09-10 02:02:45,490 - DEBUG - PIL.PngImagePlugin - STREAM b'IHDR' 16 13
2026-09-10 02:02:45,491 - DEBUG - PIL.PngImagePlugin - STREAM b'IDAT' 41 65536
2026-09-10 02:02:45,496 - DEBUG - PIL.PngImagePlugin - STREAM b'IHDR' 16 13
2026-09-10 02:02:45,497 - DEBUG - PIL.PngImagePlugin - STREAM b'IDAT' 41 65536
2026-09-10 02:02:45,502 - DEBUG - PIL.PngImagePlugin - STREAM b'IHDR' 16 13
2026-09-10 02:02:45,502 - DEBUG - PIL.PngImagePlugin - STREAM b'IDAT' 41 54958
2026-09-10 02:02:45,508 - DEBUG - PIL.PngImagePlugin - STREAM b'IHDR' 16 13
2026-09-10 02:02:45,509 - DEBUG - PIL.PngImagePlugin - STREAM b'IDAT' 41 54668
2026-09-10 02:02:45,515 - DEBUG - PIL.PngImagePlugin - STREAM b'IHDR' 16 13
2026-09-10 02:02:45,515 - DEBUG - PIL.PngImagePlugin - STREAM b'IDAT' 41 50455
2026-09-10 02:02:45,520 - DEBUG - PIL.PngImagePlugin - STREAM b'IHDR' 16 13
2026-09-10 02:02:45,520 - DEBUG - PIL.PngImagePlugin - STREAM b'IDAT' 41 49252
2026-09-10 02:02:45,528 - DEBUG - PIL.PngImagePlugin - STREAM b'IHDR' 16 13
2026-09-10 02:02:45,528 - DEBUG - PIL.PngImagePlugin - STREAM b'IDAT' 41 55682
2026-09-10 02:02:45,535 - DEBUG - PIL.PngImagePlugin - STREAM b'IHDR' 16 13
2026-09-10 02:02:45,541 - DEBUG - PIL.PngImagePlugin - STREAM b'IDAT' 41 57887
2026-09-10 02:02:45,577 - DEBUG - PIL.PngImagePlugin - STREAM b'IHDR' 16 13
2026-09-10 02:02:45,584 - DEBUG - PIL.PngImagePlugin - STREAM b'IDAT' 41 47281
2026-09-10 02:02:45,594 - DEBUG - PIL.PngImagePlugin - STREAM b'IHDR' 16 13
2026-09-10 02:02:45,594 - DEBUG - PIL.PngImagePlugin - STREAM b'IDAT' 41 56615
2026-09-10 02:02:45,600 - DEBUG - PIL.PngImagePlugin - STREAM b'IHDR' 16 13
2026-09-10 02:02:45,600 - DEBUG - PIL.PngImagePlugin - STREAM b'IDAT' 41 57598
2026-09-10 02:02:45,640 - DEBUG - PIL.PngImagePlugin - STREAM b'IHDR' 16 13
2026-09-10 02:02:45,641 - DEBUG - PIL.PngImagePlugin - STREAM b'IDAT' 41 62450
2026-09-10 02:02:46,954 - INFO - KGameTracker - ℹ️  ==================================================
2026-09-10 02:02:46,954 - INFO - KGameTracker - ℹ️  K GAME TRACKER - CERRADA
2026-09-10 02:02:46,955 - INFO - KGameTracker - ℹ️  ==================================================
2026-09-10 02:02:59,604 - INFO - KGameTracker - ℹ️  ==================================================
2026-09-10 02:02:59,604 - INFO - KGameTracker - ℹ️  K GAME TRACKER - INICIADA
2026-09-10 02:02:59,604 - INFO - KGameTracker - ℹ️  ==================================================
2026-09-10 02:02:59,757 - DEBUG - PIL.Image - Importing PngImagePlugin
2026-09-10 02:02:59,962 - DEBUG - PIL.PngImagePlugin - STREAM b'IHDR' 16 13
2026-09-10 02:02:59,962 - DEBUG - PIL.PngImagePlugin - STREAM b'IDAT' 41 65536
2026-09-10 02:03:04,032 - DEBUG - PIL.PngImagePlugin - STREAM b'IHDR' 16 13
2026-09-10 02:03:04,032 - DEBUG - PIL.PngImagePlugin - STREAM b'IDAT' 41 65536
2026-09-10 02:03:04,075 - DEBUG - PIL.PngImagePlugin - STREAM b'IHDR' 16 13
2026-09-10 02:03:04,075 - DEBUG - PIL.PngImagePlugin - STREAM b'IDAT' 41 53758
2026-09-10 02:03:04,080 - DEBUG - PIL.PngImagePlugin - STREAM b'IHDR' 16 13
2026-09-10 02:03:04,080 - DEBUG - PIL.PngImagePlugin - STREAM b'IDAT' 41 32768
2026-09-10 02:03:04,087 - DEBUG - PIL.PngImagePlugin - STREAM b'IHDR' 16 13
2026-09-10 02:03:04,087 - DEBUG - PIL.PngImagePlugin - STREAM b'IDAT' 41 65536
2026-09-10 02:03:04,091 - DEBUG - PIL.PngImagePlugin - STREAM b'IHDR' 16 13
2026-09-10 02:03:04,091 - DEBUG - PIL.PngImagePlugin - STREAM b'IDAT' 41 65536
2026-09-10 02:03:04,096 - DEBUG - PIL.PngImagePlugin - STREAM b'IHDR' 16 13
2026-09-10 02:03:04,096 - DEBUG - PIL.PngImagePlugin - STREAM b'IDAT' 41 54958
2026-09-10 02:03:04,100 - DEBUG - PIL.PngImagePlugin - STREAM b'IHDR' 16 13
2026-09-10 02:03:04,101 - DEBUG - PIL.PngImagePlugin - STREAM b'IDAT' 41 54668
2026-09-10 02:03:04,107 - DEBUG - PIL.PngImagePlugin - STREAM b'IHDR' 16 13
2026-09-10 02:03:04,107 - DEBUG - PIL.PngImagePlugin - STREAM b'IDAT' 41 50455
2026-09-10 02:03:04,113 - DEBUG - PIL.PngImagePlugin - STREAM b'IHDR' 16 13
2026-09-10 02:03:04,114 - DEBUG - PIL.PngImagePlugin - STREAM b'IDAT' 41 49252
2026-09-10 02:03:04,118 - DEBUG - PIL.PngImagePlugin - STREAM b'IHDR' 16 13
2026-09-10 02:03:04,119 - DEBUG - PIL.PngImagePlugin - STREAM b'IDAT' 41 55682
2026-09-10 02:03:04,124 - DEBUG - PIL.PngImagePlugin - STREAM b'IHDR' 16 13
2026-09-10 02:03:04,124 - DEBUG - PIL.PngImagePlugin - STREAM b'IDAT' 41 57887
2026-09-10 02:03:04,130 - DEBUG - PIL.PngImagePlugin - STREAM b'IHDR' 16 13
2026-09-10 02:03:04,130 - DEBUG - PIL.PngImagePlugin - STREAM b'IDAT' 41 47281
2026-09-10 02:03:04,134 - DEBUG - PIL.PngImagePlugin - STREAM b'IHDR' 16 13
2026-09-10 02:03:04,134 - DEBUG - PIL.PngImagePlugin - STREAM b'IDAT' 41 56615
2026-09-10 02:03:04,140 - DEBUG - PIL.PngImagePlugin - STREAM b'IHDR' 16 13
2026-09-10 02:03:04,140 - DEBUG - PIL.PngImagePlugin - STREAM b'IDAT' 41 57598
2026-09-10 02:03:04,169 - DEBUG - PIL.PngImagePlugin - STREAM b'IHDR' 16 13
2026-09-10 02:03:04,169 - DEBUG - PIL.PngImagePlugin - STREAM b'IDAT' 41 62450
2026-09-10 02:03:11,769 - INFO - KGameTracker - ℹ️  ==================================================
2026-09-10 02:03:11,769 - INFO - KGameTracker - ℹ️  K GAME TRACKER - CERRADA
2026-09-10 02:03:11,769 - INFO - KGameTracker - ℹ️  ==================================================
2026-09-10 02:03:14,059 - INFO - KGameTracker - ℹ️  ==================================================
2026-09-10 02:03:14,059 - INFO - KGameTracker - ℹ️  K GAME TRACKER - INICIADA
2026-09-10 02:03:14,060 - INFO - KGameTracker - ℹ️  ==================================================
2026-09-10 02:03:14,248 - DEBUG - PIL.Image - Importing PngImagePlugin
2026-09-10 02:03:14,260 - DEBUG - PIL.PngImagePlugin - STREAM b'IHDR' 16 13
2026-09-10 02:03:14,260 - DEBUG - PIL.PngImagePlugin - STREAM b'IDAT' 41 65536
2026-09-10 02:03:16,563 - DEBUG - PIL.PngImagePlugin - STREAM b'IHDR' 16 13
2026-09-10 02:03:16,563 - DEBUG - PIL.PngImagePlugin - STREAM b'IDAT' 41 65536
2026-09-10 02:03:16,597 - DEBUG - PIL.PngImagePlugin - STREAM b'IHDR' 16 13
2026-09-10 02:03:16,597 - DEBUG - PIL.PngImagePlugin - STREAM b'IDAT' 41 53758
2026-09-10 02:03:16,601 - DEBUG - PIL.PngImagePlugin - STREAM b'IHDR' 16 13
2026-09-10 02:03:16,601 - DEBUG - PIL.PngImagePlugin - STREAM b'IDAT' 41 32768
2026-09-10 02:03:16,608 - DEBUG - PIL.PngImagePlugin - STREAM b'IHDR' 16 13
2026-09-10 02:03:16,608 - DEBUG - PIL.PngImagePlugin - STREAM b'IDAT' 41 65536
2026-09-10 02:03:16,612 - DEBUG - PIL.PngImagePlugin - STREAM b'IHDR' 16 13
2026-09-10 02:03:16,612 - DEBUG - PIL.PngImagePlugin - STREAM b'IDAT' 41 65536
2026-09-10 02:03:16,615 - DEBUG - PIL.PngImagePlugin - STREAM b'IHDR' 16 13
2026-09-10 02:03:16,615 - DEBUG - PIL.PngImagePlugin - STREAM b'IDAT' 41 54958
2026-09-10 02:03:16,620 - DEBUG - PIL.PngImagePlugin - STREAM b'IHDR' 16 13
2026-09-10 02:03:16,620 - DEBUG - PIL.PngImagePlugin - STREAM b'IDAT' 41 54668
2026-09-10 02:03:16,626 - DEBUG - PIL.PngImagePlugin - STREAM b'IHDR' 16 13
2026-09-10 02:03:16,626 - DEBUG - PIL.PngImagePlugin - STREAM b'IDAT' 41 50455
2026-09-10 02:03:16,630 - DEBUG - PIL.PngImagePlugin - STREAM b'IHDR' 16 13
2026-09-10 02:03:16,630 - DEBUG - PIL.PngImagePlugin - STREAM b'IDAT' 41 49252
2026-09-10 02:03:16,634 - DEBUG - PIL.PngImagePlugin - STREAM b'IHDR' 16 13
2026-09-10 02:03:16,634 - DEBUG - PIL.PngImagePlugin - STREAM b'IDAT' 41 55682
2026-09-10 02:03:16,638 - DEBUG - PIL.PngImagePlugin - STREAM b'IHDR' 16 13
2026-09-10 02:03:16,638 - DEBUG - PIL.PngImagePlugin - STREAM b'IDAT' 41 57887
2026-09-10 02:03:16,642 - DEBUG - PIL.PngImagePlugin - STREAM b'IHDR' 16 13
2026-09-10 02:03:16,642 - DEBUG - PIL.PngImagePlugin - STREAM b'IDAT' 41 47281
2026-09-10 02:03:16,646 - DEBUG - PIL.PngImagePlugin - STREAM b'IHDR' 16 13
2026-09-10 02:03:16,646 - DEBUG - PIL.PngImagePlugin - STREAM b'IDAT' 41 56615
2026-09-10 02:03:16,650 - DEBUG - PIL.PngImagePlugin - STREAM b'IHDR' 16 13
2026-09-10 02:03:16,650 - DEBUG - PIL.PngImagePlugin - STREAM b'IDAT' 41 57598
2026-09-10 02:03:16,671 - DEBUG - PIL.PngImagePlugin - STREAM b'IHDR' 16 13
2026-09-10 02:03:16,672 - DEBUG - PIL.PngImagePlugin - STREAM b'IDAT' 41 62450
2026-09-10 02:03:18,889 - INFO - KGameTracker - ℹ️  ==================================================
2026-09-10 02:03:18,890 - INFO - KGameTracker - ℹ️  K GAME TRACKER - CERRADA
2026-09-10 02:03:18,890 - INFO - KGameTracker - ℹ️  ==================================================
2026-09-10 02:03:46,704 - INFO - KGameTracker - ℹ️  ==================================================
2026-09-10 02:03:46,704 - INFO - KGameTracker - ℹ️  K GAME TRACKER - INICIADA
2026-09-10 02:03:46,704 - INFO - KGameTracker - ℹ️  ==================================================
2026-09-10 02:03:46,861 - DEBUG - PIL.Image - Importing PngImagePlugin
2026-09-10 02:03:46,875 - DEBUG - PIL.PngImagePlugin - STREAM b'IHDR' 16 13
2026-09-10 02:03:46,875 - DEBUG - PIL.PngImagePlugin - STREAM b'IDAT' 41 65536
2026-09-10 02:03:49,537 - DEBUG - PIL.PngImagePlugin - STREAM b'IHDR' 16 13
2026-09-10 02:03:49,537 - DEBUG - PIL.PngImagePlugin - STREAM b'IDAT' 41 65536
2026-09-10 02:03:49,580 - DEBUG - PIL.PngImagePlugin - STREAM b'IHDR' 16 13
2026-09-10 02:03:49,580 - DEBUG - PIL.PngImagePlugin - STREAM b'IDAT' 41 53758
2026-09-10 02:03:49,585 - DEBUG - PIL.PngImagePlugin - STREAM b'IHDR' 16 13
2026-09-10 02:03:49,585 - DEBUG - PIL.PngImagePlugin - STREAM b'IDAT' 41 32768
2026-09-10 02:03:49,593 - DEBUG - PIL.PngImagePlugin - STREAM b'IHDR' 16 13
2026-09-10 02:03:49,593 - DEBUG - PIL.PngImagePlugin - STREAM b'IDAT' 41 65536
2026-09-10 02:03:49,597 - DEBUG - PIL.PngImagePlugin - STREAM b'IHDR' 16 13
2026-09-10 02:03:49,597 - DEBUG - PIL.PngImagePlugin - STREAM b'IDAT' 41 65536
2026-09-10 02:03:49,601 - DEBUG - PIL.PngImagePlugin - STREAM b'IHDR' 16 13
2026-09-10 02:03:49,601 - DEBUG - PIL.PngImagePlugin - STREAM b'IDAT' 41 54958
2026-09-10 02:03:49,606 - DEBUG - PIL.PngImagePlugin - STREAM b'IHDR' 16 13
2026-09-10 02:03:49,606 - DEBUG - PIL.PngImagePlugin - STREAM b'IDAT' 41 54668
2026-09-10 02:03:49,613 - DEBUG - PIL.PngImagePlugin - STREAM b'IHDR' 16 13
2026-09-10 02:03:49,613 - DEBUG - PIL.PngImagePlugin - STREAM b'IDAT' 41 50455
2026-09-10 02:03:49,618 - DEBUG - PIL.PngImagePlugin - STREAM b'IHDR' 16 13
2026-09-10 02:03:49,618 - DEBUG - PIL.PngImagePlugin - STREAM b'IDAT' 41 49252
2026-09-10 02:03:49,623 - DEBUG - PIL.PngImagePlugin - STREAM b'IHDR' 16 13
2026-09-10 02:03:49,623 - DEBUG - PIL.PngImagePlugin - STREAM b'IDAT' 41 55682
2026-09-10 02:03:49,628 - DEBUG - PIL.PngImagePlugin - STREAM b'IHDR' 16 13
2026-09-10 02:03:49,628 - DEBUG - PIL.PngImagePlugin - STREAM b'IDAT' 41 57887
2026-09-10 02:03:49,633 - DEBUG - PIL.PngImagePlugin - STREAM b'IHDR' 16 13
2026-09-10 02:03:49,633 - DEBUG - PIL.PngImagePlugin - STREAM b'IDAT' 41 47281
2026-09-10 02:03:49,639 - DEBUG - PIL.PngImagePlugin - STREAM b'IHDR' 16 13
2026-09-10 02:03:49,639 - DEBUG - PIL.PngImagePlugin - STREAM b'IDAT' 41 56615
2026-09-10 02:03:49,645 - DEBUG - PIL.PngImagePlugin - STREAM b'IHDR' 16 13
2026-09-10 02:03:49,645 - DEBUG - PIL.PngImagePlugin - STREAM b'IDAT' 41 57598
2026-09-10 02:03:49,673 - DEBUG - PIL.PngImagePlugin - STREAM b'IHDR' 16 13
2026-09-10 02:03:49,673 - DEBUG - PIL.PngImagePlugin - STREAM b'IDAT' 41 62450
2026-09-10 02:03:52,445 - INFO - KGameTracker - ℹ️  ==================================================
2026-09-10 02:03:52,445 - INFO - KGameTracker - ℹ️  K GAME TRACKER - CERRADA
2026-09-10 02:03:52,445 - INFO - KGameTracker - ℹ️  ==================================================
2026-09-10 02:03:55,200 - INFO - KGameTracker - ℹ️  ==================================================
2026-09-10 02:03:55,201 - INFO - KGameTracker - ℹ️  K GAME TRACKER - INICIADA
2026-09-10 02:03:55,201 - INFO - KGameTracker - ℹ️  ==================================================
2026-09-10 02:03:55,360 - DEBUG - PIL.Image - Importing PngImagePlugin
2026-09-10 02:03:55,372 - DEBUG - PIL.PngImagePlugin - STREAM b'IHDR' 16 13
2026-09-10 02:03:55,372 - DEBUG - PIL.PngImagePlugin - STREAM b'IDAT' 41 65536
2026-09-10 02:03:57,919 - DEBUG - PIL.PngImagePlugin - STREAM b'IHDR' 16 13
2026-09-10 02:03:57,919 - DEBUG - PIL.PngImagePlugin - STREAM b'IDAT' 41 65536
2026-09-10 02:03:57,952 - DEBUG - PIL.PngImagePlugin - STREAM b'IHDR' 16 13
2026-09-10 02:03:57,953 - DEBUG - PIL.PngImagePlugin - STREAM b'IDAT' 41 53758
2026-09-10 02:03:57,957 - DEBUG - PIL.PngImagePlugin - STREAM b'IHDR' 16 13
2026-09-10 02:03:57,957 - DEBUG - PIL.PngImagePlugin - STREAM b'IDAT' 41 32768
2026-09-10 02:03:57,964 - DEBUG - PIL.PngImagePlugin - STREAM b'IHDR' 16 13
2026-09-10 02:03:57,964 - DEBUG - PIL.PngImagePlugin - STREAM b'IDAT' 41 65536
2026-09-10 02:03:57,967 - DEBUG - PIL.PngImagePlugin - STREAM b'IHDR' 16 13
2026-09-10 02:03:57,967 - DEBUG - PIL.PngImagePlugin - STREAM b'IDAT' 41 65536
2026-09-10 02:03:57,972 - DEBUG - PIL.PngImagePlugin - STREAM b'IHDR' 16 13
2026-09-10 02:03:57,973 - DEBUG - PIL.PngImagePlugin - STREAM b'IDAT' 41 54958
2026-09-10 02:03:57,977 - DEBUG - PIL.PngImagePlugin - STREAM b'IHDR' 16 13
2026-09-10 02:03:57,977 - DEBUG - PIL.PngImagePlugin - STREAM b'IDAT' 41 54668
2026-09-10 02:03:57,981 - DEBUG - PIL.PngImagePlugin - STREAM b'IHDR' 16 13
2026-09-10 02:03:57,982 - DEBUG - PIL.PngImagePlugin - STREAM b'IDAT' 41 50455
2026-09-10 02:03:57,986 - DEBUG - PIL.PngImagePlugin - STREAM b'IHDR' 16 13
2026-09-10 02:03:57,986 - DEBUG - PIL.PngImagePlugin - STREAM b'IDAT' 41 49252
2026-09-10 02:03:57,990 - DEBUG - PIL.PngImagePlugin - STREAM b'IHDR' 16 13
2026-09-10 02:03:57,990 - DEBUG - PIL.PngImagePlugin - STREAM b'IDAT' 41 55682
2026-09-10 02:03:57,994 - DEBUG - PIL.PngImagePlugin - STREAM b'IHDR' 16 13
2026-09-10 02:03:57,995 - DEBUG - PIL.PngImagePlugin - STREAM b'IDAT' 41 57887
2026-09-10 02:03:57,998 - DEBUG - PIL.PngImagePlugin - STREAM b'IHDR' 16 13
2026-09-10 02:03:57,999 - DEBUG - PIL.PngImagePlugin - STREAM b'IDAT' 41 47281
2026-09-10 02:03:58,002 - DEBUG - PIL.PngImagePlugin - STREAM b'IHDR' 16 13
2026-09-10 02:03:58,002 - DEBUG - PIL.PngImagePlugin - STREAM b'IDAT' 41 56615
2026-09-10 02:03:58,006 - DEBUG - PIL.PngImagePlugin - STREAM b'IHDR' 16 13
2026-09-10 02:03:58,007 - DEBUG - PIL.PngImagePlugin - STREAM b'IDAT' 41 57598
2026-09-10 02:03:58,030 - DEBUG - PIL.PngImagePlugin - STREAM b'IHDR' 16 13
2026-09-10 02:03:58,030 - DEBUG - PIL.PngImagePlugin - STREAM b'IDAT' 41 62450
2026-09-10 02:03:59,896 - INFO - KGameTracker - ℹ️  ==================================================
2026-09-10 02:03:59,897 - INFO - KGameTracker - ℹ️  K GAME TRACKER - CERRADA
2026-09-10 02:03:59,897 - INFO - KGameTracker - ℹ️  ==================================================
2026-09-10 02:07:48,678 - INFO - KGameTracker - ℹ️  ==================================================
2026-09-10 02:07:48,678 - INFO - KGameTracker - ℹ️  K GAME TRACKER - INICIADA
2026-09-10 02:07:48,678 - INFO - KGameTracker - ℹ️  ==================================================
2026-09-10 02:07:48,830 - DEBUG - PIL.Image - Importing PngImagePlugin
2026-09-10 02:07:48,841 - DEBUG - PIL.PngImagePlugin - STREAM b'IHDR' 16 13
2026-09-10 02:07:48,842 - DEBUG - PIL.PngImagePlugin - STREAM b'IDAT' 41 65536
2026-09-10 02:07:51,349 - DEBUG - PIL.PngImagePlugin - STREAM b'IHDR' 16 13
2026-09-10 02:07:51,350 - DEBUG - PIL.PngImagePlugin - STREAM b'IDAT' 41 65536
2026-09-10 02:07:51,387 - DEBUG - PIL.PngImagePlugin - STREAM b'IHDR' 16 13
2026-09-10 02:07:51,387 - DEBUG - PIL.PngImagePlugin - STREAM b'IDAT' 41 53758
2026-09-10 02:07:51,391 - DEBUG - PIL.PngImagePlugin - STREAM b'IHDR' 16 13
2026-09-10 02:07:51,391 - DEBUG - PIL.PngImagePlugin - STREAM b'IDAT' 41 32768
2026-09-10 02:07:51,401 - DEBUG - PIL.PngImagePlugin - STREAM b'IHDR' 16 13
2026-09-10 02:07:51,401 - DEBUG - PIL.PngImagePlugin - STREAM b'IDAT' 41 65536
2026-09-10 02:07:51,406 - DEBUG - PIL.PngImagePlugin - STREAM b'IHDR' 16 13
2026-09-10 02:07:51,406 - DEBUG - PIL.PngImagePlugin - STREAM b'IDAT' 41 65536
2026-09-10 02:07:51,410 - DEBUG - PIL.PngImagePlugin - STREAM b'IHDR' 16 13
2026-09-10 02:07:51,411 - DEBUG - PIL.PngImagePlugin - STREAM b'IDAT' 41 54958
2026-09-10 02:07:51,416 - DEBUG - PIL.PngImagePlugin - STREAM b'IHDR' 16 13
2026-09-10 02:07:51,417 - DEBUG - PIL.PngImagePlugin - STREAM b'IDAT' 41 54668
2026-09-10 02:07:51,421 - DEBUG - PIL.PngImagePlugin - STREAM b'IHDR' 16 13
2026-09-10 02:07:51,421 - DEBUG - PIL.PngImagePlugin - STREAM b'IDAT' 41 50455
2026-09-10 02:07:51,427 - DEBUG - PIL.PngImagePlugin - STREAM b'IHDR' 16 13
2026-09-10 02:07:51,427 - DEBUG - PIL.PngImagePlugin - STREAM b'IDAT' 41 49252
2026-09-10 02:07:51,435 - DEBUG - PIL.PngImagePlugin - STREAM b'IHDR' 16 13
2026-09-10 02:07:51,435 - DEBUG - PIL.PngImagePlugin - STREAM b'IDAT' 41 55682
2026-09-10 02:07:51,441 - DEBUG - PIL.PngImagePlugin - STREAM b'IHDR' 16 13
2026-09-10 02:07:51,442 - DEBUG - PIL.PngImagePlugin - STREAM b'IDAT' 41 57887
2026-09-10 02:07:51,447 - DEBUG - PIL.PngImagePlugin - STREAM b'IHDR' 16 13
2026-09-10 02:07:51,447 - DEBUG - PIL.PngImagePlugin - STREAM b'IDAT' 41 47281
2026-09-10 02:07:51,452 - DEBUG - PIL.PngImagePlugin - STREAM b'IHDR' 16 13
2026-09-10 02:07:51,452 - DEBUG - PIL.PngImagePlugin - STREAM b'IDAT' 41 56615
2026-09-10 02:07:51,457 - DEBUG - PIL.PngImagePlugin - STREAM b'IHDR' 16 13
2026-09-10 02:07:51,457 - DEBUG - PIL.PngImagePlugin - STREAM b'IDAT' 41 57598
2026-09-10 02:07:51,485 - DEBUG - PIL.PngImagePlugin - STREAM b'IHDR' 16 13
2026-09-10 02:07:51,485 - DEBUG - PIL.PngImagePlugin - STREAM b'IDAT' 41 62450
2026-09-10 02:07:52,850 - INFO - KGameTracker - ℹ️  ==================================================
2026-09-10 02:07:52,850 - INFO - KGameTracker - ℹ️  K GAME TRACKER - CERRADA
2026-09-10 02:07:52,850 - INFO - KGameTracker - ℹ️  ==================================================
2026-09-10 02:18:00,587 - INFO - KGameTracker - ℹ️  ==================================================
2026-09-10 02:18:00,587 - INFO - KGameTracker - ℹ️  K GAME TRACKER - INICIADA
2026-09-10 02:18:00,587 - INFO - KGameTracker - ℹ️  ==================================================
2026-09-10 02:18:00,748 - DEBUG - PIL.Image - Importing PngImagePlugin
2026-09-10 02:18:00,757 - DEBUG - PIL.PngImagePlugin - STREAM b'IHDR' 16 13
2026-09-10 02:18:00,757 - DEBUG - PIL.PngImagePlugin - STREAM b'IDAT' 41 65536
2026-09-10 02:18:03,345 - DEBUG - PIL.PngImagePlugin - STREAM b'IHDR' 16 13
2026-09-10 02:18:03,345 - DEBUG - PIL.PngImagePlugin - STREAM b'IDAT' 41 65536
2026-09-10 02:18:03,385 - DEBUG - PIL.PngImagePlugin - STREAM b'IHDR' 16 13
2026-09-10 02:18:03,385 - DEBUG - PIL.PngImagePlugin - STREAM b'IDAT' 41 53758
2026-09-10 02:18:03,389 - DEBUG - PIL.PngImagePlugin - STREAM b'IHDR' 16 13
2026-09-10 02:18:03,390 - DEBUG - PIL.PngImagePlugin - STREAM b'IDAT' 41 32768
2026-09-10 02:18:03,398 - DEBUG - PIL.PngImagePlugin - STREAM b'IHDR' 16 13
2026-09-10 02:18:03,399 - DEBUG - PIL.PngImagePlugin - STREAM b'IDAT' 41 65536
2026-09-10 02:18:03,403 - DEBUG - PIL.PngImagePlugin - STREAM b'IHDR' 16 13
2026-09-10 02:18:03,403 - DEBUG - PIL.PngImagePlugin - STREAM b'IDAT' 41 65536
2026-09-10 02:18:03,408 - DEBUG - PIL.PngImagePlugin - STREAM b'IHDR' 16 13
2026-09-10 02:18:03,408 - DEBUG - PIL.PngImagePlugin - STREAM b'IDAT' 41 54958
2026-09-10 02:18:03,414 - DEBUG - PIL.PngImagePlugin - STREAM b'IHDR' 16 13
2026-09-10 02:18:03,414 - DEBUG - PIL.PngImagePlugin - STREAM b'IDAT' 41 54668
2026-09-10 02:18:03,419 - DEBUG - PIL.PngImagePlugin - STREAM b'IHDR' 16 13
2026-09-10 02:18:03,419 - DEBUG - PIL.PngImagePlugin - STREAM b'IDAT' 41 50455
2026-09-10 02:18:03,424 - DEBUG - PIL.PngImagePlugin - STREAM b'IHDR' 16 13
2026-09-10 02:18:03,424 - DEBUG - PIL.PngImagePlugin - STREAM b'IDAT' 41 49252
2026-09-10 02:18:03,429 - DEBUG - PIL.PngImagePlugin - STREAM b'IHDR' 16 13
2026-09-10 02:18:03,430 - DEBUG - PIL.PngImagePlugin - STREAM b'IDAT' 41 55682
2026-09-10 02:18:03,435 - DEBUG - PIL.PngImagePlugin - STREAM b'IHDR' 16 13
2026-09-10 02:18:03,436 - DEBUG - PIL.PngImagePlugin - STREAM b'IDAT' 41 57887
2026-09-10 02:18:03,440 - DEBUG - PIL.PngImagePlugin - STREAM b'IHDR' 16 13
2026-09-10 02:18:03,440 - DEBUG - PIL.PngImagePlugin - STREAM b'IDAT' 41 47281
2026-09-10 02:18:03,445 - DEBUG - PIL.PngImagePlugin - STREAM b'IHDR' 16 13
2026-09-10 02:18:03,445 - DEBUG - PIL.PngImagePlugin - STREAM b'IDAT' 41 56615
2026-09-10 02:18:03,449 - DEBUG - PIL.PngImagePlugin - STREAM b'IHDR' 16 13
2026-09-10 02:18:03,449 - DEBUG - PIL.PngImagePlugin - STREAM b'IDAT' 41 57598
2026-09-10 02:18:03,474 - DEBUG - PIL.PngImagePlugin - STREAM b'IHDR' 16 13
2026-09-10 02:18:03,474 - DEBUG - PIL.PngImagePlugin - STREAM b'IDAT' 41 62450
2026-09-10 02:18:04,699 - INFO - KGameTracker - ℹ️  ==================================================
2026-09-10 02:18:04,699 - INFO - KGameTracker - ℹ️  K GAME TRACKER - CERRADA
2026-09-10 02:18:04,699 - INFO - KGameTracker - ℹ️  ==================================================
2026-09-10 02:20:40,390 - INFO - KGameTracker - ℹ️  ==================================================
2026-09-10 02:20:40,390 - INFO - KGameTracker - ℹ️  K GAME TRACKER - INICIADA
2026-09-10 02:20:40,391 - INFO - KGameTracker - ℹ️  ==================================================
2026-09-10 02:20:40,547 - DEBUG - PIL.Image - Importing PngImagePlugin
2026-09-10 02:20:40,558 - DEBUG - PIL.PngImagePlugin - STREAM b'IHDR' 16 13
2026-09-10 02:20:40,558 - DEBUG - PIL.PngImagePlugin - STREAM b'IDAT' 41 65536
2026-09-10 02:20:43,066 - DEBUG - PIL.PngImagePlugin - STREAM b'IHDR' 16 13
2026-09-10 02:20:43,067 - DEBUG - PIL.PngImagePlugin - STREAM b'IDAT' 41 65536
2026-09-10 02:20:43,117 - DEBUG - PIL.PngImagePlugin - STREAM b'IHDR' 16 13
2026-09-10 02:20:43,117 - DEBUG - PIL.PngImagePlugin - STREAM b'IDAT' 41 53758
2026-09-10 02:20:43,123 - DEBUG - PIL.PngImagePlugin - STREAM b'IHDR' 16 13
2026-09-10 02:20:43,123 - DEBUG - PIL.PngImagePlugin - STREAM b'IDAT' 41 32768
2026-09-10 02:20:43,130 - DEBUG - PIL.PngImagePlugin - STREAM b'IHDR' 16 13
2026-09-10 02:20:43,131 - DEBUG - PIL.PngImagePlugin - STREAM b'IDAT' 41 65536
2026-09-10 02:20:43,139 - DEBUG - PIL.PngImagePlugin - STREAM b'IHDR' 16 13
2026-09-10 02:20:43,140 - DEBUG - PIL.PngImagePlugin - STREAM b'IDAT' 41 65536
2026-09-10 02:20:43,144 - DEBUG - PIL.PngImagePlugin - STREAM b'IHDR' 16 13
2026-09-10 02:20:43,144 - DEBUG - PIL.PngImagePlugin - STREAM b'IDAT' 41 54958
2026-09-10 02:20:43,148 - DEBUG - PIL.PngImagePlugin - STREAM b'IHDR' 16 13
2026-09-10 02:20:43,148 - DEBUG - PIL.PngImagePlugin - STREAM b'IDAT' 41 54668
2026-09-10 02:20:43,154 - DEBUG - PIL.PngImagePlugin - STREAM b'IHDR' 16 13
2026-09-10 02:20:43,154 - DEBUG - PIL.PngImagePlugin - STREAM b'IDAT' 41 50455
2026-09-10 02:20:43,158 - DEBUG - PIL.PngImagePlugin - STREAM b'IHDR' 16 13
2026-09-10 02:20:43,158 - DEBUG - PIL.PngImagePlugin - STREAM b'IDAT' 41 49252
2026-09-10 02:20:43,163 - DEBUG - PIL.PngImagePlugin - STREAM b'IHDR' 16 13
2026-09-10 02:20:43,163 - DEBUG - PIL.PngImagePlugin - STREAM b'IDAT' 41 55682
2026-09-10 02:20:43,167 - DEBUG - PIL.PngImagePlugin - STREAM b'IHDR' 16 13
2026-09-10 02:20:43,167 - DEBUG - PIL.PngImagePlugin - STREAM b'IDAT' 41 57887
2026-09-10 02:20:43,171 - DEBUG - PIL.PngImagePlugin - STREAM b'IHDR' 16 13
2026-09-10 02:20:43,171 - DEBUG - PIL.PngImagePlugin - STREAM b'IDAT' 41 47281
2026-09-10 02:20:43,175 - DEBUG - PIL.PngImagePlugin - STREAM b'IHDR' 16 13
2026-09-10 02:20:43,175 - DEBUG - PIL.PngImagePlugin - STREAM b'IDAT' 41 56615
2026-09-10 02:20:43,179 - DEBUG - PIL.PngImagePlugin - STREAM b'IHDR' 16 13
2026-09-10 02:20:43,179 - DEBUG - PIL.PngImagePlugin - STREAM b'IDAT' 41 57598
2026-09-10 02:20:43,202 - DEBUG - PIL.PngImagePlugin - STREAM b'IHDR' 16 13
2026-09-10 02:20:43,202 - DEBUG - PIL.PngImagePlugin - STREAM b'IDAT' 41 62450
2026-09-10 02:20:45,051 - INFO - KGameTracker - ℹ️  ==================================================
2026-09-10 02:20:45,051 - INFO - KGameTracker - ℹ️  K GAME TRACKER - CERRADA
2026-09-10 02:20:45,051 - INFO - KGameTracker - ℹ️  ==================================================
2026-09-10 02:23:32,946 - INFO - KGameTracker - ℹ️  ==================================================
2026-09-10 02:23:32,946 - INFO - KGameTracker - ℹ️  K GAME TRACKER - INICIADA
2026-09-10 02:23:32,946 - INFO - KGameTracker - ℹ️  ==================================================
2026-09-10 02:23:33,120 - DEBUG - PIL.Image - Importing PngImagePlugin
2026-09-10 02:23:33,128 - DEBUG - PIL.PngImagePlugin - STREAM b'IHDR' 16 13
2026-09-10 02:23:33,129 - DEBUG - PIL.PngImagePlugin - STREAM b'IDAT' 41 65536
2026-09-10 02:23:35,630 - DEBUG - PIL.PngImagePlugin - STREAM b'IHDR' 16 13
2026-09-10 02:23:35,631 - DEBUG - PIL.PngImagePlugin - STREAM b'IDAT' 41 65536
2026-09-10 02:23:35,668 - DEBUG - PIL.PngImagePlugin - STREAM b'IHDR' 16 13
2026-09-10 02:23:35,668 - DEBUG - PIL.PngImagePlugin - STREAM b'IDAT' 41 53758
2026-09-10 02:23:35,672 - DEBUG - PIL.PngImagePlugin - STREAM b'IHDR' 16 13
2026-09-10 02:23:35,672 - DEBUG - PIL.PngImagePlugin - STREAM b'IDAT' 41 32768
2026-09-10 02:23:35,679 - DEBUG - PIL.PngImagePlugin - STREAM b'IHDR' 16 13
2026-09-10 02:23:35,679 - DEBUG - PIL.PngImagePlugin - STREAM b'IDAT' 41 65536
2026-09-10 02:23:35,683 - DEBUG - PIL.PngImagePlugin - STREAM b'IHDR' 16 13
2026-09-10 02:23:35,683 - DEBUG - PIL.PngImagePlugin - STREAM b'IDAT' 41 65536
2026-09-10 02:23:35,686 - DEBUG - PIL.PngImagePlugin - STREAM b'IHDR' 16 13
2026-09-10 02:23:35,686 - DEBUG - PIL.PngImagePlugin - STREAM b'IDAT' 41 54958
2026-09-10 02:23:35,691 - DEBUG - PIL.PngImagePlugin - STREAM b'IHDR' 16 13
2026-09-10 02:23:35,691 - DEBUG - PIL.PngImagePlugin - STREAM b'IDAT' 41 54668
2026-09-10 02:23:35,696 - DEBUG - PIL.PngImagePlugin - STREAM b'IHDR' 16 13
2026-09-10 02:23:35,696 - DEBUG - PIL.PngImagePlugin - STREAM b'IDAT' 41 50455
2026-09-10 02:23:35,702 - DEBUG - PIL.PngImagePlugin - STREAM b'IHDR' 16 13
2026-09-10 02:23:35,702 - DEBUG - PIL.PngImagePlugin - STREAM b'IDAT' 41 49252
2026-09-10 02:23:35,706 - DEBUG - PIL.PngImagePlugin - STREAM b'IHDR' 16 13
2026-09-10 02:23:35,706 - DEBUG - PIL.PngImagePlugin - STREAM b'IDAT' 41 55682
2026-09-10 02:23:35,710 - DEBUG - PIL.PngImagePlugin - STREAM b'IHDR' 16 13
2026-09-10 02:23:35,710 - DEBUG - PIL.PngImagePlugin - STREAM b'IDAT' 41 57887
2026-09-10 02:23:35,714 - DEBUG - PIL.PngImagePlugin - STREAM b'IHDR' 16 13
2026-09-10 02:23:35,715 - DEBUG - PIL.PngImagePlugin - STREAM b'IDAT' 41 47281
2026-09-10 02:23:35,718 - DEBUG - PIL.PngImagePlugin - STREAM b'IHDR' 16 13
2026-09-10 02:23:35,718 - DEBUG - PIL.PngImagePlugin - STREAM b'IDAT' 41 56615
2026-09-10 02:23:35,722 - DEBUG - PIL.PngImagePlugin - STREAM b'IHDR' 16 13
2026-09-10 02:23:35,723 - DEBUG - PIL.PngImagePlugin - STREAM b'IDAT' 41 57598
2026-09-10 02:23:35,746 - DEBUG - PIL.PngImagePlugin - STREAM b'IHDR' 16 13
2026-09-10 02:23:35,746 - DEBUG - PIL.PngImagePlugin - STREAM b'IDAT' 41 62450
2026-09-10 02:23:37,391 - INFO - KGameTracker - ℹ️  ==================================================
2026-09-10 02:23:37,392 - INFO - KGameTracker - ℹ️  K GAME TRACKER - CERRADA
2026-09-10 02:23:37,392 - INFO - KGameTracker - ℹ️  ==================================================
2026-09-10 02:24:30,926 - INFO - KGameTracker - ℹ️  ==================================================
2026-09-10 02:24:30,926 - INFO - KGameTracker - ℹ️  K GAME TRACKER - INICIADA
2026-09-10 02:24:30,927 - INFO - KGameTracker - ℹ️  ==================================================
2026-09-10 02:24:31,075 - DEBUG - PIL.Image - Importing PngImagePlugin
2026-09-10 02:24:31,083 - DEBUG - PIL.PngImagePlugin - STREAM b'IHDR' 16 13
2026-09-10 02:24:31,084 - DEBUG - PIL.PngImagePlugin - STREAM b'IDAT' 41 65536
2026-09-10 02:28:18,195 - INFO - KGameTracker - ℹ️  ==================================================
2026-09-10 02:28:18,195 - INFO - KGameTracker - ℹ️  K GAME TRACKER - INICIADA
2026-09-10 02:28:18,195 - INFO - KGameTracker - ℹ️  ==================================================
2026-09-10 02:28:18,388 - INFO - KGameTracker - ℹ️  ==================================================
2026-09-10 02:28:18,388 - INFO - KGameTracker - ℹ️  K GAME TRACKER - CERRADA
2026-09-10 02:28:18,388 - INFO - KGameTracker - ℹ️  ==================================================
2026-09-10 02:29:02,364 - INFO - KGameTracker - ℹ️  ==================================================
2026-09-10 02:29:02,365 - INFO - KGameTracker - ℹ️  K GAME TRACKER - INICIADA
2026-09-10 02:29:02,365 - INFO - KGameTracker - ℹ️  ==================================================
2026-09-10 02:29:02,516 - DEBUG - PIL.Image - Importing PngImagePlugin
2026-09-10 02:29:02,526 - DEBUG - PIL.PngImagePlugin - STREAM b'IHDR' 16 13
2026-09-10 02:29:02,527 - DEBUG - PIL.PngImagePlugin - STREAM b'IDAT' 41 65536
2026-09-10 02:29:05,063 - DEBUG - PIL.PngImagePlugin - STREAM b'IHDR' 16 13
2026-09-10 02:29:05,063 - DEBUG - PIL.PngImagePlugin - STREAM b'IDAT' 41 65536
2026-09-10 02:29:05,098 - DEBUG - PIL.PngImagePlugin - STREAM b'IHDR' 16 13
2026-09-10 02:29:05,098 - DEBUG - PIL.PngImagePlugin - STREAM b'IDAT' 41 53758
2026-09-10 02:29:05,102 - DEBUG - PIL.PngImagePlugin - STREAM b'IHDR' 16 13
2026-09-10 02:29:05,102 - DEBUG - PIL.PngImagePlugin - STREAM b'IDAT' 41 32768
2026-09-10 02:29:05,108 - DEBUG - PIL.PngImagePlugin - STREAM b'IHDR' 16 13
2026-09-10 02:29:05,108 - DEBUG - PIL.PngImagePlugin - STREAM b'IDAT' 41 65536
2026-09-10 02:29:05,111 - DEBUG - PIL.PngImagePlugin - STREAM b'IHDR' 16 13
2026-09-10 02:29:05,112 - DEBUG - PIL.PngImagePlugin - STREAM b'IDAT' 41 65536
2026-09-10 02:29:05,116 - DEBUG - PIL.PngImagePlugin - STREAM b'IHDR' 16 13
2026-09-10 02:29:05,116 - DEBUG - PIL.PngImagePlugin - STREAM b'IDAT' 41 54958
2026-09-10 02:29:05,120 - DEBUG - PIL.PngImagePlugin - STREAM b'IHDR' 16 13
2026-09-10 02:29:05,120 - DEBUG - PIL.PngImagePlugin - STREAM b'IDAT' 41 54668
2026-09-10 02:29:05,124 - DEBUG - PIL.PngImagePlugin - STREAM b'IHDR' 16 13
2026-09-10 02:29:05,125 - DEBUG - PIL.PngImagePlugin - STREAM b'IDAT' 41 50455
2026-09-10 02:29:05,129 - DEBUG - PIL.PngImagePlugin - STREAM b'IHDR' 16 13
2026-09-10 02:29:05,129 - DEBUG - PIL.PngImagePlugin - STREAM b'IDAT' 41 49252
2026-09-10 02:29:05,134 - DEBUG - PIL.PngImagePlugin - STREAM b'IHDR' 16 13
2026-09-10 02:29:05,134 - DEBUG - PIL.PngImagePlugin - STREAM b'IDAT' 41 55682
2026-09-10 02:29:05,139 - DEBUG - PIL.PngImagePlugin - STREAM b'IHDR' 16 13
2026-09-10 02:29:05,139 - DEBUG - PIL.PngImagePlugin - STREAM b'IDAT' 41 57887
2026-09-10 02:29:05,143 - DEBUG - PIL.PngImagePlugin - STREAM b'IHDR' 16 13
2026-09-10 02:29:05,143 - DEBUG - PIL.PngImagePlugin - STREAM b'IDAT' 41 47281
2026-09-10 02:29:05,148 - DEBUG - PIL.PngImagePlugin - STREAM b'IHDR' 16 13
2026-09-10 02:29:05,148 - DEBUG - PIL.PngImagePlugin - STREAM b'IDAT' 41 56615
2026-09-10 02:29:05,152 - DEBUG - PIL.PngImagePlugin - STREAM b'IHDR' 16 13
2026-09-10 02:29:05,152 - DEBUG - PIL.PngImagePlugin - STREAM b'IDAT' 41 57598
2026-09-10 02:29:05,176 - DEBUG - PIL.PngImagePlugin - STREAM b'IHDR' 16 13
2026-09-10 02:29:05,176 - DEBUG - PIL.PngImagePlugin - STREAM b'IDAT' 41 62450
2026-09-10 02:29:08,742 - INFO - KGameTracker - ℹ️  ==================================================
2026-09-10 02:29:08,742 - INFO - KGameTracker - ℹ️  K GAME TRACKER - CERRADA
2026-09-10 02:29:08,742 - INFO - KGameTracker - ℹ️  ==================================================
2026-09-10 02:29:54,618 - INFO - KGameTracker - ℹ️  ==================================================
2026-09-10 02:29:54,618 - INFO - KGameTracker - ℹ️  K GAME TRACKER - INICIADA
2026-09-10 02:29:54,619 - INFO - KGameTracker - ℹ️  ==================================================
2026-09-10 02:29:54,651 - INFO - KGameTracker - ℹ️  ==================================================
2026-09-10 02:29:54,652 - INFO - KGameTracker - ℹ️  K GAME TRACKER - CERRADA
2026-09-10 02:29:54,652 - INFO - KGameTracker - ℹ️  ==================================================
2026-09-10 02:30:38,647 - INFO - KGameTracker - ℹ️  ==================================================
2026-09-10 02:30:38,647 - INFO - KGameTracker - ℹ️  K GAME TRACKER - INICIADA
2026-09-10 02:30:38,647 - INFO - KGameTracker - ℹ️  ==================================================
2026-09-10 02:30:38,772 - DEBUG - PIL.Image - Importing PngImagePlugin
2026-09-10 02:30:38,783 - DEBUG - PIL.PngImagePlugin - STREAM b'IHDR' 16 13
2026-09-10 02:30:38,783 - DEBUG - PIL.PngImagePlugin - STREAM b'IDAT' 41 65536
2026-09-10 02:30:41,361 - DEBUG - PIL.PngImagePlugin - STREAM b'IHDR' 16 13
2026-09-10 02:30:41,362 - DEBUG - PIL.PngImagePlugin - STREAM b'IDAT' 41 65536
2026-09-10 02:30:41,396 - DEBUG - PIL.PngImagePlugin - STREAM b'IHDR' 16 13
2026-09-10 02:30:41,396 - DEBUG - PIL.PngImagePlugin - STREAM b'IDAT' 41 53758
2026-09-10 02:30:41,400 - DEBUG - PIL.PngImagePlugin - STREAM b'IHDR' 16 13
2026-09-10 02:30:41,400 - DEBUG - PIL.PngImagePlugin - STREAM b'IDAT' 41 32768
2026-09-10 02:30:41,408 - DEBUG - PIL.PngImagePlugin - STREAM b'IHDR' 16 13
2026-09-10 02:30:41,408 - DEBUG - PIL.PngImagePlugin - STREAM b'IDAT' 41 65536
2026-09-10 02:30:41,412 - DEBUG - PIL.PngImagePlugin - STREAM b'IHDR' 16 13
2026-09-10 02:30:41,412 - DEBUG - PIL.PngImagePlugin - STREAM b'IDAT' 41 65536
2026-09-10 02:30:41,415 - DEBUG - PIL.PngImagePlugin - STREAM b'IHDR' 16 13
2026-09-10 02:30:41,415 - DEBUG - PIL.PngImagePlugin - STREAM b'IDAT' 41 54958
2026-09-10 02:30:41,419 - DEBUG - PIL.PngImagePlugin - STREAM b'IHDR' 16 13
2026-09-10 02:30:41,419 - DEBUG - PIL.PngImagePlugin - STREAM b'IDAT' 41 54668
2026-09-10 02:30:41,424 - DEBUG - PIL.PngImagePlugin - STREAM b'IHDR' 16 13
2026-09-10 02:30:41,424 - DEBUG - PIL.PngImagePlugin - STREAM b'IDAT' 41 50455
2026-09-10 02:30:41,428 - DEBUG - PIL.PngImagePlugin - STREAM b'IHDR' 16 13
2026-09-10 02:30:41,428 - DEBUG - PIL.PngImagePlugin - STREAM b'IDAT' 41 49252
2026-09-10 02:30:41,432 - DEBUG - PIL.PngImagePlugin - STREAM b'IHDR' 16 13
2026-09-10 02:30:41,432 - DEBUG - PIL.PngImagePlugin - STREAM b'IDAT' 41 55682
2026-09-10 02:30:41,437 - DEBUG - PIL.PngImagePlugin - STREAM b'IHDR' 16 13
2026-09-10 02:30:41,437 - DEBUG - PIL.PngImagePlugin - STREAM b'IDAT' 41 57887
2026-09-10 02:30:41,442 - DEBUG - PIL.PngImagePlugin - STREAM b'IHDR' 16 13
2026-09-10 02:30:41,442 - DEBUG - PIL.PngImagePlugin - STREAM b'IDAT' 41 47281
2026-09-10 02:30:41,446 - DEBUG - PIL.PngImagePlugin - STREAM b'IHDR' 16 13
2026-09-10 02:30:41,446 - DEBUG - PIL.PngImagePlugin - STREAM b'IDAT' 41 56615
2026-09-10 02:30:41,450 - DEBUG - PIL.PngImagePlugin - STREAM b'IHDR' 16 13
2026-09-10 02:30:41,450 - DEBUG - PIL.PngImagePlugin - STREAM b'IDAT' 41 57598
2026-09-10 02:30:41,473 - DEBUG - PIL.PngImagePlugin - STREAM b'IHDR' 16 13
2026-09-10 02:30:41,473 - DEBUG - PIL.PngImagePlugin - STREAM b'IDAT' 41 62450
2026-09-10 02:30:44,042 - INFO - KGameTracker - ℹ️  ==================================================
2026-09-10 02:30:44,043 - INFO - KGameTracker - ℹ️  K GAME TRACKER - CERRADA
2026-09-10 02:30:44,043 - INFO - KGameTracker - ℹ️  ==================================================
2026-09-10 02:35:21,227 - INFO - KGameTracker - ℹ️  ==================================================
2026-09-10 02:35:21,228 - INFO - KGameTracker - ℹ️  K GAME TRACKER - INICIADA
2026-09-10 02:35:21,228 - INFO - KGameTracker - ℹ️  ==================================================
2026-09-10 02:35:21,348 - DEBUG - PIL.Image - Importing PngImagePlugin
2026-09-10 02:35:21,357 - DEBUG - PIL.PngImagePlugin - STREAM b'IHDR' 16 13
2026-09-10 02:35:21,357 - DEBUG - PIL.PngImagePlugin - STREAM b'IDAT' 41 65536
2026-09-10 02:35:23,923 - DEBUG - PIL.PngImagePlugin - STREAM b'IHDR' 16 13
2026-09-10 02:35:23,923 - DEBUG - PIL.PngImagePlugin - STREAM b'IDAT' 41 65536
2026-09-10 02:35:23,958 - DEBUG - PIL.PngImagePlugin - STREAM b'IHDR' 16 13
2026-09-10 02:35:23,958 - DEBUG - PIL.PngImagePlugin - STREAM b'IDAT' 41 53758
2026-09-10 02:35:23,962 - DEBUG - PIL.PngImagePlugin - STREAM b'IHDR' 16 13
2026-09-10 02:35:23,962 - DEBUG - PIL.PngImagePlugin - STREAM b'IDAT' 41 32768
2026-09-10 02:35:23,968 - DEBUG - PIL.PngImagePlugin - STREAM b'IHDR' 16 13
2026-09-10 02:35:23,968 - DEBUG - PIL.PngImagePlugin - STREAM b'IDAT' 41 65536
2026-09-10 02:35:23,971 - DEBUG - PIL.PngImagePlugin - STREAM b'IHDR' 16 13
2026-09-10 02:35:23,972 - DEBUG - PIL.PngImagePlugin - STREAM b'IDAT' 41 65536
2026-09-10 02:35:23,975 - DEBUG - PIL.PngImagePlugin - STREAM b'IHDR' 16 13
2026-09-10 02:35:23,975 - DEBUG - PIL.PngImagePlugin - STREAM b'IDAT' 41 54958
2026-09-10 02:35:23,980 - DEBUG - PIL.PngImagePlugin - STREAM b'IHDR' 16 13
2026-09-10 02:35:23,980 - DEBUG - PIL.PngImagePlugin - STREAM b'IDAT' 41 54668
2026-09-10 02:35:23,985 - DEBUG - PIL.PngImagePlugin - STREAM b'IHDR' 16 13
2026-09-10 02:35:23,985 - DEBUG - PIL.PngImagePlugin - STREAM b'IDAT' 41 50455
2026-09-10 02:35:23,989 - DEBUG - PIL.PngImagePlugin - STREAM b'IHDR' 16 13
2026-09-10 02:35:23,989 - DEBUG - PIL.PngImagePlugin - STREAM b'IDAT' 41 49252
2026-09-10 02:35:23,994 - DEBUG - PIL.PngImagePlugin - STREAM b'IHDR' 16 13
2026-09-10 02:35:23,994 - DEBUG - PIL.PngImagePlugin - STREAM b'IDAT' 41 55682
2026-09-10 02:35:24,000 - DEBUG - PIL.PngImagePlugin - STREAM b'IHDR' 16 13
2026-09-10 02:35:24,000 - DEBUG - PIL.PngImagePlugin - STREAM b'IDAT' 41 57887
2026-09-10 02:35:24,005 - DEBUG - PIL.PngImagePlugin - STREAM b'IHDR' 16 13
2026-09-10 02:35:24,006 - DEBUG - PIL.PngImagePlugin - STREAM b'IDAT' 41 47281
2026-09-10 02:35:24,010 - DEBUG - PIL.PngImagePlugin - STREAM b'IHDR' 16 13
2026-09-10 02:35:24,011 - DEBUG - PIL.PngImagePlugin - STREAM b'IDAT' 41 56615
2026-09-10 02:35:24,014 - DEBUG - PIL.PngImagePlugin - STREAM b'IHDR' 16 13
2026-09-10 02:35:24,014 - DEBUG - PIL.PngImagePlugin - STREAM b'IDAT' 41 57598
2026-09-10 02:35:24,040 - DEBUG - PIL.PngImagePlugin - STREAM b'IHDR' 16 13
2026-09-10 02:35:24,040 - DEBUG - PIL.PngImagePlugin - STREAM b'IDAT' 41 62450
2026-09-10 02:35:54,632 - INFO - KGameTracker - ℹ️  ==================================================
2026-09-10 02:35:54,632 - INFO - KGameTracker - ℹ️  K GAME TRACKER - CERRADA
2026-09-10 02:35:54,632 - INFO - KGameTracker - ℹ️  ==================================================
2026-09-10 02:36:02,732 - INFO - KGameTracker - ℹ️  ==================================================
2026-09-10 02:36:02,732 - INFO - KGameTracker - ℹ️  K GAME TRACKER - INICIADA
2026-09-10 02:36:02,733 - INFO - KGameTracker - ℹ️  ==================================================
2026-09-10 02:36:02,877 - DEBUG - PIL.Image - Importing PngImagePlugin
2026-09-10 02:36:02,885 - DEBUG - PIL.PngImagePlugin - STREAM b'IHDR' 16 13
2026-09-10 02:36:02,885 - DEBUG - PIL.PngImagePlugin - STREAM b'IDAT' 41 65536
2026-09-10 02:36:05,418 - DEBUG - PIL.PngImagePlugin - STREAM b'IHDR' 16 13
2026-09-10 02:36:05,418 - DEBUG - PIL.PngImagePlugin - STREAM b'IDAT' 41 65536
2026-09-10 02:36:05,451 - DEBUG - PIL.PngImagePlugin - STREAM b'IHDR' 16 13
2026-09-10 02:36:05,452 - DEBUG - PIL.PngImagePlugin - STREAM b'IDAT' 41 53758
2026-09-10 02:36:05,456 - DEBUG - PIL.PngImagePlugin - STREAM b'IHDR' 16 13
2026-09-10 02:36:05,456 - DEBUG - PIL.PngImagePlugin - STREAM b'IDAT' 41 32768
2026-09-10 02:36:05,462 - DEBUG - PIL.PngImagePlugin - STREAM b'IHDR' 16 13
2026-09-10 02:36:05,462 - DEBUG - PIL.PngImagePlugin - STREAM b'IDAT' 41 65536
2026-09-10 02:36:05,466 - DEBUG - PIL.PngImagePlugin - STREAM b'IHDR' 16 13
2026-09-10 02:36:05,466 - DEBUG - PIL.PngImagePlugin - STREAM b'IDAT' 41 65536
2026-09-10 02:36:05,470 - DEBUG - PIL.PngImagePlugin - STREAM b'IHDR' 16 13
2026-09-10 02:36:05,470 - DEBUG - PIL.PngImagePlugin - STREAM b'IDAT' 41 54958
2026-09-10 02:36:05,474 - DEBUG - PIL.PngImagePlugin - STREAM b'IHDR' 16 13
2026-09-10 02:36:05,474 - DEBUG - PIL.PngImagePlugin - STREAM b'IDAT' 41 54668
2026-09-10 02:36:05,478 - DEBUG - PIL.PngImagePlugin - STREAM b'IHDR' 16 13
2026-09-10 02:36:05,478 - DEBUG - PIL.PngImagePlugin - STREAM b'IDAT' 41 50455
2026-09-10 02:36:05,482 - DEBUG - PIL.PngImagePlugin - STREAM b'IHDR' 16 13
2026-09-10 02:36:05,482 - DEBUG - PIL.PngImagePlugin - STREAM b'IDAT' 41 49252
2026-09-10 02:36:05,487 - DEBUG - PIL.PngImagePlugin - STREAM b'IHDR' 16 13
2026-09-10 02:36:05,488 - DEBUG - PIL.PngImagePlugin - STREAM b'IDAT' 41 55682
2026-09-10 02:36:05,492 - DEBUG - PIL.PngImagePlugin - STREAM b'IHDR' 16 13
2026-09-10 02:36:05,492 - DEBUG - PIL.PngImagePlugin - STREAM b'IDAT' 41 57887
2026-09-10 02:36:05,496 - DEBUG - PIL.PngImagePlugin - STREAM b'IHDR' 16 13
2026-09-10 02:36:05,496 - DEBUG - PIL.PngImagePlugin - STREAM b'IDAT' 41 47281
2026-09-10 02:36:05,499 - DEBUG - PIL.PngImagePlugin - STREAM b'IHDR' 16 13
2026-09-10 02:36:05,499 - DEBUG - PIL.PngImagePlugin - STREAM b'IDAT' 41 56615
2026-09-10 02:36:05,503 - DEBUG - PIL.PngImagePlugin - STREAM b'IHDR' 16 13
2026-09-10 02:36:05,503 - DEBUG - PIL.PngImagePlugin - STREAM b'IDAT' 41 57598
2026-09-10 02:36:05,527 - DEBUG - PIL.PngImagePlugin - STREAM b'IHDR' 16 13
2026-09-10 02:36:05,527 - DEBUG - PIL.PngImagePlugin - STREAM b'IDAT' 41 62450
2026-09-10 02:36:13,641 - INFO - KGameTracker - ℹ️  ==================================================
2026-09-10 02:36:13,641 - INFO - KGameTracker - ℹ️  K GAME TRACKER - CERRADA
2026-09-10 02:36:13,642 - INFO - KGameTracker - ℹ️  ==================================================
2026-09-10 02:36:18,401 - INFO - KGameTracker - ℹ️  ==================================================
2026-09-10 02:36:18,401 - INFO - KGameTracker - ℹ️  K GAME TRACKER - INICIADA
2026-09-10 02:36:18,401 - INFO - KGameTracker - ℹ️  ==================================================
2026-09-10 02:36:18,517 - DEBUG - PIL.Image - Importing PngImagePlugin
2026-09-10 02:36:18,525 - DEBUG - PIL.PngImagePlugin - STREAM b'IHDR' 16 13
2026-09-10 02:36:18,526 - DEBUG - PIL.PngImagePlugin - STREAM b'IDAT' 41 65536
2026-09-10 02:36:21,070 - DEBUG - PIL.PngImagePlugin - STREAM b'IHDR' 16 13
2026-09-10 02:36:21,070 - DEBUG - PIL.PngImagePlugin - STREAM b'IDAT' 41 65536
2026-09-10 02:36:21,101 - DEBUG - PIL.PngImagePlugin - STREAM b'IHDR' 16 13
2026-09-10 02:36:21,101 - DEBUG - PIL.PngImagePlugin - STREAM b'IDAT' 41 53758
2026-09-10 02:36:21,106 - DEBUG - PIL.PngImagePlugin - STREAM b'IHDR' 16 13
2026-09-10 02:36:21,106 - DEBUG - PIL.PngImagePlugin - STREAM b'IDAT' 41 32768
2026-09-10 02:36:21,112 - DEBUG - PIL.PngImagePlugin - STREAM b'IHDR' 16 13
2026-09-10 02:36:21,113 - DEBUG - PIL.PngImagePlugin - STREAM b'IDAT' 41 65536
2026-09-10 02:36:21,116 - DEBUG - PIL.PngImagePlugin - STREAM b'IHDR' 16 13
2026-09-10 02:36:21,116 - DEBUG - PIL.PngImagePlugin - STREAM b'IDAT' 41 65536
2026-09-10 02:36:21,119 - DEBUG - PIL.PngImagePlugin - STREAM b'IHDR' 16 13
2026-09-10 02:36:21,120 - DEBUG - PIL.PngImagePlugin - STREAM b'IDAT' 41 54958
2026-09-10 02:36:21,124 - DEBUG - PIL.PngImagePlugin - STREAM b'IHDR' 16 13
2026-09-10 02:36:21,124 - DEBUG - PIL.PngImagePlugin - STREAM b'IDAT' 41 54668
2026-09-10 02:36:21,128 - DEBUG - PIL.PngImagePlugin - STREAM b'IHDR' 16 13
2026-09-10 02:36:21,128 - DEBUG - PIL.PngImagePlugin - STREAM b'IDAT' 41 50455
2026-09-10 02:36:21,132 - DEBUG - PIL.PngImagePlugin - STREAM b'IHDR' 16 13
2026-09-10 02:36:21,132 - DEBUG - PIL.PngImagePlugin - STREAM b'IDAT' 41 49252
2026-09-10 02:36:21,136 - DEBUG - PIL.PngImagePlugin - STREAM b'IHDR' 16 13
2026-09-10 02:36:21,136 - DEBUG - PIL.PngImagePlugin - STREAM b'IDAT' 41 55682
2026-09-10 02:36:21,141 - DEBUG - PIL.PngImagePlugin - STREAM b'IHDR' 16 13
2026-09-10 02:36:21,141 - DEBUG - PIL.PngImagePlugin - STREAM b'IDAT' 41 57887
2026-09-10 02:36:21,146 - DEBUG - PIL.PngImagePlugin - STREAM b'IHDR' 16 13
2026-09-10 02:36:21,147 - DEBUG - PIL.PngImagePlugin - STREAM b'IDAT' 41 47281
2026-09-10 02:36:21,150 - DEBUG - PIL.PngImagePlugin - STREAM b'IHDR' 16 13
2026-09-10 02:36:21,150 - DEBUG - PIL.PngImagePlugin - STREAM b'IDAT' 41 56615
2026-09-10 02:36:21,154 - DEBUG - PIL.PngImagePlugin - STREAM b'IHDR' 16 13
2026-09-10 02:36:21,154 - DEBUG - PIL.PngImagePlugin - STREAM b'IDAT' 41 57598
2026-09-10 02:36:21,179 - DEBUG - PIL.PngImagePlugin - STREAM b'IHDR' 16 13
2026-09-10 02:36:21,179 - DEBUG - PIL.PngImagePlugin - STREAM b'IDAT' 41 62450
2026-09-10 02:37:17,343 - DEBUG - urllib3.connectionpool - Starting new HTTPS connection (1): www.gamerpower.com:443
2026-09-10 02:37:17,618 - DEBUG - urllib3.connectionpool - https://www.gamerpower.com:443 "GET /api/giveaways?type=game HTTP/1.1" 200 None
2026-09-10 02:37:18,713 - DEBUG - PIL.PngImagePlugin - STREAM b'IHDR' 16 13
2026-09-10 02:37:18,713 - DEBUG - PIL.PngImagePlugin - STREAM b'IDAT' 41 27080
2026-09-10 02:37:18,720 - DEBUG - PIL.PngImagePlugin - STREAM b'IHDR' 16 13
2026-09-10 02:37:18,721 - DEBUG - PIL.PngImagePlugin - STREAM b'IDAT' 41 54256
2026-09-10 02:37:27,035 - INFO - KGameTracker - ℹ️  ==================================================
2026-09-10 02:37:27,035 - INFO - KGameTracker - ℹ️  K GAME TRACKER - CERRADA
2026-09-10 02:37:27,036 - INFO - KGameTracker - ℹ️  ==================================================
2026-09-10 02:49:59,267 - INFO - KGameTracker - ℹ️  ==================================================
2026-09-10 02:49:59,267 - INFO - KGameTracker - ℹ️  K GAME TRACKER - INICIADA
2026-09-10 02:49:59,267 - INFO - KGameTracker - ℹ️  ==================================================
2026-09-10 02:49:59,410 - DEBUG - PIL.Image - Importing PngImagePlugin
2026-09-10 02:49:59,419 - DEBUG - PIL.PngImagePlugin - STREAM b'IHDR' 16 13
2026-09-10 02:49:59,419 - DEBUG - PIL.PngImagePlugin - STREAM b'IDAT' 41 65536
2026-09-10 02:50:01,973 - DEBUG - PIL.PngImagePlugin - STREAM b'IHDR' 16 13
2026-09-10 02:50:01,974 - DEBUG - PIL.PngImagePlugin - STREAM b'IDAT' 41 65536
2026-09-10 02:50:02,006 - DEBUG - PIL.PngImagePlugin - STREAM b'IHDR' 16 13
2026-09-10 02:50:02,007 - DEBUG - PIL.PngImagePlugin - STREAM b'IDAT' 41 53758
2026-09-10 02:50:02,010 - DEBUG - PIL.PngImagePlugin - STREAM b'IHDR' 16 13
2026-09-10 02:50:02,010 - DEBUG - PIL.PngImagePlugin - STREAM b'IDAT' 41 32768
2026-09-10 02:50:02,017 - DEBUG - PIL.PngImagePlugin - STREAM b'IHDR' 16 13
2026-09-10 02:50:02,017 - DEBUG - PIL.PngImagePlugin - STREAM b'IDAT' 41 65536
2026-09-10 02:50:02,020 - DEBUG - PIL.PngImagePlugin - STREAM b'IHDR' 16 13
2026-09-10 02:50:02,020 - DEBUG - PIL.PngImagePlugin - STREAM b'IDAT' 41 65536
2026-09-10 02:50:02,024 - DEBUG - PIL.PngImagePlugin - STREAM b'IHDR' 16 13
2026-09-10 02:50:02,024 - DEBUG - PIL.PngImagePlugin - STREAM b'IDAT' 41 54958
2026-09-10 02:50:02,029 - DEBUG - PIL.PngImagePlugin - STREAM b'IHDR' 16 13
2026-09-10 02:50:02,029 - DEBUG - PIL.PngImagePlugin - STREAM b'IDAT' 41 54668
2026-09-10 02:50:02,032 - DEBUG - PIL.PngImagePlugin - STREAM b'IHDR' 16 13
2026-09-10 02:50:02,033 - DEBUG - PIL.PngImagePlugin - STREAM b'IDAT' 41 50455
2026-09-10 02:50:02,037 - DEBUG - PIL.PngImagePlugin - STREAM b'IHDR' 16 13
2026-09-10 02:50:02,037 - DEBUG - PIL.PngImagePlugin - STREAM b'IDAT' 41 49252
2026-09-10 02:50:02,041 - DEBUG - PIL.PngImagePlugin - STREAM b'IHDR' 16 13
2026-09-10 02:50:02,041 - DEBUG - PIL.PngImagePlugin - STREAM b'IDAT' 41 55682
2026-09-10 02:50:02,045 - DEBUG - PIL.PngImagePlugin - STREAM b'IHDR' 16 13
2026-09-10 02:50:02,046 - DEBUG - PIL.PngImagePlugin - STREAM b'IDAT' 41 57887
2026-09-10 02:50:02,049 - DEBUG - PIL.PngImagePlugin - STREAM b'IHDR' 16 13
2026-09-10 02:50:02,050 - DEBUG - PIL.PngImagePlugin - STREAM b'IDAT' 41 47281
2026-09-10 02:50:02,053 - DEBUG - PIL.PngImagePlugin - STREAM b'IHDR' 16 13
2026-09-10 02:50:02,053 - DEBUG - PIL.PngImagePlugin - STREAM b'IDAT' 41 56615
2026-09-10 02:50:02,058 - DEBUG - PIL.PngImagePlugin - STREAM b'IHDR' 16 13
2026-09-10 02:50:02,059 - DEBUG - PIL.PngImagePlugin - STREAM b'IDAT' 41 57598
2026-09-10 02:50:02,082 - DEBUG - PIL.PngImagePlugin - STREAM b'IHDR' 16 13
2026-09-10 02:50:02,082 - DEBUG - PIL.PngImagePlugin - STREAM b'IDAT' 41 62450
2026-09-10 02:50:04,609 - INFO - KGameTracker - ℹ️  ==================================================
2026-09-10 02:50:04,609 - INFO - KGameTracker - ℹ️  K GAME TRACKER - CERRADA
2026-09-10 02:50:04,610 - INFO - KGameTracker - ℹ️  ==================================================
2026-09-10 02:50:11,682 - INFO - KGameTracker - ℹ️  ==================================================
2026-09-10 02:50:11,682 - INFO - KGameTracker - ℹ️  K GAME TRACKER - INICIADA
2026-09-10 02:50:11,682 - INFO - KGameTracker - ℹ️  ==================================================
2026-09-10 02:50:11,809 - DEBUG - PIL.Image - Importing PngImagePlugin
2026-09-10 02:50:11,818 - DEBUG - PIL.PngImagePlugin - STREAM b'IHDR' 16 13
2026-09-10 02:50:11,818 - DEBUG - PIL.PngImagePlugin - STREAM b'IDAT' 41 65536
2026-09-10 02:50:14,390 - DEBUG - PIL.PngImagePlugin - STREAM b'IHDR' 16 13
2026-09-10 02:50:14,390 - DEBUG - PIL.PngImagePlugin - STREAM b'IDAT' 41 65536
2026-09-10 02:50:14,448 - DEBUG - PIL.PngImagePlugin - STREAM b'IHDR' 16 13
2026-09-10 02:50:14,448 - DEBUG - PIL.PngImagePlugin - STREAM b'IDAT' 41 53758
2026-09-10 02:50:14,454 - DEBUG - PIL.PngImagePlugin - STREAM b'IHDR' 16 13
2026-09-10 02:50:14,454 - DEBUG - PIL.PngImagePlugin - STREAM b'IDAT' 41 32768
2026-09-10 02:50:14,460 - DEBUG - PIL.PngImagePlugin - STREAM b'IHDR' 16 13
2026-09-10 02:50:14,461 - DEBUG - PIL.PngImagePlugin - STREAM b'IDAT' 41 65536
2026-09-10 02:50:14,465 - DEBUG - PIL.PngImagePlugin - STREAM b'IHDR' 16 13
2026-09-10 02:50:14,466 - DEBUG - PIL.PngImagePlugin - STREAM b'IDAT' 41 65536
2026-09-10 02:50:14,474 - DEBUG - PIL.PngImagePlugin - STREAM b'IHDR' 16 13
2026-09-10 02:50:14,474 - DEBUG - PIL.PngImagePlugin - STREAM b'IDAT' 41 54958
2026-09-10 02:50:14,479 - DEBUG - PIL.PngImagePlugin - STREAM b'IHDR' 16 13
2026-09-10 02:50:14,480 - DEBUG - PIL.PngImagePlugin - STREAM b'IDAT' 41 54668
2026-09-10 02:50:14,485 - DEBUG - PIL.PngImagePlugin - STREAM b'IHDR' 16 13
2026-09-10 02:50:14,485 - DEBUG - PIL.PngImagePlugin - STREAM b'IDAT' 41 50455
2026-09-10 02:50:14,493 - DEBUG - PIL.PngImagePlugin - STREAM b'IHDR' 16 13
2026-09-10 02:50:14,497 - DEBUG - PIL.PngImagePlugin - STREAM b'IDAT' 41 49252
2026-09-10 02:50:14,501 - DEBUG - PIL.PngImagePlugin - STREAM b'IHDR' 16 13
2026-09-10 02:50:14,501 - DEBUG - PIL.PngImagePlugin - STREAM b'IDAT' 41 55682
2026-09-10 02:50:14,507 - DEBUG - PIL.PngImagePlugin - STREAM b'IHDR' 16 13
2026-09-10 02:50:14,507 - DEBUG - PIL.PngImagePlugin - STREAM b'IDAT' 41 57887
2026-09-10 02:50:14,511 - DEBUG - PIL.PngImagePlugin - STREAM b'IHDR' 16 13
2026-09-10 02:50:14,511 - DEBUG - PIL.PngImagePlugin - STREAM b'IDAT' 41 47281
2026-09-10 02:50:14,517 - DEBUG - PIL.PngImagePlugin - STREAM b'IHDR' 16 13
2026-09-10 02:50:14,517 - DEBUG - PIL.PngImagePlugin - STREAM b'IDAT' 41 56615
2026-09-10 02:50:14,521 - DEBUG - PIL.PngImagePlugin - STREAM b'IHDR' 16 13
2026-09-10 02:50:14,521 - DEBUG - PIL.PngImagePlugin - STREAM b'IDAT' 41 57598
2026-09-10 02:50:14,548 - DEBUG - PIL.PngImagePlugin - STREAM b'IHDR' 16 13
2026-09-10 02:50:14,548 - DEBUG - PIL.PngImagePlugin - STREAM b'IDAT' 41 62450
2026-09-10 02:50:16,767 - INFO - KGameTracker - ℹ️  ==================================================
2026-09-10 02:50:16,767 - INFO - KGameTracker - ℹ️  K GAME TRACKER - CERRADA
2026-09-10 02:50:16,768 - INFO - KGameTracker - ℹ️  ==================================================
2026-09-10 02:52:31,661 - INFO - KGameTracker - ℹ️  ==================================================
2026-09-10 02:52:31,661 - INFO - KGameTracker - ℹ️  K GAME TRACKER - INICIADA
2026-09-10 02:52:31,661 - INFO - KGameTracker - ℹ️  ==================================================
2026-09-10 02:52:31,808 - DEBUG - PIL.Image - Importing PngImagePlugin
2026-09-10 02:52:31,817 - DEBUG - PIL.PngImagePlugin - STREAM b'IHDR' 16 13
2026-09-10 02:52:31,817 - DEBUG - PIL.PngImagePlugin - STREAM b'IDAT' 41 65536
2026-09-10 02:52:34,328 - DEBUG - PIL.PngImagePlugin - STREAM b'IHDR' 16 13
2026-09-10 02:52:34,328 - DEBUG - PIL.PngImagePlugin - STREAM b'IDAT' 41 65536
2026-09-10 02:52:34,366 - DEBUG - PIL.PngImagePlugin - STREAM b'IHDR' 16 13
2026-09-10 02:52:34,366 - DEBUG - PIL.PngImagePlugin - STREAM b'IDAT' 41 53758
2026-09-10 02:52:34,371 - DEBUG - PIL.PngImagePlugin - STREAM b'IHDR' 16 13
2026-09-10 02:52:34,371 - DEBUG - PIL.PngImagePlugin - STREAM b'IDAT' 41 32768
2026-09-10 02:52:34,377 - DEBUG - PIL.PngImagePlugin - STREAM b'IHDR' 16 13
2026-09-10 02:52:34,378 - DEBUG - PIL.PngImagePlugin - STREAM b'IDAT' 41 65536
2026-09-10 02:52:34,381 - DEBUG - PIL.PngImagePlugin - STREAM b'IHDR' 16 13
2026-09-10 02:52:34,382 - DEBUG - PIL.PngImagePlugin - STREAM b'IDAT' 41 65536
2026-09-10 02:52:34,385 - DEBUG - PIL.PngImagePlugin - STREAM b'IHDR' 16 13
2026-09-10 02:52:34,385 - DEBUG - PIL.PngImagePlugin - STREAM b'IDAT' 41 54958
2026-09-10 02:52:34,389 - DEBUG - PIL.PngImagePlugin - STREAM b'IHDR' 16 13
2026-09-10 02:52:34,389 - DEBUG - PIL.PngImagePlugin - STREAM b'IDAT' 41 54668
2026-09-10 02:52:34,394 - DEBUG - PIL.PngImagePlugin - STREAM b'IHDR' 16 13
2026-09-10 02:52:34,394 - DEBUG - PIL.PngImagePlugin - STREAM b'IDAT' 41 50455
2026-09-10 02:52:34,398 - DEBUG - PIL.PngImagePlugin - STREAM b'IHDR' 16 13
2026-09-10 02:52:34,398 - DEBUG - PIL.PngImagePlugin - STREAM b'IDAT' 41 49252
2026-09-10 02:52:34,403 - DEBUG - PIL.PngImagePlugin - STREAM b'IHDR' 16 13
2026-09-10 02:52:34,403 - DEBUG - PIL.PngImagePlugin - STREAM b'IDAT' 41 55682
2026-09-10 02:52:34,408 - DEBUG - PIL.PngImagePlugin - STREAM b'IHDR' 16 13
2026-09-10 02:52:34,409 - DEBUG - PIL.PngImagePlugin - STREAM b'IDAT' 41 57887
2026-09-10 02:52:34,412 - DEBUG - PIL.PngImagePlugin - STREAM b'IHDR' 16 13
2026-09-10 02:52:34,413 - DEBUG - PIL.PngImagePlugin - STREAM b'IDAT' 41 47281
2026-09-10 02:52:34,416 - DEBUG - PIL.PngImagePlugin - STREAM b'IHDR' 16 13
2026-09-10 02:52:34,416 - DEBUG - PIL.PngImagePlugin - STREAM b'IDAT' 41 56615
2026-09-10 02:52:34,420 - DEBUG - PIL.PngImagePlugin - STREAM b'IHDR' 16 13
2026-09-10 02:52:34,421 - DEBUG - PIL.PngImagePlugin - STREAM b'IDAT' 41 57598
2026-09-10 02:52:34,445 - DEBUG - PIL.PngImagePlugin - STREAM b'IHDR' 16 13
2026-09-10 02:52:34,445 - DEBUG - PIL.PngImagePlugin - STREAM b'IDAT' 41 62450
2026-09-10 02:52:36,382 - INFO - KGameTracker - ℹ️  ==================================================
2026-09-10 02:52:36,382 - INFO - KGameTracker - ℹ️  K GAME TRACKER - CERRADA
2026-09-10 02:52:36,382 - INFO - KGameTracker - ℹ️  ==================================================
2026-09-10 02:54:26,763 - INFO - KGameTracker - ℹ️  ==================================================
2026-09-10 02:54:26,763 - INFO - KGameTracker - ℹ️  K GAME TRACKER - INICIADA
2026-09-10 02:54:26,763 - INFO - KGameTracker - ℹ️  ==================================================
2026-09-10 02:54:26,882 - DEBUG - PIL.Image - Importing PngImagePlugin
2026-09-10 02:54:26,890 - DEBUG - PIL.PngImagePlugin - STREAM b'IHDR' 16 13
2026-09-10 02:54:26,890 - DEBUG - PIL.PngImagePlugin - STREAM b'IDAT' 41 65536
2026-09-10 02:54:29,354 - DEBUG - PIL.PngImagePlugin - STREAM b'IHDR' 16 13
2026-09-10 02:54:29,354 - DEBUG - PIL.PngImagePlugin - STREAM b'IDAT' 41 65536
2026-09-10 02:54:29,387 - DEBUG - PIL.PngImagePlugin - STREAM b'IHDR' 16 13
2026-09-10 02:54:29,387 - DEBUG - PIL.PngImagePlugin - STREAM b'IDAT' 41 53758
2026-09-10 02:54:29,390 - INFO - KGameTracker - ℹ️  ❌ Error creando la ventana principal: image "pyimage2" does not exist
2026-09-10 02:54:29,426 - INFO - KGameTracker - ℹ️  ==================================================
2026-09-10 02:54:29,426 - INFO - KGameTracker - ℹ️  K GAME TRACKER - CERRADA
2026-09-10 02:54:29,426 - INFO - KGameTracker - ℹ️  ==================================================
2026-09-10 02:56:33,110 - INFO - KGameTracker - ℹ️  ==================================================
2026-09-10 02:56:33,110 - INFO - KGameTracker - ℹ️  K GAME TRACKER - INICIADA
2026-09-10 02:56:33,110 - INFO - KGameTracker - ℹ️  ==================================================
2026-09-10 02:56:33,244 - DEBUG - PIL.Image - Importing PngImagePlugin
2026-09-10 02:56:33,254 - DEBUG - PIL.PngImagePlugin - STREAM b'IHDR' 16 13
2026-09-10 02:56:33,254 - DEBUG - PIL.PngImagePlugin - STREAM b'IDAT' 41 65536
2026-09-10 02:57:17,233 - INFO - KGameTracker - ℹ️  ==================================================
2026-09-10 02:57:17,234 - INFO - KGameTracker - ℹ️  K GAME TRACKER - INICIADA
2026-09-10 02:57:17,234 - INFO - KGameTracker - ℹ️  ==================================================
2026-09-10 02:57:17,360 - DEBUG - PIL.Image - Importing PngImagePlugin
2026-09-10 02:57:17,369 - DEBUG - PIL.PngImagePlugin - STREAM b'IHDR' 16 13
2026-09-10 02:57:17,369 - DEBUG - PIL.PngImagePlugin - STREAM b'IDAT' 41 65536
2026-09-10 02:57:19,823 - DEBUG - PIL.PngImagePlugin - STREAM b'IHDR' 16 13
2026-09-10 02:57:19,824 - DEBUG - PIL.PngImagePlugin - STREAM b'IDAT' 41 65536
2026-09-10 02:57:19,859 - DEBUG - PIL.PngImagePlugin - STREAM b'IHDR' 16 13
2026-09-10 02:57:19,859 - DEBUG - PIL.PngImagePlugin - STREAM b'IDAT' 41 53758
2026-09-10 02:57:19,863 - DEBUG - PIL.PngImagePlugin - STREAM b'IHDR' 16 13
2026-09-10 02:57:19,863 - DEBUG - PIL.PngImagePlugin - STREAM b'IDAT' 41 32768
2026-09-10 02:57:19,870 - DEBUG - PIL.PngImagePlugin - STREAM b'IHDR' 16 13
2026-09-10 02:57:19,870 - DEBUG - PIL.PngImagePlugin - STREAM b'IDAT' 41 65536
2026-09-10 02:57:19,874 - DEBUG - PIL.PngImagePlugin - STREAM b'IHDR' 16 13
2026-09-10 02:57:19,874 - DEBUG - PIL.PngImagePlugin - STREAM b'IDAT' 41 65536
2026-09-10 02:57:19,878 - DEBUG - PIL.PngImagePlugin - STREAM b'IHDR' 16 13
2026-09-10 02:57:19,878 - DEBUG - PIL.PngImagePlugin - STREAM b'IDAT' 41 54958
2026-09-10 02:57:19,882 - DEBUG - PIL.PngImagePlugin - STREAM b'IHDR' 16 13
2026-09-10 02:57:19,883 - DEBUG - PIL.PngImagePlugin - STREAM b'IDAT' 41 54668
2026-09-10 02:57:19,887 - DEBUG - PIL.PngImagePlugin - STREAM b'IHDR' 16 13
2026-09-10 02:57:19,887 - DEBUG - PIL.PngImagePlugin - STREAM b'IDAT' 41 50455
2026-09-10 02:57:19,891 - DEBUG - PIL.PngImagePlugin - STREAM b'IHDR' 16 13
2026-09-10 02:57:19,892 - DEBUG - PIL.PngImagePlugin - STREAM b'IDAT' 41 49252
2026-09-10 02:57:19,895 - DEBUG - PIL.PngImagePlugin - STREAM b'IHDR' 16 13
2026-09-10 02:57:19,896 - DEBUG - PIL.PngImagePlugin - STREAM b'IDAT' 41 55682
2026-09-10 02:57:19,900 - DEBUG - PIL.PngImagePlugin - STREAM b'IHDR' 16 13
2026-09-10 02:57:19,900 - DEBUG - PIL.PngImagePlugin - STREAM b'IDAT' 41 57887
2026-09-10 02:57:19,903 - DEBUG - PIL.PngImagePlugin - STREAM b'IHDR' 16 13
2026-09-10 02:57:19,904 - DEBUG - PIL.PngImagePlugin - STREAM b'IDAT' 41 47281
2026-09-10 02:57:19,908 - DEBUG - PIL.PngImagePlugin - STREAM b'IHDR' 16 13
2026-09-10 02:57:19,908 - DEBUG - PIL.PngImagePlugin - STREAM b'IDAT' 41 56615
2026-09-10 02:57:19,912 - DEBUG - PIL.PngImagePlugin - STREAM b'IHDR' 16 13
2026-09-10 02:57:19,912 - DEBUG - PIL.PngImagePlugin - STREAM b'IDAT' 41 57598
2026-09-10 02:57:19,935 - DEBUG - PIL.PngImagePlugin - STREAM b'IHDR' 16 13
2026-09-10 02:57:19,935 - DEBUG - PIL.PngImagePlugin - STREAM b'IDAT' 41 62450
2026-09-10 02:57:23,351 - INFO - KGameTracker - ℹ️  ==================================================
2026-09-10 02:57:23,351 - INFO - KGameTracker - ℹ️  K GAME TRACKER - CERRADA
2026-09-10 02:57:23,352 - INFO - KGameTracker - ℹ️  ==================================================
2026-09-10 02:58:10,551 - INFO - KGameTracker - ℹ️  ==================================================
2026-09-10 02:58:10,552 - INFO - KGameTracker - ℹ️  K GAME TRACKER - INICIADA
2026-09-10 02:58:10,552 - INFO - KGameTracker - ℹ️  ==================================================
2026-09-10 02:58:10,673 - DEBUG - PIL.Image - Importing PngImagePlugin
2026-09-10 02:58:10,682 - DEBUG - PIL.PngImagePlugin - STREAM b'IHDR' 16 13
2026-09-10 02:58:10,682 - DEBUG - PIL.PngImagePlugin - STREAM b'IDAT' 41 65536
2026-09-10 02:58:13,093 - DEBUG - PIL.PngImagePlugin - STREAM b'IHDR' 16 13
2026-09-10 02:58:13,093 - DEBUG - PIL.PngImagePlugin - STREAM b'IDAT' 41 65536
2026-09-10 02:58:13,126 - DEBUG - PIL.PngImagePlugin - STREAM b'IHDR' 16 13
2026-09-10 02:58:13,126 - DEBUG - PIL.PngImagePlugin - STREAM b'IDAT' 41 53758
2026-09-10 02:58:13,130 - DEBUG - PIL.PngImagePlugin - STREAM b'IHDR' 16 13
2026-09-10 02:58:13,131 - DEBUG - PIL.PngImagePlugin - STREAM b'IDAT' 41 32768
2026-09-10 02:58:13,138 - DEBUG - PIL.PngImagePlugin - STREAM b'IHDR' 16 13
2026-09-10 02:58:13,138 - DEBUG - PIL.PngImagePlugin - STREAM b'IDAT' 41 65536
2026-09-10 02:58:13,141 - DEBUG - PIL.PngImagePlugin - STREAM b'IHDR' 16 13
2026-09-10 02:58:13,142 - DEBUG - PIL.PngImagePlugin - STREAM b'IDAT' 41 65536
2026-09-10 02:58:13,146 - DEBUG - PIL.PngImagePlugin - STREAM b'IHDR' 16 13
2026-09-10 02:58:13,146 - DEBUG - PIL.PngImagePlugin - STREAM b'IDAT' 41 54958
2026-09-10 02:58:13,151 - DEBUG - PIL.PngImagePlugin - STREAM b'IHDR' 16 13
2026-09-10 02:58:13,151 - DEBUG - PIL.PngImagePlugin - STREAM b'IDAT' 41 54668
2026-09-10 02:58:13,156 - DEBUG - PIL.PngImagePlugin - STREAM b'IHDR' 16 13
2026-09-10 02:58:13,156 - DEBUG - PIL.PngImagePlugin - STREAM b'IDAT' 41 50455
2026-09-10 02:58:13,160 - DEBUG - PIL.PngImagePlugin - STREAM b'IHDR' 16 13
2026-09-10 02:58:13,160 - DEBUG - PIL.PngImagePlugin - STREAM b'IDAT' 41 49252
2026-09-10 02:58:13,164 - DEBUG - PIL.PngImagePlugin - STREAM b'IHDR' 16 13
2026-09-10 02:58:13,164 - DEBUG - PIL.PngImagePlugin - STREAM b'IDAT' 41 55682
2026-09-10 02:58:13,168 - DEBUG - PIL.PngImagePlugin - STREAM b'IHDR' 16 13
2026-09-10 02:58:13,168 - DEBUG - PIL.PngImagePlugin - STREAM b'IDAT' 41 57887
2026-09-10 02:58:13,172 - DEBUG - PIL.PngImagePlugin - STREAM b'IHDR' 16 13
2026-09-10 02:58:13,173 - DEBUG - PIL.PngImagePlugin - STREAM b'IDAT' 41 47281
2026-09-10 02:58:13,176 - DEBUG - PIL.PngImagePlugin - STREAM b'IHDR' 16 13
2026-09-10 02:58:13,176 - DEBUG - PIL.PngImagePlugin - STREAM b'IDAT' 41 56615
2026-09-10 02:58:13,180 - DEBUG - PIL.PngImagePlugin - STREAM b'IHDR' 16 13
2026-09-10 02:58:13,180 - DEBUG - PIL.PngImagePlugin - STREAM b'IDAT' 41 57598
2026-09-10 02:58:13,203 - DEBUG - PIL.PngImagePlugin - STREAM b'IHDR' 16 13
2026-09-10 02:58:13,203 - DEBUG - PIL.PngImagePlugin - STREAM b'IDAT' 41 62450
2026-09-10 02:58:15,292 - INFO - KGameTracker - ℹ️  ==================================================
2026-09-10 02:58:15,292 - INFO - KGameTracker - ℹ️  K GAME TRACKER - CERRADA
2026-09-10 02:58:15,292 - INFO - KGameTracker - ℹ️  ==================================================
2026-09-10 02:58:25,466 - INFO - KGameTracker - ℹ️  ==================================================
2026-09-10 02:58:25,466 - INFO - KGameTracker - ℹ️  K GAME TRACKER - INICIADA
2026-09-10 02:58:25,466 - INFO - KGameTracker - ℹ️  ==================================================
2026-09-10 02:58:25,589 - DEBUG - PIL.Image - Importing PngImagePlugin
2026-09-10 02:58:25,598 - DEBUG - PIL.PngImagePlugin - STREAM b'IHDR' 16 13
2026-09-10 02:58:25,598 - DEBUG - PIL.PngImagePlugin - STREAM b'IDAT' 41 65536
2026-09-10 02:58:28,096 - DEBUG - PIL.PngImagePlugin - STREAM b'IHDR' 16 13
2026-09-10 02:58:28,096 - DEBUG - PIL.PngImagePlugin - STREAM b'IDAT' 41 65536
2026-09-10 02:58:28,129 - DEBUG - PIL.PngImagePlugin - STREAM b'IHDR' 16 13
2026-09-10 02:58:28,129 - DEBUG - PIL.PngImagePlugin - STREAM b'IDAT' 41 53758
2026-09-10 02:58:28,133 - DEBUG - PIL.PngImagePlugin - STREAM b'IHDR' 16 13
2026-09-10 02:58:28,133 - DEBUG - PIL.PngImagePlugin - STREAM b'IDAT' 41 32768
2026-09-10 02:58:28,140 - DEBUG - PIL.PngImagePlugin - STREAM b'IHDR' 16 13
2026-09-10 02:58:28,141 - DEBUG - PIL.PngImagePlugin - STREAM b'IDAT' 41 65536
2026-09-10 02:58:28,145 - DEBUG - PIL.PngImagePlugin - STREAM b'IHDR' 16 13
2026-09-10 02:58:28,146 - DEBUG - PIL.PngImagePlugin - STREAM b'IDAT' 41 65536
2026-09-10 02:58:28,150 - DEBUG - PIL.PngImagePlugin - STREAM b'IHDR' 16 13
2026-09-10 02:58:28,151 - DEBUG - PIL.PngImagePlugin - STREAM b'IDAT' 41 54958
2026-09-10 02:58:28,160 - DEBUG - PIL.PngImagePlugin - STREAM b'IHDR' 16 13
2026-09-10 02:58:28,160 - DEBUG - PIL.PngImagePlugin - STREAM b'IDAT' 41 54668
2026-09-10 02:58:28,167 - DEBUG - PIL.PngImagePlugin - STREAM b'IHDR' 16 13
2026-09-10 02:58:28,167 - DEBUG - PIL.PngImagePlugin - STREAM b'IDAT' 41 50455
2026-09-10 02:58:28,175 - DEBUG - PIL.PngImagePlugin - STREAM b'IHDR' 16 13
2026-09-10 02:58:28,176 - DEBUG - PIL.PngImagePlugin - STREAM b'IDAT' 41 49252
2026-09-10 02:58:28,181 - DEBUG - PIL.PngImagePlugin - STREAM b'IHDR' 16 13
2026-09-10 02:58:28,182 - DEBUG - PIL.PngImagePlugin - STREAM b'IDAT' 41 55682
2026-09-10 02:58:28,188 - DEBUG - PIL.PngImagePlugin - STREAM b'IHDR' 16 13
2026-09-10 02:58:28,188 - DEBUG - PIL.PngImagePlugin - STREAM b'IDAT' 41 57887
2026-09-10 02:58:28,194 - DEBUG - PIL.PngImagePlugin - STREAM b'IHDR' 16 13
2026-09-10 02:58:28,194 - DEBUG - PIL.PngImagePlugin - STREAM b'IDAT' 41 47281
2026-09-10 02:58:28,198 - DEBUG - PIL.PngImagePlugin - STREAM b'IHDR' 16 13
2026-09-10 02:58:28,198 - DEBUG - PIL.PngImagePlugin - STREAM b'IDAT' 41 56615
2026-09-10 02:58:28,203 - DEBUG - PIL.PngImagePlugin - STREAM b'IHDR' 16 13
2026-09-10 02:58:28,204 - DEBUG - PIL.PngImagePlugin - STREAM b'IDAT' 41 57598
2026-09-10 02:58:28,229 - DEBUG - PIL.PngImagePlugin - STREAM b'IHDR' 16 13
2026-09-10 02:58:28,229 - DEBUG - PIL.PngImagePlugin - STREAM b'IDAT' 41 62450
2026-09-10 02:58:33,388 - INFO - KGameTracker - ℹ️  ==================================================
2026-09-10 02:58:33,389 - INFO - KGameTracker - ℹ️  K GAME TRACKER - CERRADA
2026-09-10 02:58:33,389 - INFO - KGameTracker - ℹ️  ==================================================
2026-09-10 03:10:43,341 - INFO - KGameTracker - ℹ️  ==================================================
2026-09-10 03:10:43,341 - INFO - KGameTracker - ℹ️  K GAME TRACKER - INICIADA
2026-09-10 03:10:43,341 - INFO - KGameTracker - ℹ️  ==================================================
2026-09-10 03:10:43,470 - DEBUG - PIL.Image - Importing PngImagePlugin
2026-09-10 03:10:43,479 - DEBUG - PIL.PngImagePlugin - STREAM b'IHDR' 16 13
2026-09-10 03:10:43,480 - DEBUG - PIL.PngImagePlugin - STREAM b'IDAT' 41 65536
2026-09-10 03:10:45,987 - DEBUG - PIL.PngImagePlugin - STREAM b'IHDR' 16 13
2026-09-10 03:10:45,987 - DEBUG - PIL.PngImagePlugin - STREAM b'IDAT' 41 65536
2026-09-10 03:10:46,018 - DEBUG - PIL.PngImagePlugin - STREAM b'IHDR' 16 13
2026-09-10 03:10:46,019 - DEBUG - PIL.PngImagePlugin - STREAM b'IDAT' 41 53758
2026-09-10 03:10:46,023 - DEBUG - PIL.PngImagePlugin - STREAM b'IHDR' 16 13
2026-09-10 03:10:46,023 - DEBUG - PIL.PngImagePlugin - STREAM b'IDAT' 41 32768
2026-09-10 03:10:46,029 - DEBUG - PIL.PngImagePlugin - STREAM b'IHDR' 16 13
2026-09-10 03:10:46,030 - DEBUG - PIL.PngImagePlugin - STREAM b'IDAT' 41 65536
2026-09-10 03:10:46,033 - DEBUG - PIL.PngImagePlugin - STREAM b'IHDR' 16 13
2026-09-10 03:10:46,033 - DEBUG - PIL.PngImagePlugin - STREAM b'IDAT' 41 65536
2026-09-10 03:10:46,036 - DEBUG - PIL.PngImagePlugin - STREAM b'IHDR' 16 13
2026-09-10 03:10:46,036 - DEBUG - PIL.PngImagePlugin - STREAM b'IDAT' 41 54958
2026-09-10 03:10:46,041 - DEBUG - PIL.PngImagePlugin - STREAM b'IHDR' 16 13
2026-09-10 03:10:46,041 - DEBUG - PIL.PngImagePlugin - STREAM b'IDAT' 41 54668
2026-09-10 03:10:46,045 - DEBUG - PIL.PngImagePlugin - STREAM b'IHDR' 16 13
2026-09-10 03:10:46,046 - DEBUG - PIL.PngImagePlugin - STREAM b'IDAT' 41 50455
2026-09-10 03:10:46,050 - DEBUG - PIL.PngImagePlugin - STREAM b'IHDR' 16 13
2026-09-10 03:10:46,050 - DEBUG - PIL.PngImagePlugin - STREAM b'IDAT' 41 49252
2026-09-10 03:10:46,054 - DEBUG - PIL.PngImagePlugin - STREAM b'IHDR' 16 13
2026-09-10 03:10:46,054 - DEBUG - PIL.PngImagePlugin - STREAM b'IDAT' 41 55682
2026-09-10 03:10:46,059 - DEBUG - PIL.PngImagePlugin - STREAM b'IHDR' 16 13
2026-09-10 03:10:46,059 - DEBUG - PIL.PngImagePlugin - STREAM b'IDAT' 41 57887
2026-09-10 03:10:46,064 - DEBUG - PIL.PngImagePlugin - STREAM b'IHDR' 16 13
2026-09-10 03:10:46,064 - DEBUG - PIL.PngImagePlugin - STREAM b'IDAT' 41 47281
2026-09-10 03:10:46,068 - DEBUG - PIL.PngImagePlugin - STREAM b'IHDR' 16 13
2026-09-10 03:10:46,068 - DEBUG - PIL.PngImagePlugin - STREAM b'IDAT' 41 56615
2026-09-10 03:10:46,074 - DEBUG - PIL.PngImagePlugin - STREAM b'IHDR' 16 13
2026-09-10 03:10:46,074 - DEBUG - PIL.PngImagePlugin - STREAM b'IDAT' 41 57598
2026-09-10 03:10:46,101 - DEBUG - PIL.PngImagePlugin - STREAM b'IHDR' 16 13
2026-09-10 03:10:46,101 - DEBUG - PIL.PngImagePlugin - STREAM b'IDAT' 41 62450
2026-09-10 03:10:49,659 - INFO - KGameTracker - ℹ️  ==================================================
2026-09-10 03:10:49,659 - INFO - KGameTracker - ℹ️  K GAME TRACKER - CERRADA
2026-09-10 03:10:49,660 - INFO - KGameTracker - ℹ️  ==================================================
2026-09-10 03:10:54,835 - INFO - KGameTracker - ℹ️  ==================================================
2026-09-10 03:10:54,836 - INFO - KGameTracker - ℹ️  K GAME TRACKER - INICIADA
2026-09-10 03:10:54,836 - INFO - KGameTracker - ℹ️  ==================================================
2026-09-10 03:10:54,962 - DEBUG - PIL.Image - Importing PngImagePlugin
2026-09-10 03:10:54,971 - DEBUG - PIL.PngImagePlugin - STREAM b'IHDR' 16 13
2026-09-10 03:10:54,971 - DEBUG - PIL.PngImagePlugin - STREAM b'IDAT' 41 65536
2026-09-10 03:10:57,464 - DEBUG - PIL.PngImagePlugin - STREAM b'IHDR' 16 13
2026-09-10 03:10:57,464 - DEBUG - PIL.PngImagePlugin - STREAM b'IDAT' 41 65536
2026-09-10 03:10:57,496 - DEBUG - PIL.PngImagePlugin - STREAM b'IHDR' 16 13
2026-09-10 03:10:57,496 - DEBUG - PIL.PngImagePlugin - STREAM b'IDAT' 41 53758
2026-09-10 03:10:57,499 - DEBUG - PIL.PngImagePlugin - STREAM b'IHDR' 16 13
2026-09-10 03:10:57,500 - DEBUG - PIL.PngImagePlugin - STREAM b'IDAT' 41 32768
2026-09-10 03:10:57,506 - DEBUG - PIL.PngImagePlugin - STREAM b'IHDR' 16 13
2026-09-10 03:10:57,507 - DEBUG - PIL.PngImagePlugin - STREAM b'IDAT' 41 65536
2026-09-10 03:10:57,510 - DEBUG - PIL.PngImagePlugin - STREAM b'IHDR' 16 13
2026-09-10 03:10:57,510 - DEBUG - PIL.PngImagePlugin - STREAM b'IDAT' 41 65536
2026-09-10 03:10:57,514 - DEBUG - PIL.PngImagePlugin - STREAM b'IHDR' 16 13
2026-09-10 03:10:57,514 - DEBUG - PIL.PngImagePlugin - STREAM b'IDAT' 41 54958
2026-09-10 03:10:57,518 - DEBUG - PIL.PngImagePlugin - STREAM b'IHDR' 16 13
2026-09-10 03:10:57,518 - DEBUG - PIL.PngImagePlugin - STREAM b'IDAT' 41 54668
2026-09-10 03:10:57,522 - DEBUG - PIL.PngImagePlugin - STREAM b'IHDR' 16 13
2026-09-10 03:10:57,523 - DEBUG - PIL.PngImagePlugin - STREAM b'IDAT' 41 50455
2026-09-10 03:10:57,527 - DEBUG - PIL.PngImagePlugin - STREAM b'IHDR' 16 13
2026-09-10 03:10:57,527 - DEBUG - PIL.PngImagePlugin - STREAM b'IDAT' 41 49252
2026-09-10 03:10:57,531 - DEBUG - PIL.PngImagePlugin - STREAM b'IHDR' 16 13
2026-09-10 03:10:57,531 - DEBUG - PIL.PngImagePlugin - STREAM b'IDAT' 41 55682
2026-09-10 03:10:57,536 - DEBUG - PIL.PngImagePlugin - STREAM b'IHDR' 16 13
2026-09-10 03:10:57,536 - DEBUG - PIL.PngImagePlugin - STREAM b'IDAT' 41 57887
2026-09-10 03:10:57,541 - DEBUG - PIL.PngImagePlugin - STREAM b'IHDR' 16 13
2026-09-10 03:10:57,541 - DEBUG - PIL.PngImagePlugin - STREAM b'IDAT' 41 47281
2026-09-10 03:10:57,545 - DEBUG - PIL.PngImagePlugin - STREAM b'IHDR' 16 13
2026-09-10 03:10:57,546 - DEBUG - PIL.PngImagePlugin - STREAM b'IDAT' 41 56615
2026-09-10 03:10:57,550 - DEBUG - PIL.PngImagePlugin - STREAM b'IHDR' 16 13
2026-09-10 03:10:57,550 - DEBUG - PIL.PngImagePlugin - STREAM b'IDAT' 41 57598
2026-09-10 03:10:57,575 - DEBUG - PIL.PngImagePlugin - STREAM b'IHDR' 16 13
2026-09-10 03:10:57,576 - DEBUG - PIL.PngImagePlugin - STREAM b'IDAT' 41 62450
2026-09-10 03:10:59,984 - INFO - KGameTracker - ℹ️  ==================================================
2026-09-10 03:10:59,984 - INFO - KGameTracker - ℹ️  K GAME TRACKER - CERRADA
2026-09-10 03:10:59,985 - INFO - KGameTracker - ℹ️  ==================================================
2026-09-10 03:15:08,053 - INFO - KGameTracker - ℹ️  ==================================================
2026-09-10 03:15:08,054 - INFO - KGameTracker - ℹ️  K GAME TRACKER - INICIADA
2026-09-10 03:15:08,054 - INFO - KGameTracker - ℹ️  ==================================================
2026-09-10 03:15:08,191 - DEBUG - PIL.Image - Importing PngImagePlugin
2026-09-10 03:15:08,201 - DEBUG - PIL.PngImagePlugin - STREAM b'IHDR' 16 13
2026-09-10 03:15:08,201 - DEBUG - PIL.PngImagePlugin - STREAM b'IDAT' 41 65536
2026-09-10 03:15:10,672 - DEBUG - PIL.PngImagePlugin - STREAM b'IHDR' 16 13
2026-09-10 03:15:10,672 - DEBUG - PIL.PngImagePlugin - STREAM b'IDAT' 41 65536
2026-09-10 03:15:10,704 - DEBUG - PIL.PngImagePlugin - STREAM b'IHDR' 16 13
2026-09-10 03:15:10,704 - DEBUG - PIL.PngImagePlugin - STREAM b'IDAT' 41 53758
2026-09-10 03:15:10,709 - DEBUG - PIL.PngImagePlugin - STREAM b'IHDR' 16 13
2026-09-10 03:15:10,709 - DEBUG - PIL.PngImagePlugin - STREAM b'IDAT' 41 32768
2026-09-10 03:15:10,716 - DEBUG - PIL.PngImagePlugin - STREAM b'IHDR' 16 13
2026-09-10 03:15:10,716 - DEBUG - PIL.PngImagePlugin - STREAM b'IDAT' 41 65536
2026-09-10 03:15:10,721 - DEBUG - PIL.PngImagePlugin - STREAM b'IHDR' 16 13
2026-09-10 03:15:10,721 - DEBUG - PIL.PngImagePlugin - STREAM b'IDAT' 41 65536
2026-09-10 03:15:10,727 - DEBUG - PIL.PngImagePlugin - STREAM b'IHDR' 16 13
2026-09-10 03:15:10,727 - DEBUG - PIL.PngImagePlugin - STREAM b'IDAT' 41 54958
2026-09-10 03:15:10,731 - DEBUG - PIL.PngImagePlugin - STREAM b'IHDR' 16 13
2026-09-10 03:15:10,731 - DEBUG - PIL.PngImagePlugin - STREAM b'IDAT' 41 54668
2026-09-10 03:15:10,738 - DEBUG - PIL.PngImagePlugin - STREAM b'IHDR' 16 13
2026-09-10 03:15:10,738 - DEBUG - PIL.PngImagePlugin - STREAM b'IDAT' 41 50455
2026-09-10 03:15:10,744 - DEBUG - PIL.PngImagePlugin - STREAM b'IHDR' 16 13
2026-09-10 03:15:10,744 - DEBUG - PIL.PngImagePlugin - STREAM b'IDAT' 41 49252
2026-09-10 03:15:10,749 - DEBUG - PIL.PngImagePlugin - STREAM b'IHDR' 16 13
2026-09-10 03:15:10,749 - DEBUG - PIL.PngImagePlugin - STREAM b'IDAT' 41 55682
2026-09-10 03:15:10,754 - DEBUG - PIL.PngImagePlugin - STREAM b'IHDR' 16 13
2026-09-10 03:15:10,755 - DEBUG - PIL.PngImagePlugin - STREAM b'IDAT' 41 57887
2026-09-10 03:15:10,759 - DEBUG - PIL.PngImagePlugin - STREAM b'IHDR' 16 13
2026-09-10 03:15:10,760 - DEBUG - PIL.PngImagePlugin - STREAM b'IDAT' 41 47281
2026-09-10 03:15:10,763 - DEBUG - PIL.PngImagePlugin - STREAM b'IHDR' 16 13
2026-09-10 03:15:10,763 - DEBUG - PIL.PngImagePlugin - STREAM b'IDAT' 41 56615
2026-09-10 03:15:10,768 - DEBUG - PIL.PngImagePlugin - STREAM b'IHDR' 16 13
2026-09-10 03:15:10,769 - DEBUG - PIL.PngImagePlugin - STREAM b'IDAT' 41 57598
2026-09-10 03:15:10,792 - DEBUG - PIL.PngImagePlugin - STREAM b'IHDR' 16 13
2026-09-10 03:15:10,792 - DEBUG - PIL.PngImagePlugin - STREAM b'IDAT' 41 62450
2026-09-10 03:15:12,829 - INFO - KGameTracker - ℹ️  ==================================================
2026-09-10 03:15:12,829 - INFO - KGameTracker - ℹ️  K GAME TRACKER - CERRADA
2026-09-10 03:15:12,829 - INFO - KGameTracker - ℹ️  ==================================================
2026-09-10 03:15:15,079 - INFO - KGameTracker - ℹ️  ==================================================
2026-09-10 03:15:15,079 - INFO - KGameTracker - ℹ️  K GAME TRACKER - INICIADA
2026-09-10 03:15:15,079 - INFO - KGameTracker - ℹ️  ==================================================
2026-09-10 03:15:15,206 - DEBUG - PIL.Image - Importing PngImagePlugin
2026-09-10 03:15:15,215 - DEBUG - PIL.PngImagePlugin - STREAM b'IHDR' 16 13
2026-09-10 03:15:15,215 - DEBUG - PIL.PngImagePlugin - STREAM b'IDAT' 41 65536
2026-09-10 03:15:17,667 - DEBUG - PIL.PngImagePlugin - STREAM b'IHDR' 16 13
2026-09-10 03:15:17,667 - DEBUG - PIL.PngImagePlugin - STREAM b'IDAT' 41 65536
2026-09-10 03:15:17,698 - DEBUG - PIL.PngImagePlugin - STREAM b'IHDR' 16 13
2026-09-10 03:15:17,698 - DEBUG - PIL.PngImagePlugin - STREAM b'IDAT' 41 53758
2026-09-10 03:15:17,703 - DEBUG - PIL.PngImagePlugin - STREAM b'IHDR' 16 13
2026-09-10 03:15:17,703 - DEBUG - PIL.PngImagePlugin - STREAM b'IDAT' 41 32768
2026-09-10 03:15:17,711 - DEBUG - PIL.PngImagePlugin - STREAM b'IHDR' 16 13
2026-09-10 03:15:17,711 - DEBUG - PIL.PngImagePlugin - STREAM b'IDAT' 41 65536
2026-09-10 03:15:17,715 - DEBUG - PIL.PngImagePlugin - STREAM b'IHDR' 16 13
2026-09-10 03:15:17,716 - DEBUG - PIL.PngImagePlugin - STREAM b'IDAT' 41 65536
2026-09-10 03:15:17,720 - DEBUG - PIL.PngImagePlugin - STREAM b'IHDR' 16 13
2026-09-10 03:15:17,720 - DEBUG - PIL.PngImagePlugin - STREAM b'IDAT' 41 54958
2026-09-10 03:15:17,725 - DEBUG - PIL.PngImagePlugin - STREAM b'IHDR' 16 13
2026-09-10 03:15:17,725 - DEBUG - PIL.PngImagePlugin - STREAM b'IDAT' 41 54668
2026-09-10 03:15:17,729 - DEBUG - PIL.PngImagePlugin - STREAM b'IHDR' 16 13
2026-09-10 03:15:17,729 - DEBUG - PIL.PngImagePlugin - STREAM b'IDAT' 41 50455
2026-09-10 03:15:17,734 - DEBUG - PIL.PngImagePlugin - STREAM b'IHDR' 16 13
2026-09-10 03:15:17,734 - DEBUG - PIL.PngImagePlugin - STREAM b'IDAT' 41 49252
2026-09-10 03:15:17,738 - DEBUG - PIL.PngImagePlugin - STREAM b'IHDR' 16 13
2026-09-10 03:15:17,738 - DEBUG - PIL.PngImagePlugin - STREAM b'IDAT' 41 55682
2026-09-10 03:15:17,743 - DEBUG - PIL.PngImagePlugin - STREAM b'IHDR' 16 13
2026-09-10 03:15:17,744 - DEBUG - PIL.PngImagePlugin - STREAM b'IDAT' 41 57887
2026-09-10 03:15:17,748 - DEBUG - PIL.PngImagePlugin - STREAM b'IHDR' 16 13
2026-09-10 03:15:17,748 - DEBUG - PIL.PngImagePlugin - STREAM b'IDAT' 41 47281
2026-09-10 03:15:17,753 - DEBUG - PIL.PngImagePlugin - STREAM b'IHDR' 16 13
2026-09-10 03:15:17,753 - DEBUG - PIL.PngImagePlugin - STREAM b'IDAT' 41 56615
2026-09-10 03:15:17,757 - DEBUG - PIL.PngImagePlugin - STREAM b'IHDR' 16 13
2026-09-10 03:15:17,758 - DEBUG - PIL.PngImagePlugin - STREAM b'IDAT' 41 57598
2026-09-10 03:15:17,779 - DEBUG - PIL.PngImagePlugin - STREAM b'IHDR' 16 13
2026-09-10 03:15:17,779 - DEBUG - PIL.PngImagePlugin - STREAM b'IDAT' 41 62450
2026-09-10 03:15:20,642 - INFO - KGameTracker - ℹ️  ==================================================
2026-09-10 03:15:20,642 - INFO - KGameTracker - ℹ️  K GAME TRACKER - CERRADA
2026-09-10 03:15:20,643 - INFO - KGameTracker - ℹ️  ==================================================
2026-09-10 13:12:47,165 - INFO - KGameTracker - ℹ️  ==================================================
2026-09-10 13:12:47,177 - INFO - KGameTracker - ℹ️  K GAME TRACKER - INICIADA
2026-09-10 13:12:47,177 - INFO - KGameTracker - ℹ️  ==================================================
2026-09-10 13:12:47,452 - DEBUG - PIL.Image - Importing PngImagePlugin
2026-09-10 13:12:47,553 - DEBUG - PIL.PngImagePlugin - STREAM b'IHDR' 16 13
2026-09-10 13:12:47,553 - DEBUG - PIL.PngImagePlugin - STREAM b'IDAT' 41 65536
2026-09-10 13:12:51,240 - DEBUG - PIL.PngImagePlugin - STREAM b'IHDR' 16 13
2026-09-10 13:12:51,240 - DEBUG - PIL.PngImagePlugin - STREAM b'IDAT' 41 65536
2026-09-10 13:12:51,327 - DEBUG - PIL.PngImagePlugin - STREAM b'IHDR' 16 13
2026-09-10 13:12:51,327 - DEBUG - PIL.PngImagePlugin - STREAM b'IDAT' 41 53758
2026-09-10 13:12:51,338 - DEBUG - PIL.PngImagePlugin - STREAM b'IHDR' 16 13
2026-09-10 13:12:51,338 - DEBUG - PIL.PngImagePlugin - STREAM b'IDAT' 41 32768
2026-09-10 13:12:51,362 - DEBUG - PIL.PngImagePlugin - STREAM b'IHDR' 16 13
2026-09-10 13:12:51,362 - DEBUG - PIL.PngImagePlugin - STREAM b'IDAT' 41 65536
2026-09-10 13:12:51,384 - DEBUG - PIL.PngImagePlugin - STREAM b'IHDR' 16 13
2026-09-10 13:12:51,384 - DEBUG - PIL.PngImagePlugin - STREAM b'IDAT' 41 65536
2026-09-10 13:12:51,402 - DEBUG - PIL.PngImagePlugin - STREAM b'IHDR' 16 13
2026-09-10 13:12:51,403 - DEBUG - PIL.PngImagePlugin - STREAM b'IDAT' 41 54958
2026-09-10 13:12:51,413 - DEBUG - PIL.PngImagePlugin - STREAM b'IHDR' 16 13
2026-09-10 13:12:51,414 - DEBUG - PIL.PngImagePlugin - STREAM b'IDAT' 41 54668
2026-09-10 13:12:51,424 - DEBUG - PIL.PngImagePlugin - STREAM b'IHDR' 16 13
2026-09-10 13:12:51,424 - DEBUG - PIL.PngImagePlugin - STREAM b'IDAT' 41 50455
2026-09-10 13:12:51,433 - DEBUG - PIL.PngImagePlugin - STREAM b'IHDR' 16 13
2026-09-10 13:12:51,433 - DEBUG - PIL.PngImagePlugin - STREAM b'IDAT' 41 49252
2026-09-10 13:12:51,443 - DEBUG - PIL.PngImagePlugin - STREAM b'IHDR' 16 13
2026-09-10 13:12:51,443 - DEBUG - PIL.PngImagePlugin - STREAM b'IDAT' 41 55682
2026-09-10 13:12:51,454 - DEBUG - PIL.PngImagePlugin - STREAM b'IHDR' 16 13
2026-09-10 13:12:51,454 - DEBUG - PIL.PngImagePlugin - STREAM b'IDAT' 41 57887
2026-09-10 13:12:51,463 - DEBUG - PIL.PngImagePlugin - STREAM b'IHDR' 16 13
2026-09-10 13:12:51,463 - DEBUG - PIL.PngImagePlugin - STREAM b'IDAT' 41 47281
2026-09-10 13:12:51,472 - DEBUG - PIL.PngImagePlugin - STREAM b'IHDR' 16 13
2026-09-10 13:12:51,472 - DEBUG - PIL.PngImagePlugin - STREAM b'IDAT' 41 56615
2026-09-10 13:12:51,483 - DEBUG - PIL.PngImagePlugin - STREAM b'IHDR' 16 13
2026-09-10 13:12:51,483 - DEBUG - PIL.PngImagePlugin - STREAM b'IDAT' 41 57598
2026-09-10 13:12:51,557 - DEBUG - PIL.PngImagePlugin - STREAM b'IHDR' 16 13
2026-09-10 13:12:51,558 - DEBUG - PIL.PngImagePlugin - STREAM b'IDAT' 41 62450
2026-09-10 13:13:02,730 - INFO - KGameTracker - ℹ️  ==================================================
2026-09-10 13:13:02,730 - INFO - KGameTracker - ℹ️  K GAME TRACKER - CERRADA
2026-09-10 13:13:02,730 - INFO - KGameTracker - ℹ️  ==================================================
2026-09-10 14:28:35,646 - INFO - KGameTracker - ℹ️  ==================================================
2026-09-10 14:28:35,658 - INFO - KGameTracker - ℹ️  K GAME TRACKER - INICIADA
2026-09-10 14:28:35,658 - INFO - KGameTracker - ℹ️  ==================================================
2026-09-10 14:28:35,955 - DEBUG - PIL.Image - Importing PngImagePlugin
2026-09-10 14:28:36,067 - DEBUG - PIL.PngImagePlugin - STREAM b'IHDR' 16 13
2026-09-10 14:28:36,067 - DEBUG - PIL.PngImagePlugin - STREAM b'IDAT' 41 65536
2026-09-10 14:28:39,809 - DEBUG - PIL.PngImagePlugin - STREAM b'IHDR' 16 13
2026-09-10 14:28:39,809 - DEBUG - PIL.PngImagePlugin - STREAM b'IDAT' 41 65536
2026-09-10 14:28:39,869 - DEBUG - PIL.PngImagePlugin - STREAM b'IHDR' 16 13
2026-09-10 14:28:39,869 - DEBUG - PIL.PngImagePlugin - STREAM b'IDAT' 41 53758
2026-09-10 14:28:39,873 - DEBUG - PIL.PngImagePlugin - STREAM b'IHDR' 16 13
2026-09-10 14:28:39,873 - DEBUG - PIL.PngImagePlugin - STREAM b'IDAT' 41 32768
2026-09-10 14:28:39,893 - DEBUG - PIL.PngImagePlugin - STREAM b'IHDR' 16 13
2026-09-10 14:28:39,894 - DEBUG - PIL.PngImagePlugin - STREAM b'IDAT' 41 65536
2026-09-10 14:28:39,903 - DEBUG - PIL.PngImagePlugin - STREAM b'IHDR' 16 13
2026-09-10 14:28:39,904 - DEBUG - PIL.PngImagePlugin - STREAM b'IDAT' 41 65536
2026-09-10 14:28:39,924 - DEBUG - PIL.PngImagePlugin - STREAM b'IHDR' 16 13
2026-09-10 14:28:39,924 - DEBUG - PIL.PngImagePlugin - STREAM b'IDAT' 41 54958
2026-09-10 14:28:39,931 - DEBUG - PIL.PngImagePlugin - STREAM b'IHDR' 16 13
2026-09-10 14:28:39,931 - DEBUG - PIL.PngImagePlugin - STREAM b'IDAT' 41 54668
2026-09-10 14:28:39,935 - DEBUG - PIL.PngImagePlugin - STREAM b'IHDR' 16 13
2026-09-10 14:28:39,936 - DEBUG - PIL.PngImagePlugin - STREAM b'IDAT' 41 50455
2026-09-10 14:28:39,941 - DEBUG - PIL.PngImagePlugin - STREAM b'IHDR' 16 13
2026-09-10 14:28:39,941 - DEBUG - PIL.PngImagePlugin - STREAM b'IDAT' 41 49252
2026-09-10 14:28:39,947 - DEBUG - PIL.PngImagePlugin - STREAM b'IHDR' 16 13
2026-09-10 14:28:39,947 - DEBUG - PIL.PngImagePlugin - STREAM b'IDAT' 41 55682
2026-09-10 14:28:39,954 - DEBUG - PIL.PngImagePlugin - STREAM b'IHDR' 16 13
2026-09-10 14:28:39,954 - DEBUG - PIL.PngImagePlugin - STREAM b'IDAT' 41 57887
2026-09-10 14:28:39,959 - DEBUG - PIL.PngImagePlugin - STREAM b'IHDR' 16 13
2026-09-10 14:28:39,959 - DEBUG - PIL.PngImagePlugin - STREAM b'IDAT' 41 47281
2026-09-10 14:28:39,964 - DEBUG - PIL.PngImagePlugin - STREAM b'IHDR' 16 13
2026-09-10 14:28:39,964 - DEBUG - PIL.PngImagePlugin - STREAM b'IDAT' 41 56615
2026-09-10 14:28:39,969 - DEBUG - PIL.PngImagePlugin - STREAM b'IHDR' 16 13
2026-09-10 14:28:39,969 - DEBUG - PIL.PngImagePlugin - STREAM b'IDAT' 41 57598
2026-09-10 14:28:40,018 - DEBUG - PIL.PngImagePlugin - STREAM b'IHDR' 16 13
2026-09-10 14:28:40,018 - DEBUG - PIL.PngImagePlugin - STREAM b'IDAT' 41 62450
2026-09-10 14:28:56,505 - DEBUG - PIL.PngImagePlugin - STREAM b'IHDR' 16 13
2026-09-10 14:28:56,505 - DEBUG - PIL.PngImagePlugin - STREAM b'IDAT' 41 65536
2026-09-10 14:28:57,661 - DEBUG - PIL.PngImagePlugin - STREAM b'IHDR' 16 13
2026-09-10 14:28:57,661 - DEBUG - PIL.PngImagePlugin - STREAM b'IDAT' 41 58612
2026-09-10 14:28:58,539 - DEBUG - PIL.PngImagePlugin - STREAM b'IHDR' 16 13
2026-09-10 14:28:58,539 - DEBUG - PIL.PngImagePlugin - STREAM b'IDAT' 41 65536
2026-09-10 14:28:59,300 - DEBUG - PIL.PngImagePlugin - STREAM b'IHDR' 16 13
2026-09-10 14:28:59,300 - DEBUG - PIL.PngImagePlugin - STREAM b'IDAT' 41 58612
2026-09-10 14:28:59,970 - DEBUG - PIL.PngImagePlugin - STREAM b'IHDR' 16 13
2026-09-10 14:28:59,970 - DEBUG - PIL.PngImagePlugin - STREAM b'IDAT' 41 65536
2026-09-10 14:29:03,164 - INFO - KGameTracker - ℹ️  ==================================================
2026-09-10 14:29:03,164 - INFO - KGameTracker - ℹ️  K GAME TRACKER - CERRADA
2026-09-10 14:29:03,164 - INFO - KGameTracker - ℹ️  ==================================================
2026-09-10 14:51:42,209 - INFO - KGameTracker - ℹ️  ==================================================
2026-09-10 14:51:42,210 - INFO - KGameTracker - ℹ️  K GAME TRACKER - INICIADA
2026-09-10 14:51:42,210 - INFO - KGameTracker - ℹ️  ==================================================
2026-09-10 14:51:42,341 - DEBUG - PIL.Image - Importing PngImagePlugin
2026-09-10 14:51:42,351 - DEBUG - PIL.PngImagePlugin - STREAM b'IHDR' 16 13
2026-09-10 14:51:42,351 - DEBUG - PIL.PngImagePlugin - STREAM b'IDAT' 41 65536
2026-09-10 14:51:44,807 - DEBUG - PIL.PngImagePlugin - STREAM b'IHDR' 16 13
2026-09-10 14:51:44,808 - DEBUG - PIL.PngImagePlugin - STREAM b'IDAT' 41 65536
2026-09-10 14:51:44,840 - DEBUG - PIL.PngImagePlugin - STREAM b'IHDR' 16 13
2026-09-10 14:51:44,840 - DEBUG - PIL.PngImagePlugin - STREAM b'IDAT' 41 53758
2026-09-10 14:51:44,844 - DEBUG - PIL.PngImagePlugin - STREAM b'IHDR' 16 13
2026-09-10 14:51:44,844 - DEBUG - PIL.PngImagePlugin - STREAM b'IDAT' 41 32768
2026-09-10 14:51:44,851 - DEBUG - PIL.PngImagePlugin - STREAM b'IHDR' 16 13
2026-09-10 14:51:44,851 - DEBUG - PIL.PngImagePlugin - STREAM b'IDAT' 41 65536
2026-09-10 14:51:44,854 - DEBUG - PIL.PngImagePlugin - STREAM b'IHDR' 16 13
2026-09-10 14:51:44,854 - DEBUG - PIL.PngImagePlugin - STREAM b'IDAT' 41 65536
2026-09-10 14:51:44,858 - DEBUG - PIL.PngImagePlugin - STREAM b'IHDR' 16 13
2026-09-10 14:51:44,858 - DEBUG - PIL.PngImagePlugin - STREAM b'IDAT' 41 54958
2026-09-10 14:51:44,862 - DEBUG - PIL.PngImagePlugin - STREAM b'IHDR' 16 13
2026-09-10 14:51:44,862 - DEBUG - PIL.PngImagePlugin - STREAM b'IDAT' 41 54668
2026-09-10 14:51:44,866 - DEBUG - PIL.PngImagePlugin - STREAM b'IHDR' 16 13
2026-09-10 14:51:44,866 - DEBUG - PIL.PngImagePlugin - STREAM b'IDAT' 41 50455
2026-09-10 14:51:44,870 - DEBUG - PIL.PngImagePlugin - STREAM b'IHDR' 16 13
2026-09-10 14:51:44,870 - DEBUG - PIL.PngImagePlugin - STREAM b'IDAT' 41 49252
2026-09-10 14:51:44,874 - DEBUG - PIL.PngImagePlugin - STREAM b'IHDR' 16 13
2026-09-10 14:51:44,874 - DEBUG - PIL.PngImagePlugin - STREAM b'IDAT' 41 55682
2026-09-10 14:51:44,878 - DEBUG - PIL.PngImagePlugin - STREAM b'IHDR' 16 13
2026-09-10 14:51:47,082 - DEBUG - PIL.PngImagePlugin - STREAM b'IDAT' 41 57887
2026-09-10 14:51:47,086 - DEBUG - PIL.PngImagePlugin - STREAM b'IHDR' 16 13
2026-09-10 14:51:47,086 - DEBUG - PIL.PngImagePlugin - STREAM b'IDAT' 41 47281
2026-09-10 14:51:47,090 - DEBUG - PIL.PngImagePlugin - STREAM b'IHDR' 16 13
2026-09-10 14:51:47,090 - DEBUG - PIL.PngImagePlugin - STREAM b'IDAT' 41 56615
2026-09-10 14:51:47,094 - DEBUG - PIL.PngImagePlugin - STREAM b'IHDR' 16 13
2026-09-10 14:51:47,094 - DEBUG - PIL.PngImagePlugin - STREAM b'IDAT' 41 57598
2026-09-10 14:51:47,120 - DEBUG - PIL.PngImagePlugin - STREAM b'IHDR' 16 13
2026-09-10 14:51:47,120 - DEBUG - PIL.PngImagePlugin - STREAM b'IDAT' 41 62450
2026-09-10 14:51:52,770 - INFO - KGameTracker - ℹ️  ==================================================
2026-09-10 14:51:52,771 - INFO - KGameTracker - ℹ️  K GAME TRACKER - CERRADA
2026-09-10 14:51:52,771 - INFO - KGameTracker - ℹ️  ==================================================
2026-09-10 14:51:58,791 - INFO - KGameTracker - ℹ️  ==================================================
2026-09-10 14:51:58,792 - INFO - KGameTracker - ℹ️  K GAME TRACKER - INICIADA
2026-09-10 14:51:58,792 - INFO - KGameTracker - ℹ️  ==================================================
2026-09-10 14:51:58,921 - DEBUG - PIL.Image - Importing PngImagePlugin
2026-09-10 14:51:58,931 - DEBUG - PIL.PngImagePlugin - STREAM b'IHDR' 16 13
2026-09-10 14:51:58,931 - DEBUG - PIL.PngImagePlugin - STREAM b'IDAT' 41 65536
2026-09-10 14:52:01,396 - DEBUG - PIL.PngImagePlugin - STREAM b'IHDR' 16 13
2026-09-10 14:52:01,397 - DEBUG - PIL.PngImagePlugin - STREAM b'IDAT' 41 65536
2026-09-10 14:52:01,429 - DEBUG - PIL.PngImagePlugin - STREAM b'IHDR' 16 13
2026-09-10 14:52:01,429 - DEBUG - PIL.PngImagePlugin - STREAM b'IDAT' 41 53758
2026-09-10 14:52:01,432 - DEBUG - PIL.PngImagePlugin - STREAM b'IHDR' 16 13
2026-09-10 14:52:01,433 - DEBUG - PIL.PngImagePlugin - STREAM b'IDAT' 41 32768
2026-09-10 14:52:01,439 - DEBUG - PIL.PngImagePlugin - STREAM b'IHDR' 16 13
2026-09-10 14:52:01,439 - DEBUG - PIL.PngImagePlugin - STREAM b'IDAT' 41 65536
2026-09-10 14:52:01,443 - DEBUG - PIL.PngImagePlugin - STREAM b'IHDR' 16 13
2026-09-10 14:52:01,443 - DEBUG - PIL.PngImagePlugin - STREAM b'IDAT' 41 65536
2026-09-10 14:52:01,446 - DEBUG - PIL.PngImagePlugin - STREAM b'IHDR' 16 13
2026-09-10 14:52:01,446 - DEBUG - PIL.PngImagePlugin - STREAM b'IDAT' 41 54958
2026-09-10 14:52:01,451 - DEBUG - PIL.PngImagePlugin - STREAM b'IHDR' 16 13
2026-09-10 14:52:01,451 - DEBUG - PIL.PngImagePlugin - STREAM b'IDAT' 41 54668
2026-09-10 14:52:01,454 - DEBUG - PIL.PngImagePlugin - STREAM b'IHDR' 16 13
2026-09-10 14:52:01,455 - DEBUG - PIL.PngImagePlugin - STREAM b'IDAT' 41 50455
2026-09-10 14:52:01,459 - DEBUG - PIL.PngImagePlugin - STREAM b'IHDR' 16 13
2026-09-10 14:52:01,459 - DEBUG - PIL.PngImagePlugin - STREAM b'IDAT' 41 49252
2026-09-10 14:52:01,462 - DEBUG - PIL.PngImagePlugin - STREAM b'IHDR' 16 13
2026-09-10 14:52:01,463 - DEBUG - PIL.PngImagePlugin - STREAM b'IDAT' 41 55682
2026-09-10 14:52:01,466 - DEBUG - PIL.PngImagePlugin - STREAM b'IHDR' 16 13
2026-09-10 14:52:01,467 - DEBUG - PIL.PngImagePlugin - STREAM b'IDAT' 41 57887
2026-09-10 14:52:01,470 - DEBUG - PIL.PngImagePlugin - STREAM b'IHDR' 16 13
2026-09-10 14:52:01,470 - DEBUG - PIL.PngImagePlugin - STREAM b'IDAT' 41 47281
2026-09-10 14:52:01,474 - DEBUG - PIL.PngImagePlugin - STREAM b'IHDR' 16 13
2026-09-10 14:52:01,474 - DEBUG - PIL.PngImagePlugin - STREAM b'IDAT' 41 56615
2026-09-10 14:52:01,478 - DEBUG - PIL.PngImagePlugin - STREAM b'IHDR' 16 13
2026-09-10 14:52:01,479 - DEBUG - PIL.PngImagePlugin - STREAM b'IDAT' 41 57598
2026-09-10 14:52:01,501 - DEBUG - PIL.PngImagePlugin - STREAM b'IHDR' 16 13
2026-09-10 14:52:01,502 - DEBUG - PIL.PngImagePlugin - STREAM b'IDAT' 41 62450
2026-09-10 14:52:04,609 - DEBUG - urllib3.connectionpool - Starting new HTTPS connection (1): www.gamerpower.com:443
2026-09-10 14:52:04,807 - DEBUG - urllib3.connectionpool - https://www.gamerpower.com:443 "GET /api/giveaways?type=game HTTP/1.1" 200 None
2026-09-10 14:52:05,891 - DEBUG - urllib3.connectionpool - Starting new HTTPS connection (1): www.gamerpower.com:443
2026-09-10 14:52:06,006 - DEBUG - urllib3.connectionpool - https://www.gamerpower.com:443 "GET /api/giveaways?type=game HTTP/1.1" 200 None
2026-09-10 14:52:12,212 - DEBUG - PIL.PngImagePlugin - STREAM b'IHDR' 16 13
2026-09-10 14:52:12,212 - DEBUG - PIL.PngImagePlugin - STREAM b'IDAT' 41 65536
2026-09-10 14:52:14,337 - DEBUG - PIL.PngImagePlugin - STREAM b'IHDR' 16 13
2026-09-10 14:52:14,337 - DEBUG - PIL.PngImagePlugin - STREAM b'IDAT' 41 58612
2026-09-10 14:52:16,454 - INFO - KGameTracker - ℹ️  ==================================================
2026-09-10 14:52:16,454 - INFO - KGameTracker - ℹ️  K GAME TRACKER - CERRADA
2026-09-10 14:52:16,454 - INFO - KGameTracker - ℹ️  ==================================================
2026-09-10 15:00:11,586 - INFO - KGameTracker - ℹ️  ==================================================
2026-09-10 15:00:11,586 - INFO - KGameTracker - ℹ️  K GAME TRACKER - INICIADA
2026-09-10 15:00:11,586 - INFO - KGameTracker - ℹ️  ==================================================
2026-09-10 15:00:11,728 - DEBUG - PIL.Image - Importing PngImagePlugin
2026-09-10 15:00:11,737 - DEBUG - PIL.PngImagePlugin - STREAM b'IHDR' 16 13
2026-09-10 15:00:11,737 - DEBUG - PIL.PngImagePlugin - STREAM b'IDAT' 41 65536
2026-09-10 15:00:14,142 - DEBUG - PIL.PngImagePlugin - STREAM b'IHDR' 16 13
2026-09-10 15:00:14,142 - DEBUG - PIL.PngImagePlugin - STREAM b'IDAT' 41 65536
2026-09-10 15:00:14,174 - DEBUG - PIL.PngImagePlugin - STREAM b'IHDR' 16 13
2026-09-10 15:00:14,175 - DEBUG - PIL.PngImagePlugin - STREAM b'IDAT' 41 53758
2026-09-10 15:00:14,179 - DEBUG - PIL.PngImagePlugin - STREAM b'IHDR' 16 13
2026-09-10 15:00:14,179 - DEBUG - PIL.PngImagePlugin - STREAM b'IDAT' 41 32768
2026-09-10 15:00:14,186 - DEBUG - PIL.PngImagePlugin - STREAM b'IHDR' 16 13
2026-09-10 15:00:14,186 - DEBUG - PIL.PngImagePlugin - STREAM b'IDAT' 41 65536
2026-09-10 15:00:14,189 - DEBUG - PIL.PngImagePlugin - STREAM b'IHDR' 16 13
2026-09-10 15:00:14,190 - DEBUG - PIL.PngImagePlugin - STREAM b'IDAT' 41 65536
2026-09-10 15:00:14,193 - DEBUG - PIL.PngImagePlugin - STREAM b'IHDR' 16 13
2026-09-10 15:00:14,193 - DEBUG - PIL.PngImagePlugin - STREAM b'IDAT' 41 54958
2026-09-10 15:00:14,198 - DEBUG - PIL.PngImagePlugin - STREAM b'IHDR' 16 13
2026-09-10 15:00:14,198 - DEBUG - PIL.PngImagePlugin - STREAM b'IDAT' 41 54668
2026-09-10 15:00:14,204 - DEBUG - PIL.PngImagePlugin - STREAM b'IHDR' 16 13
2026-09-10 15:00:14,204 - DEBUG - PIL.PngImagePlugin - STREAM b'IDAT' 41 50455
2026-09-10 15:00:14,209 - DEBUG - PIL.PngImagePlugin - STREAM b'IHDR' 16 13
2026-09-10 15:00:14,209 - DEBUG - PIL.PngImagePlugin - STREAM b'IDAT' 41 49252
2026-09-10 15:00:14,213 - DEBUG - PIL.PngImagePlugin - STREAM b'IHDR' 16 13
2026-09-10 15:00:14,214 - DEBUG - PIL.PngImagePlugin - STREAM b'IDAT' 41 55682
2026-09-10 15:00:14,219 - DEBUG - PIL.PngImagePlugin - STREAM b'IHDR' 16 13
2026-09-10 15:00:14,219 - DEBUG - PIL.PngImagePlugin - STREAM b'IDAT' 41 57887
2026-09-10 15:00:14,223 - DEBUG - PIL.PngImagePlugin - STREAM b'IHDR' 16 13
2026-09-10 15:00:14,223 - DEBUG - PIL.PngImagePlugin - STREAM b'IDAT' 41 47281
2026-09-10 15:00:14,227 - DEBUG - PIL.PngImagePlugin - STREAM b'IHDR' 16 13
2026-09-10 15:00:14,228 - DEBUG - PIL.PngImagePlugin - STREAM b'IDAT' 41 56615
2026-09-10 15:00:14,232 - DEBUG - PIL.PngImagePlugin - STREAM b'IHDR' 16 13
2026-09-10 15:00:14,233 - DEBUG - PIL.PngImagePlugin - STREAM b'IDAT' 41 57598
2026-09-10 15:00:14,280 - DEBUG - PIL.PngImagePlugin - STREAM b'IHDR' 16 13
2026-09-10 15:00:14,280 - DEBUG - PIL.PngImagePlugin - STREAM b'IDAT' 41 62450
2026-09-10 15:04:49,862 - DEBUG - PIL.PngImagePlugin - STREAM b'IHDR' 16 13
2026-09-10 15:04:49,863 - DEBUG - PIL.PngImagePlugin - STREAM b'IDAT' 41 65536
2026-09-10 15:35:44,639 - DEBUG - urllib3.connectionpool - Starting new HTTPS connection (1): www.gamerpower.com:443
2026-09-10 15:35:44,883 - DEBUG - urllib3.connectionpool - https://www.gamerpower.com:443 "GET /api/giveaways?type=game HTTP/1.1" 200 None
2026-09-10 15:35:48,800 - DEBUG - PIL.PngImagePlugin - STREAM b'IHDR' 16 13
2026-09-10 15:35:48,800 - DEBUG - PIL.PngImagePlugin - STREAM b'IDAT' 41 28109
2026-09-10 15:35:48,925 - DEBUG - PIL.PngImagePlugin - STREAM b'IHDR' 16 13
2026-09-10 15:35:48,926 - DEBUG - PIL.PngImagePlugin - STREAM b'IDAT' 41 54256
2026-09-10 15:35:51,078 - DEBUG - PIL.PngImagePlugin - STREAM b'IHDR' 16 13
2026-09-10 15:35:51,078 - DEBUG - PIL.PngImagePlugin - STREAM b'IDAT' 41 54256
2026-09-10 15:35:53,016 - INFO - KGameTracker - ℹ️  ==================================================
2026-09-10 15:35:53,016 - INFO - KGameTracker - ℹ️  K GAME TRACKER - CERRADA
2026-09-10 15:35:53,016 - INFO - KGameTracker - ℹ️  ==================================================
2026-09-10 15:37:48,688 - INFO - KGameTracker - ℹ️  ==================================================
2026-09-10 15:37:48,688 - INFO - KGameTracker - ℹ️  K GAME TRACKER - INICIADA
2026-09-10 15:37:48,688 - INFO - KGameTracker - ℹ️  ==================================================
2026-09-10 15:37:48,864 - DEBUG - PIL.Image - Importing PngImagePlugin
2026-09-10 15:37:48,875 - DEBUG - PIL.PngImagePlugin - STREAM b'IHDR' 16 13
2026-09-10 15:37:48,875 - DEBUG - PIL.PngImagePlugin - STREAM b'IDAT' 41 65536
2026-09-10 15:37:51,352 - DEBUG - PIL.PngImagePlugin - STREAM b'IHDR' 16 13
2026-09-10 15:37:51,352 - DEBUG - PIL.PngImagePlugin - STREAM b'IDAT' 41 65536
2026-09-10 15:37:51,408 - DEBUG - PIL.PngImagePlugin - STREAM b'IHDR' 16 13
2026-09-10 15:37:51,408 - DEBUG - PIL.PngImagePlugin - STREAM b'IDAT' 41 53758
2026-09-10 15:37:51,420 - DEBUG - PIL.PngImagePlugin - STREAM b'IHDR' 16 13
2026-09-10 15:37:51,420 - DEBUG - PIL.PngImagePlugin - STREAM b'IDAT' 41 32768
2026-09-10 15:37:51,440 - DEBUG - PIL.PngImagePlugin - STREAM b'IHDR' 16 13
2026-09-10 15:37:51,440 - DEBUG - PIL.PngImagePlugin - STREAM b'IDAT' 41 65536
2026-09-10 15:37:51,464 - DEBUG - PIL.PngImagePlugin - STREAM b'IHDR' 16 13
2026-09-10 15:37:51,464 - DEBUG - PIL.PngImagePlugin - STREAM b'IDAT' 41 65536
2026-09-10 15:37:51,481 - DEBUG - PIL.PngImagePlugin - STREAM b'IHDR' 16 13
2026-09-10 15:37:51,481 - DEBUG - PIL.PngImagePlugin - STREAM b'IDAT' 41 54958
2026-09-10 15:37:51,490 - DEBUG - PIL.PngImagePlugin - STREAM b'IHDR' 16 13
2026-09-10 15:37:51,490 - DEBUG - PIL.PngImagePlugin - STREAM b'IDAT' 41 54668
2026-09-10 15:37:51,499 - DEBUG - PIL.PngImagePlugin - STREAM b'IHDR' 16 13
2026-09-10 15:37:51,499 - DEBUG - PIL.PngImagePlugin - STREAM b'IDAT' 41 50455
2026-09-10 15:37:51,508 - DEBUG - PIL.PngImagePlugin - STREAM b'IHDR' 16 13
2026-09-10 15:37:51,509 - DEBUG - PIL.PngImagePlugin - STREAM b'IDAT' 41 49252
2026-09-10 15:37:51,518 - DEBUG - PIL.PngImagePlugin - STREAM b'IHDR' 16 13
2026-09-10 15:37:51,518 - DEBUG - PIL.PngImagePlugin - STREAM b'IDAT' 41 55682
2026-09-10 15:37:51,529 - DEBUG - PIL.PngImagePlugin - STREAM b'IHDR' 16 13
2026-09-10 15:37:51,529 - DEBUG - PIL.PngImagePlugin - STREAM b'IDAT' 41 57887
2026-09-10 15:37:51,538 - DEBUG - PIL.PngImagePlugin - STREAM b'IHDR' 16 13
2026-09-10 15:37:51,538 - DEBUG - PIL.PngImagePlugin - STREAM b'IDAT' 41 47281
2026-09-10 15:37:51,547 - DEBUG - PIL.PngImagePlugin - STREAM b'IHDR' 16 13
2026-09-10 15:37:51,548 - DEBUG - PIL.PngImagePlugin - STREAM b'IDAT' 41 56615
2026-09-10 15:37:51,556 - DEBUG - PIL.PngImagePlugin - STREAM b'IHDR' 16 13
2026-09-10 15:37:51,556 - DEBUG - PIL.PngImagePlugin - STREAM b'IDAT' 41 57598
2026-09-10 15:37:51,585 - DEBUG - PIL.PngImagePlugin - STREAM b'IHDR' 16 13
2026-09-10 15:37:51,585 - DEBUG - PIL.PngImagePlugin - STREAM b'IDAT' 41 62450
2026-09-10 15:37:55,328 - DEBUG - urllib3.connectionpool - Starting new HTTPS connection (1): www.gamerpower.com:443
2026-09-10 15:37:55,517 - DEBUG - urllib3.connectionpool - https://www.gamerpower.com:443 "GET /api/giveaways?type=game HTTP/1.1" 200 None
2026-09-10 15:37:56,367 - DEBUG - PIL.PngImagePlugin - STREAM b'IHDR' 16 13
2026-09-10 15:37:56,368 - DEBUG - PIL.PngImagePlugin - STREAM b'IDAT' 41 28109
2026-09-10 15:37:56,371 - DEBUG - PIL.PngImagePlugin - STREAM b'IHDR' 16 13
2026-09-10 15:37:56,371 - DEBUG - PIL.PngImagePlugin - STREAM b'IDAT' 41 54256
2026-09-10 15:37:56,895 - DEBUG - PIL.PngImagePlugin - STREAM b'IHDR' 16 13
2026-09-10 15:37:56,896 - DEBUG - PIL.PngImagePlugin - STREAM b'IDAT' 41 39888
2026-09-10 15:37:56,898 - DEBUG - PIL.PngImagePlugin - STREAM b'IHDR' 16 13
2026-09-10 15:37:56,899 - DEBUG - PIL.PngImagePlugin - STREAM b'IDAT' 41 54256
2026-09-10 15:37:57,287 - DEBUG - PIL.PngImagePlugin - STREAM b'IHDR' 16 13
2026-09-10 15:37:57,287 - DEBUG - PIL.PngImagePlugin - STREAM b'IDAT' 41 27080
2026-09-10 15:37:57,290 - DEBUG - PIL.PngImagePlugin - STREAM b'IHDR' 16 13
2026-09-10 15:37:57,290 - DEBUG - PIL.PngImagePlugin - STREAM b'IDAT' 41 54256
2026-09-10 15:37:57,984 - DEBUG - urllib3.connectionpool - Starting new HTTPS connection (1): www.gamerpower.com:443
2026-09-10 15:37:58,077 - DEBUG - urllib3.connectionpool - https://www.gamerpower.com:443 "GET /offers/1b/6aa2ad0a69420.jpg HTTP/1.1" 200 37208
2026-09-10 15:37:58,107 - DEBUG - PIL.PngImagePlugin - STREAM b'IHDR' 16 13
2026-09-10 15:37:58,107 - DEBUG - PIL.PngImagePlugin - STREAM b'IDAT' 41 54256
2026-09-10 15:37:58,120 - DEBUG - PIL.PngImagePlugin - STREAM b'IHDR' 16 13
2026-09-10 15:37:58,120 - DEBUG - PIL.PngImagePlugin - STREAM b'IDAT' 41 25974
2026-09-10 15:37:58,124 - DEBUG - PIL.PngImagePlugin - STREAM b'IHDR' 16 13
2026-09-10 15:37:58,124 - DEBUG - PIL.PngImagePlugin - STREAM b'IDAT' 41 54256
2026-09-10 15:37:58,135 - DEBUG - PIL.PngImagePlugin - STREAM b'IHDR' 16 13
2026-09-10 15:37:58,135 - DEBUG - PIL.PngImagePlugin - STREAM b'IDAT' 41 34708
2026-09-10 15:37:58,138 - DEBUG - PIL.PngImagePlugin - STREAM b'IHDR' 16 13
2026-09-10 15:37:58,138 - DEBUG - PIL.PngImagePlugin - STREAM b'IDAT' 41 54256
2026-09-10 15:37:58,174 - DEBUG - PIL.PngImagePlugin - STREAM b'IHDR' 16 13
2026-09-10 15:37:58,174 - DEBUG - PIL.PngImagePlugin - STREAM b'IDAT' 41 18362
2026-09-10 15:37:58,176 - DEBUG - PIL.PngImagePlugin - STREAM b'IHDR' 16 13
2026-09-10 15:37:58,177 - DEBUG - PIL.PngImagePlugin - STREAM b'IDAT' 41 54256
2026-09-10 15:37:58,187 - DEBUG - PIL.PngImagePlugin - STREAM b'IHDR' 16 13
2026-09-10 15:37:58,187 - DEBUG - PIL.PngImagePlugin - STREAM b'IDAT' 41 29049
2026-09-10 15:37:58,189 - DEBUG - PIL.PngImagePlugin - STREAM b'IHDR' 16 13
2026-09-10 15:37:58,189 - DEBUG - PIL.PngImagePlugin - STREAM b'IDAT' 41 54256
2026-09-10 15:37:58,200 - DEBUG - PIL.PngImagePlugin - STREAM b'IHDR' 16 13
2026-09-10 15:37:58,200 - DEBUG - PIL.PngImagePlugin - STREAM b'IDAT' 41 28605
2026-09-10 15:37:58,203 - DEBUG - PIL.PngImagePlugin - STREAM b'IHDR' 16 13
2026-09-10 15:37:58,203 - DEBUG - PIL.PngImagePlugin - STREAM b'IDAT' 41 54256
2026-09-10 15:37:58,214 - DEBUG - PIL.PngImagePlugin - STREAM b'IHDR' 16 13
2026-09-10 15:37:58,214 - DEBUG - PIL.PngImagePlugin - STREAM b'IDAT' 41 42457
2026-09-10 15:37:58,217 - DEBUG - PIL.PngImagePlugin - STREAM b'IHDR' 16 13
2026-09-10 15:37:58,219 - DEBUG - PIL.PngImagePlugin - STREAM b'IDAT' 41 54256
2026-09-10 15:38:03,402 - INFO - KGameTracker - ℹ️  ==================================================
2026-09-10 15:38:03,402 - INFO - KGameTracker - ℹ️  K GAME TRACKER - CERRADA
2026-09-10 15:38:03,402 - INFO - KGameTracker - ℹ️  ==================================================
2026-09-10 15:47:59,323 - INFO - KGameTracker - ℹ️  ==================================================
2026-09-10 15:47:59,323 - INFO - KGameTracker - ℹ️  K GAME TRACKER - INICIADA
2026-09-10 15:47:59,323 - INFO - KGameTracker - ℹ️  ==================================================
2026-09-10 15:47:59,441 - DEBUG - PIL.Image - Importing PngImagePlugin
2026-09-10 15:47:59,449 - DEBUG - PIL.PngImagePlugin - STREAM b'IHDR' 16 13
2026-09-10 15:47:59,449 - DEBUG - PIL.PngImagePlugin - STREAM b'IDAT' 41 65536
2026-09-10 15:48:01,878 - DEBUG - PIL.PngImagePlugin - STREAM b'IHDR' 16 13
2026-09-10 15:48:01,878 - DEBUG - PIL.PngImagePlugin - STREAM b'IDAT' 41 65536
2026-09-10 15:48:01,908 - DEBUG - PIL.PngImagePlugin - STREAM b'IHDR' 16 13
2026-09-10 15:48:01,908 - DEBUG - PIL.PngImagePlugin - STREAM b'IDAT' 41 53758
2026-09-10 15:48:01,912 - DEBUG - PIL.PngImagePlugin - STREAM b'IHDR' 16 13
2026-09-10 15:48:01,913 - DEBUG - PIL.PngImagePlugin - STREAM b'IDAT' 41 32768
2026-09-10 15:48:01,918 - DEBUG - PIL.PngImagePlugin - STREAM b'IHDR' 16 13
2026-09-10 15:48:01,919 - DEBUG - PIL.PngImagePlugin - STREAM b'IDAT' 41 65536
2026-09-10 15:48:01,922 - DEBUG - PIL.PngImagePlugin - STREAM b'IHDR' 16 13
2026-09-10 15:48:01,922 - DEBUG - PIL.PngImagePlugin - STREAM b'IDAT' 41 65536
2026-09-10 15:48:01,926 - DEBUG - PIL.PngImagePlugin - STREAM b'IHDR' 16 13
2026-09-10 15:48:01,926 - DEBUG - PIL.PngImagePlugin - STREAM b'IDAT' 41 54958
2026-09-10 15:48:01,930 - DEBUG - PIL.PngImagePlugin - STREAM b'IHDR' 16 13
2026-09-10 15:48:01,930 - DEBUG - PIL.PngImagePlugin - STREAM b'IDAT' 41 54668
2026-09-10 15:48:01,934 - DEBUG - PIL.PngImagePlugin - STREAM b'IHDR' 16 13
2026-09-10 15:48:01,934 - DEBUG - PIL.PngImagePlugin - STREAM b'IDAT' 41 50455
2026-09-10 15:48:01,938 - DEBUG - PIL.PngImagePlugin - STREAM b'IHDR' 16 13
2026-09-10 15:48:01,938 - DEBUG - PIL.PngImagePlugin - STREAM b'IDAT' 41 49252
2026-09-10 15:48:01,942 - DEBUG - PIL.PngImagePlugin - STREAM b'IHDR' 16 13
2026-09-10 15:48:01,943 - DEBUG - PIL.PngImagePlugin - STREAM b'IDAT' 41 55682
2026-09-10 15:48:01,947 - DEBUG - PIL.PngImagePlugin - STREAM b'IHDR' 16 13
2026-09-10 15:48:01,947 - DEBUG - PIL.PngImagePlugin - STREAM b'IDAT' 41 57887
2026-09-10 15:48:01,951 - DEBUG - PIL.PngImagePlugin - STREAM b'IHDR' 16 13
2026-09-10 15:48:01,952 - DEBUG - PIL.PngImagePlugin - STREAM b'IDAT' 41 47281
2026-09-10 15:48:01,956 - DEBUG - PIL.PngImagePlugin - STREAM b'IHDR' 16 13
2026-09-10 15:48:01,956 - DEBUG - PIL.PngImagePlugin - STREAM b'IDAT' 41 56615
2026-09-10 15:48:01,960 - DEBUG - PIL.PngImagePlugin - STREAM b'IHDR' 16 13
2026-09-10 15:48:01,960 - DEBUG - PIL.PngImagePlugin - STREAM b'IDAT' 41 57598
2026-09-10 15:48:01,983 - DEBUG - PIL.PngImagePlugin - STREAM b'IHDR' 16 13
2026-09-10 15:48:01,983 - DEBUG - PIL.PngImagePlugin - STREAM b'IDAT' 41 62450
2026-09-10 15:48:06,207 - DEBUG - urllib3.connectionpool - Starting new HTTPS connection (1): www.gamerpower.com:443
2026-09-10 15:48:06,424 - DEBUG - urllib3.connectionpool - https://www.gamerpower.com:443 "GET /api/giveaways?type=game HTTP/1.1" 200 None
2026-09-10 15:48:08,489 - INFO - KGameTracker - ℹ️  ==================================================
2026-09-10 15:48:08,489 - INFO - KGameTracker - ℹ️  K GAME TRACKER - CERRADA
2026-09-10 15:48:08,489 - INFO - KGameTracker - ℹ️  ==================================================
2026-09-10 15:48:22,891 - INFO - KGameTracker - ℹ️  ==================================================
2026-09-10 15:48:22,891 - INFO - KGameTracker - ℹ️  K GAME TRACKER - INICIADA
2026-09-10 15:48:22,891 - INFO - KGameTracker - ℹ️  ==================================================
2026-09-10 15:48:23,011 - DEBUG - PIL.Image - Importing PngImagePlugin
2026-09-10 15:48:23,019 - DEBUG - PIL.PngImagePlugin - STREAM b'IHDR' 16 13
2026-09-10 15:48:23,019 - DEBUG - PIL.PngImagePlugin - STREAM b'IDAT' 41 65536
2026-09-10 15:48:25,416 - DEBUG - PIL.PngImagePlugin - STREAM b'IHDR' 16 13
2026-09-10 15:48:25,417 - DEBUG - PIL.PngImagePlugin - STREAM b'IDAT' 41 65536
2026-09-10 15:48:25,447 - DEBUG - PIL.PngImagePlugin - STREAM b'IHDR' 16 13
2026-09-10 15:48:25,447 - DEBUG - PIL.PngImagePlugin - STREAM b'IDAT' 41 53758
2026-09-10 15:48:25,452 - DEBUG - PIL.PngImagePlugin - STREAM b'IHDR' 16 13
2026-09-10 15:48:25,452 - DEBUG - PIL.PngImagePlugin - STREAM b'IDAT' 41 32768
2026-09-10 15:48:25,459 - DEBUG - PIL.PngImagePlugin - STREAM b'IHDR' 16 13
2026-09-10 15:48:25,459 - DEBUG - PIL.PngImagePlugin - STREAM b'IDAT' 41 65536
2026-09-10 15:48:25,462 - DEBUG - PIL.PngImagePlugin - STREAM b'IHDR' 16 13
2026-09-10 15:48:25,462 - DEBUG - PIL.PngImagePlugin - STREAM b'IDAT' 41 65536
2026-09-10 15:48:25,465 - DEBUG - PIL.PngImagePlugin - STREAM b'IHDR' 16 13
2026-09-10 15:48:25,465 - DEBUG - PIL.PngImagePlugin - STREAM b'IDAT' 41 54958
2026-09-10 15:48:25,470 - DEBUG - PIL.PngImagePlugin - STREAM b'IHDR' 16 13
2026-09-10 15:48:25,470 - DEBUG - PIL.PngImagePlugin - STREAM b'IDAT' 41 54668
2026-09-10 15:48:25,474 - DEBUG - PIL.PngImagePlugin - STREAM b'IHDR' 16 13
2026-09-10 15:48:25,475 - DEBUG - PIL.PngImagePlugin - STREAM b'IDAT' 41 50455
2026-09-10 15:48:25,479 - DEBUG - PIL.PngImagePlugin - STREAM b'IHDR' 16 13
2026-09-10 15:48:25,479 - DEBUG - PIL.PngImagePlugin - STREAM b'IDAT' 41 49252
2026-09-10 15:48:25,483 - DEBUG - PIL.PngImagePlugin - STREAM b'IHDR' 16 13
2026-09-10 15:48:25,483 - DEBUG - PIL.PngImagePlugin - STREAM b'IDAT' 41 55682
2026-09-10 15:48:25,487 - DEBUG - PIL.PngImagePlugin - STREAM b'IHDR' 16 13
2026-09-10 15:48:25,487 - DEBUG - PIL.PngImagePlugin - STREAM b'IDAT' 41 57887
2026-09-10 15:48:25,491 - DEBUG - PIL.PngImagePlugin - STREAM b'IHDR' 16 13
2026-09-10 15:48:25,491 - DEBUG - PIL.PngImagePlugin - STREAM b'IDAT' 41 47281
2026-09-10 15:48:25,495 - DEBUG - PIL.PngImagePlugin - STREAM b'IHDR' 16 13
2026-09-10 15:48:25,495 - DEBUG - PIL.PngImagePlugin - STREAM b'IDAT' 41 56615
2026-09-10 15:48:25,499 - DEBUG - PIL.PngImagePlugin - STREAM b'IHDR' 16 13
2026-09-10 15:48:25,499 - DEBUG - PIL.PngImagePlugin - STREAM b'IDAT' 41 57598
2026-09-10 15:48:25,522 - DEBUG - PIL.PngImagePlugin - STREAM b'IHDR' 16 13
2026-09-10 15:48:25,522 - DEBUG - PIL.PngImagePlugin - STREAM b'IDAT' 41 62450
2026-09-10 15:48:28,536 - DEBUG - PIL.PngImagePlugin - STREAM b'IHDR' 16 13
2026-09-10 15:48:28,536 - DEBUG - PIL.PngImagePlugin - STREAM b'IDAT' 41 65536
2026-09-10 15:48:29,131 - DEBUG - PIL.PngImagePlugin - STREAM b'IHDR' 16 13
2026-09-10 15:48:29,131 - DEBUG - PIL.PngImagePlugin - STREAM b'IDAT' 41 58612
2026-09-10 15:48:29,418 - DEBUG - PIL.PngImagePlugin - STREAM b'IHDR' 16 13
2026-09-10 15:48:29,418 - DEBUG - PIL.PngImagePlugin - STREAM b'IDAT' 41 65536
2026-09-10 15:48:30,529 - DEBUG - PIL.PngImagePlugin - STREAM b'IHDR' 16 13
2026-09-10 15:48:30,529 - DEBUG - PIL.PngImagePlugin - STREAM b'IDAT' 41 58612
2026-09-10 15:48:30,997 - DEBUG - PIL.PngImagePlugin - STREAM b'IHDR' 16 13
2026-09-10 15:48:30,997 - DEBUG - PIL.PngImagePlugin - STREAM b'IDAT' 41 65536
2026-09-10 15:48:31,173 - DEBUG - PIL.PngImagePlugin - STREAM b'IHDR' 16 13
2026-09-10 15:48:31,173 - DEBUG - PIL.PngImagePlugin - STREAM b'IDAT' 41 58612
2026-09-10 15:48:31,320 - DEBUG - PIL.PngImagePlugin - STREAM b'IHDR' 16 13
2026-09-10 15:48:31,320 - DEBUG - PIL.PngImagePlugin - STREAM b'IDAT' 41 65536
2026-09-10 15:48:31,466 - DEBUG - PIL.PngImagePlugin - STREAM b'IHDR' 16 13
2026-09-10 15:48:31,466 - DEBUG - PIL.PngImagePlugin - STREAM b'IDAT' 41 58612
2026-09-10 15:48:31,597 - DEBUG - PIL.PngImagePlugin - STREAM b'IHDR' 16 13
2026-09-10 15:48:31,597 - DEBUG - PIL.PngImagePlugin - STREAM b'IDAT' 41 65536
2026-09-10 15:48:31,718 - DEBUG - PIL.PngImagePlugin - STREAM b'IHDR' 16 13
2026-09-10 15:48:31,718 - DEBUG - PIL.PngImagePlugin - STREAM b'IDAT' 41 58612
2026-09-10 15:48:31,871 - DEBUG - PIL.PngImagePlugin - STREAM b'IHDR' 16 13
2026-09-10 15:48:31,871 - DEBUG - PIL.PngImagePlugin - STREAM b'IDAT' 41 65536
2026-09-10 15:48:32,005 - DEBUG - PIL.PngImagePlugin - STREAM b'IHDR' 16 13
2026-09-10 15:48:32,005 - DEBUG - PIL.PngImagePlugin - STREAM b'IDAT' 41 58612
2026-09-10 15:48:32,153 - DEBUG - PIL.PngImagePlugin - STREAM b'IHDR' 16 13
2026-09-10 15:48:32,154 - DEBUG - PIL.PngImagePlugin - STREAM b'IDAT' 41 65536
2026-09-10 15:48:32,306 - DEBUG - PIL.PngImagePlugin - STREAM b'IHDR' 16 13
2026-09-10 15:48:32,306 - DEBUG - PIL.PngImagePlugin - STREAM b'IDAT' 41 58612
2026-09-10 15:48:32,439 - DEBUG - PIL.PngImagePlugin - STREAM b'IHDR' 16 13
2026-09-10 15:48:32,439 - DEBUG - PIL.PngImagePlugin - STREAM b'IDAT' 41 65536
2026-09-10 15:48:32,565 - DEBUG - PIL.PngImagePlugin - STREAM b'IHDR' 16 13
2026-09-10 15:48:32,565 - DEBUG - PIL.PngImagePlugin - STREAM b'IDAT' 41 58612
2026-09-10 15:48:32,712 - DEBUG - PIL.PngImagePlugin - STREAM b'IHDR' 16 13
2026-09-10 15:48:32,712 - DEBUG - PIL.PngImagePlugin - STREAM b'IDAT' 41 65536
2026-09-10 15:48:32,837 - DEBUG - PIL.PngImagePlugin - STREAM b'IHDR' 16 13
2026-09-10 15:48:32,837 - DEBUG - PIL.PngImagePlugin - STREAM b'IDAT' 41 58612
2026-09-10 15:48:34,083 - DEBUG - PIL.PngImagePlugin - STREAM b'IHDR' 16 13
2026-09-10 15:48:34,084 - DEBUG - PIL.PngImagePlugin - STREAM b'IDAT' 41 65536
2026-09-10 15:48:34,310 - DEBUG - PIL.PngImagePlugin - STREAM b'IHDR' 16 13
2026-09-10 15:48:34,310 - DEBUG - PIL.PngImagePlugin - STREAM b'IDAT' 41 58612
2026-09-10 15:48:34,495 - DEBUG - PIL.PngImagePlugin - STREAM b'IHDR' 16 13
2026-09-10 15:48:34,495 - DEBUG - PIL.PngImagePlugin - STREAM b'IDAT' 41 65536
2026-09-10 15:48:35,391 - INFO - KGameTracker - ℹ️  ==================================================
2026-09-10 15:48:35,391 - INFO - KGameTracker - ℹ️  K GAME TRACKER - CERRADA
2026-09-10 15:48:35,391 - INFO - KGameTracker - ℹ️  ==================================================
2026-09-10 15:49:21,165 - INFO - KGameTracker - ℹ️  ==================================================
2026-09-10 15:49:21,165 - INFO - KGameTracker - ℹ️  K GAME TRACKER - INICIADA
2026-09-10 15:49:21,165 - INFO - KGameTracker - ℹ️  ==================================================
2026-09-10 15:49:21,284 - DEBUG - PIL.Image - Importing PngImagePlugin
2026-09-10 15:49:21,293 - DEBUG - PIL.PngImagePlugin - STREAM b'IHDR' 16 13
2026-09-10 15:49:21,294 - DEBUG - PIL.PngImagePlugin - STREAM b'IDAT' 41 65536
2026-09-10 15:49:23,730 - DEBUG - PIL.PngImagePlugin - STREAM b'IHDR' 16 13
2026-09-10 15:49:23,730 - DEBUG - PIL.PngImagePlugin - STREAM b'IDAT' 41 65536
2026-09-10 15:49:23,762 - DEBUG - PIL.PngImagePlugin - STREAM b'IHDR' 16 13
2026-09-10 15:49:23,762 - DEBUG - PIL.PngImagePlugin - STREAM b'IDAT' 41 53758
2026-09-10 15:49:23,767 - DEBUG - PIL.PngImagePlugin - STREAM b'IHDR' 16 13
2026-09-10 15:49:23,767 - DEBUG - PIL.PngImagePlugin - STREAM b'IDAT' 41 32768
2026-09-10 15:49:23,774 - DEBUG - PIL.PngImagePlugin - STREAM b'IHDR' 16 13
2026-09-10 15:49:23,774 - DEBUG - PIL.PngImagePlugin - STREAM b'IDAT' 41 65536
2026-09-10 15:49:23,777 - DEBUG - PIL.PngImagePlugin - STREAM b'IHDR' 16 13
2026-09-10 15:49:23,778 - DEBUG - PIL.PngImagePlugin - STREAM b'IDAT' 41 65536
2026-09-10 15:49:23,781 - DEBUG - PIL.PngImagePlugin - STREAM b'IHDR' 16 13
2026-09-10 15:49:23,781 - DEBUG - PIL.PngImagePlugin - STREAM b'IDAT' 41 54958
2026-09-10 15:49:23,785 - DEBUG - PIL.PngImagePlugin - STREAM b'IHDR' 16 13
2026-09-10 15:49:23,785 - DEBUG - PIL.PngImagePlugin - STREAM b'IDAT' 41 54668
2026-09-10 15:49:23,789 - DEBUG - PIL.PngImagePlugin - STREAM b'IHDR' 16 13
2026-09-10 15:49:23,789 - DEBUG - PIL.PngImagePlugin - STREAM b'IDAT' 41 50455
2026-09-10 15:49:23,793 - DEBUG - PIL.PngImagePlugin - STREAM b'IHDR' 16 13
2026-09-10 15:49:23,793 - DEBUG - PIL.PngImagePlugin - STREAM b'IDAT' 41 49252
2026-09-10 15:49:23,796 - DEBUG - PIL.PngImagePlugin - STREAM b'IHDR' 16 13
2026-09-10 15:49:23,796 - DEBUG - PIL.PngImagePlugin - STREAM b'IDAT' 41 55682
2026-09-10 15:49:23,800 - DEBUG - PIL.PngImagePlugin - STREAM b'IHDR' 16 13
2026-09-10 15:49:23,801 - DEBUG - PIL.PngImagePlugin - STREAM b'IDAT' 41 57887
2026-09-10 15:49:23,804 - DEBUG - PIL.PngImagePlugin - STREAM b'IHDR' 16 13
2026-09-10 15:49:23,804 - DEBUG - PIL.PngImagePlugin - STREAM b'IDAT' 41 47281
2026-09-10 15:49:23,808 - DEBUG - PIL.PngImagePlugin - STREAM b'IHDR' 16 13
2026-09-10 15:49:23,808 - DEBUG - PIL.PngImagePlugin - STREAM b'IDAT' 41 56615
2026-09-10 15:49:23,811 - DEBUG - PIL.PngImagePlugin - STREAM b'IHDR' 16 13
2026-09-10 15:49:23,811 - DEBUG - PIL.PngImagePlugin - STREAM b'IDAT' 41 57598
2026-09-10 15:49:23,833 - DEBUG - PIL.PngImagePlugin - STREAM b'IHDR' 16 13
2026-09-10 15:49:23,833 - DEBUG - PIL.PngImagePlugin - STREAM b'IDAT' 41 62450
2026-09-10 15:49:24,634 - DEBUG - PIL.PngImagePlugin - STREAM b'IHDR' 16 13
2026-09-10 15:49:24,634 - DEBUG - PIL.PngImagePlugin - STREAM b'IDAT' 41 65536
2026-09-10 15:49:24,659 - DEBUG - PIL.PngImagePlugin - STREAM b'IHDR' 16 13
2026-09-10 15:49:24,659 - DEBUG - PIL.PngImagePlugin - STREAM b'IDAT' 41 53758
2026-09-10 15:49:24,663 - DEBUG - PIL.PngImagePlugin - STREAM b'IHDR' 16 13
2026-09-10 15:49:24,663 - DEBUG - PIL.PngImagePlugin - STREAM b'IDAT' 41 32768
2026-09-10 15:49:24,669 - DEBUG - PIL.PngImagePlugin - STREAM b'IHDR' 16 13
2026-09-10 15:49:24,669 - DEBUG - PIL.PngImagePlugin - STREAM b'IDAT' 41 65536
2026-09-10 15:49:24,672 - DEBUG - PIL.PngImagePlugin - STREAM b'IHDR' 16 13
2026-09-10 15:49:24,672 - DEBUG - PIL.PngImagePlugin - STREAM b'IDAT' 41 58612
2026-09-10 15:49:24,675 - DEBUG - PIL.PngImagePlugin - STREAM b'IHDR' 16 13
2026-09-10 15:49:24,675 - DEBUG - PIL.PngImagePlugin - STREAM b'IDAT' 41 54958
2026-09-10 15:49:24,680 - DEBUG - PIL.PngImagePlugin - STREAM b'IHDR' 16 13
2026-09-10 15:49:24,680 - DEBUG - PIL.PngImagePlugin - STREAM b'IDAT' 41 54668
2026-09-10 15:49:24,684 - DEBUG - PIL.PngImagePlugin - STREAM b'IHDR' 16 13
2026-09-10 15:49:24,684 - DEBUG - PIL.PngImagePlugin - STREAM b'IDAT' 41 50455
2026-09-10 15:49:24,688 - DEBUG - PIL.PngImagePlugin - STREAM b'IHDR' 16 13
2026-09-10 15:49:24,688 - DEBUG - PIL.PngImagePlugin - STREAM b'IDAT' 41 49252
2026-09-10 15:49:24,692 - DEBUG - PIL.PngImagePlugin - STREAM b'IHDR' 16 13
2026-09-10 15:49:24,692 - DEBUG - PIL.PngImagePlugin - STREAM b'IDAT' 41 55682
2026-09-10 15:49:24,696 - DEBUG - PIL.PngImagePlugin - STREAM b'IHDR' 16 13
2026-09-10 15:49:24,696 - DEBUG - PIL.PngImagePlugin - STREAM b'IDAT' 41 57887
2026-09-10 15:49:24,699 - DEBUG - PIL.PngImagePlugin - STREAM b'IHDR' 16 13
2026-09-10 15:49:24,699 - DEBUG - PIL.PngImagePlugin - STREAM b'IDAT' 41 47281
2026-09-10 15:49:24,703 - DEBUG - PIL.PngImagePlugin - STREAM b'IHDR' 16 13
2026-09-10 15:49:24,703 - DEBUG - PIL.PngImagePlugin - STREAM b'IDAT' 41 56615
2026-09-10 15:49:24,706 - DEBUG - PIL.PngImagePlugin - STREAM b'IHDR' 16 13
2026-09-10 15:49:24,706 - DEBUG - PIL.PngImagePlugin - STREAM b'IDAT' 41 57598
2026-09-10 15:49:24,715 - DEBUG - PIL.PngImagePlugin - STREAM b'IHDR' 16 13
2026-09-10 15:49:24,715 - DEBUG - PIL.PngImagePlugin - STREAM b'IDAT' 41 62450
2026-09-10 15:49:24,718 - DEBUG - PIL.PngImagePlugin - STREAM b'IHDR' 16 13
2026-09-10 15:49:24,718 - DEBUG - PIL.PngImagePlugin - STREAM b'IDAT' 41 65536
2026-09-10 15:49:25,104 - DEBUG - PIL.PngImagePlugin - STREAM b'IHDR' 16 13
2026-09-10 15:49:25,104 - DEBUG - PIL.PngImagePlugin - STREAM b'IDAT' 41 65536
2026-09-10 15:49:25,129 - DEBUG - PIL.PngImagePlugin - STREAM b'IHDR' 16 13
2026-09-10 15:49:25,130 - DEBUG - PIL.PngImagePlugin - STREAM b'IDAT' 41 53758
2026-09-10 15:49:25,133 - DEBUG - PIL.PngImagePlugin - STREAM b'IHDR' 16 13
2026-09-10 15:49:25,133 - DEBUG - PIL.PngImagePlugin - STREAM b'IDAT' 41 32768
2026-09-10 15:49:25,139 - DEBUG - PIL.PngImagePlugin - STREAM b'IHDR' 16 13
2026-09-10 15:49:25,139 - DEBUG - PIL.PngImagePlugin - STREAM b'IDAT' 41 65536
2026-09-10 15:49:25,142 - DEBUG - PIL.PngImagePlugin - STREAM b'IHDR' 16 13
2026-09-10 15:49:25,142 - DEBUG - PIL.PngImagePlugin - STREAM b'IDAT' 41 65536
2026-09-10 15:49:25,146 - DEBUG - PIL.PngImagePlugin - STREAM b'IHDR' 16 13
2026-09-10 15:49:25,146 - DEBUG - PIL.PngImagePlugin - STREAM b'IDAT' 41 54958
2026-09-10 15:49:25,150 - DEBUG - PIL.PngImagePlugin - STREAM b'IHDR' 16 13
2026-09-10 15:49:25,150 - DEBUG - PIL.PngImagePlugin - STREAM b'IDAT' 41 54668
2026-09-10 15:49:25,154 - DEBUG - PIL.PngImagePlugin - STREAM b'IHDR' 16 13
2026-09-10 15:49:25,154 - DEBUG - PIL.PngImagePlugin - STREAM b'IDAT' 41 50455
2026-09-10 15:49:25,158 - DEBUG - PIL.PngImagePlugin - STREAM b'IHDR' 16 13
2026-09-10 15:49:25,158 - DEBUG - PIL.PngImagePlugin - STREAM b'IDAT' 41 49252
2026-09-10 15:49:25,162 - DEBUG - PIL.PngImagePlugin - STREAM b'IHDR' 16 13
2026-09-10 15:49:25,162 - DEBUG - PIL.PngImagePlugin - STREAM b'IDAT' 41 55682
2026-09-10 15:49:25,166 - DEBUG - PIL.PngImagePlugin - STREAM b'IHDR' 16 13
2026-09-10 15:49:25,167 - DEBUG - PIL.PngImagePlugin - STREAM b'IDAT' 41 57887
2026-09-10 15:49:25,169 - DEBUG - PIL.PngImagePlugin - STREAM b'IHDR' 16 13
2026-09-10 15:49:25,170 - DEBUG - PIL.PngImagePlugin - STREAM b'IDAT' 41 47281
2026-09-10 15:49:25,173 - DEBUG - PIL.PngImagePlugin - STREAM b'IHDR' 16 13
2026-09-10 15:49:25,174 - DEBUG - PIL.PngImagePlugin - STREAM b'IDAT' 41 56615
2026-09-10 15:49:25,177 - DEBUG - PIL.PngImagePlugin - STREAM b'IHDR' 16 13
2026-09-10 15:49:25,177 - DEBUG - PIL.PngImagePlugin - STREAM b'IDAT' 41 57598
2026-09-10 15:49:25,186 - DEBUG - PIL.PngImagePlugin - STREAM b'IHDR' 16 13
2026-09-10 15:49:25,186 - DEBUG - PIL.PngImagePlugin - STREAM b'IDAT' 41 62450
2026-09-10 15:49:25,189 - DEBUG - PIL.PngImagePlugin - STREAM b'IHDR' 16 13
2026-09-10 15:49:25,189 - DEBUG - PIL.PngImagePlugin - STREAM b'IDAT' 41 58612
2026-09-10 15:49:25,486 - DEBUG - PIL.PngImagePlugin - STREAM b'IHDR' 16 13
2026-09-10 15:49:25,487 - DEBUG - PIL.PngImagePlugin - STREAM b'IDAT' 41 65536
2026-09-10 15:49:25,512 - DEBUG - PIL.PngImagePlugin - STREAM b'IHDR' 16 13
2026-09-10 15:49:25,513 - DEBUG - PIL.PngImagePlugin - STREAM b'IDAT' 41 53758
2026-09-10 15:49:25,516 - DEBUG - PIL.PngImagePlugin - STREAM b'IHDR' 16 13
2026-09-10 15:49:25,516 - DEBUG - PIL.PngImagePlugin - STREAM b'IDAT' 41 32768
2026-09-10 15:49:25,522 - DEBUG - PIL.PngImagePlugin - STREAM b'IHDR' 16 13
2026-09-10 15:49:25,522 - DEBUG - PIL.PngImagePlugin - STREAM b'IDAT' 41 65536
2026-09-10 15:49:25,525 - DEBUG - PIL.PngImagePlugin - STREAM b'IHDR' 16 13
2026-09-10 15:49:25,525 - DEBUG - PIL.PngImagePlugin - STREAM b'IDAT' 41 58612
2026-09-10 15:49:25,528 - DEBUG - PIL.PngImagePlugin - STREAM b'IHDR' 16 13
2026-09-10 15:49:25,528 - DEBUG - PIL.PngImagePlugin - STREAM b'IDAT' 41 54958
2026-09-10 15:49:25,532 - DEBUG - PIL.PngImagePlugin - STREAM b'IHDR' 16 13
2026-09-10 15:49:25,532 - DEBUG - PIL.PngImagePlugin - STREAM b'IDAT' 41 54668
2026-09-10 15:49:25,536 - DEBUG - PIL.PngImagePlugin - STREAM b'IHDR' 16 13
2026-09-10 15:49:25,536 - DEBUG - PIL.PngImagePlugin - STREAM b'IDAT' 41 50455
2026-09-10 15:49:25,539 - DEBUG - PIL.PngImagePlugin - STREAM b'IHDR' 16 13
2026-09-10 15:49:25,540 - DEBUG - PIL.PngImagePlugin - STREAM b'IDAT' 41 49252
2026-09-10 15:49:25,543 - DEBUG - PIL.PngImagePlugin - STREAM b'IHDR' 16 13
2026-09-10 15:49:25,544 - DEBUG - PIL.PngImagePlugin - STREAM b'IDAT' 41 55682
2026-09-10 15:49:25,547 - DEBUG - PIL.PngImagePlugin - STREAM b'IHDR' 16 13
2026-09-10 15:49:25,548 - DEBUG - PIL.PngImagePlugin - STREAM b'IDAT' 41 57887
2026-09-10 15:49:25,551 - DEBUG - PIL.PngImagePlugin - STREAM b'IHDR' 16 13
2026-09-10 15:49:25,552 - DEBUG - PIL.PngImagePlugin - STREAM b'IDAT' 41 47281
2026-09-10 15:49:25,555 - DEBUG - PIL.PngImagePlugin - STREAM b'IHDR' 16 13
2026-09-10 15:49:25,555 - DEBUG - PIL.PngImagePlugin - STREAM b'IDAT' 41 56615
2026-09-10 15:49:25,560 - DEBUG - PIL.PngImagePlugin - STREAM b'IHDR' 16 13
2026-09-10 15:49:25,560 - DEBUG - PIL.PngImagePlugin - STREAM b'IDAT' 41 57598
2026-09-10 15:49:25,569 - DEBUG - PIL.PngImagePlugin - STREAM b'IHDR' 16 13
2026-09-10 15:49:25,569 - DEBUG - PIL.PngImagePlugin - STREAM b'IDAT' 41 62450
2026-09-10 15:49:25,572 - DEBUG - PIL.PngImagePlugin - STREAM b'IHDR' 16 13
2026-09-10 15:49:25,573 - DEBUG - PIL.PngImagePlugin - STREAM b'IDAT' 41 65536
2026-09-10 15:49:26,907 - DEBUG - PIL.PngImagePlugin - STREAM b'IHDR' 16 13
2026-09-10 15:49:26,907 - DEBUG - PIL.PngImagePlugin - STREAM b'IDAT' 41 65536
2026-09-10 15:49:26,931 - DEBUG - PIL.PngImagePlugin - STREAM b'IHDR' 16 13
2026-09-10 15:49:26,932 - DEBUG - PIL.PngImagePlugin - STREAM b'IDAT' 41 53758
2026-09-10 15:49:26,935 - DEBUG - PIL.PngImagePlugin - STREAM b'IHDR' 16 13
2026-09-10 15:49:26,935 - DEBUG - PIL.PngImagePlugin - STREAM b'IDAT' 41 32768
2026-09-10 15:49:26,942 - DEBUG - PIL.PngImagePlugin - STREAM b'IHDR' 16 13
2026-09-10 15:49:26,943 - DEBUG - PIL.PngImagePlugin - STREAM b'IDAT' 41 65536
2026-09-10 15:49:26,946 - DEBUG - PIL.PngImagePlugin - STREAM b'IHDR' 16 13
2026-09-10 15:49:26,946 - DEBUG - PIL.PngImagePlugin - STREAM b'IDAT' 41 65536
2026-09-10 15:49:26,949 - DEBUG - PIL.PngImagePlugin - STREAM b'IHDR' 16 13
2026-09-10 15:49:26,949 - DEBUG - PIL.PngImagePlugin - STREAM b'IDAT' 41 54958
2026-09-10 15:49:26,953 - DEBUG - PIL.PngImagePlugin - STREAM b'IHDR' 16 13
2026-09-10 15:49:26,953 - DEBUG - PIL.PngImagePlugin - STREAM b'IDAT' 41 54668
2026-09-10 15:49:26,957 - DEBUG - PIL.PngImagePlugin - STREAM b'IHDR' 16 13
2026-09-10 15:49:26,958 - DEBUG - PIL.PngImagePlugin - STREAM b'IDAT' 41 50455
2026-09-10 15:49:26,961 - DEBUG - PIL.PngImagePlugin - STREAM b'IHDR' 16 13
2026-09-10 15:49:26,961 - DEBUG - PIL.PngImagePlugin - STREAM b'IDAT' 41 49252
2026-09-10 15:49:26,965 - DEBUG - PIL.PngImagePlugin - STREAM b'IHDR' 16 13
2026-09-10 15:49:26,965 - DEBUG - PIL.PngImagePlugin - STREAM b'IDAT' 41 55682
2026-09-10 15:49:26,969 - DEBUG - PIL.PngImagePlugin - STREAM b'IHDR' 16 13
2026-09-10 15:49:26,969 - DEBUG - PIL.PngImagePlugin - STREAM b'IDAT' 41 57887
2026-09-10 15:49:26,972 - DEBUG - PIL.PngImagePlugin - STREAM b'IHDR' 16 13
2026-09-10 15:49:26,972 - DEBUG - PIL.PngImagePlugin - STREAM b'IDAT' 41 47281
2026-09-10 15:49:26,976 - DEBUG - PIL.PngImagePlugin - STREAM b'IHDR' 16 13
2026-09-10 15:49:26,976 - DEBUG - PIL.PngImagePlugin - STREAM b'IDAT' 41 56615
2026-09-10 15:49:26,979 - DEBUG - PIL.PngImagePlugin - STREAM b'IHDR' 16 13
2026-09-10 15:49:26,979 - DEBUG - PIL.PngImagePlugin - STREAM b'IDAT' 41 57598
2026-09-10 15:49:26,987 - DEBUG - PIL.PngImagePlugin - STREAM b'IHDR' 16 13
2026-09-10 15:49:26,987 - DEBUG - PIL.PngImagePlugin - STREAM b'IDAT' 41 62450
2026-09-10 15:49:26,990 - DEBUG - PIL.PngImagePlugin - STREAM b'IHDR' 16 13
2026-09-10 15:49:26,990 - DEBUG - PIL.PngImagePlugin - STREAM b'IDAT' 41 58612
2026-09-10 15:49:28,234 - DEBUG - PIL.PngImagePlugin - STREAM b'IHDR' 16 13
2026-09-10 15:49:28,234 - DEBUG - PIL.PngImagePlugin - STREAM b'IDAT' 41 65536
2026-09-10 15:49:28,259 - DEBUG - PIL.PngImagePlugin - STREAM b'IHDR' 16 13
2026-09-10 15:49:28,260 - DEBUG - PIL.PngImagePlugin - STREAM b'IDAT' 41 53758
2026-09-10 15:49:28,263 - DEBUG - PIL.PngImagePlugin - STREAM b'IHDR' 16 13
2026-09-10 15:49:28,264 - DEBUG - PIL.PngImagePlugin - STREAM b'IDAT' 41 32768
2026-09-10 15:49:28,270 - DEBUG - PIL.PngImagePlugin - STREAM b'IHDR' 16 13
2026-09-10 15:49:28,270 - DEBUG - PIL.PngImagePlugin - STREAM b'IDAT' 41 65536
2026-09-10 15:49:28,274 - DEBUG - PIL.PngImagePlugin - STREAM b'IHDR' 16 13
2026-09-10 15:49:28,275 - DEBUG - PIL.PngImagePlugin - STREAM b'IDAT' 41 58612
2026-09-10 15:49:28,278 - DEBUG - PIL.PngImagePlugin - STREAM b'IHDR' 16 13
2026-09-10 15:49:28,278 - DEBUG - PIL.PngImagePlugin - STREAM b'IDAT' 41 54958
2026-09-10 15:49:28,282 - DEBUG - PIL.PngImagePlugin - STREAM b'IHDR' 16 13
2026-09-10 15:49:28,282 - DEBUG - PIL.PngImagePlugin - STREAM b'IDAT' 41 54668
2026-09-10 15:49:28,286 - DEBUG - PIL.PngImagePlugin - STREAM b'IHDR' 16 13
2026-09-10 15:49:28,286 - DEBUG - PIL.PngImagePlugin - STREAM b'IDAT' 41 50455
2026-09-10 15:49:28,290 - DEBUG - PIL.PngImagePlugin - STREAM b'IHDR' 16 13
2026-09-10 15:49:28,290 - DEBUG - PIL.PngImagePlugin - STREAM b'IDAT' 41 49252
2026-09-10 15:49:28,293 - DEBUG - PIL.PngImagePlugin - STREAM b'IHDR' 16 13
2026-09-10 15:49:28,293 - DEBUG - PIL.PngImagePlugin - STREAM b'IDAT' 41 55682
2026-09-10 15:49:28,297 - DEBUG - PIL.PngImagePlugin - STREAM b'IHDR' 16 13
2026-09-10 15:49:28,297 - DEBUG - PIL.PngImagePlugin - STREAM b'IDAT' 41 57887
2026-09-10 15:49:28,301 - DEBUG - PIL.PngImagePlugin - STREAM b'IHDR' 16 13
2026-09-10 15:49:28,301 - DEBUG - PIL.PngImagePlugin - STREAM b'IDAT' 41 47281
2026-09-10 15:49:28,304 - DEBUG - PIL.PngImagePlugin - STREAM b'IHDR' 16 13
2026-09-10 15:49:28,304 - DEBUG - PIL.PngImagePlugin - STREAM b'IDAT' 41 56615
2026-09-10 15:49:28,308 - DEBUG - PIL.PngImagePlugin - STREAM b'IHDR' 16 13
2026-09-10 15:49:28,308 - DEBUG - PIL.PngImagePlugin - STREAM b'IDAT' 41 57598
2026-09-10 15:49:28,316 - DEBUG - PIL.PngImagePlugin - STREAM b'IHDR' 16 13
2026-09-10 15:49:28,316 - DEBUG - PIL.PngImagePlugin - STREAM b'IDAT' 41 62450
2026-09-10 15:49:28,319 - DEBUG - PIL.PngImagePlugin - STREAM b'IHDR' 16 13
2026-09-10 15:49:28,319 - DEBUG - PIL.PngImagePlugin - STREAM b'IDAT' 41 65536
2026-09-10 15:49:28,740 - DEBUG - PIL.PngImagePlugin - STREAM b'IHDR' 16 13
2026-09-10 15:49:28,740 - DEBUG - PIL.PngImagePlugin - STREAM b'IDAT' 41 65536
2026-09-10 15:49:28,767 - DEBUG - PIL.PngImagePlugin - STREAM b'IHDR' 16 13
2026-09-10 15:49:28,767 - DEBUG - PIL.PngImagePlugin - STREAM b'IDAT' 41 53758
2026-09-10 15:49:28,771 - DEBUG - PIL.PngImagePlugin - STREAM b'IHDR' 16 13
2026-09-10 15:49:28,771 - DEBUG - PIL.PngImagePlugin - STREAM b'IDAT' 41 32768
2026-09-10 15:49:28,781 - DEBUG - PIL.PngImagePlugin - STREAM b'IHDR' 16 13
2026-09-10 15:49:28,781 - DEBUG - PIL.PngImagePlugin - STREAM b'IDAT' 41 65536
2026-09-10 15:49:28,784 - DEBUG - PIL.PngImagePlugin - STREAM b'IHDR' 16 13
2026-09-10 15:49:28,784 - DEBUG - PIL.PngImagePlugin - STREAM b'IDAT' 41 65536
2026-09-10 15:49:28,787 - DEBUG - PIL.PngImagePlugin - STREAM b'IHDR' 16 13
2026-09-10 15:49:28,787 - DEBUG - PIL.PngImagePlugin - STREAM b'IDAT' 41 54958
2026-09-10 15:49:28,791 - DEBUG - PIL.PngImagePlugin - STREAM b'IHDR' 16 13
2026-09-10 15:49:28,791 - DEBUG - PIL.PngImagePlugin - STREAM b'IDAT' 41 54668
2026-09-10 15:49:28,795 - DEBUG - PIL.PngImagePlugin - STREAM b'IHDR' 16 13
2026-09-10 15:49:28,795 - DEBUG - PIL.PngImagePlugin - STREAM b'IDAT' 41 50455
2026-09-10 15:49:28,799 - DEBUG - PIL.PngImagePlugin - STREAM b'IHDR' 16 13
2026-09-10 15:49:28,799 - DEBUG - PIL.PngImagePlugin - STREAM b'IDAT' 41 49252
2026-09-10 15:49:28,802 - DEBUG - PIL.PngImagePlugin - STREAM b'IHDR' 16 13
2026-09-10 15:49:28,802 - DEBUG - PIL.PngImagePlugin - STREAM b'IDAT' 41 55682
2026-09-10 15:49:28,806 - DEBUG - PIL.PngImagePlugin - STREAM b'IHDR' 16 13
2026-09-10 15:49:28,806 - DEBUG - PIL.PngImagePlugin - STREAM b'IDAT' 41 57887
2026-09-10 15:49:28,809 - DEBUG - PIL.PngImagePlugin - STREAM b'IHDR' 16 13
2026-09-10 15:49:28,809 - DEBUG - PIL.PngImagePlugin - STREAM b'IDAT' 41 47281
2026-09-10 15:49:28,813 - DEBUG - PIL.PngImagePlugin - STREAM b'IHDR' 16 13
2026-09-10 15:49:28,813 - DEBUG - PIL.PngImagePlugin - STREAM b'IDAT' 41 56615
2026-09-10 15:49:28,816 - DEBUG - PIL.PngImagePlugin - STREAM b'IHDR' 16 13
2026-09-10 15:49:28,816 - DEBUG - PIL.PngImagePlugin - STREAM b'IDAT' 41 57598
2026-09-10 15:49:28,825 - DEBUG - PIL.PngImagePlugin - STREAM b'IHDR' 16 13
2026-09-10 15:49:28,825 - DEBUG - PIL.PngImagePlugin - STREAM b'IDAT' 41 62450
2026-09-10 15:49:28,827 - DEBUG - PIL.PngImagePlugin - STREAM b'IHDR' 16 13
2026-09-10 15:49:28,827 - DEBUG - PIL.PngImagePlugin - STREAM b'IDAT' 41 58612
2026-09-10 15:50:29,811 - INFO - KGameTracker - ℹ️  ==================================================
2026-09-10 15:50:29,815 - INFO - KGameTracker - ℹ️  K GAME TRACKER - CERRADA
2026-09-10 15:50:29,817 - INFO - KGameTracker - ℹ️  ==================================================
2026-09-10 15:51:05,506 - INFO - KGameTracker - ℹ️  ==================================================
2026-09-10 15:51:05,507 - INFO - KGameTracker - ℹ️  K GAME TRACKER - INICIADA
2026-09-10 15:51:05,507 - INFO - KGameTracker - ℹ️  ==================================================
2026-09-10 15:51:05,625 - DEBUG - PIL.Image - Importing PngImagePlugin
2026-09-10 15:51:05,734 - DEBUG - PIL.PngImagePlugin - STREAM b'IHDR' 16 13
2026-09-10 15:51:05,734 - DEBUG - PIL.PngImagePlugin - STREAM b'IDAT' 41 65536
2026-09-10 15:51:09,193 - DEBUG - PIL.PngImagePlugin - STREAM b'IHDR' 16 13
2026-09-10 15:51:09,193 - DEBUG - PIL.PngImagePlugin - STREAM b'IDAT' 41 65536
2026-09-10 15:51:09,281 - DEBUG - PIL.PngImagePlugin - STREAM b'IHDR' 16 13
2026-09-10 15:51:09,281 - DEBUG - PIL.PngImagePlugin - STREAM b'IDAT' 41 53758
2026-09-10 15:51:09,285 - DEBUG - PIL.PngImagePlugin - STREAM b'IHDR' 16 13
2026-09-10 15:51:09,285 - DEBUG - PIL.PngImagePlugin - STREAM b'IDAT' 41 32768
2026-09-10 15:51:09,291 - DEBUG - PIL.PngImagePlugin - STREAM b'IHDR' 16 13
2026-09-10 15:51:09,291 - DEBUG - PIL.PngImagePlugin - STREAM b'IDAT' 41 65536
2026-09-10 15:51:09,294 - DEBUG - PIL.PngImagePlugin - STREAM b'IHDR' 16 13
2026-09-10 15:51:09,294 - DEBUG - PIL.PngImagePlugin - STREAM b'IDAT' 41 65536
2026-09-10 15:51:09,298 - DEBUG - PIL.PngImagePlugin - STREAM b'IHDR' 16 13
2026-09-10 15:51:09,298 - DEBUG - PIL.PngImagePlugin - STREAM b'IDAT' 41 54958
2026-09-10 15:51:09,302 - DEBUG - PIL.PngImagePlugin - STREAM b'IHDR' 16 13
2026-09-10 15:51:09,302 - DEBUG - PIL.PngImagePlugin - STREAM b'IDAT' 41 54668
2026-09-10 15:51:09,306 - DEBUG - PIL.PngImagePlugin - STREAM b'IHDR' 16 13
2026-09-10 15:51:09,306 - DEBUG - PIL.PngImagePlugin - STREAM b'IDAT' 41 50455
2026-09-10 15:51:09,309 - DEBUG - PIL.PngImagePlugin - STREAM b'IHDR' 16 13
2026-09-10 15:51:09,309 - DEBUG - PIL.PngImagePlugin - STREAM b'IDAT' 41 49252
2026-09-10 15:51:09,313 - DEBUG - PIL.PngImagePlugin - STREAM b'IHDR' 16 13
2026-09-10 15:51:09,314 - DEBUG - PIL.PngImagePlugin - STREAM b'IDAT' 41 55682
2026-09-10 15:51:09,317 - DEBUG - PIL.PngImagePlugin - STREAM b'IHDR' 16 13
2026-09-10 15:51:09,318 - DEBUG - PIL.PngImagePlugin - STREAM b'IDAT' 41 57887
2026-09-10 15:51:09,321 - DEBUG - PIL.PngImagePlugin - STREAM b'IHDR' 16 13
2026-09-10 15:51:09,321 - DEBUG - PIL.PngImagePlugin - STREAM b'IDAT' 41 47281
2026-09-10 15:51:09,326 - DEBUG - PIL.PngImagePlugin - STREAM b'IHDR' 16 13
2026-09-10 15:51:09,327 - DEBUG - PIL.PngImagePlugin - STREAM b'IDAT' 41 56615
2026-09-10 15:51:09,330 - DEBUG - PIL.PngImagePlugin - STREAM b'IHDR' 16 13
2026-09-10 15:51:09,330 - DEBUG - PIL.PngImagePlugin - STREAM b'IDAT' 41 57598
2026-09-10 15:51:09,351 - DEBUG - PIL.PngImagePlugin - STREAM b'IHDR' 16 13
2026-09-10 15:51:09,351 - DEBUG - PIL.PngImagePlugin - STREAM b'IDAT' 41 62450
2026-09-10 15:51:11,099 - DEBUG - PIL.PngImagePlugin - STREAM b'IHDR' 16 13
2026-09-10 15:51:11,099 - DEBUG - PIL.PngImagePlugin - STREAM b'IDAT' 41 65536
2026-09-10 15:51:11,126 - DEBUG - PIL.PngImagePlugin - STREAM b'IHDR' 16 13
2026-09-10 15:51:11,126 - DEBUG - PIL.PngImagePlugin - STREAM b'IDAT' 41 53758
2026-09-10 15:51:11,129 - DEBUG - PIL.PngImagePlugin - STREAM b'IHDR' 16 13
2026-09-10 15:51:11,129 - DEBUG - PIL.PngImagePlugin - STREAM b'IDAT' 41 32768
2026-09-10 15:51:11,135 - DEBUG - PIL.PngImagePlugin - STREAM b'IHDR' 16 13
2026-09-10 15:51:11,135 - DEBUG - PIL.PngImagePlugin - STREAM b'IDAT' 41 65536
2026-09-10 15:51:11,139 - DEBUG - PIL.PngImagePlugin - STREAM b'IHDR' 16 13
2026-09-10 15:51:11,139 - DEBUG - PIL.PngImagePlugin - STREAM b'IDAT' 41 58612
2026-09-10 15:51:11,142 - DEBUG - PIL.PngImagePlugin - STREAM b'IHDR' 16 13
2026-09-10 15:51:11,142 - DEBUG - PIL.PngImagePlugin - STREAM b'IDAT' 41 54958
2026-09-10 15:51:11,146 - DEBUG - PIL.PngImagePlugin - STREAM b'IHDR' 16 13
2026-09-10 15:51:11,146 - DEBUG - PIL.PngImagePlugin - STREAM b'IDAT' 41 54668
2026-09-10 15:51:11,150 - DEBUG - PIL.PngImagePlugin - STREAM b'IHDR' 16 13
2026-09-10 15:51:11,151 - DEBUG - PIL.PngImagePlugin - STREAM b'IDAT' 41 50455
2026-09-10 15:51:11,155 - DEBUG - PIL.PngImagePlugin - STREAM b'IHDR' 16 13
2026-09-10 15:51:11,155 - DEBUG - PIL.PngImagePlugin - STREAM b'IDAT' 41 49252
2026-09-10 15:51:11,159 - DEBUG - PIL.PngImagePlugin - STREAM b'IHDR' 16 13
2026-09-10 15:51:11,159 - DEBUG - PIL.PngImagePlugin - STREAM b'IDAT' 41 55682
2026-09-10 15:51:11,163 - DEBUG - PIL.PngImagePlugin - STREAM b'IHDR' 16 13
2026-09-10 15:51:11,163 - DEBUG - PIL.PngImagePlugin - STREAM b'IDAT' 41 57887
2026-09-10 15:51:11,167 - DEBUG - PIL.PngImagePlugin - STREAM b'IHDR' 16 13
2026-09-10 15:51:11,167 - DEBUG - PIL.PngImagePlugin - STREAM b'IDAT' 41 47281
2026-09-10 15:51:11,170 - DEBUG - PIL.PngImagePlugin - STREAM b'IHDR' 16 13
2026-09-10 15:51:11,170 - DEBUG - PIL.PngImagePlugin - STREAM b'IDAT' 41 56615
2026-09-10 15:51:11,175 - DEBUG - PIL.PngImagePlugin - STREAM b'IHDR' 16 13
2026-09-10 15:51:11,175 - DEBUG - PIL.PngImagePlugin - STREAM b'IDAT' 41 57598
2026-09-10 15:51:11,185 - DEBUG - PIL.PngImagePlugin - STREAM b'IHDR' 16 13
2026-09-10 15:51:11,185 - DEBUG - PIL.PngImagePlugin - STREAM b'IDAT' 41 62450
2026-09-10 15:51:11,188 - DEBUG - PIL.PngImagePlugin - STREAM b'IHDR' 16 13
2026-09-10 15:51:11,188 - DEBUG - PIL.PngImagePlugin - STREAM b'IDAT' 41 58612
2026-09-10 15:51:11,613 - DEBUG - PIL.PngImagePlugin - STREAM b'IHDR' 16 13
2026-09-10 15:51:11,613 - DEBUG - PIL.PngImagePlugin - STREAM b'IDAT' 41 65536
2026-09-10 15:51:11,641 - DEBUG - PIL.PngImagePlugin - STREAM b'IHDR' 16 13
2026-09-10 15:51:11,641 - DEBUG - PIL.PngImagePlugin - STREAM b'IDAT' 41 53758
2026-09-10 15:51:11,644 - DEBUG - PIL.PngImagePlugin - STREAM b'IHDR' 16 13
2026-09-10 15:51:11,644 - DEBUG - PIL.PngImagePlugin - STREAM b'IDAT' 41 32768
2026-09-10 15:51:11,650 - DEBUG - PIL.PngImagePlugin - STREAM b'IHDR' 16 13
2026-09-10 15:51:11,651 - DEBUG - PIL.PngImagePlugin - STREAM b'IDAT' 41 65536
2026-09-10 15:51:11,655 - DEBUG - PIL.PngImagePlugin - STREAM b'IHDR' 16 13
2026-09-10 15:51:11,655 - DEBUG - PIL.PngImagePlugin - STREAM b'IDAT' 41 65536
2026-09-10 15:51:11,658 - DEBUG - PIL.PngImagePlugin - STREAM b'IHDR' 16 13
2026-09-10 15:51:11,659 - DEBUG - PIL.PngImagePlugin - STREAM b'IDAT' 41 54958
2026-09-10 15:51:11,663 - DEBUG - PIL.PngImagePlugin - STREAM b'IHDR' 16 13
2026-09-10 15:51:11,663 - DEBUG - PIL.PngImagePlugin - STREAM b'IDAT' 41 54668
2026-09-10 15:51:11,667 - DEBUG - PIL.PngImagePlugin - STREAM b'IHDR' 16 13
2026-09-10 15:51:11,667 - DEBUG - PIL.PngImagePlugin - STREAM b'IDAT' 41 50455
2026-09-10 15:51:11,672 - DEBUG - PIL.PngImagePlugin - STREAM b'IHDR' 16 13
2026-09-10 15:51:11,672 - DEBUG - PIL.PngImagePlugin - STREAM b'IDAT' 41 49252
2026-09-10 15:51:11,676 - DEBUG - PIL.PngImagePlugin - STREAM b'IHDR' 16 13
2026-09-10 15:51:11,676 - DEBUG - PIL.PngImagePlugin - STREAM b'IDAT' 41 55682
2026-09-10 15:51:11,680 - DEBUG - PIL.PngImagePlugin - STREAM b'IHDR' 16 13
2026-09-10 15:51:11,680 - DEBUG - PIL.PngImagePlugin - STREAM b'IDAT' 41 57887
2026-09-10 15:51:11,683 - DEBUG - PIL.PngImagePlugin - STREAM b'IHDR' 16 13
2026-09-10 15:51:11,683 - DEBUG - PIL.PngImagePlugin - STREAM b'IDAT' 41 47281
2026-09-10 15:51:11,687 - DEBUG - PIL.PngImagePlugin - STREAM b'IHDR' 16 13
2026-09-10 15:51:11,687 - DEBUG - PIL.PngImagePlugin - STREAM b'IDAT' 41 56615
2026-09-10 15:51:11,691 - DEBUG - PIL.PngImagePlugin - STREAM b'IHDR' 16 13
2026-09-10 15:51:11,691 - DEBUG - PIL.PngImagePlugin - STREAM b'IDAT' 41 57598
2026-09-10 15:51:11,701 - DEBUG - PIL.PngImagePlugin - STREAM b'IHDR' 16 13
2026-09-10 15:51:11,701 - DEBUG - PIL.PngImagePlugin - STREAM b'IDAT' 41 62450
2026-09-10 15:51:11,703 - DEBUG - PIL.PngImagePlugin - STREAM b'IHDR' 16 13
2026-09-10 15:51:11,703 - DEBUG - PIL.PngImagePlugin - STREAM b'IDAT' 41 65536
2026-09-10 15:51:12,975 - DEBUG - PIL.PngImagePlugin - STREAM b'IHDR' 16 13
2026-09-10 15:51:12,976 - DEBUG - PIL.PngImagePlugin - STREAM b'IDAT' 41 65536
2026-09-10 15:51:13,001 - DEBUG - PIL.PngImagePlugin - STREAM b'IHDR' 16 13
2026-09-10 15:51:13,001 - DEBUG - PIL.PngImagePlugin - STREAM b'IDAT' 41 53758
2026-09-10 15:51:13,005 - DEBUG - PIL.PngImagePlugin - STREAM b'IHDR' 16 13
2026-09-10 15:51:13,005 - DEBUG - PIL.PngImagePlugin - STREAM b'IDAT' 41 32768
2026-09-10 15:51:13,011 - DEBUG - PIL.PngImagePlugin - STREAM b'IHDR' 16 13
2026-09-10 15:51:13,011 - DEBUG - PIL.PngImagePlugin - STREAM b'IDAT' 41 65536
2026-09-10 15:51:13,014 - DEBUG - PIL.PngImagePlugin - STREAM b'IHDR' 16 13
2026-09-10 15:51:13,014 - DEBUG - PIL.PngImagePlugin - STREAM b'IDAT' 41 58612
2026-09-10 15:51:13,017 - DEBUG - PIL.PngImagePlugin - STREAM b'IHDR' 16 13
2026-09-10 15:51:13,017 - DEBUG - PIL.PngImagePlugin - STREAM b'IDAT' 41 54958
2026-09-10 15:51:13,020 - DEBUG - PIL.PngImagePlugin - STREAM b'IHDR' 16 13
2026-09-10 15:51:13,021 - DEBUG - PIL.PngImagePlugin - STREAM b'IDAT' 41 54668
2026-09-10 15:51:13,024 - DEBUG - PIL.PngImagePlugin - STREAM b'IHDR' 16 13
2026-09-10 15:51:13,024 - DEBUG - PIL.PngImagePlugin - STREAM b'IDAT' 41 50455
2026-09-10 15:51:13,027 - DEBUG - PIL.PngImagePlugin - STREAM b'IHDR' 16 13
2026-09-10 15:51:13,028 - DEBUG - PIL.PngImagePlugin - STREAM b'IDAT' 41 49252
2026-09-10 15:51:13,031 - DEBUG - PIL.PngImagePlugin - STREAM b'IHDR' 16 13
2026-09-10 15:51:13,031 - DEBUG - PIL.PngImagePlugin - STREAM b'IDAT' 41 55682
2026-09-10 15:51:13,035 - DEBUG - PIL.PngImagePlugin - STREAM b'IHDR' 16 13
2026-09-10 15:51:13,035 - DEBUG - PIL.PngImagePlugin - STREAM b'IDAT' 41 57887
2026-09-10 15:51:13,038 - DEBUG - PIL.PngImagePlugin - STREAM b'IHDR' 16 13
2026-09-10 15:51:13,038 - DEBUG - PIL.PngImagePlugin - STREAM b'IDAT' 41 47281
2026-09-10 15:51:13,042 - DEBUG - PIL.PngImagePlugin - STREAM b'IHDR' 16 13
2026-09-10 15:51:13,042 - DEBUG - PIL.PngImagePlugin - STREAM b'IDAT' 41 56615
2026-09-10 15:51:13,045 - DEBUG - PIL.PngImagePlugin - STREAM b'IHDR' 16 13
2026-09-10 15:51:13,045 - DEBUG - PIL.PngImagePlugin - STREAM b'IDAT' 41 57598
2026-09-10 15:51:13,054 - DEBUG - PIL.PngImagePlugin - STREAM b'IHDR' 16 13
2026-09-10 15:51:13,054 - DEBUG - PIL.PngImagePlugin - STREAM b'IDAT' 41 62450
2026-09-10 15:51:13,056 - DEBUG - PIL.PngImagePlugin - STREAM b'IHDR' 16 13
2026-09-10 15:51:13,057 - DEBUG - PIL.PngImagePlugin - STREAM b'IDAT' 41 58612
2026-09-10 15:51:13,509 - DEBUG - PIL.PngImagePlugin - STREAM b'IHDR' 16 13
2026-09-10 15:51:13,510 - DEBUG - PIL.PngImagePlugin - STREAM b'IDAT' 41 65536
2026-09-10 15:51:13,535 - DEBUG - PIL.PngImagePlugin - STREAM b'IHDR' 16 13
2026-09-10 15:51:13,536 - DEBUG - PIL.PngImagePlugin - STREAM b'IDAT' 41 53758
2026-09-10 15:51:13,539 - DEBUG - PIL.PngImagePlugin - STREAM b'IHDR' 16 13
2026-09-10 15:51:13,539 - DEBUG - PIL.PngImagePlugin - STREAM b'IDAT' 41 32768
2026-09-10 15:51:13,545 - DEBUG - PIL.PngImagePlugin - STREAM b'IHDR' 16 13
2026-09-10 15:51:13,545 - DEBUG - PIL.PngImagePlugin - STREAM b'IDAT' 41 65536
2026-09-10 15:51:13,549 - DEBUG - PIL.PngImagePlugin - STREAM b'IHDR' 16 13
2026-09-10 15:51:13,549 - DEBUG - PIL.PngImagePlugin - STREAM b'IDAT' 41 65536
2026-09-10 15:51:13,552 - DEBUG - PIL.PngImagePlugin - STREAM b'IHDR' 16 13
2026-09-10 15:51:13,552 - DEBUG - PIL.PngImagePlugin - STREAM b'IDAT' 41 54958
2026-09-10 15:51:13,556 - DEBUG - PIL.PngImagePlugin - STREAM b'IHDR' 16 13
2026-09-10 15:51:13,557 - DEBUG - PIL.PngImagePlugin - STREAM b'IDAT' 41 54668
2026-09-10 15:51:13,560 - DEBUG - PIL.PngImagePlugin - STREAM b'IHDR' 16 13
2026-09-10 15:51:13,560 - DEBUG - PIL.PngImagePlugin - STREAM b'IDAT' 41 50455
2026-09-10 15:51:13,565 - DEBUG - PIL.PngImagePlugin - STREAM b'IHDR' 16 13
2026-09-10 15:51:13,565 - DEBUG - PIL.PngImagePlugin - STREAM b'IDAT' 41 49252
2026-09-10 15:51:13,569 - DEBUG - PIL.PngImagePlugin - STREAM b'IHDR' 16 13
2026-09-10 15:51:13,569 - DEBUG - PIL.PngImagePlugin - STREAM b'IDAT' 41 55682
2026-09-10 15:51:13,573 - DEBUG - PIL.PngImagePlugin - STREAM b'IHDR' 16 13
2026-09-10 15:51:13,574 - DEBUG - PIL.PngImagePlugin - STREAM b'IDAT' 41 57887
2026-09-10 15:51:13,576 - DEBUG - PIL.PngImagePlugin - STREAM b'IHDR' 16 13
2026-09-10 15:51:13,577 - DEBUG - PIL.PngImagePlugin - STREAM b'IDAT' 41 47281
2026-09-10 15:51:13,580 - DEBUG - PIL.PngImagePlugin - STREAM b'IHDR' 16 13
2026-09-10 15:51:13,580 - DEBUG - PIL.PngImagePlugin - STREAM b'IDAT' 41 56615
2026-09-10 15:51:13,583 - DEBUG - PIL.PngImagePlugin - STREAM b'IHDR' 16 13
2026-09-10 15:51:13,584 - DEBUG - PIL.PngImagePlugin - STREAM b'IDAT' 41 57598
2026-09-10 15:51:13,593 - DEBUG - PIL.PngImagePlugin - STREAM b'IHDR' 16 13
2026-09-10 15:51:13,593 - DEBUG - PIL.PngImagePlugin - STREAM b'IDAT' 41 62450
2026-09-10 15:51:13,596 - DEBUG - PIL.PngImagePlugin - STREAM b'IHDR' 16 13
2026-09-10 15:51:13,596 - DEBUG - PIL.PngImagePlugin - STREAM b'IDAT' 41 65536
2026-09-10 15:51:13,964 - DEBUG - PIL.PngImagePlugin - STREAM b'IHDR' 16 13
2026-09-10 15:51:13,964 - DEBUG - PIL.PngImagePlugin - STREAM b'IDAT' 41 65536
2026-09-10 15:51:13,989 - DEBUG - PIL.PngImagePlugin - STREAM b'IHDR' 16 13
2026-09-10 15:51:13,989 - DEBUG - PIL.PngImagePlugin - STREAM b'IDAT' 41 53758
2026-09-10 15:51:13,992 - DEBUG - PIL.PngImagePlugin - STREAM b'IHDR' 16 13
2026-09-10 15:51:13,992 - DEBUG - PIL.PngImagePlugin - STREAM b'IDAT' 41 32768
2026-09-10 15:51:13,998 - DEBUG - PIL.PngImagePlugin - STREAM b'IHDR' 16 13
2026-09-10 15:51:13,998 - DEBUG - PIL.PngImagePlugin - STREAM b'IDAT' 41 65536
2026-09-10 15:51:14,001 - DEBUG - PIL.PngImagePlugin - STREAM b'IHDR' 16 13
2026-09-10 15:51:14,001 - DEBUG - PIL.PngImagePlugin - STREAM b'IDAT' 41 58612
2026-09-10 15:51:14,005 - DEBUG - PIL.PngImagePlugin - STREAM b'IHDR' 16 13
2026-09-10 15:51:14,006 - DEBUG - PIL.PngImagePlugin - STREAM b'IDAT' 41 54958
2026-09-10 15:51:14,009 - DEBUG - PIL.PngImagePlugin - STREAM b'IHDR' 16 13
2026-09-10 15:51:14,009 - DEBUG - PIL.PngImagePlugin - STREAM b'IDAT' 41 54668
2026-09-10 15:51:14,014 - DEBUG - PIL.PngImagePlugin - STREAM b'IHDR' 16 13
2026-09-10 15:51:14,014 - DEBUG - PIL.PngImagePlugin - STREAM b'IDAT' 41 50455
2026-09-10 15:51:14,018 - DEBUG - PIL.PngImagePlugin - STREAM b'IHDR' 16 13
2026-09-10 15:51:14,018 - DEBUG - PIL.PngImagePlugin - STREAM b'IDAT' 41 49252
2026-09-10 15:51:14,021 - DEBUG - PIL.PngImagePlugin - STREAM b'IHDR' 16 13
2026-09-10 15:51:14,021 - DEBUG - PIL.PngImagePlugin - STREAM b'IDAT' 41 55682
2026-09-10 15:51:14,025 - DEBUG - PIL.PngImagePlugin - STREAM b'IHDR' 16 13
2026-09-10 15:51:14,025 - DEBUG - PIL.PngImagePlugin - STREAM b'IDAT' 41 57887
2026-09-10 15:51:14,028 - DEBUG - PIL.PngImagePlugin - STREAM b'IHDR' 16 13
2026-09-10 15:51:14,028 - DEBUG - PIL.PngImagePlugin - STREAM b'IDAT' 41 47281
2026-09-10 15:51:14,032 - DEBUG - PIL.PngImagePlugin - STREAM b'IHDR' 16 13
2026-09-10 15:51:14,032 - DEBUG - PIL.PngImagePlugin - STREAM b'IDAT' 41 56615
2026-09-10 15:51:14,035 - DEBUG - PIL.PngImagePlugin - STREAM b'IHDR' 16 13
2026-09-10 15:51:14,036 - DEBUG - PIL.PngImagePlugin - STREAM b'IDAT' 41 57598
2026-09-10 15:51:14,044 - DEBUG - PIL.PngImagePlugin - STREAM b'IHDR' 16 13
2026-09-10 15:51:14,044 - DEBUG - PIL.PngImagePlugin - STREAM b'IDAT' 41 62450
2026-09-10 15:51:14,047 - DEBUG - PIL.PngImagePlugin - STREAM b'IHDR' 16 13
2026-09-10 15:51:14,047 - DEBUG - PIL.PngImagePlugin - STREAM b'IDAT' 41 58612
2026-09-10 15:51:14,457 - DEBUG - PIL.PngImagePlugin - STREAM b'IHDR' 16 13
2026-09-10 15:51:14,457 - DEBUG - PIL.PngImagePlugin - STREAM b'IDAT' 41 65536
2026-09-10 15:51:14,485 - DEBUG - PIL.PngImagePlugin - STREAM b'IHDR' 16 13
2026-09-10 15:51:14,485 - DEBUG - PIL.PngImagePlugin - STREAM b'IDAT' 41 53758
2026-09-10 15:51:14,490 - DEBUG - PIL.PngImagePlugin - STREAM b'IHDR' 16 13
2026-09-10 15:51:14,490 - DEBUG - PIL.PngImagePlugin - STREAM b'IDAT' 41 32768
2026-09-10 15:51:14,496 - DEBUG - PIL.PngImagePlugin - STREAM b'IHDR' 16 13
2026-09-10 15:51:14,496 - DEBUG - PIL.PngImagePlugin - STREAM b'IDAT' 41 65536
2026-09-10 15:51:14,499 - DEBUG - PIL.PngImagePlugin - STREAM b'IHDR' 16 13
2026-09-10 15:51:14,499 - DEBUG - PIL.PngImagePlugin - STREAM b'IDAT' 41 65536
2026-09-10 15:51:14,502 - DEBUG - PIL.PngImagePlugin - STREAM b'IHDR' 16 13
2026-09-10 15:51:14,502 - DEBUG - PIL.PngImagePlugin - STREAM b'IDAT' 41 54958
2026-09-10 15:51:14,506 - DEBUG - PIL.PngImagePlugin - STREAM b'IHDR' 16 13
2026-09-10 15:51:14,506 - DEBUG - PIL.PngImagePlugin - STREAM b'IDAT' 41 54668
2026-09-10 15:51:14,509 - DEBUG - PIL.PngImagePlugin - STREAM b'IHDR' 16 13
2026-09-10 15:51:14,510 - DEBUG - PIL.PngImagePlugin - STREAM b'IDAT' 41 50455
2026-09-10 15:51:14,513 - DEBUG - PIL.PngImagePlugin - STREAM b'IHDR' 16 13
2026-09-10 15:51:14,513 - DEBUG - PIL.PngImagePlugin - STREAM b'IDAT' 41 49252
2026-09-10 15:51:14,517 - DEBUG - PIL.PngImagePlugin - STREAM b'IHDR' 16 13
2026-09-10 15:51:14,517 - DEBUG - PIL.PngImagePlugin - STREAM b'IDAT' 41 55682
2026-09-10 15:51:14,522 - DEBUG - PIL.PngImagePlugin - STREAM b'IHDR' 16 13
2026-09-10 15:51:14,523 - DEBUG - PIL.PngImagePlugin - STREAM b'IDAT' 41 57887
2026-09-10 15:51:14,526 - DEBUG - PIL.PngImagePlugin - STREAM b'IHDR' 16 13
2026-09-10 15:51:14,526 - DEBUG - PIL.PngImagePlugin - STREAM b'IDAT' 41 47281
2026-09-10 15:51:14,530 - DEBUG - PIL.PngImagePlugin - STREAM b'IHDR' 16 13
2026-09-10 15:51:14,530 - DEBUG - PIL.PngImagePlugin - STREAM b'IDAT' 41 56615
2026-09-10 15:51:14,533 - DEBUG - PIL.PngImagePlugin - STREAM b'IHDR' 16 13
2026-09-10 15:51:14,534 - DEBUG - PIL.PngImagePlugin - STREAM b'IDAT' 41 57598
2026-09-10 15:51:14,542 - DEBUG - PIL.PngImagePlugin - STREAM b'IHDR' 16 13
2026-09-10 15:51:14,542 - DEBUG - PIL.PngImagePlugin - STREAM b'IDAT' 41 62450
2026-09-10 15:51:14,544 - DEBUG - PIL.PngImagePlugin - STREAM b'IHDR' 16 13
2026-09-10 15:51:14,545 - DEBUG - PIL.PngImagePlugin - STREAM b'IDAT' 41 65536
2026-09-10 15:51:14,871 - DEBUG - PIL.PngImagePlugin - STREAM b'IHDR' 16 13
2026-09-10 15:51:14,871 - DEBUG - PIL.PngImagePlugin - STREAM b'IDAT' 41 65536
2026-09-10 15:51:14,897 - DEBUG - PIL.PngImagePlugin - STREAM b'IHDR' 16 13
2026-09-10 15:51:14,897 - DEBUG - PIL.PngImagePlugin - STREAM b'IDAT' 41 53758
2026-09-10 15:51:14,901 - DEBUG - PIL.PngImagePlugin - STREAM b'IHDR' 16 13
2026-09-10 15:51:14,901 - DEBUG - PIL.PngImagePlugin - STREAM b'IDAT' 41 32768
2026-09-10 15:51:14,908 - DEBUG - PIL.PngImagePlugin - STREAM b'IHDR' 16 13
2026-09-10 15:51:14,908 - DEBUG - PIL.PngImagePlugin - STREAM b'IDAT' 41 65536
2026-09-10 15:51:14,911 - DEBUG - PIL.PngImagePlugin - STREAM b'IHDR' 16 13
2026-09-10 15:51:14,911 - DEBUG - PIL.PngImagePlugin - STREAM b'IDAT' 41 58612
2026-09-10 15:51:14,914 - DEBUG - PIL.PngImagePlugin - STREAM b'IHDR' 16 13
2026-09-10 15:51:14,914 - DEBUG - PIL.PngImagePlugin - STREAM b'IDAT' 41 54958
2026-09-10 15:51:14,923 - DEBUG - PIL.PngImagePlugin - STREAM b'IHDR' 16 13
2026-09-10 15:51:14,923 - DEBUG - PIL.PngImagePlugin - STREAM b'IDAT' 41 54668
2026-09-10 15:51:14,926 - DEBUG - PIL.PngImagePlugin - STREAM b'IHDR' 16 13
2026-09-10 15:51:14,927 - DEBUG - PIL.PngImagePlugin - STREAM b'IDAT' 41 50455
2026-09-10 15:51:14,930 - DEBUG - PIL.PngImagePlugin - STREAM b'IHDR' 16 13
2026-09-10 15:51:14,930 - DEBUG - PIL.PngImagePlugin - STREAM b'IDAT' 41 49252
2026-09-10 15:51:14,934 - DEBUG - PIL.PngImagePlugin - STREAM b'IHDR' 16 13
2026-09-10 15:51:14,934 - DEBUG - PIL.PngImagePlugin - STREAM b'IDAT' 41 55682
2026-09-10 15:51:14,938 - DEBUG - PIL.PngImagePlugin - STREAM b'IHDR' 16 13
2026-09-10 15:51:14,939 - DEBUG - PIL.PngImagePlugin - STREAM b'IDAT' 41 57887
2026-09-10 15:51:14,942 - DEBUG - PIL.PngImagePlugin - STREAM b'IHDR' 16 13
2026-09-10 15:51:14,942 - DEBUG - PIL.PngImagePlugin - STREAM b'IDAT' 41 47281
2026-09-10 15:51:14,945 - DEBUG - PIL.PngImagePlugin - STREAM b'IHDR' 16 13
2026-09-10 15:51:14,946 - DEBUG - PIL.PngImagePlugin - STREAM b'IDAT' 41 56615
2026-09-10 15:51:14,949 - DEBUG - PIL.PngImagePlugin - STREAM b'IHDR' 16 13
2026-09-10 15:51:14,949 - DEBUG - PIL.PngImagePlugin - STREAM b'IDAT' 41 57598
2026-09-10 15:51:14,958 - DEBUG - PIL.PngImagePlugin - STREAM b'IHDR' 16 13
2026-09-10 15:51:14,958 - DEBUG - PIL.PngImagePlugin - STREAM b'IDAT' 41 62450
2026-09-10 15:51:14,961 - DEBUG - PIL.PngImagePlugin - STREAM b'IHDR' 16 13
2026-09-10 15:51:14,961 - DEBUG - PIL.PngImagePlugin - STREAM b'IDAT' 41 58612
2026-09-10 15:51:15,273 - DEBUG - PIL.PngImagePlugin - STREAM b'IHDR' 16 13
2026-09-10 15:51:15,274 - DEBUG - PIL.PngImagePlugin - STREAM b'IDAT' 41 65536
2026-09-10 15:51:15,298 - DEBUG - PIL.PngImagePlugin - STREAM b'IHDR' 16 13
2026-09-10 15:51:15,298 - DEBUG - PIL.PngImagePlugin - STREAM b'IDAT' 41 53758
2026-09-10 15:51:15,301 - DEBUG - PIL.PngImagePlugin - STREAM b'IHDR' 16 13
2026-09-10 15:51:15,301 - DEBUG - PIL.PngImagePlugin - STREAM b'IDAT' 41 32768
2026-09-10 15:51:15,307 - DEBUG - PIL.PngImagePlugin - STREAM b'IHDR' 16 13
2026-09-10 15:51:15,307 - DEBUG - PIL.PngImagePlugin - STREAM b'IDAT' 41 65536
2026-09-10 15:51:15,310 - DEBUG - PIL.PngImagePlugin - STREAM b'IHDR' 16 13
2026-09-10 15:51:15,310 - DEBUG - PIL.PngImagePlugin - STREAM b'IDAT' 41 65536
2026-09-10 15:51:15,313 - DEBUG - PIL.PngImagePlugin - STREAM b'IHDR' 16 13
2026-09-10 15:51:15,314 - DEBUG - PIL.PngImagePlugin - STREAM b'IDAT' 41 54958
2026-09-10 15:51:15,318 - DEBUG - PIL.PngImagePlugin - STREAM b'IHDR' 16 13
2026-09-10 15:51:15,319 - DEBUG - PIL.PngImagePlugin - STREAM b'IDAT' 41 54668
2026-09-10 15:51:15,323 - DEBUG - PIL.PngImagePlugin - STREAM b'IHDR' 16 13
2026-09-10 15:51:15,323 - DEBUG - PIL.PngImagePlugin - STREAM b'IDAT' 41 50455
2026-09-10 15:51:15,327 - DEBUG - PIL.PngImagePlugin - STREAM b'IHDR' 16 13
2026-09-10 15:51:15,327 - DEBUG - PIL.PngImagePlugin - STREAM b'IDAT' 41 49252
2026-09-10 15:51:15,330 - DEBUG - PIL.PngImagePlugin - STREAM b'IHDR' 16 13
2026-09-10 15:51:15,331 - DEBUG - PIL.PngImagePlugin - STREAM b'IDAT' 41 55682
2026-09-10 15:51:15,334 - DEBUG - PIL.PngImagePlugin - STREAM b'IHDR' 16 13
2026-09-10 15:51:15,334 - DEBUG - PIL.PngImagePlugin - STREAM b'IDAT' 41 57887
2026-09-10 15:51:15,339 - DEBUG - PIL.PngImagePlugin - STREAM b'IHDR' 16 13
2026-09-10 15:51:15,339 - DEBUG - PIL.PngImagePlugin - STREAM b'IDAT' 41 47281
2026-09-10 15:51:15,342 - DEBUG - PIL.PngImagePlugin - STREAM b'IHDR' 16 13
2026-09-10 15:51:15,343 - DEBUG - PIL.PngImagePlugin - STREAM b'IDAT' 41 56615
2026-09-10 15:51:15,347 - DEBUG - PIL.PngImagePlugin - STREAM b'IHDR' 16 13
2026-09-10 15:51:15,347 - DEBUG - PIL.PngImagePlugin - STREAM b'IDAT' 41 57598
2026-09-10 15:51:15,356 - DEBUG - PIL.PngImagePlugin - STREAM b'IHDR' 16 13
2026-09-10 15:51:15,356 - DEBUG - PIL.PngImagePlugin - STREAM b'IDAT' 41 62450
2026-09-10 15:51:15,359 - DEBUG - PIL.PngImagePlugin - STREAM b'IHDR' 16 13
2026-09-10 15:51:15,359 - DEBUG - PIL.PngImagePlugin - STREAM b'IDAT' 41 65536
2026-09-10 15:51:16,396 - INFO - KGameTracker - ℹ️  ==================================================
2026-09-10 15:51:16,396 - INFO - KGameTracker - ℹ️  K GAME TRACKER - CERRADA
2026-09-10 15:51:16,396 - INFO - KGameTracker - ℹ️  ==================================================
2026-09-10 16:03:54,295 - INFO - KGameTracker - ℹ️  ==================================================
2026-09-10 16:03:54,295 - INFO - KGameTracker - ℹ️  K GAME TRACKER - INICIADA
2026-09-10 16:03:54,295 - INFO - KGameTracker - ℹ️  ==================================================
2026-09-10 16:03:54,416 - DEBUG - PIL.Image - Importing PngImagePlugin
2026-09-10 16:03:54,431 - DEBUG - PIL.PngImagePlugin - STREAM b'IHDR' 16 13
2026-09-10 16:03:54,431 - DEBUG - PIL.PngImagePlugin - STREAM b'IDAT' 41 65536
2026-09-10 16:03:56,879 - DEBUG - PIL.PngImagePlugin - STREAM b'IHDR' 16 13
2026-09-10 16:03:56,879 - DEBUG - PIL.PngImagePlugin - STREAM b'IDAT' 41 65536
2026-09-10 16:03:56,912 - DEBUG - PIL.PngImagePlugin - STREAM b'IHDR' 16 13
2026-09-10 16:03:56,912 - DEBUG - PIL.PngImagePlugin - STREAM b'IDAT' 41 53758
2026-09-10 16:03:56,917 - DEBUG - PIL.PngImagePlugin - STREAM b'IHDR' 16 13
2026-09-10 16:03:56,917 - DEBUG - PIL.PngImagePlugin - STREAM b'IDAT' 41 32768
2026-09-10 16:03:56,924 - DEBUG - PIL.PngImagePlugin - STREAM b'IHDR' 16 13
2026-09-10 16:03:56,924 - DEBUG - PIL.PngImagePlugin - STREAM b'IDAT' 41 65536
2026-09-10 16:03:56,927 - DEBUG - PIL.PngImagePlugin - STREAM b'IHDR' 16 13
2026-09-10 16:03:56,927 - DEBUG - PIL.PngImagePlugin - STREAM b'IDAT' 41 65536
2026-09-10 16:03:56,931 - DEBUG - PIL.PngImagePlugin - STREAM b'IHDR' 16 13
2026-09-10 16:03:56,931 - DEBUG - PIL.PngImagePlugin - STREAM b'IDAT' 41 54958
2026-09-10 16:03:56,936 - DEBUG - PIL.PngImagePlugin - STREAM b'IHDR' 16 13
2026-09-10 16:03:56,937 - DEBUG - PIL.PngImagePlugin - STREAM b'IDAT' 41 54668
2026-09-10 16:03:56,943 - DEBUG - PIL.PngImagePlugin - STREAM b'IHDR' 16 13
2026-09-10 16:03:56,943 - DEBUG - PIL.PngImagePlugin - STREAM b'IDAT' 41 50455
2026-09-10 16:03:56,948 - DEBUG - PIL.PngImagePlugin - STREAM b'IHDR' 16 13
2026-09-10 16:03:56,949 - DEBUG - PIL.PngImagePlugin - STREAM b'IDAT' 41 49252
2026-09-10 16:03:56,953 - DEBUG - PIL.PngImagePlugin - STREAM b'IHDR' 16 13
2026-09-10 16:03:56,953 - DEBUG - PIL.PngImagePlugin - STREAM b'IDAT' 41 55682
2026-09-10 16:03:56,959 - DEBUG - PIL.PngImagePlugin - STREAM b'IHDR' 16 13
2026-09-10 16:03:56,960 - DEBUG - PIL.PngImagePlugin - STREAM b'IDAT' 41 57887
2026-09-10 16:03:56,964 - DEBUG - PIL.PngImagePlugin - STREAM b'IHDR' 16 13
2026-09-10 16:03:56,964 - DEBUG - PIL.PngImagePlugin - STREAM b'IDAT' 41 47281
2026-09-10 16:03:56,969 - DEBUG - PIL.PngImagePlugin - STREAM b'IHDR' 16 13
2026-09-10 16:03:56,970 - DEBUG - PIL.PngImagePlugin - STREAM b'IDAT' 41 56615
2026-09-10 16:03:56,975 - DEBUG - PIL.PngImagePlugin - STREAM b'IHDR' 16 13
2026-09-10 16:03:56,975 - DEBUG - PIL.PngImagePlugin - STREAM b'IDAT' 41 57598
2026-09-10 16:03:57,000 - DEBUG - PIL.PngImagePlugin - STREAM b'IHDR' 16 13
2026-09-10 16:03:57,000 - DEBUG - PIL.PngImagePlugin - STREAM b'IDAT' 41 62450
2026-09-10 16:03:58,861 - DEBUG - urllib3.connectionpool - Starting new HTTPS connection (1): www.gamerpower.com:443
2026-09-10 16:03:59,004 - DEBUG - urllib3.connectionpool - https://www.gamerpower.com:443 "GET /api/giveaways?type=game HTTP/1.1" 200 None
2026-09-10 16:04:00,433 - DEBUG - urllib3.connectionpool - Starting new HTTPS connection (1): www.gamerpower.com:443
2026-09-10 16:04:00,553 - DEBUG - urllib3.connectionpool - https://www.gamerpower.com:443 "GET /api/giveaways?type=game HTTP/1.1" 200 None
2026-09-10 16:04:01,374 - DEBUG - PIL.PngImagePlugin - STREAM b'IHDR' 16 13
2026-09-10 16:04:01,374 - DEBUG - PIL.PngImagePlugin - STREAM b'IDAT' 41 65536
2026-09-10 16:04:01,400 - DEBUG - PIL.PngImagePlugin - STREAM b'IHDR' 16 13
2026-09-10 16:04:01,400 - DEBUG - PIL.PngImagePlugin - STREAM b'IDAT' 41 53758
2026-09-10 16:04:01,403 - DEBUG - PIL.PngImagePlugin - STREAM b'IHDR' 16 13
2026-09-10 16:04:01,404 - DEBUG - PIL.PngImagePlugin - STREAM b'IDAT' 41 32768
2026-09-10 16:04:01,409 - DEBUG - PIL.PngImagePlugin - STREAM b'IHDR' 16 13
2026-09-10 16:04:01,410 - DEBUG - PIL.PngImagePlugin - STREAM b'IDAT' 41 65536
2026-09-10 16:04:01,412 - DEBUG - PIL.PngImagePlugin - STREAM b'IHDR' 16 13
2026-09-10 16:04:01,413 - DEBUG - PIL.PngImagePlugin - STREAM b'IDAT' 41 58612
2026-09-10 16:04:01,416 - DEBUG - PIL.PngImagePlugin - STREAM b'IHDR' 16 13
2026-09-10 16:04:01,416 - DEBUG - PIL.PngImagePlugin - STREAM b'IDAT' 41 54958
2026-09-10 16:04:01,419 - DEBUG - PIL.PngImagePlugin - STREAM b'IHDR' 16 13
2026-09-10 16:04:01,419 - DEBUG - PIL.PngImagePlugin - STREAM b'IDAT' 41 54668
2026-09-10 16:04:01,423 - DEBUG - PIL.PngImagePlugin - STREAM b'IHDR' 16 13
2026-09-10 16:04:01,423 - DEBUG - PIL.PngImagePlugin - STREAM b'IDAT' 41 50455
2026-09-10 16:04:01,427 - DEBUG - PIL.PngImagePlugin - STREAM b'IHDR' 16 13
2026-09-10 16:04:01,427 - DEBUG - PIL.PngImagePlugin - STREAM b'IDAT' 41 49252
2026-09-10 16:04:01,431 - DEBUG - PIL.PngImagePlugin - STREAM b'IHDR' 16 13
2026-09-10 16:04:01,431 - DEBUG - PIL.PngImagePlugin - STREAM b'IDAT' 41 55682
2026-09-10 16:04:01,435 - DEBUG - PIL.PngImagePlugin - STREAM b'IHDR' 16 13
2026-09-10 16:04:01,435 - DEBUG - PIL.PngImagePlugin - STREAM b'IDAT' 41 57887
2026-09-10 16:04:01,438 - DEBUG - PIL.PngImagePlugin - STREAM b'IHDR' 16 13
2026-09-10 16:04:01,438 - DEBUG - PIL.PngImagePlugin - STREAM b'IDAT' 41 47281
2026-09-10 16:04:01,443 - DEBUG - PIL.PngImagePlugin - STREAM b'IHDR' 16 13
2026-09-10 16:04:01,443 - DEBUG - PIL.PngImagePlugin - STREAM b'IDAT' 41 56615
2026-09-10 16:04:01,447 - DEBUG - PIL.PngImagePlugin - STREAM b'IHDR' 16 13
2026-09-10 16:04:01,447 - DEBUG - PIL.PngImagePlugin - STREAM b'IDAT' 41 57598
2026-09-10 16:04:01,455 - DEBUG - PIL.PngImagePlugin - STREAM b'IHDR' 16 13
2026-09-10 16:04:01,455 - DEBUG - PIL.PngImagePlugin - STREAM b'IDAT' 41 62450
2026-09-10 16:04:01,458 - DEBUG - PIL.PngImagePlugin - STREAM b'IHDR' 16 13
2026-09-10 16:04:01,458 - DEBUG - PIL.PngImagePlugin - STREAM b'IDAT' 41 58612
2026-09-10 16:04:01,795 - DEBUG - PIL.PngImagePlugin - STREAM b'IHDR' 16 13
2026-09-10 16:04:01,795 - DEBUG - PIL.PngImagePlugin - STREAM b'IDAT' 41 65536
2026-09-10 16:04:01,819 - DEBUG - PIL.PngImagePlugin - STREAM b'IHDR' 16 13
2026-09-10 16:04:01,819 - DEBUG - PIL.PngImagePlugin - STREAM b'IDAT' 41 53758
2026-09-10 16:04:01,823 - DEBUG - PIL.PngImagePlugin - STREAM b'IHDR' 16 13
2026-09-10 16:04:01,823 - DEBUG - PIL.PngImagePlugin - STREAM b'IDAT' 41 32768
2026-09-10 16:04:01,830 - DEBUG - PIL.PngImagePlugin - STREAM b'IHDR' 16 13
2026-09-10 16:04:01,830 - DEBUG - PIL.PngImagePlugin - STREAM b'IDAT' 41 65536
2026-09-10 16:04:01,834 - DEBUG - PIL.PngImagePlugin - STREAM b'IHDR' 16 13
2026-09-10 16:04:01,834 - DEBUG - PIL.PngImagePlugin - STREAM b'IDAT' 41 65536
2026-09-10 16:04:01,837 - DEBUG - PIL.PngImagePlugin - STREAM b'IHDR' 16 13
2026-09-10 16:04:01,837 - DEBUG - PIL.PngImagePlugin - STREAM b'IDAT' 41 54958
2026-09-10 16:04:01,841 - DEBUG - PIL.PngImagePlugin - STREAM b'IHDR' 16 13
2026-09-10 16:04:01,841 - DEBUG - PIL.PngImagePlugin - STREAM b'IDAT' 41 54668
2026-09-10 16:04:01,845 - DEBUG - PIL.PngImagePlugin - STREAM b'IHDR' 16 13
2026-09-10 16:04:01,845 - DEBUG - PIL.PngImagePlugin - STREAM b'IDAT' 41 50455
2026-09-10 16:04:01,849 - DEBUG - PIL.PngImagePlugin - STREAM b'IHDR' 16 13
2026-09-10 16:04:01,850 - DEBUG - PIL.PngImagePlugin - STREAM b'IDAT' 41 49252
2026-09-10 16:04:01,853 - DEBUG - PIL.PngImagePlugin - STREAM b'IHDR' 16 13
2026-09-10 16:04:01,853 - DEBUG - PIL.PngImagePlugin - STREAM b'IDAT' 41 55682
2026-09-10 16:04:01,857 - DEBUG - PIL.PngImagePlugin - STREAM b'IHDR' 16 13
2026-09-10 16:04:01,858 - DEBUG - PIL.PngImagePlugin - STREAM b'IDAT' 41 57887
2026-09-10 16:04:01,861 - DEBUG - PIL.PngImagePlugin - STREAM b'IHDR' 16 13
2026-09-10 16:04:01,861 - DEBUG - PIL.PngImagePlugin - STREAM b'IDAT' 41 47281
2026-09-10 16:04:01,865 - DEBUG - PIL.PngImagePlugin - STREAM b'IHDR' 16 13
2026-09-10 16:04:01,865 - DEBUG - PIL.PngImagePlugin - STREAM b'IDAT' 41 56615
2026-09-10 16:04:01,868 - DEBUG - PIL.PngImagePlugin - STREAM b'IHDR' 16 13
2026-09-10 16:04:01,869 - DEBUG - PIL.PngImagePlugin - STREAM b'IDAT' 41 57598
2026-09-10 16:04:01,878 - DEBUG - PIL.PngImagePlugin - STREAM b'IHDR' 16 13
2026-09-10 16:04:01,878 - DEBUG - PIL.PngImagePlugin - STREAM b'IDAT' 41 62450
2026-09-10 16:04:01,881 - DEBUG - PIL.PngImagePlugin - STREAM b'IHDR' 16 13
2026-09-10 16:04:01,881 - DEBUG - PIL.PngImagePlugin - STREAM b'IDAT' 41 65536
2026-09-10 16:04:02,156 - DEBUG - PIL.PngImagePlugin - STREAM b'IHDR' 16 13
2026-09-10 16:04:02,156 - DEBUG - PIL.PngImagePlugin - STREAM b'IDAT' 41 65536
2026-09-10 16:04:02,182 - DEBUG - PIL.PngImagePlugin - STREAM b'IHDR' 16 13
2026-09-10 16:04:02,183 - DEBUG - PIL.PngImagePlugin - STREAM b'IDAT' 41 53758
2026-09-10 16:04:02,186 - DEBUG - PIL.PngImagePlugin - STREAM b'IHDR' 16 13
2026-09-10 16:04:02,186 - DEBUG - PIL.PngImagePlugin - STREAM b'IDAT' 41 32768
2026-09-10 16:04:02,192 - DEBUG - PIL.PngImagePlugin - STREAM b'IHDR' 16 13
2026-09-10 16:04:02,192 - DEBUG - PIL.PngImagePlugin - STREAM b'IDAT' 41 65536
2026-09-10 16:04:02,195 - DEBUG - PIL.PngImagePlugin - STREAM b'IHDR' 16 13
2026-09-10 16:04:02,195 - DEBUG - PIL.PngImagePlugin - STREAM b'IDAT' 41 58612
2026-09-10 16:04:02,198 - DEBUG - PIL.PngImagePlugin - STREAM b'IHDR' 16 13
2026-09-10 16:04:02,198 - DEBUG - PIL.PngImagePlugin - STREAM b'IDAT' 41 54958
2026-09-10 16:04:02,201 - DEBUG - PIL.PngImagePlugin - STREAM b'IHDR' 16 13
2026-09-10 16:04:02,202 - DEBUG - PIL.PngImagePlugin - STREAM b'IDAT' 41 54668
2026-09-10 16:04:02,205 - DEBUG - PIL.PngImagePlugin - STREAM b'IHDR' 16 13
2026-09-10 16:04:02,205 - DEBUG - PIL.PngImagePlugin - STREAM b'IDAT' 41 50455
2026-09-10 16:04:02,209 - DEBUG - PIL.PngImagePlugin - STREAM b'IHDR' 16 13
2026-09-10 16:04:02,209 - DEBUG - PIL.PngImagePlugin - STREAM b'IDAT' 41 49252
2026-09-10 16:04:02,212 - DEBUG - PIL.PngImagePlugin - STREAM b'IHDR' 16 13
2026-09-10 16:04:02,212 - DEBUG - PIL.PngImagePlugin - STREAM b'IDAT' 41 55682
2026-09-10 16:04:02,216 - DEBUG - PIL.PngImagePlugin - STREAM b'IHDR' 16 13
2026-09-10 16:04:02,217 - DEBUG - PIL.PngImagePlugin - STREAM b'IDAT' 41 57887
2026-09-10 16:04:02,220 - DEBUG - PIL.PngImagePlugin - STREAM b'IHDR' 16 13
2026-09-10 16:04:02,220 - DEBUG - PIL.PngImagePlugin - STREAM b'IDAT' 41 47281
2026-09-10 16:04:02,223 - DEBUG - PIL.PngImagePlugin - STREAM b'IHDR' 16 13
2026-09-10 16:04:02,224 - DEBUG - PIL.PngImagePlugin - STREAM b'IDAT' 41 56615
2026-09-10 16:04:02,227 - DEBUG - PIL.PngImagePlugin - STREAM b'IHDR' 16 13
2026-09-10 16:04:02,227 - DEBUG - PIL.PngImagePlugin - STREAM b'IDAT' 41 57598
2026-09-10 16:04:02,236 - DEBUG - PIL.PngImagePlugin - STREAM b'IHDR' 16 13
2026-09-10 16:04:02,236 - DEBUG - PIL.PngImagePlugin - STREAM b'IDAT' 41 62450
2026-09-10 16:04:02,240 - DEBUG - PIL.PngImagePlugin - STREAM b'IHDR' 16 13
2026-09-10 16:04:02,240 - DEBUG - PIL.PngImagePlugin - STREAM b'IDAT' 41 58612
2026-09-10 16:04:02,501 - DEBUG - PIL.PngImagePlugin - STREAM b'IHDR' 16 13
2026-09-10 16:04:02,501 - DEBUG - PIL.PngImagePlugin - STREAM b'IDAT' 41 65536
2026-09-10 16:04:02,526 - DEBUG - PIL.PngImagePlugin - STREAM b'IHDR' 16 13
2026-09-10 16:04:02,526 - DEBUG - PIL.PngImagePlugin - STREAM b'IDAT' 41 53758
2026-09-10 16:04:02,529 - DEBUG - PIL.PngImagePlugin - STREAM b'IHDR' 16 13
2026-09-10 16:04:02,529 - DEBUG - PIL.PngImagePlugin - STREAM b'IDAT' 41 32768
2026-09-10 16:04:02,536 - DEBUG - PIL.PngImagePlugin - STREAM b'IHDR' 16 13
2026-09-10 16:04:02,536 - DEBUG - PIL.PngImagePlugin - STREAM b'IDAT' 41 65536
2026-09-10 16:04:02,540 - DEBUG - PIL.PngImagePlugin - STREAM b'IHDR' 16 13
2026-09-10 16:04:02,540 - DEBUG - PIL.PngImagePlugin - STREAM b'IDAT' 41 65536
2026-09-10 16:04:02,543 - DEBUG - PIL.PngImagePlugin - STREAM b'IHDR' 16 13
2026-09-10 16:04:02,543 - DEBUG - PIL.PngImagePlugin - STREAM b'IDAT' 41 54958
2026-09-10 16:04:02,547 - DEBUG - PIL.PngImagePlugin - STREAM b'IHDR' 16 13
2026-09-10 16:04:02,547 - DEBUG - PIL.PngImagePlugin - STREAM b'IDAT' 41 54668
2026-09-10 16:04:02,551 - DEBUG - PIL.PngImagePlugin - STREAM b'IHDR' 16 13
2026-09-10 16:04:02,556 - DEBUG - PIL.PngImagePlugin - STREAM b'IDAT' 41 50455
2026-09-10 16:04:02,565 - DEBUG - PIL.PngImagePlugin - STREAM b'IHDR' 16 13
2026-09-10 16:04:02,566 - DEBUG - PIL.PngImagePlugin - STREAM b'IDAT' 41 49252
2026-09-10 16:04:02,570 - DEBUG - PIL.PngImagePlugin - STREAM b'IHDR' 16 13
2026-09-10 16:04:02,571 - DEBUG - PIL.PngImagePlugin - STREAM b'IDAT' 41 55682
2026-09-10 16:04:02,576 - DEBUG - PIL.PngImagePlugin - STREAM b'IHDR' 16 13
2026-09-10 16:04:02,577 - DEBUG - PIL.PngImagePlugin - STREAM b'IDAT' 41 57887
2026-09-10 16:04:02,581 - DEBUG - PIL.PngImagePlugin - STREAM b'IHDR' 16 13
2026-09-10 16:04:02,581 - DEBUG - PIL.PngImagePlugin - STREAM b'IDAT' 41 47281
2026-09-10 16:04:02,585 - DEBUG - PIL.PngImagePlugin - STREAM b'IHDR' 16 13
2026-09-10 16:04:02,585 - DEBUG - PIL.PngImagePlugin - STREAM b'IDAT' 41 56615
2026-09-10 16:04:02,589 - DEBUG - PIL.PngImagePlugin - STREAM b'IHDR' 16 13
2026-09-10 16:04:02,589 - DEBUG - PIL.PngImagePlugin - STREAM b'IDAT' 41 57598
2026-09-10 16:04:02,600 - DEBUG - PIL.PngImagePlugin - STREAM b'IHDR' 16 13
2026-09-10 16:04:02,601 - DEBUG - PIL.PngImagePlugin - STREAM b'IDAT' 41 62450
2026-09-10 16:04:02,603 - DEBUG - PIL.PngImagePlugin - STREAM b'IHDR' 16 13
2026-09-10 16:04:02,603 - DEBUG - PIL.PngImagePlugin - STREAM b'IDAT' 41 65536
2026-09-10 16:04:02,830 - DEBUG - PIL.PngImagePlugin - STREAM b'IHDR' 16 13
2026-09-10 16:04:02,830 - DEBUG - PIL.PngImagePlugin - STREAM b'IDAT' 41 65536
2026-09-10 16:04:02,855 - DEBUG - PIL.PngImagePlugin - STREAM b'IHDR' 16 13
2026-09-10 16:04:02,855 - DEBUG - PIL.PngImagePlugin - STREAM b'IDAT' 41 53758
2026-09-10 16:04:02,860 - DEBUG - PIL.PngImagePlugin - STREAM b'IHDR' 16 13
2026-09-10 16:04:02,861 - DEBUG - PIL.PngImagePlugin - STREAM b'IDAT' 41 32768
2026-09-10 16:04:02,867 - DEBUG - PIL.PngImagePlugin - STREAM b'IHDR' 16 13
2026-09-10 16:04:02,868 - DEBUG - PIL.PngImagePlugin - STREAM b'IDAT' 41 65536
2026-09-10 16:04:02,870 - DEBUG - PIL.PngImagePlugin - STREAM b'IHDR' 16 13
2026-09-10 16:04:02,871 - DEBUG - PIL.PngImagePlugin - STREAM b'IDAT' 41 58612
2026-09-10 16:04:02,874 - DEBUG - PIL.PngImagePlugin - STREAM b'IHDR' 16 13
2026-09-10 16:04:02,874 - DEBUG - PIL.PngImagePlugin - STREAM b'IDAT' 41 54958
2026-09-10 16:04:02,878 - DEBUG - PIL.PngImagePlugin - STREAM b'IHDR' 16 13
2026-09-10 16:04:02,878 - DEBUG - PIL.PngImagePlugin - STREAM b'IDAT' 41 54668
2026-09-10 16:04:02,882 - DEBUG - PIL.PngImagePlugin - STREAM b'IHDR' 16 13
2026-09-10 16:04:02,882 - DEBUG - PIL.PngImagePlugin - STREAM b'IDAT' 41 50455
2026-09-10 16:04:02,886 - DEBUG - PIL.PngImagePlugin - STREAM b'IHDR' 16 13
2026-09-10 16:04:02,886 - DEBUG - PIL.PngImagePlugin - STREAM b'IDAT' 41 49252
2026-09-10 16:04:02,889 - DEBUG - PIL.PngImagePlugin - STREAM b'IHDR' 16 13
2026-09-10 16:04:02,890 - DEBUG - PIL.PngImagePlugin - STREAM b'IDAT' 41 55682
2026-09-10 16:04:02,893 - DEBUG - PIL.PngImagePlugin - STREAM b'IHDR' 16 13
2026-09-10 16:04:02,894 - DEBUG - PIL.PngImagePlugin - STREAM b'IDAT' 41 57887
2026-09-10 16:04:02,897 - DEBUG - PIL.PngImagePlugin - STREAM b'IHDR' 16 13
2026-09-10 16:04:02,897 - DEBUG - PIL.PngImagePlugin - STREAM b'IDAT' 41 47281
2026-09-10 16:04:02,900 - DEBUG - PIL.PngImagePlugin - STREAM b'IHDR' 16 13
2026-09-10 16:04:02,901 - DEBUG - PIL.PngImagePlugin - STREAM b'IDAT' 41 56615
2026-09-10 16:04:02,904 - DEBUG - PIL.PngImagePlugin - STREAM b'IHDR' 16 13
2026-09-10 16:04:02,904 - DEBUG - PIL.PngImagePlugin - STREAM b'IDAT' 41 57598
2026-09-10 16:04:02,912 - DEBUG - PIL.PngImagePlugin - STREAM b'IHDR' 16 13
2026-09-10 16:04:02,912 - DEBUG - PIL.PngImagePlugin - STREAM b'IDAT' 41 62450
2026-09-10 16:04:02,915 - DEBUG - PIL.PngImagePlugin - STREAM b'IHDR' 16 13
2026-09-10 16:04:02,916 - DEBUG - PIL.PngImagePlugin - STREAM b'IDAT' 41 58612
2026-09-10 16:04:03,168 - DEBUG - PIL.PngImagePlugin - STREAM b'IHDR' 16 13
2026-09-10 16:04:03,168 - DEBUG - PIL.PngImagePlugin - STREAM b'IDAT' 41 65536
2026-09-10 16:04:03,194 - DEBUG - PIL.PngImagePlugin - STREAM b'IHDR' 16 13
2026-09-10 16:04:03,195 - DEBUG - PIL.PngImagePlugin - STREAM b'IDAT' 41 53758
2026-09-10 16:04:03,198 - DEBUG - PIL.PngImagePlugin - STREAM b'IHDR' 16 13
2026-09-10 16:04:03,198 - DEBUG - PIL.PngImagePlugin - STREAM b'IDAT' 41 32768
2026-09-10 16:04:03,204 - DEBUG - PIL.PngImagePlugin - STREAM b'IHDR' 16 13
2026-09-10 16:04:03,204 - DEBUG - PIL.PngImagePlugin - STREAM b'IDAT' 41 65536
2026-09-10 16:04:03,207 - DEBUG - PIL.PngImagePlugin - STREAM b'IHDR' 16 13
2026-09-10 16:04:03,207 - DEBUG - PIL.PngImagePlugin - STREAM b'IDAT' 41 65536
2026-09-10 16:04:03,210 - DEBUG - PIL.PngImagePlugin - STREAM b'IHDR' 16 13
2026-09-10 16:04:03,210 - DEBUG - PIL.PngImagePlugin - STREAM b'IDAT' 41 54958
2026-09-10 16:04:03,214 - DEBUG - PIL.PngImagePlugin - STREAM b'IHDR' 16 13
2026-09-10 16:04:03,215 - DEBUG - PIL.PngImagePlugin - STREAM b'IDAT' 41 54668
2026-09-10 16:04:03,218 - DEBUG - PIL.PngImagePlugin - STREAM b'IHDR' 16 13
2026-09-10 16:04:03,218 - DEBUG - PIL.PngImagePlugin - STREAM b'IDAT' 41 50455
2026-09-10 16:04:03,222 - DEBUG - PIL.PngImagePlugin - STREAM b'IHDR' 16 13
2026-09-10 16:04:03,222 - DEBUG - PIL.PngImagePlugin - STREAM b'IDAT' 41 49252
2026-09-10 16:04:03,226 - DEBUG - PIL.PngImagePlugin - STREAM b'IHDR' 16 13
2026-09-10 16:04:03,226 - DEBUG - PIL.PngImagePlugin - STREAM b'IDAT' 41 55682
2026-09-10 16:04:03,229 - DEBUG - PIL.PngImagePlugin - STREAM b'IHDR' 16 13
2026-09-10 16:04:03,229 - DEBUG - PIL.PngImagePlugin - STREAM b'IDAT' 41 57887
2026-09-10 16:04:03,233 - DEBUG - PIL.PngImagePlugin - STREAM b'IHDR' 16 13
2026-09-10 16:04:03,233 - DEBUG - PIL.PngImagePlugin - STREAM b'IDAT' 41 47281
2026-09-10 16:04:03,236 - DEBUG - PIL.PngImagePlugin - STREAM b'IHDR' 16 13
2026-09-10 16:04:03,237 - DEBUG - PIL.PngImagePlugin - STREAM b'IDAT' 41 56615
2026-09-10 16:04:03,240 - DEBUG - PIL.PngImagePlugin - STREAM b'IHDR' 16 13
2026-09-10 16:04:03,241 - DEBUG - PIL.PngImagePlugin - STREAM b'IDAT' 41 57598
2026-09-10 16:04:03,249 - DEBUG - PIL.PngImagePlugin - STREAM b'IHDR' 16 13
2026-09-10 16:04:03,249 - DEBUG - PIL.PngImagePlugin - STREAM b'IDAT' 41 62450
2026-09-10 16:04:03,252 - DEBUG - PIL.PngImagePlugin - STREAM b'IHDR' 16 13
2026-09-10 16:04:03,252 - DEBUG - PIL.PngImagePlugin - STREAM b'IDAT' 41 65536
2026-09-10 16:04:03,489 - DEBUG - PIL.PngImagePlugin - STREAM b'IHDR' 16 13
2026-09-10 16:04:03,489 - DEBUG - PIL.PngImagePlugin - STREAM b'IDAT' 41 65536
2026-09-10 16:04:03,514 - DEBUG - PIL.PngImagePlugin - STREAM b'IHDR' 16 13
2026-09-10 16:04:03,514 - DEBUG - PIL.PngImagePlugin - STREAM b'IDAT' 41 53758
2026-09-10 16:04:03,517 - DEBUG - PIL.PngImagePlugin - STREAM b'IHDR' 16 13
2026-09-10 16:04:03,518 - DEBUG - PIL.PngImagePlugin - STREAM b'IDAT' 41 32768
2026-09-10 16:04:03,523 - DEBUG - PIL.PngImagePlugin - STREAM b'IHDR' 16 13
2026-09-10 16:04:03,523 - DEBUG - PIL.PngImagePlugin - STREAM b'IDAT' 41 65536
2026-09-10 16:04:03,526 - DEBUG - PIL.PngImagePlugin - STREAM b'IHDR' 16 13
2026-09-10 16:04:03,526 - DEBUG - PIL.PngImagePlugin - STREAM b'IDAT' 41 58612
2026-09-10 16:04:03,529 - DEBUG - PIL.PngImagePlugin - STREAM b'IHDR' 16 13
2026-09-10 16:04:03,529 - DEBUG - PIL.PngImagePlugin - STREAM b'IDAT' 41 54958
2026-09-10 16:04:03,533 - DEBUG - PIL.PngImagePlugin - STREAM b'IHDR' 16 13
2026-09-10 16:04:03,533 - DEBUG - PIL.PngImagePlugin - STREAM b'IDAT' 41 54668
2026-09-10 16:04:03,536 - DEBUG - PIL.PngImagePlugin - STREAM b'IHDR' 16 13
2026-09-10 16:04:03,536 - DEBUG - PIL.PngImagePlugin - STREAM b'IDAT' 41 50455
2026-09-10 16:04:03,540 - DEBUG - PIL.PngImagePlugin - STREAM b'IHDR' 16 13
2026-09-10 16:04:03,541 - DEBUG - PIL.PngImagePlugin - STREAM b'IDAT' 41 49252
2026-09-10 16:04:03,544 - DEBUG - PIL.PngImagePlugin - STREAM b'IHDR' 16 13
2026-09-10 16:04:03,544 - DEBUG - PIL.PngImagePlugin - STREAM b'IDAT' 41 55682
2026-09-10 16:04:03,548 - DEBUG - PIL.PngImagePlugin - STREAM b'IHDR' 16 13
2026-09-10 16:04:03,548 - DEBUG - PIL.PngImagePlugin - STREAM b'IDAT' 41 57887
2026-09-10 16:04:03,551 - DEBUG - PIL.PngImagePlugin - STREAM b'IHDR' 16 13
2026-09-10 16:04:03,552 - DEBUG - PIL.PngImagePlugin - STREAM b'IDAT' 41 47281
2026-09-10 16:04:03,555 - DEBUG - PIL.PngImagePlugin - STREAM b'IHDR' 16 13
2026-09-10 16:04:03,555 - DEBUG - PIL.PngImagePlugin - STREAM b'IDAT' 41 56615
2026-09-10 16:04:03,559 - DEBUG - PIL.PngImagePlugin - STREAM b'IHDR' 16 13
2026-09-10 16:04:03,559 - DEBUG - PIL.PngImagePlugin - STREAM b'IDAT' 41 57598
2026-09-10 16:04:03,568 - DEBUG - PIL.PngImagePlugin - STREAM b'IHDR' 16 13
2026-09-10 16:04:03,569 - DEBUG - PIL.PngImagePlugin - STREAM b'IDAT' 41 62450
2026-09-10 16:04:03,571 - DEBUG - PIL.PngImagePlugin - STREAM b'IHDR' 16 13
2026-09-10 16:04:03,571 - DEBUG - PIL.PngImagePlugin - STREAM b'IDAT' 41 58612
2026-09-10 16:04:03,815 - DEBUG - PIL.PngImagePlugin - STREAM b'IHDR' 16 13
2026-09-10 16:04:03,815 - DEBUG - PIL.PngImagePlugin - STREAM b'IDAT' 41 65536
2026-09-10 16:04:03,842 - DEBUG - PIL.PngImagePlugin - STREAM b'IHDR' 16 13
2026-09-10 16:04:03,843 - DEBUG - PIL.PngImagePlugin - STREAM b'IDAT' 41 53758
2026-09-10 16:04:03,846 - DEBUG - PIL.PngImagePlugin - STREAM b'IHDR' 16 13
2026-09-10 16:04:03,846 - DEBUG - PIL.PngImagePlugin - STREAM b'IDAT' 41 32768
2026-09-10 16:04:03,852 - DEBUG - PIL.PngImagePlugin - STREAM b'IHDR' 16 13
2026-09-10 16:04:03,852 - DEBUG - PIL.PngImagePlugin - STREAM b'IDAT' 41 65536
2026-09-10 16:04:03,856 - DEBUG - PIL.PngImagePlugin - STREAM b'IHDR' 16 13
2026-09-10 16:04:03,857 - DEBUG - PIL.PngImagePlugin - STREAM b'IDAT' 41 65536
2026-09-10 16:04:03,860 - DEBUG - PIL.PngImagePlugin - STREAM b'IHDR' 16 13
2026-09-10 16:04:03,860 - DEBUG - PIL.PngImagePlugin - STREAM b'IDAT' 41 54958
2026-09-10 16:04:03,864 - DEBUG - PIL.PngImagePlugin - STREAM b'IHDR' 16 13
2026-09-10 16:04:03,864 - DEBUG - PIL.PngImagePlugin - STREAM b'IDAT' 41 54668
2026-09-10 16:04:03,868 - DEBUG - PIL.PngImagePlugin - STREAM b'IHDR' 16 13
2026-09-10 16:04:03,868 - DEBUG - PIL.PngImagePlugin - STREAM b'IDAT' 41 50455
2026-09-10 16:04:03,872 - DEBUG - PIL.PngImagePlugin - STREAM b'IHDR' 16 13
2026-09-10 16:04:03,872 - DEBUG - PIL.PngImagePlugin - STREAM b'IDAT' 41 49252
2026-09-10 16:04:03,876 - DEBUG - PIL.PngImagePlugin - STREAM b'IHDR' 16 13
2026-09-10 16:04:03,876 - DEBUG - PIL.PngImagePlugin - STREAM b'IDAT' 41 55682
2026-09-10 16:04:03,879 - DEBUG - PIL.PngImagePlugin - STREAM b'IHDR' 16 13
2026-09-10 16:04:03,880 - DEBUG - PIL.PngImagePlugin - STREAM b'IDAT' 41 57887
2026-09-10 16:04:03,883 - DEBUG - PIL.PngImagePlugin - STREAM b'IHDR' 16 13
2026-09-10 16:04:03,883 - DEBUG - PIL.PngImagePlugin - STREAM b'IDAT' 41 47281
2026-09-10 16:04:03,886 - DEBUG - PIL.PngImagePlugin - STREAM b'IHDR' 16 13
2026-09-10 16:04:03,886 - DEBUG - PIL.PngImagePlugin - STREAM b'IDAT' 41 56615
2026-09-10 16:04:03,890 - DEBUG - PIL.PngImagePlugin - STREAM b'IHDR' 16 13
2026-09-10 16:04:03,890 - DEBUG - PIL.PngImagePlugin - STREAM b'IDAT' 41 57598
2026-09-10 16:04:03,898 - DEBUG - PIL.PngImagePlugin - STREAM b'IHDR' 16 13
2026-09-10 16:04:03,898 - DEBUG - PIL.PngImagePlugin - STREAM b'IDAT' 41 62450
2026-09-10 16:04:03,901 - DEBUG - PIL.PngImagePlugin - STREAM b'IHDR' 16 13
2026-09-10 16:04:03,901 - DEBUG - PIL.PngImagePlugin - STREAM b'IDAT' 41 65536
2026-09-10 16:04:04,151 - DEBUG - PIL.PngImagePlugin - STREAM b'IHDR' 16 13
2026-09-10 16:04:04,151 - DEBUG - PIL.PngImagePlugin - STREAM b'IDAT' 41 65536
2026-09-10 16:04:04,176 - DEBUG - PIL.PngImagePlugin - STREAM b'IHDR' 16 13
2026-09-10 16:04:04,176 - DEBUG - PIL.PngImagePlugin - STREAM b'IDAT' 41 53758
2026-09-10 16:04:04,179 - DEBUG - PIL.PngImagePlugin - STREAM b'IHDR' 16 13
2026-09-10 16:04:04,179 - DEBUG - PIL.PngImagePlugin - STREAM b'IDAT' 41 32768
2026-09-10 16:04:04,186 - DEBUG - PIL.PngImagePlugin - STREAM b'IHDR' 16 13
2026-09-10 16:04:04,186 - DEBUG - PIL.PngImagePlugin - STREAM b'IDAT' 41 65536
2026-09-10 16:04:04,189 - DEBUG - PIL.PngImagePlugin - STREAM b'IHDR' 16 13
2026-09-10 16:04:04,189 - DEBUG - PIL.PngImagePlugin - STREAM b'IDAT' 41 58612
2026-09-10 16:04:04,192 - DEBUG - PIL.PngImagePlugin - STREAM b'IHDR' 16 13
2026-09-10 16:04:04,192 - DEBUG - PIL.PngImagePlugin - STREAM b'IDAT' 41 54958
2026-09-10 16:04:04,198 - DEBUG - PIL.PngImagePlugin - STREAM b'IHDR' 16 13
2026-09-10 16:04:04,198 - DEBUG - PIL.PngImagePlugin - STREAM b'IDAT' 41 54668
2026-09-10 16:04:04,203 - DEBUG - PIL.PngImagePlugin - STREAM b'IHDR' 16 13
2026-09-10 16:04:04,204 - DEBUG - PIL.PngImagePlugin - STREAM b'IDAT' 41 50455
2026-09-10 16:04:04,208 - DEBUG - PIL.PngImagePlugin - STREAM b'IHDR' 16 13
2026-09-10 16:04:04,208 - DEBUG - PIL.PngImagePlugin - STREAM b'IDAT' 41 49252
2026-09-10 16:04:04,212 - DEBUG - PIL.PngImagePlugin - STREAM b'IHDR' 16 13
2026-09-10 16:04:04,212 - DEBUG - PIL.PngImagePlugin - STREAM b'IDAT' 41 55682
2026-09-10 16:04:04,217 - DEBUG - PIL.PngImagePlugin - STREAM b'IHDR' 16 13
2026-09-10 16:04:04,217 - DEBUG - PIL.PngImagePlugin - STREAM b'IDAT' 41 57887
2026-09-10 16:04:04,221 - DEBUG - PIL.PngImagePlugin - STREAM b'IHDR' 16 13
2026-09-10 16:04:04,221 - DEBUG - PIL.PngImagePlugin - STREAM b'IDAT' 41 47281
2026-09-10 16:04:04,226 - DEBUG - PIL.PngImagePlugin - STREAM b'IHDR' 16 13
2026-09-10 16:04:04,226 - DEBUG - PIL.PngImagePlugin - STREAM b'IDAT' 41 56615
2026-09-10 16:04:04,230 - DEBUG - PIL.PngImagePlugin - STREAM b'IHDR' 16 13
2026-09-10 16:04:04,230 - DEBUG - PIL.PngImagePlugin - STREAM b'IDAT' 41 57598
2026-09-10 16:04:04,240 - DEBUG - PIL.PngImagePlugin - STREAM b'IHDR' 16 13
2026-09-10 16:04:04,240 - DEBUG - PIL.PngImagePlugin - STREAM b'IDAT' 41 62450
2026-09-10 16:04:04,243 - DEBUG - PIL.PngImagePlugin - STREAM b'IHDR' 16 13
2026-09-10 16:04:04,243 - DEBUG - PIL.PngImagePlugin - STREAM b'IDAT' 41 58612
2026-09-10 16:04:04,507 - DEBUG - PIL.PngImagePlugin - STREAM b'IHDR' 16 13
2026-09-10 16:04:04,507 - DEBUG - PIL.PngImagePlugin - STREAM b'IDAT' 41 65536
2026-09-10 16:04:04,532 - DEBUG - PIL.PngImagePlugin - STREAM b'IHDR' 16 13
2026-09-10 16:04:04,532 - DEBUG - PIL.PngImagePlugin - STREAM b'IDAT' 41 53758
2026-09-10 16:04:04,536 - DEBUG - PIL.PngImagePlugin - STREAM b'IHDR' 16 13
2026-09-10 16:04:04,536 - DEBUG - PIL.PngImagePlugin - STREAM b'IDAT' 41 32768
2026-09-10 16:04:04,543 - DEBUG - PIL.PngImagePlugin - STREAM b'IHDR' 16 13
2026-09-10 16:04:04,543 - DEBUG - PIL.PngImagePlugin - STREAM b'IDAT' 41 65536
2026-09-10 16:04:04,547 - DEBUG - PIL.PngImagePlugin - STREAM b'IHDR' 16 13
2026-09-10 16:04:04,547 - DEBUG - PIL.PngImagePlugin - STREAM b'IDAT' 41 65536
2026-09-10 16:04:04,550 - DEBUG - PIL.PngImagePlugin - STREAM b'IHDR' 16 13
2026-09-10 16:04:04,550 - DEBUG - PIL.PngImagePlugin - STREAM b'IDAT' 41 54958
2026-09-10 16:04:04,553 - DEBUG - PIL.PngImagePlugin - STREAM b'IHDR' 16 13
2026-09-10 16:04:04,554 - DEBUG - PIL.PngImagePlugin - STREAM b'IDAT' 41 54668
2026-09-10 16:04:04,557 - DEBUG - PIL.PngImagePlugin - STREAM b'IHDR' 16 13
2026-09-10 16:04:04,558 - DEBUG - PIL.PngImagePlugin - STREAM b'IDAT' 41 50455
2026-09-10 16:04:04,561 - DEBUG - PIL.PngImagePlugin - STREAM b'IHDR' 16 13
2026-09-10 16:04:04,561 - DEBUG - PIL.PngImagePlugin - STREAM b'IDAT' 41 49252
2026-09-10 16:04:04,565 - DEBUG - PIL.PngImagePlugin - STREAM b'IHDR' 16 13
2026-09-10 16:04:04,565 - DEBUG - PIL.PngImagePlugin - STREAM b'IDAT' 41 55682
2026-09-10 16:04:04,568 - DEBUG - PIL.PngImagePlugin - STREAM b'IHDR' 16 13
2026-09-10 16:04:04,569 - DEBUG - PIL.PngImagePlugin - STREAM b'IDAT' 41 57887
2026-09-10 16:04:04,572 - DEBUG - PIL.PngImagePlugin - STREAM b'IHDR' 16 13
2026-09-10 16:04:04,572 - DEBUG - PIL.PngImagePlugin - STREAM b'IDAT' 41 47281
2026-09-10 16:04:04,576 - DEBUG - PIL.PngImagePlugin - STREAM b'IHDR' 16 13
2026-09-10 16:04:04,576 - DEBUG - PIL.PngImagePlugin - STREAM b'IDAT' 41 56615
2026-09-10 16:04:04,579 - DEBUG - PIL.PngImagePlugin - STREAM b'IHDR' 16 13
2026-09-10 16:04:04,579 - DEBUG - PIL.PngImagePlugin - STREAM b'IDAT' 41 57598
2026-09-10 16:04:04,588 - DEBUG - PIL.PngImagePlugin - STREAM b'IHDR' 16 13
2026-09-10 16:04:04,588 - DEBUG - PIL.PngImagePlugin - STREAM b'IDAT' 41 62450
2026-09-10 16:04:04,591 - DEBUG - PIL.PngImagePlugin - STREAM b'IHDR' 16 13
2026-09-10 16:04:04,591 - DEBUG - PIL.PngImagePlugin - STREAM b'IDAT' 41 65536
2026-09-10 16:04:04,826 - DEBUG - PIL.PngImagePlugin - STREAM b'IHDR' 16 13
2026-09-10 16:04:04,826 - DEBUG - PIL.PngImagePlugin - STREAM b'IDAT' 41 65536
2026-09-10 16:04:04,852 - DEBUG - PIL.PngImagePlugin - STREAM b'IHDR' 16 13
2026-09-10 16:04:04,852 - DEBUG - PIL.PngImagePlugin - STREAM b'IDAT' 41 53758
2026-09-10 16:04:04,856 - DEBUG - PIL.PngImagePlugin - STREAM b'IHDR' 16 13
2026-09-10 16:04:04,856 - DEBUG - PIL.PngImagePlugin - STREAM b'IDAT' 41 32768
2026-09-10 16:04:04,861 - DEBUG - PIL.PngImagePlugin - STREAM b'IHDR' 16 13
2026-09-10 16:04:04,861 - DEBUG - PIL.PngImagePlugin - STREAM b'IDAT' 41 65536
2026-09-10 16:04:04,865 - DEBUG - PIL.PngImagePlugin - STREAM b'IHDR' 16 13
2026-09-10 16:04:04,865 - DEBUG - PIL.PngImagePlugin - STREAM b'IDAT' 41 58612
2026-09-10 16:04:04,868 - DEBUG - PIL.PngImagePlugin - STREAM b'IHDR' 16 13
2026-09-10 16:04:04,868 - DEBUG - PIL.PngImagePlugin - STREAM b'IDAT' 41 54958
2026-09-10 16:04:04,872 - DEBUG - PIL.PngImagePlugin - STREAM b'IHDR' 16 13
2026-09-10 16:04:04,872 - DEBUG - PIL.PngImagePlugin - STREAM b'IDAT' 41 54668
2026-09-10 16:04:04,877 - DEBUG - PIL.PngImagePlugin - STREAM b'IHDR' 16 13
2026-09-10 16:04:04,877 - DEBUG - PIL.PngImagePlugin - STREAM b'IDAT' 41 50455
2026-09-10 16:04:04,880 - DEBUG - PIL.PngImagePlugin - STREAM b'IHDR' 16 13
2026-09-10 16:04:04,881 - DEBUG - PIL.PngImagePlugin - STREAM b'IDAT' 41 49252
2026-09-10 16:04:04,884 - DEBUG - PIL.PngImagePlugin - STREAM b'IHDR' 16 13
2026-09-10 16:04:04,884 - DEBUG - PIL.PngImagePlugin - STREAM b'IDAT' 41 55682
2026-09-10 16:04:04,888 - DEBUG - PIL.PngImagePlugin - STREAM b'IHDR' 16 13
2026-09-10 16:04:04,888 - DEBUG - PIL.PngImagePlugin - STREAM b'IDAT' 41 57887
2026-09-10 16:04:04,891 - DEBUG - PIL.PngImagePlugin - STREAM b'IHDR' 16 13
2026-09-10 16:04:04,891 - DEBUG - PIL.PngImagePlugin - STREAM b'IDAT' 41 47281
2026-09-10 16:04:04,894 - DEBUG - PIL.PngImagePlugin - STREAM b'IHDR' 16 13
2026-09-10 16:04:04,895 - DEBUG - PIL.PngImagePlugin - STREAM b'IDAT' 41 56615
2026-09-10 16:04:04,898 - DEBUG - PIL.PngImagePlugin - STREAM b'IHDR' 16 13
2026-09-10 16:04:04,898 - DEBUG - PIL.PngImagePlugin - STREAM b'IDAT' 41 57598
2026-09-10 16:04:04,907 - DEBUG - PIL.PngImagePlugin - STREAM b'IHDR' 16 13
2026-09-10 16:04:04,907 - DEBUG - PIL.PngImagePlugin - STREAM b'IDAT' 41 62450
2026-09-10 16:04:04,909 - DEBUG - PIL.PngImagePlugin - STREAM b'IHDR' 16 13
2026-09-10 16:04:04,910 - DEBUG - PIL.PngImagePlugin - STREAM b'IDAT' 41 58612
2026-09-10 16:04:05,161 - DEBUG - PIL.PngImagePlugin - STREAM b'IHDR' 16 13
2026-09-10 16:04:05,161 - DEBUG - PIL.PngImagePlugin - STREAM b'IDAT' 41 65536
2026-09-10 16:04:05,186 - DEBUG - PIL.PngImagePlugin - STREAM b'IHDR' 16 13
2026-09-10 16:04:05,186 - DEBUG - PIL.PngImagePlugin - STREAM b'IDAT' 41 53758
2026-09-10 16:04:05,189 - DEBUG - PIL.PngImagePlugin - STREAM b'IHDR' 16 13
2026-09-10 16:04:05,190 - DEBUG - PIL.PngImagePlugin - STREAM b'IDAT' 41 32768
2026-09-10 16:04:05,197 - DEBUG - PIL.PngImagePlugin - STREAM b'IHDR' 16 13
2026-09-10 16:04:05,197 - DEBUG - PIL.PngImagePlugin - STREAM b'IDAT' 41 65536
2026-09-10 16:04:05,200 - DEBUG - PIL.PngImagePlugin - STREAM b'IHDR' 16 13
2026-09-10 16:04:05,200 - DEBUG - PIL.PngImagePlugin - STREAM b'IDAT' 41 65536
2026-09-10 16:04:05,203 - DEBUG - PIL.PngImagePlugin - STREAM b'IHDR' 16 13
2026-09-10 16:04:05,203 - DEBUG - PIL.PngImagePlugin - STREAM b'IDAT' 41 54958
2026-09-10 16:04:05,207 - DEBUG - PIL.PngImagePlugin - STREAM b'IHDR' 16 13
2026-09-10 16:04:05,207 - DEBUG - PIL.PngImagePlugin - STREAM b'IDAT' 41 54668
2026-09-10 16:04:05,210 - DEBUG - PIL.PngImagePlugin - STREAM b'IHDR' 16 13
2026-09-10 16:04:05,211 - DEBUG - PIL.PngImagePlugin - STREAM b'IDAT' 41 50455
2026-09-10 16:04:05,214 - DEBUG - PIL.PngImagePlugin - STREAM b'IHDR' 16 13
2026-09-10 16:04:05,215 - DEBUG - PIL.PngImagePlugin - STREAM b'IDAT' 41 49252
2026-09-10 16:04:05,218 - DEBUG - PIL.PngImagePlugin - STREAM b'IHDR' 16 13
2026-09-10 16:04:05,218 - DEBUG - PIL.PngImagePlugin - STREAM b'IDAT' 41 55682
2026-09-10 16:04:05,221 - DEBUG - PIL.PngImagePlugin - STREAM b'IHDR' 16 13
2026-09-10 16:04:05,222 - DEBUG - PIL.PngImagePlugin - STREAM b'IDAT' 41 57887
2026-09-10 16:04:05,225 - DEBUG - PIL.PngImagePlugin - STREAM b'IHDR' 16 13
2026-09-10 16:04:05,225 - DEBUG - PIL.PngImagePlugin - STREAM b'IDAT' 41 47281
2026-09-10 16:04:05,228 - DEBUG - PIL.PngImagePlugin - STREAM b'IHDR' 16 13
2026-09-10 16:04:05,229 - DEBUG - PIL.PngImagePlugin - STREAM b'IDAT' 41 56615
2026-09-10 16:04:05,232 - DEBUG - PIL.PngImagePlugin - STREAM b'IHDR' 16 13
2026-09-10 16:04:05,232 - DEBUG - PIL.PngImagePlugin - STREAM b'IDAT' 41 57598
2026-09-10 16:04:05,240 - DEBUG - PIL.PngImagePlugin - STREAM b'IHDR' 16 13
2026-09-10 16:04:05,240 - DEBUG - PIL.PngImagePlugin - STREAM b'IDAT' 41 62450
2026-09-10 16:04:05,243 - DEBUG - PIL.PngImagePlugin - STREAM b'IHDR' 16 13
2026-09-10 16:04:05,243 - DEBUG - PIL.PngImagePlugin - STREAM b'IDAT' 41 65536
2026-09-10 16:04:05,510 - DEBUG - PIL.PngImagePlugin - STREAM b'IHDR' 16 13
2026-09-10 16:04:05,511 - DEBUG - PIL.PngImagePlugin - STREAM b'IDAT' 41 65536
2026-09-10 16:04:05,537 - DEBUG - PIL.PngImagePlugin - STREAM b'IHDR' 16 13
2026-09-10 16:04:05,537 - DEBUG - PIL.PngImagePlugin - STREAM b'IDAT' 41 53758
2026-09-10 16:04:05,541 - DEBUG - PIL.PngImagePlugin - STREAM b'IHDR' 16 13
2026-09-10 16:04:05,541 - DEBUG - PIL.PngImagePlugin - STREAM b'IDAT' 41 32768
2026-09-10 16:04:05,547 - DEBUG - PIL.PngImagePlugin - STREAM b'IHDR' 16 13
2026-09-10 16:04:05,547 - DEBUG - PIL.PngImagePlugin - STREAM b'IDAT' 41 65536
2026-09-10 16:04:05,550 - DEBUG - PIL.PngImagePlugin - STREAM b'IHDR' 16 13
2026-09-10 16:04:05,550 - DEBUG - PIL.PngImagePlugin - STREAM b'IDAT' 41 58612
2026-09-10 16:04:05,553 - DEBUG - PIL.PngImagePlugin - STREAM b'IHDR' 16 13
2026-09-10 16:04:05,553 - DEBUG - PIL.PngImagePlugin - STREAM b'IDAT' 41 54958
2026-09-10 16:04:05,558 - DEBUG - PIL.PngImagePlugin - STREAM b'IHDR' 16 13
2026-09-10 16:04:05,558 - DEBUG - PIL.PngImagePlugin - STREAM b'IDAT' 41 54668
2026-09-10 16:04:05,562 - DEBUG - PIL.PngImagePlugin - STREAM b'IHDR' 16 13
2026-09-10 16:04:05,562 - DEBUG - PIL.PngImagePlugin - STREAM b'IDAT' 41 50455
2026-09-10 16:04:05,566 - DEBUG - PIL.PngImagePlugin - STREAM b'IHDR' 16 13
2026-09-10 16:04:05,566 - DEBUG - PIL.PngImagePlugin - STREAM b'IDAT' 41 49252
2026-09-10 16:04:05,569 - DEBUG - PIL.PngImagePlugin - STREAM b'IHDR' 16 13
2026-09-10 16:04:05,570 - DEBUG - PIL.PngImagePlugin - STREAM b'IDAT' 41 55682
2026-09-10 16:04:05,574 - DEBUG - PIL.PngImagePlugin - STREAM b'IHDR' 16 13
2026-09-10 16:04:05,574 - DEBUG - PIL.PngImagePlugin - STREAM b'IDAT' 41 57887
2026-09-10 16:04:05,577 - DEBUG - PIL.PngImagePlugin - STREAM b'IHDR' 16 13
2026-09-10 16:04:05,578 - DEBUG - PIL.PngImagePlugin - STREAM b'IDAT' 41 47281
2026-09-10 16:04:05,581 - DEBUG - PIL.PngImagePlugin - STREAM b'IHDR' 16 13
2026-09-10 16:04:05,581 - DEBUG - PIL.PngImagePlugin - STREAM b'IDAT' 41 56615
2026-09-10 16:04:05,584 - DEBUG - PIL.PngImagePlugin - STREAM b'IHDR' 16 13
2026-09-10 16:04:05,584 - DEBUG - PIL.PngImagePlugin - STREAM b'IDAT' 41 57598
2026-09-10 16:04:05,596 - DEBUG - PIL.PngImagePlugin - STREAM b'IHDR' 16 13
2026-09-10 16:04:05,596 - DEBUG - PIL.PngImagePlugin - STREAM b'IDAT' 41 62450
2026-09-10 16:04:05,598 - DEBUG - PIL.PngImagePlugin - STREAM b'IHDR' 16 13
2026-09-10 16:04:05,599 - DEBUG - PIL.PngImagePlugin - STREAM b'IDAT' 41 58612
2026-09-10 16:04:05,789 - DEBUG - PIL.PngImagePlugin - STREAM b'IHDR' 16 13
2026-09-10 16:04:05,789 - DEBUG - PIL.PngImagePlugin - STREAM b'IDAT' 41 65536
2026-09-10 16:04:05,814 - DEBUG - PIL.PngImagePlugin - STREAM b'IHDR' 16 13
2026-09-10 16:04:05,814 - DEBUG - PIL.PngImagePlugin - STREAM b'IDAT' 41 53758
2026-09-10 16:04:05,818 - DEBUG - PIL.PngImagePlugin - STREAM b'IHDR' 16 13
2026-09-10 16:04:05,819 - DEBUG - PIL.PngImagePlugin - STREAM b'IDAT' 41 32768
2026-09-10 16:04:05,824 - DEBUG - PIL.PngImagePlugin - STREAM b'IHDR' 16 13
2026-09-10 16:04:05,824 - DEBUG - PIL.PngImagePlugin - STREAM b'IDAT' 41 65536
2026-09-10 16:04:05,827 - DEBUG - PIL.PngImagePlugin - STREAM b'IHDR' 16 13
2026-09-10 16:04:05,827 - DEBUG - PIL.PngImagePlugin - STREAM b'IDAT' 41 65536
2026-09-10 16:04:05,831 - DEBUG - PIL.PngImagePlugin - STREAM b'IHDR' 16 13
2026-09-10 16:04:05,831 - DEBUG - PIL.PngImagePlugin - STREAM b'IDAT' 41 54958
2026-09-10 16:04:05,835 - DEBUG - PIL.PngImagePlugin - STREAM b'IHDR' 16 13
2026-09-10 16:04:05,835 - DEBUG - PIL.PngImagePlugin - STREAM b'IDAT' 41 54668
2026-09-10 16:04:05,839 - DEBUG - PIL.PngImagePlugin - STREAM b'IHDR' 16 13
2026-09-10 16:04:05,839 - DEBUG - PIL.PngImagePlugin - STREAM b'IDAT' 41 50455
2026-09-10 16:04:05,843 - DEBUG - PIL.PngImagePlugin - STREAM b'IHDR' 16 13
2026-09-10 16:04:05,843 - DEBUG - PIL.PngImagePlugin - STREAM b'IDAT' 41 49252
2026-09-10 16:04:05,846 - DEBUG - PIL.PngImagePlugin - STREAM b'IHDR' 16 13
2026-09-10 16:04:05,846 - DEBUG - PIL.PngImagePlugin - STREAM b'IDAT' 41 55682
2026-09-10 16:04:05,851 - DEBUG - PIL.PngImagePlugin - STREAM b'IHDR' 16 13
2026-09-10 16:04:05,851 - DEBUG - PIL.PngImagePlugin - STREAM b'IDAT' 41 57887
2026-09-10 16:04:05,855 - DEBUG - PIL.PngImagePlugin - STREAM b'IHDR' 16 13
2026-09-10 16:04:05,857 - DEBUG - PIL.PngImagePlugin - STREAM b'IDAT' 41 47281
2026-09-10 16:04:05,861 - DEBUG - PIL.PngImagePlugin - STREAM b'IHDR' 16 13
2026-09-10 16:04:05,862 - DEBUG - PIL.PngImagePlugin - STREAM b'IDAT' 41 56615
2026-09-10 16:04:05,867 - DEBUG - PIL.PngImagePlugin - STREAM b'IHDR' 16 13
2026-09-10 16:04:05,867 - DEBUG - PIL.PngImagePlugin - STREAM b'IDAT' 41 57598
2026-09-10 16:04:05,879 - DEBUG - PIL.PngImagePlugin - STREAM b'IHDR' 16 13
2026-09-10 16:04:05,880 - DEBUG - PIL.PngImagePlugin - STREAM b'IDAT' 41 62450
2026-09-10 16:04:05,884 - DEBUG - PIL.PngImagePlugin - STREAM b'IHDR' 16 13
2026-09-10 16:04:05,885 - DEBUG - PIL.PngImagePlugin - STREAM b'IDAT' 41 65536
2026-09-10 16:04:06,094 - DEBUG - PIL.PngImagePlugin - STREAM b'IHDR' 16 13
2026-09-10 16:04:06,094 - DEBUG - PIL.PngImagePlugin - STREAM b'IDAT' 41 65536
2026-09-10 16:04:06,119 - DEBUG - PIL.PngImagePlugin - STREAM b'IHDR' 16 13
2026-09-10 16:04:06,119 - DEBUG - PIL.PngImagePlugin - STREAM b'IDAT' 41 53758
2026-09-10 16:04:06,123 - DEBUG - PIL.PngImagePlugin - STREAM b'IHDR' 16 13
2026-09-10 16:04:06,123 - DEBUG - PIL.PngImagePlugin - STREAM b'IDAT' 41 32768
2026-09-10 16:04:06,130 - DEBUG - PIL.PngImagePlugin - STREAM b'IHDR' 16 13
2026-09-10 16:04:06,130 - DEBUG - PIL.PngImagePlugin - STREAM b'IDAT' 41 65536
2026-09-10 16:04:06,134 - DEBUG - PIL.PngImagePlugin - STREAM b'IHDR' 16 13
2026-09-10 16:04:06,134 - DEBUG - PIL.PngImagePlugin - STREAM b'IDAT' 41 58612
2026-09-10 16:04:06,136 - DEBUG - PIL.PngImagePlugin - STREAM b'IHDR' 16 13
2026-09-10 16:04:06,137 - DEBUG - PIL.PngImagePlugin - STREAM b'IDAT' 41 54958
2026-09-10 16:04:06,140 - DEBUG - PIL.PngImagePlugin - STREAM b'IHDR' 16 13
2026-09-10 16:04:06,141 - DEBUG - PIL.PngImagePlugin - STREAM b'IDAT' 41 54668
2026-09-10 16:04:06,144 - DEBUG - PIL.PngImagePlugin - STREAM b'IHDR' 16 13
2026-09-10 16:04:06,144 - DEBUG - PIL.PngImagePlugin - STREAM b'IDAT' 41 50455
2026-09-10 16:04:06,148 - DEBUG - PIL.PngImagePlugin - STREAM b'IHDR' 16 13
2026-09-10 16:04:06,148 - DEBUG - PIL.PngImagePlugin - STREAM b'IDAT' 41 49252
2026-09-10 16:04:06,152 - DEBUG - PIL.PngImagePlugin - STREAM b'IHDR' 16 13
2026-09-10 16:04:06,152 - DEBUG - PIL.PngImagePlugin - STREAM b'IDAT' 41 55682
2026-09-10 16:04:06,156 - DEBUG - PIL.PngImagePlugin - STREAM b'IHDR' 16 13
2026-09-10 16:04:06,156 - DEBUG - PIL.PngImagePlugin - STREAM b'IDAT' 41 57887
2026-09-10 16:04:06,160 - DEBUG - PIL.PngImagePlugin - STREAM b'IHDR' 16 13
2026-09-10 16:04:06,160 - DEBUG - PIL.PngImagePlugin - STREAM b'IDAT' 41 47281
2026-09-10 16:04:06,163 - DEBUG - PIL.PngImagePlugin - STREAM b'IHDR' 16 13
2026-09-10 16:04:06,164 - DEBUG - PIL.PngImagePlugin - STREAM b'IDAT' 41 56615
2026-09-10 16:04:06,167 - DEBUG - PIL.PngImagePlugin - STREAM b'IHDR' 16 13
2026-09-10 16:04:06,167 - DEBUG - PIL.PngImagePlugin - STREAM b'IDAT' 41 57598
2026-09-10 16:04:06,177 - DEBUG - PIL.PngImagePlugin - STREAM b'IHDR' 16 13
2026-09-10 16:04:06,177 - DEBUG - PIL.PngImagePlugin - STREAM b'IDAT' 41 62450
2026-09-10 16:04:06,180 - DEBUG - PIL.PngImagePlugin - STREAM b'IHDR' 16 13
2026-09-10 16:04:06,180 - DEBUG - PIL.PngImagePlugin - STREAM b'IDAT' 41 58612
2026-09-10 16:04:06,354 - DEBUG - PIL.PngImagePlugin - STREAM b'IHDR' 16 13
2026-09-10 16:04:06,354 - DEBUG - PIL.PngImagePlugin - STREAM b'IDAT' 41 65536
2026-09-10 16:04:06,379 - DEBUG - PIL.PngImagePlugin - STREAM b'IHDR' 16 13
2026-09-10 16:04:06,379 - DEBUG - PIL.PngImagePlugin - STREAM b'IDAT' 41 53758
2026-09-10 16:04:06,382 - DEBUG - PIL.PngImagePlugin - STREAM b'IHDR' 16 13
2026-09-10 16:04:06,382 - DEBUG - PIL.PngImagePlugin - STREAM b'IDAT' 41 32768
2026-09-10 16:04:06,388 - DEBUG - PIL.PngImagePlugin - STREAM b'IHDR' 16 13
2026-09-10 16:04:06,388 - DEBUG - PIL.PngImagePlugin - STREAM b'IDAT' 41 65536
2026-09-10 16:04:06,391 - DEBUG - PIL.PngImagePlugin - STREAM b'IHDR' 16 13
2026-09-10 16:04:06,391 - DEBUG - PIL.PngImagePlugin - STREAM b'IDAT' 41 65536
2026-09-10 16:04:06,394 - DEBUG - PIL.PngImagePlugin - STREAM b'IHDR' 16 13
2026-09-10 16:04:06,395 - DEBUG - PIL.PngImagePlugin - STREAM b'IDAT' 41 54958
2026-09-10 16:04:06,398 - DEBUG - PIL.PngImagePlugin - STREAM b'IHDR' 16 13
2026-09-10 16:04:06,398 - DEBUG - PIL.PngImagePlugin - STREAM b'IDAT' 41 54668
2026-09-10 16:04:06,402 - DEBUG - PIL.PngImagePlugin - STREAM b'IHDR' 16 13
2026-09-10 16:04:06,402 - DEBUG - PIL.PngImagePlugin - STREAM b'IDAT' 41 50455
2026-09-10 16:04:06,405 - DEBUG - PIL.PngImagePlugin - STREAM b'IHDR' 16 13
2026-09-10 16:04:06,406 - DEBUG - PIL.PngImagePlugin - STREAM b'IDAT' 41 49252
2026-09-10 16:04:06,409 - DEBUG - PIL.PngImagePlugin - STREAM b'IHDR' 16 13
2026-09-10 16:04:06,409 - DEBUG - PIL.PngImagePlugin - STREAM b'IDAT' 41 55682
2026-09-10 16:04:06,412 - DEBUG - PIL.PngImagePlugin - STREAM b'IHDR' 16 13
2026-09-10 16:04:06,412 - DEBUG - PIL.PngImagePlugin - STREAM b'IDAT' 41 57887
2026-09-10 16:04:06,416 - DEBUG - PIL.PngImagePlugin - STREAM b'IHDR' 16 13
2026-09-10 16:04:06,416 - DEBUG - PIL.PngImagePlugin - STREAM b'IDAT' 41 47281
2026-09-10 16:04:06,419 - DEBUG - PIL.PngImagePlugin - STREAM b'IHDR' 16 13
2026-09-10 16:04:06,419 - DEBUG - PIL.PngImagePlugin - STREAM b'IDAT' 41 56615
2026-09-10 16:04:06,423 - DEBUG - PIL.PngImagePlugin - STREAM b'IHDR' 16 13
2026-09-10 16:04:06,423 - DEBUG - PIL.PngImagePlugin - STREAM b'IDAT' 41 57598
2026-09-10 16:04:06,432 - DEBUG - PIL.PngImagePlugin - STREAM b'IHDR' 16 13
2026-09-10 16:04:06,432 - DEBUG - PIL.PngImagePlugin - STREAM b'IDAT' 41 62450
2026-09-10 16:04:06,434 - DEBUG - PIL.PngImagePlugin - STREAM b'IHDR' 16 13
2026-09-10 16:04:06,434 - DEBUG - PIL.PngImagePlugin - STREAM b'IDAT' 41 65536
2026-09-10 16:04:06,591 - DEBUG - PIL.PngImagePlugin - STREAM b'IHDR' 16 13
2026-09-10 16:04:06,591 - DEBUG - PIL.PngImagePlugin - STREAM b'IDAT' 41 65536
2026-09-10 16:04:06,617 - DEBUG - PIL.PngImagePlugin - STREAM b'IHDR' 16 13
2026-09-10 16:04:06,617 - DEBUG - PIL.PngImagePlugin - STREAM b'IDAT' 41 53758
2026-09-10 16:04:06,620 - DEBUG - PIL.PngImagePlugin - STREAM b'IHDR' 16 13
2026-09-10 16:04:06,620 - DEBUG - PIL.PngImagePlugin - STREAM b'IDAT' 41 32768
2026-09-10 16:04:06,626 - DEBUG - PIL.PngImagePlugin - STREAM b'IHDR' 16 13
2026-09-10 16:04:06,626 - DEBUG - PIL.PngImagePlugin - STREAM b'IDAT' 41 65536
2026-09-10 16:04:06,629 - DEBUG - PIL.PngImagePlugin - STREAM b'IHDR' 16 13
2026-09-10 16:04:06,629 - DEBUG - PIL.PngImagePlugin - STREAM b'IDAT' 41 58612
2026-09-10 16:04:06,632 - DEBUG - PIL.PngImagePlugin - STREAM b'IHDR' 16 13
2026-09-10 16:04:06,633 - DEBUG - PIL.PngImagePlugin - STREAM b'IDAT' 41 54958
2026-09-10 16:04:06,636 - DEBUG - PIL.PngImagePlugin - STREAM b'IHDR' 16 13
2026-09-10 16:04:06,636 - DEBUG - PIL.PngImagePlugin - STREAM b'IDAT' 41 54668
2026-09-10 16:04:06,640 - DEBUG - PIL.PngImagePlugin - STREAM b'IHDR' 16 13
2026-09-10 16:04:06,641 - DEBUG - PIL.PngImagePlugin - STREAM b'IDAT' 41 50455
2026-09-10 16:04:06,644 - DEBUG - PIL.PngImagePlugin - STREAM b'IHDR' 16 13
2026-09-10 16:04:06,644 - DEBUG - PIL.PngImagePlugin - STREAM b'IDAT' 41 49252
2026-09-10 16:04:06,648 - DEBUG - PIL.PngImagePlugin - STREAM b'IHDR' 16 13
2026-09-10 16:04:06,649 - DEBUG - PIL.PngImagePlugin - STREAM b'IDAT' 41 55682
2026-09-10 16:04:06,652 - DEBUG - PIL.PngImagePlugin - STREAM b'IHDR' 16 13
2026-09-10 16:04:06,652 - DEBUG - PIL.PngImagePlugin - STREAM b'IDAT' 41 57887
2026-09-10 16:04:06,656 - DEBUG - PIL.PngImagePlugin - STREAM b'IHDR' 16 13
2026-09-10 16:04:06,656 - DEBUG - PIL.PngImagePlugin - STREAM b'IDAT' 41 47281
2026-09-10 16:04:06,660 - DEBUG - PIL.PngImagePlugin - STREAM b'IHDR' 16 13
2026-09-10 16:04:06,660 - DEBUG - PIL.PngImagePlugin - STREAM b'IDAT' 41 56615
2026-09-10 16:04:06,663 - DEBUG - PIL.PngImagePlugin - STREAM b'IHDR' 16 13
2026-09-10 16:04:06,663 - DEBUG - PIL.PngImagePlugin - STREAM b'IDAT' 41 57598
2026-09-10 16:04:06,672 - DEBUG - PIL.PngImagePlugin - STREAM b'IHDR' 16 13
2026-09-10 16:04:06,672 - DEBUG - PIL.PngImagePlugin - STREAM b'IDAT' 41 62450
2026-09-10 16:04:06,675 - DEBUG - PIL.PngImagePlugin - STREAM b'IHDR' 16 13
2026-09-10 16:04:06,675 - DEBUG - PIL.PngImagePlugin - STREAM b'IDAT' 41 58612
2026-09-10 16:04:06,830 - DEBUG - PIL.PngImagePlugin - STREAM b'IHDR' 16 13
2026-09-10 16:04:06,830 - DEBUG - PIL.PngImagePlugin - STREAM b'IDAT' 41 65536
2026-09-10 16:04:06,854 - DEBUG - PIL.PngImagePlugin - STREAM b'IHDR' 16 13
2026-09-10 16:04:06,854 - DEBUG - PIL.PngImagePlugin - STREAM b'IDAT' 41 53758
2026-09-10 16:04:06,859 - DEBUG - PIL.PngImagePlugin - STREAM b'IHDR' 16 13
2026-09-10 16:04:06,859 - DEBUG - PIL.PngImagePlugin - STREAM b'IDAT' 41 32768
2026-09-10 16:04:06,865 - DEBUG - PIL.PngImagePlugin - STREAM b'IHDR' 16 13
2026-09-10 16:04:06,865 - DEBUG - PIL.PngImagePlugin - STREAM b'IDAT' 41 65536
2026-09-10 16:04:06,868 - DEBUG - PIL.PngImagePlugin - STREAM b'IHDR' 16 13
2026-09-10 16:04:06,868 - DEBUG - PIL.PngImagePlugin - STREAM b'IDAT' 41 65536
2026-09-10 16:04:06,871 - DEBUG - PIL.PngImagePlugin - STREAM b'IHDR' 16 13
2026-09-10 16:04:06,871 - DEBUG - PIL.PngImagePlugin - STREAM b'IDAT' 41 54958
2026-09-10 16:04:06,875 - DEBUG - PIL.PngImagePlugin - STREAM b'IHDR' 16 13
2026-09-10 16:04:06,875 - DEBUG - PIL.PngImagePlugin - STREAM b'IDAT' 41 54668
2026-09-10 16:04:06,879 - DEBUG - PIL.PngImagePlugin - STREAM b'IHDR' 16 13
2026-09-10 16:04:06,879 - DEBUG - PIL.PngImagePlugin - STREAM b'IDAT' 41 50455
2026-09-10 16:04:06,883 - DEBUG - PIL.PngImagePlugin - STREAM b'IHDR' 16 13
2026-09-10 16:04:06,883 - DEBUG - PIL.PngImagePlugin - STREAM b'IDAT' 41 49252
2026-09-10 16:04:06,886 - DEBUG - PIL.PngImagePlugin - STREAM b'IHDR' 16 13
2026-09-10 16:04:06,886 - DEBUG - PIL.PngImagePlugin - STREAM b'IDAT' 41 55682
2026-09-10 16:04:06,890 - DEBUG - PIL.PngImagePlugin - STREAM b'IHDR' 16 13
2026-09-10 16:04:06,890 - DEBUG - PIL.PngImagePlugin - STREAM b'IDAT' 41 57887
2026-09-10 16:04:06,893 - DEBUG - PIL.PngImagePlugin - STREAM b'IHDR' 16 13
2026-09-10 16:04:06,893 - DEBUG - PIL.PngImagePlugin - STREAM b'IDAT' 41 47281
2026-09-10 16:04:06,896 - DEBUG - PIL.PngImagePlugin - STREAM b'IHDR' 16 13
2026-09-10 16:04:06,896 - DEBUG - PIL.PngImagePlugin - STREAM b'IDAT' 41 56615
2026-09-10 16:04:06,900 - DEBUG - PIL.PngImagePlugin - STREAM b'IHDR' 16 13
2026-09-10 16:04:06,900 - DEBUG - PIL.PngImagePlugin - STREAM b'IDAT' 41 57598
2026-09-10 16:04:06,908 - DEBUG - PIL.PngImagePlugin - STREAM b'IHDR' 16 13
2026-09-10 16:04:06,908 - DEBUG - PIL.PngImagePlugin - STREAM b'IDAT' 41 62450
2026-09-10 16:04:06,911 - DEBUG - PIL.PngImagePlugin - STREAM b'IHDR' 16 13
2026-09-10 16:04:06,911 - DEBUG - PIL.PngImagePlugin - STREAM b'IDAT' 41 65536
2026-09-10 16:04:07,031 - DEBUG - PIL.PngImagePlugin - STREAM b'IHDR' 16 13
2026-09-10 16:04:07,031 - DEBUG - PIL.PngImagePlugin - STREAM b'IDAT' 41 65536
2026-09-10 16:04:07,056 - DEBUG - PIL.PngImagePlugin - STREAM b'IHDR' 16 13
2026-09-10 16:04:07,056 - DEBUG - PIL.PngImagePlugin - STREAM b'IDAT' 41 53758
2026-09-10 16:04:07,060 - DEBUG - PIL.PngImagePlugin - STREAM b'IHDR' 16 13
2026-09-10 16:04:07,060 - DEBUG - PIL.PngImagePlugin - STREAM b'IDAT' 41 32768
2026-09-10 16:04:07,066 - DEBUG - PIL.PngImagePlugin - STREAM b'IHDR' 16 13
2026-09-10 16:04:07,066 - DEBUG - PIL.PngImagePlugin - STREAM b'IDAT' 41 65536
2026-09-10 16:04:07,069 - DEBUG - PIL.PngImagePlugin - STREAM b'IHDR' 16 13
2026-09-10 16:04:07,069 - DEBUG - PIL.PngImagePlugin - STREAM b'IDAT' 41 58612
2026-09-10 16:04:07,072 - DEBUG - PIL.PngImagePlugin - STREAM b'IHDR' 16 13
2026-09-10 16:04:07,072 - DEBUG - PIL.PngImagePlugin - STREAM b'IDAT' 41 54958
2026-09-10 16:04:07,076 - DEBUG - PIL.PngImagePlugin - STREAM b'IHDR' 16 13
2026-09-10 16:04:07,076 - DEBUG - PIL.PngImagePlugin - STREAM b'IDAT' 41 54668
2026-09-10 16:04:07,079 - DEBUG - PIL.PngImagePlugin - STREAM b'IHDR' 16 13
2026-09-10 16:04:07,080 - DEBUG - PIL.PngImagePlugin - STREAM b'IDAT' 41 50455
2026-09-10 16:04:07,083 - DEBUG - PIL.PngImagePlugin - STREAM b'IHDR' 16 13
2026-09-10 16:04:07,083 - DEBUG - PIL.PngImagePlugin - STREAM b'IDAT' 41 49252
2026-09-10 16:04:07,086 - DEBUG - PIL.PngImagePlugin - STREAM b'IHDR' 16 13
2026-09-10 16:04:07,086 - DEBUG - PIL.PngImagePlugin - STREAM b'IDAT' 41 55682
2026-09-10 16:04:07,090 - DEBUG - PIL.PngImagePlugin - STREAM b'IHDR' 16 13
2026-09-10 16:04:07,090 - DEBUG - PIL.PngImagePlugin - STREAM b'IDAT' 41 57887
2026-09-10 16:04:07,093 - DEBUG - PIL.PngImagePlugin - STREAM b'IHDR' 16 13
2026-09-10 16:04:07,094 - DEBUG - PIL.PngImagePlugin - STREAM b'IDAT' 41 47281
2026-09-10 16:04:07,097 - DEBUG - PIL.PngImagePlugin - STREAM b'IHDR' 16 13
2026-09-10 16:04:07,097 - DEBUG - PIL.PngImagePlugin - STREAM b'IDAT' 41 56615
2026-09-10 16:04:07,100 - DEBUG - PIL.PngImagePlugin - STREAM b'IHDR' 16 13
2026-09-10 16:04:07,100 - DEBUG - PIL.PngImagePlugin - STREAM b'IDAT' 41 57598
2026-09-10 16:04:07,110 - DEBUG - PIL.PngImagePlugin - STREAM b'IHDR' 16 13
2026-09-10 16:04:07,110 - DEBUG - PIL.PngImagePlugin - STREAM b'IDAT' 41 62450
2026-09-10 16:04:07,112 - DEBUG - PIL.PngImagePlugin - STREAM b'IHDR' 16 13
2026-09-10 16:04:07,113 - DEBUG - PIL.PngImagePlugin - STREAM b'IDAT' 41 58612
2026-09-10 16:04:26,717 - DEBUG - urllib3.connectionpool - Starting new HTTPS connection (1): www.gamerpower.com:443
2026-09-10 16:04:26,856 - DEBUG - urllib3.connectionpool - https://www.gamerpower.com:443 "GET /api/giveaways?type=game HTTP/1.1" 200 None
2026-09-10 16:04:27,173 - DEBUG - PIL.PngImagePlugin - STREAM b'IHDR' 16 13
2026-09-10 16:04:27,173 - DEBUG - PIL.PngImagePlugin - STREAM b'IDAT' 41 28109
2026-09-10 16:04:27,176 - DEBUG - PIL.PngImagePlugin - STREAM b'IHDR' 16 13
2026-09-10 16:04:27,176 - DEBUG - PIL.PngImagePlugin - STREAM b'IDAT' 41 54256
2026-09-10 16:04:29,058 - DEBUG - PIL.PngImagePlugin - STREAM b'IHDR' 16 13
2026-09-10 16:04:29,058 - DEBUG - PIL.PngImagePlugin - STREAM b'IDAT' 41 65536
2026-09-10 16:04:29,085 - DEBUG - PIL.PngImagePlugin - STREAM b'IHDR' 16 13
2026-09-10 16:04:29,086 - DEBUG - PIL.PngImagePlugin - STREAM b'IDAT' 41 53758
2026-09-10 16:04:29,089 - DEBUG - PIL.PngImagePlugin - STREAM b'IHDR' 16 13
2026-09-10 16:04:29,090 - DEBUG - PIL.PngImagePlugin - STREAM b'IDAT' 41 32768
2026-09-10 16:04:29,096 - DEBUG - PIL.PngImagePlugin - STREAM b'IHDR' 16 13
2026-09-10 16:04:29,096 - DEBUG - PIL.PngImagePlugin - STREAM b'IDAT' 41 65536
2026-09-10 16:04:29,099 - DEBUG - PIL.PngImagePlugin - STREAM b'IHDR' 16 13
2026-09-10 16:04:29,099 - DEBUG - PIL.PngImagePlugin - STREAM b'IDAT' 41 65536
2026-09-10 16:04:29,102 - DEBUG - PIL.PngImagePlugin - STREAM b'IHDR' 16 13
2026-09-10 16:04:29,102 - DEBUG - PIL.PngImagePlugin - STREAM b'IDAT' 41 54958
2026-09-10 16:04:29,106 - DEBUG - PIL.PngImagePlugin - STREAM b'IHDR' 16 13
2026-09-10 16:04:29,106 - DEBUG - PIL.PngImagePlugin - STREAM b'IDAT' 41 54668
2026-09-10 16:04:29,110 - DEBUG - PIL.PngImagePlugin - STREAM b'IHDR' 16 13
2026-09-10 16:04:29,110 - DEBUG - PIL.PngImagePlugin - STREAM b'IDAT' 41 50455
2026-09-10 16:04:29,114 - DEBUG - PIL.PngImagePlugin - STREAM b'IHDR' 16 13
2026-09-10 16:04:29,114 - DEBUG - PIL.PngImagePlugin - STREAM b'IDAT' 41 49252
2026-09-10 16:04:29,117 - DEBUG - PIL.PngImagePlugin - STREAM b'IHDR' 16 13
2026-09-10 16:04:29,117 - DEBUG - PIL.PngImagePlugin - STREAM b'IDAT' 41 55682
2026-09-10 16:04:29,121 - DEBUG - PIL.PngImagePlugin - STREAM b'IHDR' 16 13
2026-09-10 16:04:29,121 - DEBUG - PIL.PngImagePlugin - STREAM b'IDAT' 41 57887
2026-09-10 16:04:29,124 - DEBUG - PIL.PngImagePlugin - STREAM b'IHDR' 16 13
2026-09-10 16:04:29,124 - DEBUG - PIL.PngImagePlugin - STREAM b'IDAT' 41 47281
2026-09-10 16:04:29,128 - DEBUG - PIL.PngImagePlugin - STREAM b'IHDR' 16 13
2026-09-10 16:04:29,128 - DEBUG - PIL.PngImagePlugin - STREAM b'IDAT' 41 56615
2026-09-10 16:04:29,131 - DEBUG - PIL.PngImagePlugin - STREAM b'IHDR' 16 13
2026-09-10 16:04:29,131 - DEBUG - PIL.PngImagePlugin - STREAM b'IDAT' 41 57598
2026-09-10 16:04:29,140 - DEBUG - PIL.PngImagePlugin - STREAM b'IHDR' 16 13
2026-09-10 16:04:29,140 - DEBUG - PIL.PngImagePlugin - STREAM b'IDAT' 41 62450
2026-09-10 16:04:29,143 - DEBUG - PIL.PngImagePlugin - STREAM b'IHDR' 16 13
2026-09-10 16:04:29,143 - DEBUG - PIL.PngImagePlugin - STREAM b'IDAT' 41 65536
2026-09-10 16:04:29,148 - DEBUG - PIL.PngImagePlugin - STREAM b'IHDR' 16 13
2026-09-10 16:04:29,148 - DEBUG - PIL.PngImagePlugin - STREAM b'IDAT' 41 54256
2026-09-10 16:04:29,686 - DEBUG - PIL.PngImagePlugin - STREAM b'IHDR' 16 13
2026-09-10 16:04:29,686 - DEBUG - PIL.PngImagePlugin - STREAM b'IDAT' 41 65536
2026-09-10 16:04:29,711 - DEBUG - PIL.PngImagePlugin - STREAM b'IHDR' 16 13
2026-09-10 16:04:29,711 - DEBUG - PIL.PngImagePlugin - STREAM b'IDAT' 41 53758
2026-09-10 16:04:29,715 - DEBUG - PIL.PngImagePlugin - STREAM b'IHDR' 16 13
2026-09-10 16:04:29,715 - DEBUG - PIL.PngImagePlugin - STREAM b'IDAT' 41 32768
2026-09-10 16:04:29,721 - DEBUG - PIL.PngImagePlugin - STREAM b'IHDR' 16 13
2026-09-10 16:04:29,721 - DEBUG - PIL.PngImagePlugin - STREAM b'IDAT' 41 65536
2026-09-10 16:04:29,725 - DEBUG - PIL.PngImagePlugin - STREAM b'IHDR' 16 13
2026-09-10 16:04:29,725 - DEBUG - PIL.PngImagePlugin - STREAM b'IDAT' 41 58612
2026-09-10 16:04:29,727 - DEBUG - PIL.PngImagePlugin - STREAM b'IHDR' 16 13
2026-09-10 16:04:29,728 - DEBUG - PIL.PngImagePlugin - STREAM b'IDAT' 41 54958
2026-09-10 16:04:29,732 - DEBUG - PIL.PngImagePlugin - STREAM b'IHDR' 16 13
2026-09-10 16:04:29,732 - DEBUG - PIL.PngImagePlugin - STREAM b'IDAT' 41 54668
2026-09-10 16:04:29,736 - DEBUG - PIL.PngImagePlugin - STREAM b'IHDR' 16 13
2026-09-10 16:04:29,736 - DEBUG - PIL.PngImagePlugin - STREAM b'IDAT' 41 50455
2026-09-10 16:04:29,740 - DEBUG - PIL.PngImagePlugin - STREAM b'IHDR' 16 13
2026-09-10 16:04:29,740 - DEBUG - PIL.PngImagePlugin - STREAM b'IDAT' 41 49252
2026-09-10 16:04:29,744 - DEBUG - PIL.PngImagePlugin - STREAM b'IHDR' 16 13
2026-09-10 16:04:29,744 - DEBUG - PIL.PngImagePlugin - STREAM b'IDAT' 41 55682
2026-09-10 16:04:29,748 - DEBUG - PIL.PngImagePlugin - STREAM b'IHDR' 16 13
2026-09-10 16:04:29,748 - DEBUG - PIL.PngImagePlugin - STREAM b'IDAT' 41 57887
2026-09-10 16:04:29,751 - DEBUG - PIL.PngImagePlugin - STREAM b'IHDR' 16 13
2026-09-10 16:04:29,752 - DEBUG - PIL.PngImagePlugin - STREAM b'IDAT' 41 47281
2026-09-10 16:04:29,756 - DEBUG - PIL.PngImagePlugin - STREAM b'IHDR' 16 13
2026-09-10 16:04:29,756 - DEBUG - PIL.PngImagePlugin - STREAM b'IDAT' 41 56615
2026-09-10 16:04:29,759 - DEBUG - PIL.PngImagePlugin - STREAM b'IHDR' 16 13
2026-09-10 16:04:29,759 - DEBUG - PIL.PngImagePlugin - STREAM b'IDAT' 41 57598
2026-09-10 16:04:29,769 - DEBUG - PIL.PngImagePlugin - STREAM b'IHDR' 16 13
2026-09-10 16:04:29,769 - DEBUG - PIL.PngImagePlugin - STREAM b'IDAT' 41 62450
2026-09-10 16:04:29,772 - DEBUG - PIL.PngImagePlugin - STREAM b'IHDR' 16 13
2026-09-10 16:04:29,772 - DEBUG - PIL.PngImagePlugin - STREAM b'IDAT' 41 58612
2026-09-10 16:04:29,777 - DEBUG - PIL.PngImagePlugin - STREAM b'IHDR' 16 13
2026-09-10 16:04:29,777 - DEBUG - PIL.PngImagePlugin - STREAM b'IDAT' 41 54256
2026-09-10 16:04:30,211 - DEBUG - PIL.PngImagePlugin - STREAM b'IHDR' 16 13
2026-09-10 16:04:30,211 - DEBUG - PIL.PngImagePlugin - STREAM b'IDAT' 41 65536
2026-09-10 16:04:30,235 - DEBUG - PIL.PngImagePlugin - STREAM b'IHDR' 16 13
2026-09-10 16:04:30,236 - DEBUG - PIL.PngImagePlugin - STREAM b'IDAT' 41 53758
2026-09-10 16:04:30,239 - DEBUG - PIL.PngImagePlugin - STREAM b'IHDR' 16 13
2026-09-10 16:04:30,240 - DEBUG - PIL.PngImagePlugin - STREAM b'IDAT' 41 32768
2026-09-10 16:04:30,246 - DEBUG - PIL.PngImagePlugin - STREAM b'IHDR' 16 13
2026-09-10 16:04:30,246 - DEBUG - PIL.PngImagePlugin - STREAM b'IDAT' 41 65536
2026-09-10 16:04:30,249 - DEBUG - PIL.PngImagePlugin - STREAM b'IHDR' 16 13
2026-09-10 16:04:30,249 - DEBUG - PIL.PngImagePlugin - STREAM b'IDAT' 41 65536
2026-09-10 16:04:30,252 - DEBUG - PIL.PngImagePlugin - STREAM b'IHDR' 16 13
2026-09-10 16:04:30,252 - DEBUG - PIL.PngImagePlugin - STREAM b'IDAT' 41 54958
2026-09-10 16:04:30,256 - DEBUG - PIL.PngImagePlugin - STREAM b'IHDR' 16 13
2026-09-10 16:04:30,256 - DEBUG - PIL.PngImagePlugin - STREAM b'IDAT' 41 54668
2026-09-10 16:04:30,260 - DEBUG - PIL.PngImagePlugin - STREAM b'IHDR' 16 13
2026-09-10 16:04:30,260 - DEBUG - PIL.PngImagePlugin - STREAM b'IDAT' 41 50455
2026-09-10 16:04:30,263 - DEBUG - PIL.PngImagePlugin - STREAM b'IHDR' 16 13
2026-09-10 16:04:30,263 - DEBUG - PIL.PngImagePlugin - STREAM b'IDAT' 41 49252
2026-09-10 16:04:30,267 - DEBUG - PIL.PngImagePlugin - STREAM b'IHDR' 16 13
2026-09-10 16:04:30,267 - DEBUG - PIL.PngImagePlugin - STREAM b'IDAT' 41 55682
2026-09-10 16:04:30,270 - DEBUG - PIL.PngImagePlugin - STREAM b'IHDR' 16 13
2026-09-10 16:04:30,270 - DEBUG - PIL.PngImagePlugin - STREAM b'IDAT' 41 57887
2026-09-10 16:04:30,275 - DEBUG - PIL.PngImagePlugin - STREAM b'IHDR' 16 13
2026-09-10 16:04:30,275 - DEBUG - PIL.PngImagePlugin - STREAM b'IDAT' 41 47281
2026-09-10 16:04:30,278 - DEBUG - PIL.PngImagePlugin - STREAM b'IHDR' 16 13
2026-09-10 16:04:30,278 - DEBUG - PIL.PngImagePlugin - STREAM b'IDAT' 41 56615
2026-09-10 16:04:30,282 - DEBUG - PIL.PngImagePlugin - STREAM b'IHDR' 16 13
2026-09-10 16:04:30,282 - DEBUG - PIL.PngImagePlugin - STREAM b'IDAT' 41 57598
2026-09-10 16:04:30,290 - DEBUG - PIL.PngImagePlugin - STREAM b'IHDR' 16 13
2026-09-10 16:04:30,291 - DEBUG - PIL.PngImagePlugin - STREAM b'IDAT' 41 62450
2026-09-10 16:04:30,293 - DEBUG - PIL.PngImagePlugin - STREAM b'IHDR' 16 13
2026-09-10 16:04:30,293 - DEBUG - PIL.PngImagePlugin - STREAM b'IDAT' 41 65536
2026-09-10 16:04:30,298 - DEBUG - PIL.PngImagePlugin - STREAM b'IHDR' 16 13
2026-09-10 16:04:30,298 - DEBUG - PIL.PngImagePlugin - STREAM b'IDAT' 41 54256
2026-09-10 16:04:30,564 - DEBUG - PIL.PngImagePlugin - STREAM b'IHDR' 16 13
2026-09-10 16:04:30,564 - DEBUG - PIL.PngImagePlugin - STREAM b'IDAT' 41 65536
2026-09-10 16:04:30,588 - DEBUG - PIL.PngImagePlugin - STREAM b'IHDR' 16 13
2026-09-10 16:04:30,588 - DEBUG - PIL.PngImagePlugin - STREAM b'IDAT' 41 53758
2026-09-10 16:04:30,592 - DEBUG - PIL.PngImagePlugin - STREAM b'IHDR' 16 13
2026-09-10 16:04:30,592 - DEBUG - PIL.PngImagePlugin - STREAM b'IDAT' 41 32768
2026-09-10 16:04:30,597 - DEBUG - PIL.PngImagePlugin - STREAM b'IHDR' 16 13
2026-09-10 16:04:30,597 - DEBUG - PIL.PngImagePlugin - STREAM b'IDAT' 41 65536
2026-09-10 16:04:30,601 - DEBUG - PIL.PngImagePlugin - STREAM b'IHDR' 16 13
2026-09-10 16:04:30,601 - DEBUG - PIL.PngImagePlugin - STREAM b'IDAT' 41 58612
2026-09-10 16:04:30,603 - DEBUG - PIL.PngImagePlugin - STREAM b'IHDR' 16 13
2026-09-10 16:04:30,603 - DEBUG - PIL.PngImagePlugin - STREAM b'IDAT' 41 54958
2026-09-10 16:04:30,607 - DEBUG - PIL.PngImagePlugin - STREAM b'IHDR' 16 13
2026-09-10 16:04:30,607 - DEBUG - PIL.PngImagePlugin - STREAM b'IDAT' 41 54668
2026-09-10 16:04:30,611 - DEBUG - PIL.PngImagePlugin - STREAM b'IHDR' 16 13
2026-09-10 16:04:30,611 - DEBUG - PIL.PngImagePlugin - STREAM b'IDAT' 41 50455
2026-09-10 16:04:30,614 - DEBUG - PIL.PngImagePlugin - STREAM b'IHDR' 16 13
2026-09-10 16:04:30,615 - DEBUG - PIL.PngImagePlugin - STREAM b'IDAT' 41 49252
2026-09-10 16:04:30,618 - DEBUG - PIL.PngImagePlugin - STREAM b'IHDR' 16 13
2026-09-10 16:04:30,618 - DEBUG - PIL.PngImagePlugin - STREAM b'IDAT' 41 55682
2026-09-10 16:04:30,622 - DEBUG - PIL.PngImagePlugin - STREAM b'IHDR' 16 13
2026-09-10 16:04:30,623 - DEBUG - PIL.PngImagePlugin - STREAM b'IDAT' 41 57887
2026-09-10 16:04:30,626 - DEBUG - PIL.PngImagePlugin - STREAM b'IHDR' 16 13
2026-09-10 16:04:30,626 - DEBUG - PIL.PngImagePlugin - STREAM b'IDAT' 41 47281
2026-09-10 16:04:30,629 - DEBUG - PIL.PngImagePlugin - STREAM b'IHDR' 16 13
2026-09-10 16:04:30,630 - DEBUG - PIL.PngImagePlugin - STREAM b'IDAT' 41 56615
2026-09-10 16:04:30,633 - DEBUG - PIL.PngImagePlugin - STREAM b'IHDR' 16 13
2026-09-10 16:04:30,633 - DEBUG - PIL.PngImagePlugin - STREAM b'IDAT' 41 57598
2026-09-10 16:04:30,642 - DEBUG - PIL.PngImagePlugin - STREAM b'IHDR' 16 13
2026-09-10 16:04:30,642 - DEBUG - PIL.PngImagePlugin - STREAM b'IDAT' 41 62450
2026-09-10 16:04:30,644 - DEBUG - PIL.PngImagePlugin - STREAM b'IHDR' 16 13
2026-09-10 16:04:30,645 - DEBUG - PIL.PngImagePlugin - STREAM b'IDAT' 41 58612
2026-09-10 16:04:30,649 - DEBUG - PIL.PngImagePlugin - STREAM b'IHDR' 16 13
2026-09-10 16:04:30,649 - DEBUG - PIL.PngImagePlugin - STREAM b'IDAT' 41 54256
2026-09-10 16:04:30,803 - DEBUG - PIL.PngImagePlugin - STREAM b'IHDR' 16 13
2026-09-10 16:04:30,803 - DEBUG - PIL.PngImagePlugin - STREAM b'IDAT' 41 65536
2026-09-10 16:04:30,827 - DEBUG - PIL.PngImagePlugin - STREAM b'IHDR' 16 13
2026-09-10 16:04:30,827 - DEBUG - PIL.PngImagePlugin - STREAM b'IDAT' 41 53758
2026-09-10 16:04:30,831 - DEBUG - PIL.PngImagePlugin - STREAM b'IHDR' 16 13
2026-09-10 16:04:30,831 - DEBUG - PIL.PngImagePlugin - STREAM b'IDAT' 41 32768
2026-09-10 16:04:30,836 - DEBUG - PIL.PngImagePlugin - STREAM b'IHDR' 16 13
2026-09-10 16:04:30,837 - DEBUG - PIL.PngImagePlugin - STREAM b'IDAT' 41 65536
2026-09-10 16:04:30,840 - DEBUG - PIL.PngImagePlugin - STREAM b'IHDR' 16 13
2026-09-10 16:04:30,840 - DEBUG - PIL.PngImagePlugin - STREAM b'IDAT' 41 65536
2026-09-10 16:04:30,843 - DEBUG - PIL.PngImagePlugin - STREAM b'IHDR' 16 13
2026-09-10 16:04:30,843 - DEBUG - PIL.PngImagePlugin - STREAM b'IDAT' 41 54958
2026-09-10 16:04:30,846 - DEBUG - PIL.PngImagePlugin - STREAM b'IHDR' 16 13
2026-09-10 16:04:30,846 - DEBUG - PIL.PngImagePlugin - STREAM b'IDAT' 41 54668
2026-09-10 16:04:30,850 - DEBUG - PIL.PngImagePlugin - STREAM b'IHDR' 16 13
2026-09-10 16:04:30,850 - DEBUG - PIL.PngImagePlugin - STREAM b'IDAT' 41 50455
2026-09-10 16:04:30,853 - DEBUG - PIL.PngImagePlugin - STREAM b'IHDR' 16 13
2026-09-10 16:04:30,854 - DEBUG - PIL.PngImagePlugin - STREAM b'IDAT' 41 49252
2026-09-10 16:04:30,857 - DEBUG - PIL.PngImagePlugin - STREAM b'IHDR' 16 13
2026-09-10 16:04:30,857 - DEBUG - PIL.PngImagePlugin - STREAM b'IDAT' 41 55682
2026-09-10 16:04:30,861 - DEBUG - PIL.PngImagePlugin - STREAM b'IHDR' 16 13
2026-09-10 16:04:30,861 - DEBUG - PIL.PngImagePlugin - STREAM b'IDAT' 41 57887
2026-09-10 16:04:30,864 - DEBUG - PIL.PngImagePlugin - STREAM b'IHDR' 16 13
2026-09-10 16:04:30,865 - DEBUG - PIL.PngImagePlugin - STREAM b'IDAT' 41 47281
2026-09-10 16:04:30,868 - DEBUG - PIL.PngImagePlugin - STREAM b'IHDR' 16 13
2026-09-10 16:04:30,868 - DEBUG - PIL.PngImagePlugin - STREAM b'IDAT' 41 56615
2026-09-10 16:04:30,871 - DEBUG - PIL.PngImagePlugin - STREAM b'IHDR' 16 13
2026-09-10 16:04:30,872 - DEBUG - PIL.PngImagePlugin - STREAM b'IDAT' 41 57598
2026-09-10 16:04:30,882 - DEBUG - PIL.PngImagePlugin - STREAM b'IHDR' 16 13
2026-09-10 16:04:30,882 - DEBUG - PIL.PngImagePlugin - STREAM b'IDAT' 41 62450
2026-09-10 16:04:30,885 - DEBUG - PIL.PngImagePlugin - STREAM b'IHDR' 16 13
2026-09-10 16:04:30,885 - DEBUG - PIL.PngImagePlugin - STREAM b'IDAT' 41 65536
2026-09-10 16:04:30,889 - DEBUG - PIL.PngImagePlugin - STREAM b'IHDR' 16 13
2026-09-10 16:04:30,890 - DEBUG - PIL.PngImagePlugin - STREAM b'IDAT' 41 54256
2026-09-10 16:04:31,014 - DEBUG - PIL.PngImagePlugin - STREAM b'IHDR' 16 13
2026-09-10 16:04:31,015 - DEBUG - PIL.PngImagePlugin - STREAM b'IDAT' 41 65536
2026-09-10 16:04:31,039 - DEBUG - PIL.PngImagePlugin - STREAM b'IHDR' 16 13
2026-09-10 16:04:31,040 - DEBUG - PIL.PngImagePlugin - STREAM b'IDAT' 41 53758
2026-09-10 16:04:31,043 - DEBUG - PIL.PngImagePlugin - STREAM b'IHDR' 16 13
2026-09-10 16:04:31,043 - DEBUG - PIL.PngImagePlugin - STREAM b'IDAT' 41 32768
2026-09-10 16:04:31,049 - DEBUG - PIL.PngImagePlugin - STREAM b'IHDR' 16 13
2026-09-10 16:04:31,050 - DEBUG - PIL.PngImagePlugin - STREAM b'IDAT' 41 65536
2026-09-10 16:04:31,053 - DEBUG - PIL.PngImagePlugin - STREAM b'IHDR' 16 13
2026-09-10 16:04:31,053 - DEBUG - PIL.PngImagePlugin - STREAM b'IDAT' 41 58612
2026-09-10 16:04:31,056 - DEBUG - PIL.PngImagePlugin - STREAM b'IHDR' 16 13
2026-09-10 16:04:31,056 - DEBUG - PIL.PngImagePlugin - STREAM b'IDAT' 41 54958
2026-09-10 16:04:31,060 - DEBUG - PIL.PngImagePlugin - STREAM b'IHDR' 16 13
2026-09-10 16:04:31,060 - DEBUG - PIL.PngImagePlugin - STREAM b'IDAT' 41 54668
2026-09-10 16:04:31,064 - DEBUG - PIL.PngImagePlugin - STREAM b'IHDR' 16 13
2026-09-10 16:04:31,064 - DEBUG - PIL.PngImagePlugin - STREAM b'IDAT' 41 50455
2026-09-10 16:04:31,068 - DEBUG - PIL.PngImagePlugin - STREAM b'IHDR' 16 13
2026-09-10 16:04:31,068 - DEBUG - PIL.PngImagePlugin - STREAM b'IDAT' 41 49252
2026-09-10 16:04:31,071 - DEBUG - PIL.PngImagePlugin - STREAM b'IHDR' 16 13
2026-09-10 16:04:31,072 - DEBUG - PIL.PngImagePlugin - STREAM b'IDAT' 41 55682
2026-09-10 16:04:31,076 - DEBUG - PIL.PngImagePlugin - STREAM b'IHDR' 16 13
2026-09-10 16:04:31,076 - DEBUG - PIL.PngImagePlugin - STREAM b'IDAT' 41 57887
2026-09-10 16:04:31,079 - DEBUG - PIL.PngImagePlugin - STREAM b'IHDR' 16 13
2026-09-10 16:04:31,079 - DEBUG - PIL.PngImagePlugin - STREAM b'IDAT' 41 47281
2026-09-10 16:04:31,083 - DEBUG - PIL.PngImagePlugin - STREAM b'IHDR' 16 13
2026-09-10 16:04:31,083 - DEBUG - PIL.PngImagePlugin - STREAM b'IDAT' 41 56615
2026-09-10 16:04:31,087 - DEBUG - PIL.PngImagePlugin - STREAM b'IHDR' 16 13
2026-09-10 16:04:31,087 - DEBUG - PIL.PngImagePlugin - STREAM b'IDAT' 41 57598
2026-09-10 16:04:31,096 - DEBUG - PIL.PngImagePlugin - STREAM b'IHDR' 16 13
2026-09-10 16:04:31,096 - DEBUG - PIL.PngImagePlugin - STREAM b'IDAT' 41 62450
2026-09-10 16:04:31,099 - DEBUG - PIL.PngImagePlugin - STREAM b'IHDR' 16 13
2026-09-10 16:04:31,100 - DEBUG - PIL.PngImagePlugin - STREAM b'IDAT' 41 58612
2026-09-10 16:04:31,104 - DEBUG - PIL.PngImagePlugin - STREAM b'IHDR' 16 13
2026-09-10 16:04:31,104 - DEBUG - PIL.PngImagePlugin - STREAM b'IDAT' 41 54256
2026-09-10 16:04:31,236 - DEBUG - PIL.PngImagePlugin - STREAM b'IHDR' 16 13
2026-09-10 16:04:31,236 - DEBUG - PIL.PngImagePlugin - STREAM b'IDAT' 41 65536
2026-09-10 16:04:31,260 - DEBUG - PIL.PngImagePlugin - STREAM b'IHDR' 16 13
2026-09-10 16:04:31,260 - DEBUG - PIL.PngImagePlugin - STREAM b'IDAT' 41 53758
2026-09-10 16:04:31,264 - DEBUG - PIL.PngImagePlugin - STREAM b'IHDR' 16 13
2026-09-10 16:04:31,264 - DEBUG - PIL.PngImagePlugin - STREAM b'IDAT' 41 32768
2026-09-10 16:04:31,270 - DEBUG - PIL.PngImagePlugin - STREAM b'IHDR' 16 13
2026-09-10 16:04:31,270 - DEBUG - PIL.PngImagePlugin - STREAM b'IDAT' 41 65536
2026-09-10 16:04:31,273 - DEBUG - PIL.PngImagePlugin - STREAM b'IHDR' 16 13
2026-09-10 16:04:31,273 - DEBUG - PIL.PngImagePlugin - STREAM b'IDAT' 41 65536
2026-09-10 16:04:31,276 - DEBUG - PIL.PngImagePlugin - STREAM b'IHDR' 16 13
2026-09-10 16:04:31,276 - DEBUG - PIL.PngImagePlugin - STREAM b'IDAT' 41 54958
2026-09-10 16:04:31,280 - DEBUG - PIL.PngImagePlugin - STREAM b'IHDR' 16 13
2026-09-10 16:04:31,280 - DEBUG - PIL.PngImagePlugin - STREAM b'IDAT' 41 54668
2026-09-10 16:04:31,284 - DEBUG - PIL.PngImagePlugin - STREAM b'IHDR' 16 13
2026-09-10 16:04:31,284 - DEBUG - PIL.PngImagePlugin - STREAM b'IDAT' 41 50455
2026-09-10 16:04:31,287 - DEBUG - PIL.PngImagePlugin - STREAM b'IHDR' 16 13
2026-09-10 16:04:31,287 - DEBUG - PIL.PngImagePlugin - STREAM b'IDAT' 41 49252
2026-09-10 16:04:31,291 - DEBUG - PIL.PngImagePlugin - STREAM b'IHDR' 16 13
2026-09-10 16:04:31,291 - DEBUG - PIL.PngImagePlugin - STREAM b'IDAT' 41 55682
2026-09-10 16:04:31,294 - DEBUG - PIL.PngImagePlugin - STREAM b'IHDR' 16 13
2026-09-10 16:04:31,294 - DEBUG - PIL.PngImagePlugin - STREAM b'IDAT' 41 57887
2026-09-10 16:04:31,298 - DEBUG - PIL.PngImagePlugin - STREAM b'IHDR' 16 13
2026-09-10 16:04:31,298 - DEBUG - PIL.PngImagePlugin - STREAM b'IDAT' 41 47281
2026-09-10 16:04:31,301 - DEBUG - PIL.PngImagePlugin - STREAM b'IHDR' 16 13
2026-09-10 16:04:31,301 - DEBUG - PIL.PngImagePlugin - STREAM b'IDAT' 41 56615
2026-09-10 16:04:31,305 - DEBUG - PIL.PngImagePlugin - STREAM b'IHDR' 16 13
2026-09-10 16:04:31,305 - DEBUG - PIL.PngImagePlugin - STREAM b'IDAT' 41 57598
2026-09-10 16:04:31,313 - DEBUG - PIL.PngImagePlugin - STREAM b'IHDR' 16 13
2026-09-10 16:04:31,313 - DEBUG - PIL.PngImagePlugin - STREAM b'IDAT' 41 62450
2026-09-10 16:04:31,316 - DEBUG - PIL.PngImagePlugin - STREAM b'IHDR' 16 13
2026-09-10 16:04:31,317 - DEBUG - PIL.PngImagePlugin - STREAM b'IDAT' 41 65536
2026-09-10 16:04:31,321 - DEBUG - PIL.PngImagePlugin - STREAM b'IHDR' 16 13
2026-09-10 16:04:31,321 - DEBUG - PIL.PngImagePlugin - STREAM b'IDAT' 41 54256
2026-09-10 16:04:31,898 - DEBUG - PIL.PngImagePlugin - STREAM b'IHDR' 16 13
2026-09-10 16:04:31,899 - DEBUG - PIL.PngImagePlugin - STREAM b'IDAT' 41 65536
2026-09-10 16:04:31,924 - DEBUG - PIL.PngImagePlugin - STREAM b'IHDR' 16 13
2026-09-10 16:04:31,925 - DEBUG - PIL.PngImagePlugin - STREAM b'IDAT' 41 53758
2026-09-10 16:04:31,928 - DEBUG - PIL.PngImagePlugin - STREAM b'IHDR' 16 13
2026-09-10 16:04:31,928 - DEBUG - PIL.PngImagePlugin - STREAM b'IDAT' 41 32768
2026-09-10 16:04:31,933 - DEBUG - PIL.PngImagePlugin - STREAM b'IHDR' 16 13
2026-09-10 16:04:31,934 - DEBUG - PIL.PngImagePlugin - STREAM b'IDAT' 41 65536
2026-09-10 16:04:31,936 - DEBUG - PIL.PngImagePlugin - STREAM b'IHDR' 16 13
2026-09-10 16:04:31,937 - DEBUG - PIL.PngImagePlugin - STREAM b'IDAT' 41 58612
2026-09-10 16:04:31,940 - DEBUG - PIL.PngImagePlugin - STREAM b'IHDR' 16 13
2026-09-10 16:04:31,940 - DEBUG - PIL.PngImagePlugin - STREAM b'IDAT' 41 54958
2026-09-10 16:04:31,943 - DEBUG - PIL.PngImagePlugin - STREAM b'IHDR' 16 13
2026-09-10 16:04:31,943 - DEBUG - PIL.PngImagePlugin - STREAM b'IDAT' 41 54668
2026-09-10 16:04:31,947 - DEBUG - PIL.PngImagePlugin - STREAM b'IHDR' 16 13
2026-09-10 16:04:31,948 - DEBUG - PIL.PngImagePlugin - STREAM b'IDAT' 41 50455
2026-09-10 16:04:31,951 - DEBUG - PIL.PngImagePlugin - STREAM b'IHDR' 16 13
2026-09-10 16:04:31,951 - DEBUG - PIL.PngImagePlugin - STREAM b'IDAT' 41 49252
2026-09-10 16:04:31,954 - DEBUG - PIL.PngImagePlugin - STREAM b'IHDR' 16 13
2026-09-10 16:04:31,954 - DEBUG - PIL.PngImagePlugin - STREAM b'IDAT' 41 55682
2026-09-10 16:04:31,958 - DEBUG - PIL.PngImagePlugin - STREAM b'IHDR' 16 13
2026-09-10 16:04:31,958 - DEBUG - PIL.PngImagePlugin - STREAM b'IDAT' 41 57887
2026-09-10 16:04:31,961 - DEBUG - PIL.PngImagePlugin - STREAM b'IHDR' 16 13
2026-09-10 16:04:31,961 - DEBUG - PIL.PngImagePlugin - STREAM b'IDAT' 41 47281
2026-09-10 16:04:31,965 - DEBUG - PIL.PngImagePlugin - STREAM b'IHDR' 16 13
2026-09-10 16:04:31,965 - DEBUG - PIL.PngImagePlugin - STREAM b'IDAT' 41 56615
2026-09-10 16:04:31,968 - DEBUG - PIL.PngImagePlugin - STREAM b'IHDR' 16 13
2026-09-10 16:04:31,968 - DEBUG - PIL.PngImagePlugin - STREAM b'IDAT' 41 57598
2026-09-10 16:04:31,976 - DEBUG - PIL.PngImagePlugin - STREAM b'IHDR' 16 13
2026-09-10 16:04:31,977 - DEBUG - PIL.PngImagePlugin - STREAM b'IDAT' 41 62450
2026-09-10 16:04:31,979 - DEBUG - PIL.PngImagePlugin - STREAM b'IHDR' 16 13
2026-09-10 16:04:31,979 - DEBUG - PIL.PngImagePlugin - STREAM b'IDAT' 41 58612
2026-09-10 16:04:31,984 - DEBUG - PIL.PngImagePlugin - STREAM b'IHDR' 16 13
2026-09-10 16:04:31,984 - DEBUG - PIL.PngImagePlugin - STREAM b'IDAT' 41 54256
2026-09-10 16:04:32,374 - DEBUG - PIL.PngImagePlugin - STREAM b'IHDR' 16 13
2026-09-10 16:04:32,375 - DEBUG - PIL.PngImagePlugin - STREAM b'IDAT' 41 65536
2026-09-10 16:04:32,398 - DEBUG - PIL.PngImagePlugin - STREAM b'IHDR' 16 13
2026-09-10 16:04:32,399 - DEBUG - PIL.PngImagePlugin - STREAM b'IDAT' 41 53758
2026-09-10 16:04:32,402 - DEBUG - PIL.PngImagePlugin - STREAM b'IHDR' 16 13
2026-09-10 16:04:32,402 - DEBUG - PIL.PngImagePlugin - STREAM b'IDAT' 41 32768
2026-09-10 16:04:32,408 - DEBUG - PIL.PngImagePlugin - STREAM b'IHDR' 16 13
2026-09-10 16:04:32,408 - DEBUG - PIL.PngImagePlugin - STREAM b'IDAT' 41 65536
2026-09-10 16:04:32,411 - DEBUG - PIL.PngImagePlugin - STREAM b'IHDR' 16 13
2026-09-10 16:04:32,411 - DEBUG - PIL.PngImagePlugin - STREAM b'IDAT' 41 65536
2026-09-10 16:04:32,414 - DEBUG - PIL.PngImagePlugin - STREAM b'IHDR' 16 13
2026-09-10 16:04:32,414 - DEBUG - PIL.PngImagePlugin - STREAM b'IDAT' 41 54958
2026-09-10 16:04:32,417 - DEBUG - PIL.PngImagePlugin - STREAM b'IHDR' 16 13
2026-09-10 16:04:32,417 - DEBUG - PIL.PngImagePlugin - STREAM b'IDAT' 41 54668
2026-09-10 16:04:32,421 - DEBUG - PIL.PngImagePlugin - STREAM b'IHDR' 16 13
2026-09-10 16:04:32,421 - DEBUG - PIL.PngImagePlugin - STREAM b'IDAT' 41 50455
2026-09-10 16:04:32,425 - DEBUG - PIL.PngImagePlugin - STREAM b'IHDR' 16 13
2026-09-10 16:04:32,425 - DEBUG - PIL.PngImagePlugin - STREAM b'IDAT' 41 49252
2026-09-10 16:04:32,428 - DEBUG - PIL.PngImagePlugin - STREAM b'IHDR' 16 13
2026-09-10 16:04:32,428 - DEBUG - PIL.PngImagePlugin - STREAM b'IDAT' 41 55682
2026-09-10 16:04:32,432 - DEBUG - PIL.PngImagePlugin - STREAM b'IHDR' 16 13
2026-09-10 16:04:32,432 - DEBUG - PIL.PngImagePlugin - STREAM b'IDAT' 41 57887
2026-09-10 16:04:32,435 - DEBUG - PIL.PngImagePlugin - STREAM b'IHDR' 16 13
2026-09-10 16:04:32,435 - DEBUG - PIL.PngImagePlugin - STREAM b'IDAT' 41 47281
2026-09-10 16:04:32,439 - DEBUG - PIL.PngImagePlugin - STREAM b'IHDR' 16 13
2026-09-10 16:04:32,439 - DEBUG - PIL.PngImagePlugin - STREAM b'IDAT' 41 56615
2026-09-10 16:04:32,442 - DEBUG - PIL.PngImagePlugin - STREAM b'IHDR' 16 13
2026-09-10 16:04:32,442 - DEBUG - PIL.PngImagePlugin - STREAM b'IDAT' 41 57598
2026-09-10 16:04:32,452 - DEBUG - PIL.PngImagePlugin - STREAM b'IHDR' 16 13
2026-09-10 16:04:32,452 - DEBUG - PIL.PngImagePlugin - STREAM b'IDAT' 41 62450
2026-09-10 16:04:32,454 - DEBUG - PIL.PngImagePlugin - STREAM b'IHDR' 16 13
2026-09-10 16:04:32,455 - DEBUG - PIL.PngImagePlugin - STREAM b'IDAT' 41 65536
2026-09-10 16:04:32,459 - DEBUG - PIL.PngImagePlugin - STREAM b'IHDR' 16 13
2026-09-10 16:04:32,459 - DEBUG - PIL.PngImagePlugin - STREAM b'IDAT' 41 54256
2026-09-10 16:04:32,812 - DEBUG - PIL.PngImagePlugin - STREAM b'IHDR' 16 13
2026-09-10 16:04:32,812 - DEBUG - PIL.PngImagePlugin - STREAM b'IDAT' 41 65536
2026-09-10 16:04:32,836 - DEBUG - PIL.PngImagePlugin - STREAM b'IHDR' 16 13
2026-09-10 16:04:32,837 - DEBUG - PIL.PngImagePlugin - STREAM b'IDAT' 41 53758
2026-09-10 16:04:32,840 - DEBUG - PIL.PngImagePlugin - STREAM b'IHDR' 16 13
2026-09-10 16:04:32,840 - DEBUG - PIL.PngImagePlugin - STREAM b'IDAT' 41 32768
2026-09-10 16:04:32,846 - DEBUG - PIL.PngImagePlugin - STREAM b'IHDR' 16 13
2026-09-10 16:04:32,846 - DEBUG - PIL.PngImagePlugin - STREAM b'IDAT' 41 65536
2026-09-10 16:04:32,849 - DEBUG - PIL.PngImagePlugin - STREAM b'IHDR' 16 13
2026-09-10 16:04:32,849 - DEBUG - PIL.PngImagePlugin - STREAM b'IDAT' 41 58612
2026-09-10 16:04:32,852 - DEBUG - PIL.PngImagePlugin - STREAM b'IHDR' 16 13
2026-09-10 16:04:32,852 - DEBUG - PIL.PngImagePlugin - STREAM b'IDAT' 41 54958
2026-09-10 16:04:32,856 - DEBUG - PIL.PngImagePlugin - STREAM b'IHDR' 16 13
2026-09-10 16:04:32,857 - DEBUG - PIL.PngImagePlugin - STREAM b'IDAT' 41 54668
2026-09-10 16:04:32,860 - DEBUG - PIL.PngImagePlugin - STREAM b'IHDR' 16 13
2026-09-10 16:04:32,860 - DEBUG - PIL.PngImagePlugin - STREAM b'IDAT' 41 50455
2026-09-10 16:04:32,864 - DEBUG - PIL.PngImagePlugin - STREAM b'IHDR' 16 13
2026-09-10 16:04:32,864 - DEBUG - PIL.PngImagePlugin - STREAM b'IDAT' 41 49252
2026-09-10 16:04:32,868 - DEBUG - PIL.PngImagePlugin - STREAM b'IHDR' 16 13
2026-09-10 16:04:32,868 - DEBUG - PIL.PngImagePlugin - STREAM b'IDAT' 41 55682
2026-09-10 16:04:32,871 - DEBUG - PIL.PngImagePlugin - STREAM b'IHDR' 16 13
2026-09-10 16:04:32,872 - DEBUG - PIL.PngImagePlugin - STREAM b'IDAT' 41 57887
2026-09-10 16:04:32,876 - DEBUG - PIL.PngImagePlugin - STREAM b'IHDR' 16 13
2026-09-10 16:04:32,876 - DEBUG - PIL.PngImagePlugin - STREAM b'IDAT' 41 47281
2026-09-10 16:04:32,879 - DEBUG - PIL.PngImagePlugin - STREAM b'IHDR' 16 13
2026-09-10 16:04:32,879 - DEBUG - PIL.PngImagePlugin - STREAM b'IDAT' 41 56615
2026-09-10 16:04:32,883 - DEBUG - PIL.PngImagePlugin - STREAM b'IHDR' 16 13
2026-09-10 16:04:32,883 - DEBUG - PIL.PngImagePlugin - STREAM b'IDAT' 41 57598
2026-09-10 16:04:32,892 - DEBUG - PIL.PngImagePlugin - STREAM b'IHDR' 16 13
2026-09-10 16:04:32,892 - DEBUG - PIL.PngImagePlugin - STREAM b'IDAT' 41 62450
2026-09-10 16:04:32,895 - DEBUG - PIL.PngImagePlugin - STREAM b'IHDR' 16 13
2026-09-10 16:04:32,895 - DEBUG - PIL.PngImagePlugin - STREAM b'IDAT' 41 58612
2026-09-10 16:04:32,899 - DEBUG - PIL.PngImagePlugin - STREAM b'IHDR' 16 13
2026-09-10 16:04:32,899 - DEBUG - PIL.PngImagePlugin - STREAM b'IDAT' 41 54256
2026-09-10 16:04:33,258 - DEBUG - PIL.PngImagePlugin - STREAM b'IHDR' 16 13
2026-09-10 16:04:33,258 - DEBUG - PIL.PngImagePlugin - STREAM b'IDAT' 41 65536
2026-09-10 16:04:33,282 - DEBUG - PIL.PngImagePlugin - STREAM b'IHDR' 16 13
2026-09-10 16:04:33,282 - DEBUG - PIL.PngImagePlugin - STREAM b'IDAT' 41 53758
2026-09-10 16:04:33,285 - DEBUG - PIL.PngImagePlugin - STREAM b'IHDR' 16 13
2026-09-10 16:04:33,285 - DEBUG - PIL.PngImagePlugin - STREAM b'IDAT' 41 32768
2026-09-10 16:04:33,291 - DEBUG - PIL.PngImagePlugin - STREAM b'IHDR' 16 13
2026-09-10 16:04:33,291 - DEBUG - PIL.PngImagePlugin - STREAM b'IDAT' 41 65536
2026-09-10 16:04:33,294 - DEBUG - PIL.PngImagePlugin - STREAM b'IHDR' 16 13
2026-09-10 16:04:33,295 - DEBUG - PIL.PngImagePlugin - STREAM b'IDAT' 41 65536
2026-09-10 16:04:33,298 - DEBUG - PIL.PngImagePlugin - STREAM b'IHDR' 16 13
2026-09-10 16:04:33,298 - DEBUG - PIL.PngImagePlugin - STREAM b'IDAT' 41 54958
2026-09-10 16:04:33,301 - DEBUG - PIL.PngImagePlugin - STREAM b'IHDR' 16 13
2026-09-10 16:04:33,301 - DEBUG - PIL.PngImagePlugin - STREAM b'IDAT' 41 54668
2026-09-10 16:04:33,306 - DEBUG - PIL.PngImagePlugin - STREAM b'IHDR' 16 13
2026-09-10 16:04:33,306 - DEBUG - PIL.PngImagePlugin - STREAM b'IDAT' 41 50455
2026-09-10 16:04:33,310 - DEBUG - PIL.PngImagePlugin - STREAM b'IHDR' 16 13
2026-09-10 16:04:33,310 - DEBUG - PIL.PngImagePlugin - STREAM b'IDAT' 41 49252
2026-09-10 16:04:33,313 - DEBUG - PIL.PngImagePlugin - STREAM b'IHDR' 16 13
2026-09-10 16:04:33,313 - DEBUG - PIL.PngImagePlugin - STREAM b'IDAT' 41 55682
2026-09-10 16:04:33,317 - DEBUG - PIL.PngImagePlugin - STREAM b'IHDR' 16 13
2026-09-10 16:04:33,317 - DEBUG - PIL.PngImagePlugin - STREAM b'IDAT' 41 57887
2026-09-10 16:04:33,320 - DEBUG - PIL.PngImagePlugin - STREAM b'IHDR' 16 13
2026-09-10 16:04:33,321 - DEBUG - PIL.PngImagePlugin - STREAM b'IDAT' 41 47281
2026-09-10 16:04:33,324 - DEBUG - PIL.PngImagePlugin - STREAM b'IHDR' 16 13
2026-09-10 16:04:33,325 - DEBUG - PIL.PngImagePlugin - STREAM b'IDAT' 41 56615
2026-09-10 16:04:33,328 - DEBUG - PIL.PngImagePlugin - STREAM b'IHDR' 16 13
2026-09-10 16:04:33,328 - DEBUG - PIL.PngImagePlugin - STREAM b'IDAT' 41 57598
2026-09-10 16:04:33,337 - DEBUG - PIL.PngImagePlugin - STREAM b'IHDR' 16 13
2026-09-10 16:04:33,337 - DEBUG - PIL.PngImagePlugin - STREAM b'IDAT' 41 62450
2026-09-10 16:04:33,340 - DEBUG - PIL.PngImagePlugin - STREAM b'IHDR' 16 13
2026-09-10 16:04:33,340 - DEBUG - PIL.PngImagePlugin - STREAM b'IDAT' 41 65536
2026-09-10 16:04:33,345 - DEBUG - PIL.PngImagePlugin - STREAM b'IHDR' 16 13
2026-09-10 16:04:33,345 - DEBUG - PIL.PngImagePlugin - STREAM b'IDAT' 41 54256
2026-09-10 16:04:33,663 - DEBUG - PIL.PngImagePlugin - STREAM b'IHDR' 16 13
2026-09-10 16:04:33,663 - DEBUG - PIL.PngImagePlugin - STREAM b'IDAT' 41 65536
2026-09-10 16:04:33,687 - DEBUG - PIL.PngImagePlugin - STREAM b'IHDR' 16 13
2026-09-10 16:04:33,687 - DEBUG - PIL.PngImagePlugin - STREAM b'IDAT' 41 53758
2026-09-10 16:04:33,690 - DEBUG - PIL.PngImagePlugin - STREAM b'IHDR' 16 13
2026-09-10 16:04:33,690 - DEBUG - PIL.PngImagePlugin - STREAM b'IDAT' 41 32768
2026-09-10 16:04:33,696 - DEBUG - PIL.PngImagePlugin - STREAM b'IHDR' 16 13
2026-09-10 16:04:33,696 - DEBUG - PIL.PngImagePlugin - STREAM b'IDAT' 41 65536
2026-09-10 16:04:33,700 - DEBUG - PIL.PngImagePlugin - STREAM b'IHDR' 16 13
2026-09-10 16:04:33,700 - DEBUG - PIL.PngImagePlugin - STREAM b'IDAT' 41 58612
2026-09-10 16:04:33,702 - DEBUG - PIL.PngImagePlugin - STREAM b'IHDR' 16 13
2026-09-10 16:04:33,703 - DEBUG - PIL.PngImagePlugin - STREAM b'IDAT' 41 54958
2026-09-10 16:04:33,706 - DEBUG - PIL.PngImagePlugin - STREAM b'IHDR' 16 13
2026-09-10 16:04:33,706 - DEBUG - PIL.PngImagePlugin - STREAM b'IDAT' 41 54668
2026-09-10 16:04:33,710 - DEBUG - PIL.PngImagePlugin - STREAM b'IHDR' 16 13
2026-09-10 16:04:33,710 - DEBUG - PIL.PngImagePlugin - STREAM b'IDAT' 41 50455
2026-09-10 16:04:33,714 - DEBUG - PIL.PngImagePlugin - STREAM b'IHDR' 16 13
2026-09-10 16:04:33,714 - DEBUG - PIL.PngImagePlugin - STREAM b'IDAT' 41 49252
2026-09-10 16:04:33,717 - DEBUG - PIL.PngImagePlugin - STREAM b'IHDR' 16 13
2026-09-10 16:04:33,717 - DEBUG - PIL.PngImagePlugin - STREAM b'IDAT' 41 55682
2026-09-10 16:04:33,721 - DEBUG - PIL.PngImagePlugin - STREAM b'IHDR' 16 13
2026-09-10 16:04:33,721 - DEBUG - PIL.PngImagePlugin - STREAM b'IDAT' 41 57887
2026-09-10 16:04:33,724 - DEBUG - PIL.PngImagePlugin - STREAM b'IHDR' 16 13
2026-09-10 16:04:33,724 - DEBUG - PIL.PngImagePlugin - STREAM b'IDAT' 41 47281
2026-09-10 16:04:33,728 - DEBUG - PIL.PngImagePlugin - STREAM b'IHDR' 16 13
2026-09-10 16:04:33,728 - DEBUG - PIL.PngImagePlugin - STREAM b'IDAT' 41 56615
2026-09-10 16:04:33,731 - DEBUG - PIL.PngImagePlugin - STREAM b'IHDR' 16 13
2026-09-10 16:04:33,731 - DEBUG - PIL.PngImagePlugin - STREAM b'IDAT' 41 57598
2026-09-10 16:04:33,739 - DEBUG - PIL.PngImagePlugin - STREAM b'IHDR' 16 13
2026-09-10 16:04:33,740 - DEBUG - PIL.PngImagePlugin - STREAM b'IDAT' 41 62450
2026-09-10 16:04:33,742 - DEBUG - PIL.PngImagePlugin - STREAM b'IHDR' 16 13
2026-09-10 16:04:33,742 - DEBUG - PIL.PngImagePlugin - STREAM b'IDAT' 41 58612
2026-09-10 16:04:33,747 - DEBUG - PIL.PngImagePlugin - STREAM b'IHDR' 16 13
2026-09-10 16:04:33,747 - DEBUG - PIL.PngImagePlugin - STREAM b'IDAT' 41 54256
2026-09-10 16:04:34,043 - DEBUG - PIL.PngImagePlugin - STREAM b'IHDR' 16 13
2026-09-10 16:04:34,043 - DEBUG - PIL.PngImagePlugin - STREAM b'IDAT' 41 65536
2026-09-10 16:04:34,077 - DEBUG - PIL.PngImagePlugin - STREAM b'IHDR' 16 13
2026-09-10 16:04:34,078 - DEBUG - PIL.PngImagePlugin - STREAM b'IDAT' 41 53758
2026-09-10 16:04:34,081 - DEBUG - PIL.PngImagePlugin - STREAM b'IHDR' 16 13
2026-09-10 16:04:34,081 - DEBUG - PIL.PngImagePlugin - STREAM b'IDAT' 41 32768
2026-09-10 16:04:34,090 - DEBUG - PIL.PngImagePlugin - STREAM b'IHDR' 16 13
2026-09-10 16:04:34,090 - DEBUG - PIL.PngImagePlugin - STREAM b'IDAT' 41 65536
2026-09-10 16:04:34,095 - DEBUG - PIL.PngImagePlugin - STREAM b'IHDR' 16 13
2026-09-10 16:04:34,095 - DEBUG - PIL.PngImagePlugin - STREAM b'IDAT' 41 65536
2026-09-10 16:04:34,099 - DEBUG - PIL.PngImagePlugin - STREAM b'IHDR' 16 13
2026-09-10 16:04:34,099 - DEBUG - PIL.PngImagePlugin - STREAM b'IDAT' 41 54958
2026-09-10 16:04:34,102 - DEBUG - PIL.PngImagePlugin - STREAM b'IHDR' 16 13
2026-09-10 16:04:34,102 - DEBUG - PIL.PngImagePlugin - STREAM b'IDAT' 41 54668
2026-09-10 16:04:34,106 - DEBUG - PIL.PngImagePlugin - STREAM b'IHDR' 16 13
2026-09-10 16:04:34,106 - DEBUG - PIL.PngImagePlugin - STREAM b'IDAT' 41 50455
2026-09-10 16:04:34,109 - DEBUG - PIL.PngImagePlugin - STREAM b'IHDR' 16 13
2026-09-10 16:04:34,110 - DEBUG - PIL.PngImagePlugin - STREAM b'IDAT' 41 49252
2026-09-10 16:04:34,113 - DEBUG - PIL.PngImagePlugin - STREAM b'IHDR' 16 13
2026-09-10 16:04:34,113 - DEBUG - PIL.PngImagePlugin - STREAM b'IDAT' 41 55682
2026-09-10 16:04:34,117 - DEBUG - PIL.PngImagePlugin - STREAM b'IHDR' 16 13
2026-09-10 16:04:34,117 - DEBUG - PIL.PngImagePlugin - STREAM b'IDAT' 41 57887
2026-09-10 16:04:34,120 - DEBUG - PIL.PngImagePlugin - STREAM b'IHDR' 16 13
2026-09-10 16:04:34,120 - DEBUG - PIL.PngImagePlugin - STREAM b'IDAT' 41 47281
2026-09-10 16:04:34,124 - DEBUG - PIL.PngImagePlugin - STREAM b'IHDR' 16 13
2026-09-10 16:04:34,124 - DEBUG - PIL.PngImagePlugin - STREAM b'IDAT' 41 56615
2026-09-10 16:04:34,127 - DEBUG - PIL.PngImagePlugin - STREAM b'IHDR' 16 13
2026-09-10 16:04:34,127 - DEBUG - PIL.PngImagePlugin - STREAM b'IDAT' 41 57598
2026-09-10 16:04:34,135 - DEBUG - PIL.PngImagePlugin - STREAM b'IHDR' 16 13
2026-09-10 16:04:34,136 - DEBUG - PIL.PngImagePlugin - STREAM b'IDAT' 41 62450
2026-09-10 16:04:34,138 - DEBUG - PIL.PngImagePlugin - STREAM b'IHDR' 16 13
2026-09-10 16:04:34,138 - DEBUG - PIL.PngImagePlugin - STREAM b'IDAT' 41 65536
2026-09-10 16:04:34,143 - DEBUG - PIL.PngImagePlugin - STREAM b'IHDR' 16 13
2026-09-10 16:04:34,143 - DEBUG - PIL.PngImagePlugin - STREAM b'IDAT' 41 54256
2026-09-10 16:04:48,990 - INFO - KGameTracker - ℹ️  ==================================================
2026-09-10 16:04:48,990 - INFO - KGameTracker - ℹ️  K GAME TRACKER - CERRADA
2026-09-10 16:04:48,991 - INFO - KGameTracker - ℹ️  ==================================================
2026-09-10 16:11:05,472 - INFO - KGameTracker - ℹ️  ==================================================
2026-09-10 16:11:05,473 - INFO - KGameTracker - ℹ️  K GAME TRACKER - INICIADA
2026-09-10 16:11:05,473 - INFO - KGameTracker - ℹ️  ==================================================
2026-09-10 16:11:05,604 - DEBUG - PIL.Image - Importing PngImagePlugin
2026-09-10 16:11:05,614 - DEBUG - PIL.PngImagePlugin - STREAM b'IHDR' 16 13
2026-09-10 16:11:05,614 - DEBUG - PIL.PngImagePlugin - STREAM b'IDAT' 41 65536
2026-09-10 16:11:08,030 - DEBUG - PIL.PngImagePlugin - STREAM b'IHDR' 16 13
2026-09-10 16:11:08,030 - DEBUG - PIL.PngImagePlugin - STREAM b'IDAT' 41 65536
2026-09-10 16:11:08,061 - DEBUG - PIL.PngImagePlugin - STREAM b'IHDR' 16 13
2026-09-10 16:11:08,061 - DEBUG - PIL.PngImagePlugin - STREAM b'IDAT' 41 53758
2026-09-10 16:11:08,068 - DEBUG - PIL.PngImagePlugin - STREAM b'IHDR' 16 13
2026-09-10 16:11:08,068 - DEBUG - PIL.PngImagePlugin - STREAM b'IDAT' 41 32768
2026-09-10 16:11:08,075 - DEBUG - PIL.PngImagePlugin - STREAM b'IHDR' 16 13
2026-09-10 16:11:08,075 - DEBUG - PIL.PngImagePlugin - STREAM b'IDAT' 41 65536
2026-09-10 16:11:08,078 - DEBUG - PIL.PngImagePlugin - STREAM b'IHDR' 16 13
2026-09-10 16:11:08,078 - DEBUG - PIL.PngImagePlugin - STREAM b'IDAT' 41 65536
2026-09-10 16:11:08,081 - DEBUG - PIL.PngImagePlugin - STREAM b'IHDR' 16 13
2026-09-10 16:11:08,082 - DEBUG - PIL.PngImagePlugin - STREAM b'IDAT' 41 54958
2026-09-10 16:11:08,085 - DEBUG - PIL.PngImagePlugin - STREAM b'IHDR' 16 13
2026-09-10 16:11:08,085 - DEBUG - PIL.PngImagePlugin - STREAM b'IDAT' 41 54668
2026-09-10 16:11:08,089 - DEBUG - PIL.PngImagePlugin - STREAM b'IHDR' 16 13
2026-09-10 16:11:08,089 - DEBUG - PIL.PngImagePlugin - STREAM b'IDAT' 41 50455
2026-09-10 16:11:08,093 - DEBUG - PIL.PngImagePlugin - STREAM b'IHDR' 16 13
2026-09-10 16:11:08,093 - DEBUG - PIL.PngImagePlugin - STREAM b'IDAT' 41 49252
2026-09-10 16:11:08,096 - DEBUG - PIL.PngImagePlugin - STREAM b'IHDR' 16 13
2026-09-10 16:11:08,096 - DEBUG - PIL.PngImagePlugin - STREAM b'IDAT' 41 55682
2026-09-10 16:11:08,100 - DEBUG - PIL.PngImagePlugin - STREAM b'IHDR' 16 13
2026-09-10 16:11:08,100 - DEBUG - PIL.PngImagePlugin - STREAM b'IDAT' 41 57887
2026-09-10 16:11:08,103 - DEBUG - PIL.PngImagePlugin - STREAM b'IHDR' 16 13
2026-09-10 16:11:08,104 - DEBUG - PIL.PngImagePlugin - STREAM b'IDAT' 41 47281
2026-09-10 16:11:08,107 - DEBUG - PIL.PngImagePlugin - STREAM b'IHDR' 16 13
2026-09-10 16:11:08,107 - DEBUG - PIL.PngImagePlugin - STREAM b'IDAT' 41 56615
2026-09-10 16:11:08,111 - DEBUG - PIL.PngImagePlugin - STREAM b'IHDR' 16 13
2026-09-10 16:11:08,111 - DEBUG - PIL.PngImagePlugin - STREAM b'IDAT' 41 57598
2026-09-10 16:11:08,152 - DEBUG - PIL.PngImagePlugin - STREAM b'IHDR' 16 13
2026-09-10 16:11:08,152 - DEBUG - PIL.PngImagePlugin - STREAM b'IDAT' 41 62450
2026-09-10 16:11:12,385 - DEBUG - PIL.PngImagePlugin - STREAM b'IHDR' 16 13
2026-09-10 16:11:12,385 - DEBUG - PIL.PngImagePlugin - STREAM b'IDAT' 41 58612
2026-09-10 16:11:12,387 - DEBUG - PIL.PngImagePlugin - STREAM b'IHDR' 16 13
2026-09-10 16:11:12,387 - DEBUG - PIL.PngImagePlugin - STREAM b'IDAT' 41 58612
2026-09-10 16:11:13,007 - DEBUG - PIL.PngImagePlugin - STREAM b'IHDR' 16 13
2026-09-10 16:11:13,007 - DEBUG - PIL.PngImagePlugin - STREAM b'IDAT' 41 65536
2026-09-10 16:11:13,010 - DEBUG - PIL.PngImagePlugin - STREAM b'IHDR' 16 13
2026-09-10 16:11:13,010 - DEBUG - PIL.PngImagePlugin - STREAM b'IDAT' 41 65536
2026-09-10 16:11:13,396 - DEBUG - PIL.PngImagePlugin - STREAM b'IHDR' 16 13
2026-09-10 16:11:13,397 - DEBUG - PIL.PngImagePlugin - STREAM b'IDAT' 41 58612
2026-09-10 16:11:13,399 - DEBUG - PIL.PngImagePlugin - STREAM b'IHDR' 16 13
2026-09-10 16:11:13,399 - DEBUG - PIL.PngImagePlugin - STREAM b'IDAT' 41 58612
2026-09-10 16:11:14,512 - INFO - KGameTracker - ℹ️  ==================================================
2026-09-10 16:11:14,512 - INFO - KGameTracker - ℹ️  K GAME TRACKER - CERRADA
2026-09-10 16:11:14,512 - INFO - KGameTracker - ℹ️  ==================================================
2026-09-10 16:12:05,549 - INFO - KGameTracker - ℹ️  ==================================================
2026-09-10 16:12:05,549 - INFO - KGameTracker - ℹ️  K GAME TRACKER - INICIADA
2026-09-10 16:12:05,549 - INFO - KGameTracker - ℹ️  ==================================================
2026-09-10 16:12:05,667 - DEBUG - PIL.Image - Importing PngImagePlugin
2026-09-10 16:12:05,676 - DEBUG - PIL.PngImagePlugin - STREAM b'IHDR' 16 13
2026-09-10 16:12:05,676 - DEBUG - PIL.PngImagePlugin - STREAM b'IDAT' 41 65536
2026-09-10 16:12:08,084 - DEBUG - PIL.PngImagePlugin - STREAM b'IHDR' 16 13
2026-09-10 16:12:08,084 - DEBUG - PIL.PngImagePlugin - STREAM b'IDAT' 41 65536
2026-09-10 16:12:08,116 - DEBUG - PIL.PngImagePlugin - STREAM b'IHDR' 16 13
2026-09-10 16:12:08,117 - DEBUG - PIL.PngImagePlugin - STREAM b'IDAT' 41 53758
2026-09-10 16:12:08,120 - DEBUG - PIL.PngImagePlugin - STREAM b'IHDR' 16 13
2026-09-10 16:12:08,120 - DEBUG - PIL.PngImagePlugin - STREAM b'IDAT' 41 32768
2026-09-10 16:12:08,126 - DEBUG - PIL.PngImagePlugin - STREAM b'IHDR' 16 13
2026-09-10 16:12:08,127 - DEBUG - PIL.PngImagePlugin - STREAM b'IDAT' 41 65536
2026-09-10 16:12:08,130 - DEBUG - PIL.PngImagePlugin - STREAM b'IHDR' 16 13
2026-09-10 16:12:08,130 - DEBUG - PIL.PngImagePlugin - STREAM b'IDAT' 41 65536
2026-09-10 16:12:08,133 - DEBUG - PIL.PngImagePlugin - STREAM b'IHDR' 16 13
2026-09-10 16:12:08,134 - DEBUG - PIL.PngImagePlugin - STREAM b'IDAT' 41 54958
2026-09-10 16:12:08,137 - DEBUG - PIL.PngImagePlugin - STREAM b'IHDR' 16 13
2026-09-10 16:12:08,137 - DEBUG - PIL.PngImagePlugin - STREAM b'IDAT' 41 54668
2026-09-10 16:12:08,141 - DEBUG - PIL.PngImagePlugin - STREAM b'IHDR' 16 13
2026-09-10 16:12:08,142 - DEBUG - PIL.PngImagePlugin - STREAM b'IDAT' 41 50455
2026-09-10 16:12:08,145 - DEBUG - PIL.PngImagePlugin - STREAM b'IHDR' 16 13
2026-09-10 16:12:08,145 - DEBUG - PIL.PngImagePlugin - STREAM b'IDAT' 41 49252
2026-09-10 16:12:08,149 - DEBUG - PIL.PngImagePlugin - STREAM b'IHDR' 16 13
2026-09-10 16:12:08,149 - DEBUG - PIL.PngImagePlugin - STREAM b'IDAT' 41 55682
2026-09-10 16:12:08,153 - DEBUG - PIL.PngImagePlugin - STREAM b'IHDR' 16 13
2026-09-10 16:12:08,153 - DEBUG - PIL.PngImagePlugin - STREAM b'IDAT' 41 57887
2026-09-10 16:12:08,157 - DEBUG - PIL.PngImagePlugin - STREAM b'IHDR' 16 13
2026-09-10 16:12:08,157 - DEBUG - PIL.PngImagePlugin - STREAM b'IDAT' 41 47281
2026-09-10 16:12:08,160 - DEBUG - PIL.PngImagePlugin - STREAM b'IHDR' 16 13
2026-09-10 16:12:08,160 - DEBUG - PIL.PngImagePlugin - STREAM b'IDAT' 41 56615
2026-09-10 16:12:08,165 - DEBUG - PIL.PngImagePlugin - STREAM b'IHDR' 16 13
2026-09-10 16:12:08,165 - DEBUG - PIL.PngImagePlugin - STREAM b'IDAT' 41 57598
2026-09-10 16:12:08,186 - DEBUG - PIL.PngImagePlugin - STREAM b'IHDR' 16 13
2026-09-10 16:12:08,186 - DEBUG - PIL.PngImagePlugin - STREAM b'IDAT' 41 62450
2026-09-10 16:12:09,352 - DEBUG - PIL.PngImagePlugin - STREAM b'IHDR' 16 13
2026-09-10 16:12:09,352 - DEBUG - PIL.PngImagePlugin - STREAM b'IDAT' 41 65536
2026-09-10 16:12:09,377 - DEBUG - PIL.PngImagePlugin - STREAM b'IHDR' 16 13
2026-09-10 16:12:09,377 - DEBUG - PIL.PngImagePlugin - STREAM b'IDAT' 41 53758
2026-09-10 16:12:09,381 - DEBUG - PIL.PngImagePlugin - STREAM b'IHDR' 16 13
2026-09-10 16:12:09,381 - DEBUG - PIL.PngImagePlugin - STREAM b'IDAT' 41 32768
2026-09-10 16:12:09,387 - DEBUG - PIL.PngImagePlugin - STREAM b'IHDR' 16 13
2026-09-10 16:12:09,387 - DEBUG - PIL.PngImagePlugin - STREAM b'IDAT' 41 65536
2026-09-10 16:12:09,390 - DEBUG - PIL.PngImagePlugin - STREAM b'IHDR' 16 13
2026-09-10 16:12:09,390 - DEBUG - PIL.PngImagePlugin - STREAM b'IDAT' 41 58612
2026-09-10 16:12:09,393 - DEBUG - PIL.PngImagePlugin - STREAM b'IHDR' 16 13
2026-09-10 16:12:09,393 - DEBUG - PIL.PngImagePlugin - STREAM b'IDAT' 41 54958
2026-09-10 16:12:09,397 - DEBUG - PIL.PngImagePlugin - STREAM b'IHDR' 16 13
2026-09-10 16:12:09,397 - DEBUG - PIL.PngImagePlugin - STREAM b'IDAT' 41 54668
2026-09-10 16:12:09,400 - DEBUG - PIL.PngImagePlugin - STREAM b'IHDR' 16 13
2026-09-10 16:12:09,401 - DEBUG - PIL.PngImagePlugin - STREAM b'IDAT' 41 50455
2026-09-10 16:12:09,404 - DEBUG - PIL.PngImagePlugin - STREAM b'IHDR' 16 13
2026-09-10 16:12:09,404 - DEBUG - PIL.PngImagePlugin - STREAM b'IDAT' 41 49252
2026-09-10 16:12:09,408 - DEBUG - PIL.PngImagePlugin - STREAM b'IHDR' 16 13
2026-09-10 16:12:09,408 - DEBUG - PIL.PngImagePlugin - STREAM b'IDAT' 41 55682
2026-09-10 16:12:09,411 - DEBUG - PIL.PngImagePlugin - STREAM b'IHDR' 16 13
2026-09-10 16:12:09,411 - DEBUG - PIL.PngImagePlugin - STREAM b'IDAT' 41 57887
2026-09-10 16:12:09,415 - DEBUG - PIL.PngImagePlugin - STREAM b'IHDR' 16 13
2026-09-10 16:12:09,415 - DEBUG - PIL.PngImagePlugin - STREAM b'IDAT' 41 47281
2026-09-10 16:12:09,418 - DEBUG - PIL.PngImagePlugin - STREAM b'IHDR' 16 13
2026-09-10 16:12:09,418 - DEBUG - PIL.PngImagePlugin - STREAM b'IDAT' 41 56615
2026-09-10 16:12:09,422 - DEBUG - PIL.PngImagePlugin - STREAM b'IHDR' 16 13
2026-09-10 16:12:09,423 - DEBUG - PIL.PngImagePlugin - STREAM b'IDAT' 41 57598
2026-09-10 16:12:09,431 - DEBUG - PIL.PngImagePlugin - STREAM b'IHDR' 16 13
2026-09-10 16:12:09,432 - DEBUG - PIL.PngImagePlugin - STREAM b'IDAT' 41 62450
2026-09-10 16:12:09,434 - DEBUG - PIL.PngImagePlugin - STREAM b'IHDR' 16 13
2026-09-10 16:12:09,434 - DEBUG - PIL.PngImagePlugin - STREAM b'IDAT' 41 65536
2026-09-10 16:12:09,821 - DEBUG - PIL.PngImagePlugin - STREAM b'IHDR' 16 13
2026-09-10 16:12:09,821 - DEBUG - PIL.PngImagePlugin - STREAM b'IDAT' 41 65536
2026-09-10 16:12:09,848 - DEBUG - PIL.PngImagePlugin - STREAM b'IHDR' 16 13
2026-09-10 16:12:09,848 - DEBUG - PIL.PngImagePlugin - STREAM b'IDAT' 41 53758
2026-09-10 16:12:09,851 - DEBUG - PIL.PngImagePlugin - STREAM b'IHDR' 16 13
2026-09-10 16:12:09,851 - DEBUG - PIL.PngImagePlugin - STREAM b'IDAT' 41 32768
2026-09-10 16:12:09,860 - DEBUG - PIL.PngImagePlugin - STREAM b'IHDR' 16 13
2026-09-10 16:12:09,860 - DEBUG - PIL.PngImagePlugin - STREAM b'IDAT' 41 65536
2026-09-10 16:12:09,864 - DEBUG - PIL.PngImagePlugin - STREAM b'IHDR' 16 13
2026-09-10 16:12:09,864 - DEBUG - PIL.PngImagePlugin - STREAM b'IDAT' 41 65536
2026-09-10 16:12:09,867 - DEBUG - PIL.PngImagePlugin - STREAM b'IHDR' 16 13
2026-09-10 16:12:09,868 - DEBUG - PIL.PngImagePlugin - STREAM b'IDAT' 41 54958
2026-09-10 16:12:09,872 - DEBUG - PIL.PngImagePlugin - STREAM b'IHDR' 16 13
2026-09-10 16:12:09,873 - DEBUG - PIL.PngImagePlugin - STREAM b'IDAT' 41 54668
2026-09-10 16:12:09,876 - DEBUG - PIL.PngImagePlugin - STREAM b'IHDR' 16 13
2026-09-10 16:12:09,877 - DEBUG - PIL.PngImagePlugin - STREAM b'IDAT' 41 50455
2026-09-10 16:12:09,880 - DEBUG - PIL.PngImagePlugin - STREAM b'IHDR' 16 13
2026-09-10 16:12:09,880 - DEBUG - PIL.PngImagePlugin - STREAM b'IDAT' 41 49252
2026-09-10 16:12:09,884 - DEBUG - PIL.PngImagePlugin - STREAM b'IHDR' 16 13
2026-09-10 16:12:09,884 - DEBUG - PIL.PngImagePlugin - STREAM b'IDAT' 41 55682
2026-09-10 16:12:09,887 - DEBUG - PIL.PngImagePlugin - STREAM b'IHDR' 16 13
2026-09-10 16:12:09,887 - DEBUG - PIL.PngImagePlugin - STREAM b'IDAT' 41 57887
2026-09-10 16:12:09,891 - DEBUG - PIL.PngImagePlugin - STREAM b'IHDR' 16 13
2026-09-10 16:12:09,891 - DEBUG - PIL.PngImagePlugin - STREAM b'IDAT' 41 47281
2026-09-10 16:12:09,894 - DEBUG - PIL.PngImagePlugin - STREAM b'IHDR' 16 13
2026-09-10 16:12:09,894 - DEBUG - PIL.PngImagePlugin - STREAM b'IDAT' 41 56615
2026-09-10 16:12:09,898 - DEBUG - PIL.PngImagePlugin - STREAM b'IHDR' 16 13
2026-09-10 16:12:09,898 - DEBUG - PIL.PngImagePlugin - STREAM b'IDAT' 41 57598
2026-09-10 16:12:09,906 - DEBUG - PIL.PngImagePlugin - STREAM b'IHDR' 16 13
2026-09-10 16:12:09,906 - DEBUG - PIL.PngImagePlugin - STREAM b'IDAT' 41 62450
2026-09-10 16:12:09,909 - DEBUG - PIL.PngImagePlugin - STREAM b'IHDR' 16 13
2026-09-10 16:12:09,909 - DEBUG - PIL.PngImagePlugin - STREAM b'IDAT' 41 58612
2026-09-10 16:12:10,183 - DEBUG - PIL.PngImagePlugin - STREAM b'IHDR' 16 13
2026-09-10 16:12:10,183 - DEBUG - PIL.PngImagePlugin - STREAM b'IDAT' 41 65536
2026-09-10 16:12:10,208 - DEBUG - PIL.PngImagePlugin - STREAM b'IHDR' 16 13
2026-09-10 16:12:10,208 - DEBUG - PIL.PngImagePlugin - STREAM b'IDAT' 41 53758
2026-09-10 16:12:10,211 - DEBUG - PIL.PngImagePlugin - STREAM b'IHDR' 16 13
2026-09-10 16:12:10,211 - DEBUG - PIL.PngImagePlugin - STREAM b'IDAT' 41 32768
2026-09-10 16:12:10,217 - DEBUG - PIL.PngImagePlugin - STREAM b'IHDR' 16 13
2026-09-10 16:12:10,217 - DEBUG - PIL.PngImagePlugin - STREAM b'IDAT' 41 65536
2026-09-10 16:12:10,220 - DEBUG - PIL.PngImagePlugin - STREAM b'IHDR' 16 13
2026-09-10 16:12:10,221 - DEBUG - PIL.PngImagePlugin - STREAM b'IDAT' 41 58612
2026-09-10 16:12:10,223 - DEBUG - PIL.PngImagePlugin - STREAM b'IHDR' 16 13
2026-09-10 16:12:10,223 - DEBUG - PIL.PngImagePlugin - STREAM b'IDAT' 41 54958
2026-09-10 16:12:10,227 - DEBUG - PIL.PngImagePlugin - STREAM b'IHDR' 16 13
2026-09-10 16:12:10,227 - DEBUG - PIL.PngImagePlugin - STREAM b'IDAT' 41 54668
2026-09-10 16:12:10,231 - DEBUG - PIL.PngImagePlugin - STREAM b'IHDR' 16 13
2026-09-10 16:12:10,231 - DEBUG - PIL.PngImagePlugin - STREAM b'IDAT' 41 50455
2026-09-10 16:12:10,234 - DEBUG - PIL.PngImagePlugin - STREAM b'IHDR' 16 13
2026-09-10 16:12:10,234 - DEBUG - PIL.PngImagePlugin - STREAM b'IDAT' 41 49252
2026-09-10 16:12:10,237 - DEBUG - PIL.PngImagePlugin - STREAM b'IHDR' 16 13
2026-09-10 16:12:10,238 - DEBUG - PIL.PngImagePlugin - STREAM b'IDAT' 41 55682
2026-09-10 16:12:10,241 - DEBUG - PIL.PngImagePlugin - STREAM b'IHDR' 16 13
2026-09-10 16:12:10,242 - DEBUG - PIL.PngImagePlugin - STREAM b'IDAT' 41 57887
2026-09-10 16:12:10,245 - DEBUG - PIL.PngImagePlugin - STREAM b'IHDR' 16 13
2026-09-10 16:12:10,245 - DEBUG - PIL.PngImagePlugin - STREAM b'IDAT' 41 47281
2026-09-10 16:12:10,249 - DEBUG - PIL.PngImagePlugin - STREAM b'IHDR' 16 13
2026-09-10 16:12:10,250 - DEBUG - PIL.PngImagePlugin - STREAM b'IDAT' 41 56615
2026-09-10 16:12:10,253 - DEBUG - PIL.PngImagePlugin - STREAM b'IHDR' 16 13
2026-09-10 16:12:10,253 - DEBUG - PIL.PngImagePlugin - STREAM b'IDAT' 41 57598
2026-09-10 16:12:10,262 - DEBUG - PIL.PngImagePlugin - STREAM b'IHDR' 16 13
2026-09-10 16:12:10,262 - DEBUG - PIL.PngImagePlugin - STREAM b'IDAT' 41 62450
2026-09-10 16:12:10,265 - DEBUG - PIL.PngImagePlugin - STREAM b'IHDR' 16 13
2026-09-10 16:12:10,265 - DEBUG - PIL.PngImagePlugin - STREAM b'IDAT' 41 65536
2026-09-10 16:12:11,719 - DEBUG - PIL.PngImagePlugin - STREAM b'IHDR' 16 13
2026-09-10 16:12:11,719 - DEBUG - PIL.PngImagePlugin - STREAM b'IDAT' 41 65536
2026-09-10 16:12:11,744 - DEBUG - PIL.PngImagePlugin - STREAM b'IHDR' 16 13
2026-09-10 16:12:11,744 - DEBUG - PIL.PngImagePlugin - STREAM b'IDAT' 41 53758
2026-09-10 16:12:11,749 - DEBUG - PIL.PngImagePlugin - STREAM b'IHDR' 16 13
2026-09-10 16:12:11,749 - DEBUG - PIL.PngImagePlugin - STREAM b'IDAT' 41 32768
2026-09-10 16:12:11,756 - DEBUG - PIL.PngImagePlugin - STREAM b'IHDR' 16 13
2026-09-10 16:12:11,756 - DEBUG - PIL.PngImagePlugin - STREAM b'IDAT' 41 65536
2026-09-10 16:12:11,759 - DEBUG - PIL.PngImagePlugin - STREAM b'IHDR' 16 13
2026-09-10 16:12:11,759 - DEBUG - PIL.PngImagePlugin - STREAM b'IDAT' 41 65536
2026-09-10 16:12:11,762 - DEBUG - PIL.PngImagePlugin - STREAM b'IHDR' 16 13
2026-09-10 16:12:11,762 - DEBUG - PIL.PngImagePlugin - STREAM b'IDAT' 41 54958
2026-09-10 16:12:11,766 - DEBUG - PIL.PngImagePlugin - STREAM b'IHDR' 16 13
2026-09-10 16:12:11,767 - DEBUG - PIL.PngImagePlugin - STREAM b'IDAT' 41 54668
2026-09-10 16:12:11,770 - DEBUG - PIL.PngImagePlugin - STREAM b'IHDR' 16 13
2026-09-10 16:12:11,770 - DEBUG - PIL.PngImagePlugin - STREAM b'IDAT' 41 50455
2026-09-10 16:12:11,774 - DEBUG - PIL.PngImagePlugin - STREAM b'IHDR' 16 13
2026-09-10 16:12:11,775 - DEBUG - PIL.PngImagePlugin - STREAM b'IDAT' 41 49252
2026-09-10 16:12:11,778 - DEBUG - PIL.PngImagePlugin - STREAM b'IHDR' 16 13
2026-09-10 16:12:11,778 - DEBUG - PIL.PngImagePlugin - STREAM b'IDAT' 41 55682
2026-09-10 16:12:11,781 - DEBUG - PIL.PngImagePlugin - STREAM b'IHDR' 16 13
2026-09-10 16:12:11,782 - DEBUG - PIL.PngImagePlugin - STREAM b'IDAT' 41 57887
2026-09-10 16:12:11,785 - DEBUG - PIL.PngImagePlugin - STREAM b'IHDR' 16 13
2026-09-10 16:12:11,785 - DEBUG - PIL.PngImagePlugin - STREAM b'IDAT' 41 47281
2026-09-10 16:12:11,788 - DEBUG - PIL.PngImagePlugin - STREAM b'IHDR' 16 13
2026-09-10 16:12:11,789 - DEBUG - PIL.PngImagePlugin - STREAM b'IDAT' 41 56615
2026-09-10 16:12:11,792 - DEBUG - PIL.PngImagePlugin - STREAM b'IHDR' 16 13
2026-09-10 16:12:11,792 - DEBUG - PIL.PngImagePlugin - STREAM b'IDAT' 41 57598
2026-09-10 16:12:11,805 - DEBUG - PIL.PngImagePlugin - STREAM b'IHDR' 16 13
2026-09-10 16:12:11,807 - DEBUG - PIL.PngImagePlugin - STREAM b'IDAT' 41 62450
2026-09-10 16:12:11,812 - DEBUG - PIL.PngImagePlugin - STREAM b'IHDR' 16 13
2026-09-10 16:12:11,813 - DEBUG - PIL.PngImagePlugin - STREAM b'IDAT' 41 58612
2026-09-10 16:12:13,126 - INFO - KGameTracker - ℹ️  ==================================================
2026-09-10 16:12:13,127 - INFO - KGameTracker - ℹ️  K GAME TRACKER - CERRADA
2026-09-10 16:12:13,127 - INFO - KGameTracker - ℹ️  ==================================================
2026-09-10 16:18:07,630 - INFO - KGameTracker - ℹ️  ==================================================
2026-09-10 16:18:07,630 - INFO - KGameTracker - ℹ️  K GAME TRACKER - INICIADA
2026-09-10 16:18:07,630 - INFO - KGameTracker - ℹ️  ==================================================
2026-09-10 16:18:07,747 - DEBUG - PIL.Image - Importing PngImagePlugin
2026-09-10 16:18:07,757 - DEBUG - PIL.PngImagePlugin - STREAM b'IHDR' 16 13
2026-09-10 16:18:07,757 - DEBUG - PIL.PngImagePlugin - STREAM b'IDAT' 41 65536
2026-09-10 16:18:10,236 - DEBUG - PIL.PngImagePlugin - STREAM b'IHDR' 16 13
2026-09-10 16:18:10,236 - DEBUG - PIL.PngImagePlugin - STREAM b'IDAT' 41 65536
2026-09-10 16:18:10,269 - DEBUG - PIL.PngImagePlugin - STREAM b'IHDR' 16 13
2026-09-10 16:18:10,269 - DEBUG - PIL.PngImagePlugin - STREAM b'IDAT' 41 53758
2026-09-10 16:18:10,273 - DEBUG - PIL.PngImagePlugin - STREAM b'IHDR' 16 13
2026-09-10 16:18:10,273 - DEBUG - PIL.PngImagePlugin - STREAM b'IDAT' 41 32768
2026-09-10 16:18:10,279 - DEBUG - PIL.PngImagePlugin - STREAM b'IHDR' 16 13
2026-09-10 16:18:10,280 - DEBUG - PIL.PngImagePlugin - STREAM b'IDAT' 41 65536
2026-09-10 16:18:10,283 - DEBUG - PIL.PngImagePlugin - STREAM b'IHDR' 16 13
2026-09-10 16:18:10,283 - DEBUG - PIL.PngImagePlugin - STREAM b'IDAT' 41 65536
2026-09-10 16:18:10,287 - DEBUG - PIL.PngImagePlugin - STREAM b'IHDR' 16 13
2026-09-10 16:18:10,287 - DEBUG - PIL.PngImagePlugin - STREAM b'IDAT' 41 54958
2026-09-10 16:18:10,291 - DEBUG - PIL.PngImagePlugin - STREAM b'IHDR' 16 13
2026-09-10 16:18:10,291 - DEBUG - PIL.PngImagePlugin - STREAM b'IDAT' 41 54668
2026-09-10 16:18:10,295 - DEBUG - PIL.PngImagePlugin - STREAM b'IHDR' 16 13
2026-09-10 16:18:10,295 - DEBUG - PIL.PngImagePlugin - STREAM b'IDAT' 41 50455
2026-09-10 16:18:10,299 - DEBUG - PIL.PngImagePlugin - STREAM b'IHDR' 16 13
2026-09-10 16:18:10,299 - DEBUG - PIL.PngImagePlugin - STREAM b'IDAT' 41 49252
2026-09-10 16:18:10,303 - DEBUG - PIL.PngImagePlugin - STREAM b'IHDR' 16 13
2026-09-10 16:18:10,304 - DEBUG - PIL.PngImagePlugin - STREAM b'IDAT' 41 55682
2026-09-10 16:18:10,309 - DEBUG - PIL.PngImagePlugin - STREAM b'IHDR' 16 13
2026-09-10 16:18:10,309 - DEBUG - PIL.PngImagePlugin - STREAM b'IDAT' 41 57887
2026-09-10 16:18:10,312 - DEBUG - PIL.PngImagePlugin - STREAM b'IHDR' 16 13
2026-09-10 16:18:10,312 - DEBUG - PIL.PngImagePlugin - STREAM b'IDAT' 41 47281
2026-09-10 16:18:10,316 - DEBUG - PIL.PngImagePlugin - STREAM b'IHDR' 16 13
2026-09-10 16:18:10,316 - DEBUG - PIL.PngImagePlugin - STREAM b'IDAT' 41 56615
2026-09-10 16:18:10,320 - DEBUG - PIL.PngImagePlugin - STREAM b'IHDR' 16 13
2026-09-10 16:18:10,320 - DEBUG - PIL.PngImagePlugin - STREAM b'IDAT' 41 57598
2026-09-10 16:18:10,345 - DEBUG - PIL.PngImagePlugin - STREAM b'IHDR' 16 13
2026-09-10 16:18:10,345 - DEBUG - PIL.PngImagePlugin - STREAM b'IDAT' 41 62450
2026-09-10 16:18:18,187 - INFO - KGameTracker - ℹ️  ==================================================
2026-09-10 16:18:18,187 - INFO - KGameTracker - ℹ️  K GAME TRACKER - CERRADA
2026-09-10 16:18:18,187 - INFO - KGameTracker - ℹ️  ==================================================
2026-09-10 16:18:23,264 - INFO - KGameTracker - ℹ️  ==================================================
2026-09-10 16:18:23,265 - INFO - KGameTracker - ℹ️  K GAME TRACKER - INICIADA
2026-09-10 16:18:23,265 - INFO - KGameTracker - ℹ️  ==================================================
2026-09-10 16:18:23,393 - DEBUG - PIL.Image - Importing PngImagePlugin
2026-09-10 16:18:23,402 - DEBUG - PIL.PngImagePlugin - STREAM b'IHDR' 16 13
2026-09-10 16:18:23,403 - DEBUG - PIL.PngImagePlugin - STREAM b'IDAT' 41 65536
2026-09-10 16:18:25,833 - DEBUG - PIL.PngImagePlugin - STREAM b'IHDR' 16 13
2026-09-10 16:18:25,833 - DEBUG - PIL.PngImagePlugin - STREAM b'IDAT' 41 65536
2026-09-10 16:18:25,865 - DEBUG - PIL.PngImagePlugin - STREAM b'IHDR' 16 13
2026-09-10 16:18:25,865 - DEBUG - PIL.PngImagePlugin - STREAM b'IDAT' 41 53758
2026-09-10 16:18:25,870 - DEBUG - PIL.PngImagePlugin - STREAM b'IHDR' 16 13
2026-09-10 16:18:25,870 - DEBUG - PIL.PngImagePlugin - STREAM b'IDAT' 41 32768
2026-09-10 16:18:25,877 - DEBUG - PIL.PngImagePlugin - STREAM b'IHDR' 16 13
2026-09-10 16:18:25,877 - DEBUG - PIL.PngImagePlugin - STREAM b'IDAT' 41 65536
2026-09-10 16:18:25,880 - DEBUG - PIL.PngImagePlugin - STREAM b'IHDR' 16 13
2026-09-10 16:18:25,880 - DEBUG - PIL.PngImagePlugin - STREAM b'IDAT' 41 65536
2026-09-10 16:18:25,884 - DEBUG - PIL.PngImagePlugin - STREAM b'IHDR' 16 13
2026-09-10 16:18:25,884 - DEBUG - PIL.PngImagePlugin - STREAM b'IDAT' 41 54958
2026-09-10 16:18:25,887 - DEBUG - PIL.PngImagePlugin - STREAM b'IHDR' 16 13
2026-09-10 16:18:25,887 - DEBUG - PIL.PngImagePlugin - STREAM b'IDAT' 41 54668
2026-09-10 16:18:25,891 - DEBUG - PIL.PngImagePlugin - STREAM b'IHDR' 16 13
2026-09-10 16:18:25,892 - DEBUG - PIL.PngImagePlugin - STREAM b'IDAT' 41 50455
2026-09-10 16:18:25,895 - DEBUG - PIL.PngImagePlugin - STREAM b'IHDR' 16 13
2026-09-10 16:18:25,895 - DEBUG - PIL.PngImagePlugin - STREAM b'IDAT' 41 49252
2026-09-10 16:18:25,899 - DEBUG - PIL.PngImagePlugin - STREAM b'IHDR' 16 13
2026-09-10 16:18:25,899 - DEBUG - PIL.PngImagePlugin - STREAM b'IDAT' 41 55682
2026-09-10 16:18:25,902 - DEBUG - PIL.PngImagePlugin - STREAM b'IHDR' 16 13
2026-09-10 16:18:25,903 - DEBUG - PIL.PngImagePlugin - STREAM b'IDAT' 41 57887
2026-09-10 16:18:25,906 - DEBUG - PIL.PngImagePlugin - STREAM b'IHDR' 16 13
2026-09-10 16:18:25,907 - DEBUG - PIL.PngImagePlugin - STREAM b'IDAT' 41 47281
2026-09-10 16:18:25,910 - DEBUG - PIL.PngImagePlugin - STREAM b'IHDR' 16 13
2026-09-10 16:18:25,911 - DEBUG - PIL.PngImagePlugin - STREAM b'IDAT' 41 56615
2026-09-10 16:18:25,914 - DEBUG - PIL.PngImagePlugin - STREAM b'IHDR' 16 13
2026-09-10 16:18:25,915 - DEBUG - PIL.PngImagePlugin - STREAM b'IDAT' 41 57598
2026-09-10 16:18:25,955 - DEBUG - PIL.PngImagePlugin - STREAM b'IHDR' 16 13
2026-09-10 16:18:25,955 - DEBUG - PIL.PngImagePlugin - STREAM b'IDAT' 41 62450
2026-09-10 16:18:29,251 - DEBUG - PIL.PngImagePlugin - STREAM b'IHDR' 16 13
2026-09-10 16:18:29,251 - DEBUG - PIL.PngImagePlugin - STREAM b'IDAT' 41 65536
2026-09-10 16:18:29,278 - DEBUG - PIL.PngImagePlugin - STREAM b'IHDR' 16 13
2026-09-10 16:18:29,278 - DEBUG - PIL.PngImagePlugin - STREAM b'IDAT' 41 53758
2026-09-10 16:18:29,281 - DEBUG - PIL.PngImagePlugin - STREAM b'IHDR' 16 13
2026-09-10 16:18:29,282 - DEBUG - PIL.PngImagePlugin - STREAM b'IDAT' 41 32768
2026-09-10 16:18:29,288 - DEBUG - PIL.PngImagePlugin - STREAM b'IHDR' 16 13
2026-09-10 16:18:29,289 - DEBUG - PIL.PngImagePlugin - STREAM b'IDAT' 41 65536
2026-09-10 16:18:29,292 - DEBUG - PIL.PngImagePlugin - STREAM b'IHDR' 16 13
2026-09-10 16:18:29,292 - DEBUG - PIL.PngImagePlugin - STREAM b'IDAT' 41 58612
2026-09-10 16:18:29,295 - DEBUG - PIL.PngImagePlugin - STREAM b'IHDR' 16 13
2026-09-10 16:18:29,295 - DEBUG - PIL.PngImagePlugin - STREAM b'IDAT' 41 54958
2026-09-10 16:18:29,298 - DEBUG - PIL.PngImagePlugin - STREAM b'IHDR' 16 13
2026-09-10 16:18:29,298 - DEBUG - PIL.PngImagePlugin - STREAM b'IDAT' 41 54668
2026-09-10 16:18:29,302 - DEBUG - PIL.PngImagePlugin - STREAM b'IHDR' 16 13
2026-09-10 16:18:29,302 - DEBUG - PIL.PngImagePlugin - STREAM b'IDAT' 41 50455
2026-09-10 16:18:29,306 - DEBUG - PIL.PngImagePlugin - STREAM b'IHDR' 16 13
2026-09-10 16:18:29,306 - DEBUG - PIL.PngImagePlugin - STREAM b'IDAT' 41 49252
2026-09-10 16:18:29,310 - DEBUG - PIL.PngImagePlugin - STREAM b'IHDR' 16 13
2026-09-10 16:18:29,310 - DEBUG - PIL.PngImagePlugin - STREAM b'IDAT' 41 55682
2026-09-10 16:18:29,313 - DEBUG - PIL.PngImagePlugin - STREAM b'IHDR' 16 13
2026-09-10 16:18:29,314 - DEBUG - PIL.PngImagePlugin - STREAM b'IDAT' 41 57887
2026-09-10 16:18:29,317 - DEBUG - PIL.PngImagePlugin - STREAM b'IHDR' 16 13
2026-09-10 16:18:29,317 - DEBUG - PIL.PngImagePlugin - STREAM b'IDAT' 41 47281
2026-09-10 16:18:29,320 - DEBUG - PIL.PngImagePlugin - STREAM b'IHDR' 16 13
2026-09-10 16:18:29,321 - DEBUG - PIL.PngImagePlugin - STREAM b'IDAT' 41 56615
2026-09-10 16:18:29,324 - DEBUG - PIL.PngImagePlugin - STREAM b'IHDR' 16 13
2026-09-10 16:18:29,324 - DEBUG - PIL.PngImagePlugin - STREAM b'IDAT' 41 57598
2026-09-10 16:18:29,333 - DEBUG - PIL.PngImagePlugin - STREAM b'IHDR' 16 13
2026-09-10 16:18:29,333 - DEBUG - PIL.PngImagePlugin - STREAM b'IDAT' 41 62450
2026-09-10 16:18:29,336 - DEBUG - PIL.PngImagePlugin - STREAM b'IHDR' 16 13
2026-09-10 16:18:29,336 - DEBUG - PIL.PngImagePlugin - STREAM b'IDAT' 41 58612
2026-09-10 16:18:30,553 - DEBUG - PIL.PngImagePlugin - STREAM b'IHDR' 16 13
2026-09-10 16:18:30,553 - DEBUG - PIL.PngImagePlugin - STREAM b'IDAT' 41 65536
2026-09-10 16:18:30,579 - DEBUG - PIL.PngImagePlugin - STREAM b'IHDR' 16 13
2026-09-10 16:18:30,579 - DEBUG - PIL.PngImagePlugin - STREAM b'IDAT' 41 53758
2026-09-10 16:18:30,582 - DEBUG - PIL.PngImagePlugin - STREAM b'IHDR' 16 13
2026-09-10 16:18:30,582 - DEBUG - PIL.PngImagePlugin - STREAM b'IDAT' 41 32768
2026-09-10 16:18:30,589 - DEBUG - PIL.PngImagePlugin - STREAM b'IHDR' 16 13
2026-09-10 16:18:30,589 - DEBUG - PIL.PngImagePlugin - STREAM b'IDAT' 41 65536
2026-09-10 16:18:30,593 - DEBUG - PIL.PngImagePlugin - STREAM b'IHDR' 16 13
2026-09-10 16:18:30,593 - DEBUG - PIL.PngImagePlugin - STREAM b'IDAT' 41 65536
2026-09-10 16:18:30,596 - DEBUG - PIL.PngImagePlugin - STREAM b'IHDR' 16 13
2026-09-10 16:18:30,596 - DEBUG - PIL.PngImagePlugin - STREAM b'IDAT' 41 54958
2026-09-10 16:18:30,599 - DEBUG - PIL.PngImagePlugin - STREAM b'IHDR' 16 13
2026-09-10 16:18:30,599 - DEBUG - PIL.PngImagePlugin - STREAM b'IDAT' 41 54668
2026-09-10 16:18:30,603 - DEBUG - PIL.PngImagePlugin - STREAM b'IHDR' 16 13
2026-09-10 16:18:30,603 - DEBUG - PIL.PngImagePlugin - STREAM b'IDAT' 41 50455
2026-09-10 16:18:30,608 - DEBUG - PIL.PngImagePlugin - STREAM b'IHDR' 16 13
2026-09-10 16:18:30,608 - DEBUG - PIL.PngImagePlugin - STREAM b'IDAT' 41 49252
2026-09-10 16:18:30,611 - DEBUG - PIL.PngImagePlugin - STREAM b'IHDR' 16 13
2026-09-10 16:18:30,611 - DEBUG - PIL.PngImagePlugin - STREAM b'IDAT' 41 55682
2026-09-10 16:18:30,615 - DEBUG - PIL.PngImagePlugin - STREAM b'IHDR' 16 13
2026-09-10 16:18:30,615 - DEBUG - PIL.PngImagePlugin - STREAM b'IDAT' 41 57887
2026-09-10 16:18:30,618 - DEBUG - PIL.PngImagePlugin - STREAM b'IHDR' 16 13
2026-09-10 16:18:30,618 - DEBUG - PIL.PngImagePlugin - STREAM b'IDAT' 41 47281
2026-09-10 16:18:30,622 - DEBUG - PIL.PngImagePlugin - STREAM b'IHDR' 16 13
2026-09-10 16:18:30,622 - DEBUG - PIL.PngImagePlugin - STREAM b'IDAT' 41 56615
2026-09-10 16:18:30,625 - DEBUG - PIL.PngImagePlugin - STREAM b'IHDR' 16 13
2026-09-10 16:18:30,625 - DEBUG - PIL.PngImagePlugin - STREAM b'IDAT' 41 57598
2026-09-10 16:18:30,634 - DEBUG - PIL.PngImagePlugin - STREAM b'IHDR' 16 13
2026-09-10 16:18:30,634 - DEBUG - PIL.PngImagePlugin - STREAM b'IDAT' 41 62450
2026-09-10 16:18:30,637 - DEBUG - PIL.PngImagePlugin - STREAM b'IHDR' 16 13
2026-09-10 16:18:30,637 - DEBUG - PIL.PngImagePlugin - STREAM b'IDAT' 41 65536
2026-09-10 16:18:32,694 - INFO - KGameTracker - ℹ️  ==================================================
2026-09-10 16:18:32,695 - INFO - KGameTracker - ℹ️  K GAME TRACKER - CERRADA
2026-09-10 16:18:32,695 - INFO - KGameTracker - ℹ️  ==================================================
2026-09-10 16:24:11,516 - INFO - KGameTracker - ℹ️  ==================================================
2026-09-10 16:24:11,517 - INFO - KGameTracker - ℹ️  K GAME TRACKER - INICIADA
2026-09-10 16:24:11,517 - INFO - KGameTracker - ℹ️  ==================================================
2026-09-10 16:24:11,641 - DEBUG - PIL.Image - Importing PngImagePlugin
2026-09-10 16:24:11,652 - DEBUG - PIL.PngImagePlugin - STREAM b'IHDR' 16 13
2026-09-10 16:24:11,652 - DEBUG - PIL.PngImagePlugin - STREAM b'IDAT' 41 65536
2026-09-10 16:24:14,143 - DEBUG - PIL.PngImagePlugin - STREAM b'IHDR' 16 13
2026-09-10 16:24:14,143 - DEBUG - PIL.PngImagePlugin - STREAM b'IDAT' 41 65536
2026-09-10 16:24:14,175 - DEBUG - PIL.PngImagePlugin - STREAM b'IHDR' 16 13
2026-09-10 16:24:14,175 - DEBUG - PIL.PngImagePlugin - STREAM b'IDAT' 41 53758
2026-09-10 16:24:14,179 - DEBUG - PIL.PngImagePlugin - STREAM b'IHDR' 16 13
2026-09-10 16:24:14,179 - DEBUG - PIL.PngImagePlugin - STREAM b'IDAT' 41 32768
2026-09-10 16:24:14,185 - DEBUG - PIL.PngImagePlugin - STREAM b'IHDR' 16 13
2026-09-10 16:24:14,186 - DEBUG - PIL.PngImagePlugin - STREAM b'IDAT' 41 65536
2026-09-10 16:24:14,188 - DEBUG - PIL.PngImagePlugin - STREAM b'IHDR' 16 13
2026-09-10 16:24:14,189 - DEBUG - PIL.PngImagePlugin - STREAM b'IDAT' 41 65536
2026-09-10 16:24:14,192 - DEBUG - PIL.PngImagePlugin - STREAM b'IHDR' 16 13
2026-09-10 16:24:14,192 - DEBUG - PIL.PngImagePlugin - STREAM b'IDAT' 41 54958
2026-09-10 16:24:14,196 - DEBUG - PIL.PngImagePlugin - STREAM b'IHDR' 16 13
2026-09-10 16:24:14,196 - DEBUG - PIL.PngImagePlugin - STREAM b'IDAT' 41 54668
2026-09-10 16:24:14,200 - DEBUG - PIL.PngImagePlugin - STREAM b'IHDR' 16 13
2026-09-10 16:24:14,200 - DEBUG - PIL.PngImagePlugin - STREAM b'IDAT' 41 50455
2026-09-10 16:24:14,204 - DEBUG - PIL.PngImagePlugin - STREAM b'IHDR' 16 13
2026-09-10 16:24:14,204 - DEBUG - PIL.PngImagePlugin - STREAM b'IDAT' 41 49252
2026-09-10 16:24:14,208 - DEBUG - PIL.PngImagePlugin - STREAM b'IHDR' 16 13
2026-09-10 16:24:14,209 - DEBUG - PIL.PngImagePlugin - STREAM b'IDAT' 41 55682
2026-09-10 16:24:14,212 - DEBUG - PIL.PngImagePlugin - STREAM b'IHDR' 16 13
2026-09-10 16:24:14,212 - DEBUG - PIL.PngImagePlugin - STREAM b'IDAT' 41 57887
2026-09-10 16:24:14,216 - DEBUG - PIL.PngImagePlugin - STREAM b'IHDR' 16 13
2026-09-10 16:24:14,216 - DEBUG - PIL.PngImagePlugin - STREAM b'IDAT' 41 47281
2026-09-10 16:24:14,220 - DEBUG - PIL.PngImagePlugin - STREAM b'IHDR' 16 13
2026-09-10 16:24:14,220 - DEBUG - PIL.PngImagePlugin - STREAM b'IDAT' 41 56615
2026-09-10 16:24:14,224 - DEBUG - PIL.PngImagePlugin - STREAM b'IHDR' 16 13
2026-09-10 16:24:14,224 - DEBUG - PIL.PngImagePlugin - STREAM b'IDAT' 41 57598
2026-09-10 16:24:14,247 - DEBUG - PIL.PngImagePlugin - STREAM b'IHDR' 16 13
2026-09-10 16:24:14,247 - DEBUG - PIL.PngImagePlugin - STREAM b'IDAT' 41 62450
2026-09-10 16:24:23,960 - DEBUG - PIL.PngImagePlugin - STREAM b'IHDR' 16 13
2026-09-10 16:24:23,961 - DEBUG - PIL.PngImagePlugin - STREAM b'IDAT' 41 65536
2026-09-10 16:24:23,986 - DEBUG - PIL.PngImagePlugin - STREAM b'IHDR' 16 13
2026-09-10 16:24:23,987 - DEBUG - PIL.PngImagePlugin - STREAM b'IDAT' 41 53758
2026-09-10 16:24:23,992 - DEBUG - PIL.PngImagePlugin - STREAM b'IHDR' 16 13
2026-09-10 16:24:23,992 - DEBUG - PIL.PngImagePlugin - STREAM b'IDAT' 41 32768
2026-09-10 16:24:23,999 - DEBUG - PIL.PngImagePlugin - STREAM b'IHDR' 16 13
2026-09-10 16:24:23,999 - DEBUG - PIL.PngImagePlugin - STREAM b'IDAT' 41 65536
2026-09-10 16:24:24,003 - DEBUG - PIL.PngImagePlugin - STREAM b'IHDR' 16 13
2026-09-10 16:24:24,003 - DEBUG - PIL.PngImagePlugin - STREAM b'IDAT' 41 58612
2026-09-10 16:24:24,006 - DEBUG - PIL.PngImagePlugin - STREAM b'IHDR' 16 13
2026-09-10 16:24:24,007 - DEBUG - PIL.PngImagePlugin - STREAM b'IDAT' 41 54958
2026-09-10 16:24:24,011 - DEBUG - PIL.PngImagePlugin - STREAM b'IHDR' 16 13
2026-09-10 16:24:24,011 - DEBUG - PIL.PngImagePlugin - STREAM b'IDAT' 41 54668
2026-09-10 16:24:24,015 - DEBUG - PIL.PngImagePlugin - STREAM b'IHDR' 16 13
2026-09-10 16:24:24,015 - DEBUG - PIL.PngImagePlugin - STREAM b'IDAT' 41 50455
2026-09-10 16:24:24,019 - DEBUG - PIL.PngImagePlugin - STREAM b'IHDR' 16 13
2026-09-10 16:24:24,020 - DEBUG - PIL.PngImagePlugin - STREAM b'IDAT' 41 49252
2026-09-10 16:24:24,023 - DEBUG - PIL.PngImagePlugin - STREAM b'IHDR' 16 13
2026-09-10 16:24:24,023 - DEBUG - PIL.PngImagePlugin - STREAM b'IDAT' 41 55682
2026-09-10 16:24:24,028 - DEBUG - PIL.PngImagePlugin - STREAM b'IHDR' 16 13
2026-09-10 16:24:24,028 - DEBUG - PIL.PngImagePlugin - STREAM b'IDAT' 41 57887
2026-09-10 16:24:24,031 - DEBUG - PIL.PngImagePlugin - STREAM b'IHDR' 16 13
2026-09-10 16:24:24,032 - DEBUG - PIL.PngImagePlugin - STREAM b'IDAT' 41 47281
2026-09-10 16:24:24,036 - DEBUG - PIL.PngImagePlugin - STREAM b'IHDR' 16 13
2026-09-10 16:24:24,036 - DEBUG - PIL.PngImagePlugin - STREAM b'IDAT' 41 56615
2026-09-10 16:24:24,040 - DEBUG - PIL.PngImagePlugin - STREAM b'IHDR' 16 13
2026-09-10 16:24:24,040 - DEBUG - PIL.PngImagePlugin - STREAM b'IDAT' 41 57598
2026-09-10 16:24:24,053 - DEBUG - PIL.PngImagePlugin - STREAM b'IHDR' 16 13
2026-09-10 16:24:24,053 - DEBUG - PIL.PngImagePlugin - STREAM b'IDAT' 41 62450
2026-09-10 16:24:24,055 - DEBUG - PIL.PngImagePlugin - STREAM b'IHDR' 16 13
2026-09-10 16:24:24,056 - DEBUG - PIL.PngImagePlugin - STREAM b'IDAT' 41 58612
2026-09-10 16:24:24,637 - DEBUG - PIL.PngImagePlugin - STREAM b'IHDR' 16 13
2026-09-10 16:24:24,637 - DEBUG - PIL.PngImagePlugin - STREAM b'IDAT' 41 65536
2026-09-10 16:24:24,666 - DEBUG - PIL.PngImagePlugin - STREAM b'IHDR' 16 13
2026-09-10 16:24:24,667 - DEBUG - PIL.PngImagePlugin - STREAM b'IDAT' 41 53758
2026-09-10 16:24:24,671 - DEBUG - PIL.PngImagePlugin - STREAM b'IHDR' 16 13
2026-09-10 16:24:24,671 - DEBUG - PIL.PngImagePlugin - STREAM b'IDAT' 41 32768
2026-09-10 16:24:24,678 - DEBUG - PIL.PngImagePlugin - STREAM b'IHDR' 16 13
2026-09-10 16:24:24,678 - DEBUG - PIL.PngImagePlugin - STREAM b'IDAT' 41 65536
2026-09-10 16:24:24,681 - DEBUG - PIL.PngImagePlugin - STREAM b'IHDR' 16 13
2026-09-10 16:24:24,681 - DEBUG - PIL.PngImagePlugin - STREAM b'IDAT' 41 65536
2026-09-10 16:24:24,685 - DEBUG - PIL.PngImagePlugin - STREAM b'IHDR' 16 13
2026-09-10 16:24:24,686 - DEBUG - PIL.PngImagePlugin - STREAM b'IDAT' 41 54958
2026-09-10 16:24:24,689 - DEBUG - PIL.PngImagePlugin - STREAM b'IHDR' 16 13
2026-09-10 16:24:24,689 - DEBUG - PIL.PngImagePlugin - STREAM b'IDAT' 41 54668
2026-09-10 16:24:24,694 - DEBUG - PIL.PngImagePlugin - STREAM b'IHDR' 16 13
2026-09-10 16:24:24,694 - DEBUG - PIL.PngImagePlugin - STREAM b'IDAT' 41 50455
2026-09-10 16:24:24,697 - DEBUG - PIL.PngImagePlugin - STREAM b'IHDR' 16 13
2026-09-10 16:24:24,697 - DEBUG - PIL.PngImagePlugin - STREAM b'IDAT' 41 49252
2026-09-10 16:24:24,702 - DEBUG - PIL.PngImagePlugin - STREAM b'IHDR' 16 13
2026-09-10 16:24:24,702 - DEBUG - PIL.PngImagePlugin - STREAM b'IDAT' 41 55682
2026-09-10 16:24:24,706 - DEBUG - PIL.PngImagePlugin - STREAM b'IHDR' 16 13
2026-09-10 16:24:24,706 - DEBUG - PIL.PngImagePlugin - STREAM b'IDAT' 41 57887
2026-09-10 16:24:24,710 - DEBUG - PIL.PngImagePlugin - STREAM b'IHDR' 16 13
2026-09-10 16:24:24,710 - DEBUG - PIL.PngImagePlugin - STREAM b'IDAT' 41 47281
2026-09-10 16:24:24,713 - DEBUG - PIL.PngImagePlugin - STREAM b'IHDR' 16 13
2026-09-10 16:24:24,714 - DEBUG - PIL.PngImagePlugin - STREAM b'IDAT' 41 56615
2026-09-10 16:24:24,718 - DEBUG - PIL.PngImagePlugin - STREAM b'IHDR' 16 13
2026-09-10 16:24:24,718 - DEBUG - PIL.PngImagePlugin - STREAM b'IDAT' 41 57598
2026-09-10 16:24:24,728 - DEBUG - PIL.PngImagePlugin - STREAM b'IHDR' 16 13
2026-09-10 16:24:24,728 - DEBUG - PIL.PngImagePlugin - STREAM b'IDAT' 41 62450
2026-09-10 16:24:24,731 - DEBUG - PIL.PngImagePlugin - STREAM b'IHDR' 16 13
2026-09-10 16:24:24,731 - DEBUG - PIL.PngImagePlugin - STREAM b'IDAT' 41 65536
2026-09-10 16:24:25,083 - DEBUG - PIL.PngImagePlugin - STREAM b'IHDR' 16 13
2026-09-10 16:24:25,083 - DEBUG - PIL.PngImagePlugin - STREAM b'IDAT' 41 65536
2026-09-10 16:24:25,110 - DEBUG - PIL.PngImagePlugin - STREAM b'IHDR' 16 13
2026-09-10 16:24:25,110 - DEBUG - PIL.PngImagePlugin - STREAM b'IDAT' 41 53758
2026-09-10 16:24:25,113 - DEBUG - PIL.PngImagePlugin - STREAM b'IHDR' 16 13
2026-09-10 16:24:25,113 - DEBUG - PIL.PngImagePlugin - STREAM b'IDAT' 41 32768
2026-09-10 16:24:25,119 - DEBUG - PIL.PngImagePlugin - STREAM b'IHDR' 16 13
2026-09-10 16:24:25,119 - DEBUG - PIL.PngImagePlugin - STREAM b'IDAT' 41 65536
2026-09-10 16:24:25,122 - DEBUG - PIL.PngImagePlugin - STREAM b'IHDR' 16 13
2026-09-10 16:24:25,122 - DEBUG - PIL.PngImagePlugin - STREAM b'IDAT' 41 58612
2026-09-10 16:24:25,125 - DEBUG - PIL.PngImagePlugin - STREAM b'IHDR' 16 13
2026-09-10 16:24:25,125 - DEBUG - PIL.PngImagePlugin - STREAM b'IDAT' 41 54958
2026-09-10 16:24:25,129 - DEBUG - PIL.PngImagePlugin - STREAM b'IHDR' 16 13
2026-09-10 16:24:25,129 - DEBUG - PIL.PngImagePlugin - STREAM b'IDAT' 41 54668
2026-09-10 16:24:25,133 - DEBUG - PIL.PngImagePlugin - STREAM b'IHDR' 16 13
2026-09-10 16:24:25,134 - DEBUG - PIL.PngImagePlugin - STREAM b'IDAT' 41 50455
2026-09-10 16:24:25,138 - DEBUG - PIL.PngImagePlugin - STREAM b'IHDR' 16 13
2026-09-10 16:24:25,138 - DEBUG - PIL.PngImagePlugin - STREAM b'IDAT' 41 49252
2026-09-10 16:24:25,142 - DEBUG - PIL.PngImagePlugin - STREAM b'IHDR' 16 13
2026-09-10 16:24:25,142 - DEBUG - PIL.PngImagePlugin - STREAM b'IDAT' 41 55682
2026-09-10 16:24:25,146 - DEBUG - PIL.PngImagePlugin - STREAM b'IHDR' 16 13
2026-09-10 16:24:25,147 - DEBUG - PIL.PngImagePlugin - STREAM b'IDAT' 41 57887
2026-09-10 16:24:25,152 - DEBUG - PIL.PngImagePlugin - STREAM b'IHDR' 16 13
2026-09-10 16:24:25,152 - DEBUG - PIL.PngImagePlugin - STREAM b'IDAT' 41 47281
2026-09-10 16:24:25,156 - DEBUG - PIL.PngImagePlugin - STREAM b'IHDR' 16 13
2026-09-10 16:24:25,156 - DEBUG - PIL.PngImagePlugin - STREAM b'IDAT' 41 56615
2026-09-10 16:24:25,160 - DEBUG - PIL.PngImagePlugin - STREAM b'IHDR' 16 13
2026-09-10 16:24:25,161 - DEBUG - PIL.PngImagePlugin - STREAM b'IDAT' 41 57598
2026-09-10 16:24:25,172 - DEBUG - PIL.PngImagePlugin - STREAM b'IHDR' 16 13
2026-09-10 16:24:25,172 - DEBUG - PIL.PngImagePlugin - STREAM b'IDAT' 41 62450
2026-09-10 16:24:25,176 - DEBUG - PIL.PngImagePlugin - STREAM b'IHDR' 16 13
2026-09-10 16:24:25,176 - DEBUG - PIL.PngImagePlugin - STREAM b'IDAT' 41 58612
2026-09-10 16:24:25,426 - DEBUG - PIL.PngImagePlugin - STREAM b'IHDR' 16 13
2026-09-10 16:24:25,426 - DEBUG - PIL.PngImagePlugin - STREAM b'IDAT' 41 65536
2026-09-10 16:24:25,451 - DEBUG - PIL.PngImagePlugin - STREAM b'IHDR' 16 13
2026-09-10 16:24:25,451 - DEBUG - PIL.PngImagePlugin - STREAM b'IDAT' 41 53758
2026-09-10 16:24:25,454 - DEBUG - PIL.PngImagePlugin - STREAM b'IHDR' 16 13
2026-09-10 16:24:25,454 - DEBUG - PIL.PngImagePlugin - STREAM b'IDAT' 41 32768
2026-09-10 16:24:25,461 - DEBUG - PIL.PngImagePlugin - STREAM b'IHDR' 16 13
2026-09-10 16:24:25,462 - DEBUG - PIL.PngImagePlugin - STREAM b'IDAT' 41 65536
2026-09-10 16:24:25,465 - DEBUG - PIL.PngImagePlugin - STREAM b'IHDR' 16 13
2026-09-10 16:24:25,465 - DEBUG - PIL.PngImagePlugin - STREAM b'IDAT' 41 65536
2026-09-10 16:24:25,469 - DEBUG - PIL.PngImagePlugin - STREAM b'IHDR' 16 13
2026-09-10 16:24:25,469 - DEBUG - PIL.PngImagePlugin - STREAM b'IDAT' 41 54958
2026-09-10 16:24:25,474 - DEBUG - PIL.PngImagePlugin - STREAM b'IHDR' 16 13
2026-09-10 16:24:25,474 - DEBUG - PIL.PngImagePlugin - STREAM b'IDAT' 41 54668
2026-09-10 16:24:25,479 - DEBUG - PIL.PngImagePlugin - STREAM b'IHDR' 16 13
2026-09-10 16:24:25,479 - DEBUG - PIL.PngImagePlugin - STREAM b'IDAT' 41 50455
2026-09-10 16:24:25,484 - DEBUG - PIL.PngImagePlugin - STREAM b'IHDR' 16 13
2026-09-10 16:24:25,484 - DEBUG - PIL.PngImagePlugin - STREAM b'IDAT' 41 49252
2026-09-10 16:24:25,487 - DEBUG - PIL.PngImagePlugin - STREAM b'IHDR' 16 13
2026-09-10 16:24:25,488 - DEBUG - PIL.PngImagePlugin - STREAM b'IDAT' 41 55682
2026-09-10 16:24:25,492 - DEBUG - PIL.PngImagePlugin - STREAM b'IHDR' 16 13
2026-09-10 16:24:25,493 - DEBUG - PIL.PngImagePlugin - STREAM b'IDAT' 41 57887
2026-09-10 16:24:25,496 - DEBUG - PIL.PngImagePlugin - STREAM b'IHDR' 16 13
2026-09-10 16:24:25,496 - DEBUG - PIL.PngImagePlugin - STREAM b'IDAT' 41 47281
2026-09-10 16:24:25,500 - DEBUG - PIL.PngImagePlugin - STREAM b'IHDR' 16 13
2026-09-10 16:24:25,501 - DEBUG - PIL.PngImagePlugin - STREAM b'IDAT' 41 56615
2026-09-10 16:24:25,504 - DEBUG - PIL.PngImagePlugin - STREAM b'IHDR' 16 13
2026-09-10 16:24:25,504 - DEBUG - PIL.PngImagePlugin - STREAM b'IDAT' 41 57598
2026-09-10 16:24:25,515 - DEBUG - PIL.PngImagePlugin - STREAM b'IHDR' 16 13
2026-09-10 16:24:25,515 - DEBUG - PIL.PngImagePlugin - STREAM b'IDAT' 41 62450
2026-09-10 16:24:25,518 - DEBUG - PIL.PngImagePlugin - STREAM b'IHDR' 16 13
2026-09-10 16:24:25,518 - DEBUG - PIL.PngImagePlugin - STREAM b'IDAT' 41 65536
2026-09-10 16:24:25,819 - DEBUG - PIL.PngImagePlugin - STREAM b'IHDR' 16 13
2026-09-10 16:24:25,820 - DEBUG - PIL.PngImagePlugin - STREAM b'IDAT' 41 65536
2026-09-10 16:24:25,845 - DEBUG - PIL.PngImagePlugin - STREAM b'IHDR' 16 13
2026-09-10 16:24:25,845 - DEBUG - PIL.PngImagePlugin - STREAM b'IDAT' 41 53758
2026-09-10 16:24:25,848 - DEBUG - PIL.PngImagePlugin - STREAM b'IHDR' 16 13
2026-09-10 16:24:25,848 - DEBUG - PIL.PngImagePlugin - STREAM b'IDAT' 41 32768
2026-09-10 16:24:25,857 - DEBUG - PIL.PngImagePlugin - STREAM b'IHDR' 16 13
2026-09-10 16:24:25,860 - DEBUG - PIL.PngImagePlugin - STREAM b'IDAT' 41 65536
2026-09-10 16:24:25,864 - DEBUG - PIL.PngImagePlugin - STREAM b'IHDR' 16 13
2026-09-10 16:24:25,865 - DEBUG - PIL.PngImagePlugin - STREAM b'IDAT' 41 58612
2026-09-10 16:24:25,871 - DEBUG - PIL.PngImagePlugin - STREAM b'IHDR' 16 13
2026-09-10 16:24:25,871 - DEBUG - PIL.PngImagePlugin - STREAM b'IDAT' 41 54958
2026-09-10 16:24:25,877 - DEBUG - PIL.PngImagePlugin - STREAM b'IHDR' 16 13
2026-09-10 16:24:25,877 - DEBUG - PIL.PngImagePlugin - STREAM b'IDAT' 41 54668
2026-09-10 16:24:25,882 - DEBUG - PIL.PngImagePlugin - STREAM b'IHDR' 16 13
2026-09-10 16:24:25,882 - DEBUG - PIL.PngImagePlugin - STREAM b'IDAT' 41 50455
2026-09-10 16:24:25,889 - DEBUG - PIL.PngImagePlugin - STREAM b'IHDR' 16 13
2026-09-10 16:24:25,889 - DEBUG - PIL.PngImagePlugin - STREAM b'IDAT' 41 49252
2026-09-10 16:24:25,895 - DEBUG - PIL.PngImagePlugin - STREAM b'IHDR' 16 13
2026-09-10 16:24:25,895 - DEBUG - PIL.PngImagePlugin - STREAM b'IDAT' 41 55682
2026-09-10 16:24:25,900 - DEBUG - PIL.PngImagePlugin - STREAM b'IHDR' 16 13
2026-09-10 16:24:25,901 - DEBUG - PIL.PngImagePlugin - STREAM b'IDAT' 41 57887
2026-09-10 16:24:25,904 - DEBUG - PIL.PngImagePlugin - STREAM b'IHDR' 16 13
2026-09-10 16:24:25,904 - DEBUG - PIL.PngImagePlugin - STREAM b'IDAT' 41 47281
2026-09-10 16:24:25,910 - DEBUG - PIL.PngImagePlugin - STREAM b'IHDR' 16 13
2026-09-10 16:24:25,910 - DEBUG - PIL.PngImagePlugin - STREAM b'IDAT' 41 56615
2026-09-10 16:24:25,913 - DEBUG - PIL.PngImagePlugin - STREAM b'IHDR' 16 13
2026-09-10 16:24:25,914 - DEBUG - PIL.PngImagePlugin - STREAM b'IDAT' 41 57598
2026-09-10 16:24:25,924 - DEBUG - PIL.PngImagePlugin - STREAM b'IHDR' 16 13
2026-09-10 16:24:25,924 - DEBUG - PIL.PngImagePlugin - STREAM b'IDAT' 41 62450
2026-09-10 16:24:25,927 - DEBUG - PIL.PngImagePlugin - STREAM b'IHDR' 16 13
2026-09-10 16:24:25,927 - DEBUG - PIL.PngImagePlugin - STREAM b'IDAT' 41 58612
2026-09-10 16:24:26,189 - DEBUG - PIL.PngImagePlugin - STREAM b'IHDR' 16 13
2026-09-10 16:24:26,189 - DEBUG - PIL.PngImagePlugin - STREAM b'IDAT' 41 65536
2026-09-10 16:24:26,214 - DEBUG - PIL.PngImagePlugin - STREAM b'IHDR' 16 13
2026-09-10 16:24:26,214 - DEBUG - PIL.PngImagePlugin - STREAM b'IDAT' 41 53758
2026-09-10 16:24:26,219 - DEBUG - PIL.PngImagePlugin - STREAM b'IHDR' 16 13
2026-09-10 16:24:26,219 - DEBUG - PIL.PngImagePlugin - STREAM b'IDAT' 41 32768
2026-09-10 16:24:26,228 - DEBUG - PIL.PngImagePlugin - STREAM b'IHDR' 16 13
2026-09-10 16:24:26,228 - DEBUG - PIL.PngImagePlugin - STREAM b'IDAT' 41 65536
2026-09-10 16:24:26,232 - DEBUG - PIL.PngImagePlugin - STREAM b'IHDR' 16 13
2026-09-10 16:24:26,232 - DEBUG - PIL.PngImagePlugin - STREAM b'IDAT' 41 65536
2026-09-10 16:24:26,237 - DEBUG - PIL.PngImagePlugin - STREAM b'IHDR' 16 13
2026-09-10 16:24:26,237 - DEBUG - PIL.PngImagePlugin - STREAM b'IDAT' 41 54958
2026-09-10 16:24:26,241 - DEBUG - PIL.PngImagePlugin - STREAM b'IHDR' 16 13
2026-09-10 16:24:26,241 - DEBUG - PIL.PngImagePlugin - STREAM b'IDAT' 41 54668
2026-09-10 16:24:26,246 - DEBUG - PIL.PngImagePlugin - STREAM b'IHDR' 16 13
2026-09-10 16:24:26,246 - DEBUG - PIL.PngImagePlugin - STREAM b'IDAT' 41 50455
2026-09-10 16:24:26,250 - DEBUG - PIL.PngImagePlugin - STREAM b'IHDR' 16 13
2026-09-10 16:24:26,251 - DEBUG - PIL.PngImagePlugin - STREAM b'IDAT' 41 49252
2026-09-10 16:24:26,254 - DEBUG - PIL.PngImagePlugin - STREAM b'IHDR' 16 13
2026-09-10 16:24:26,255 - DEBUG - PIL.PngImagePlugin - STREAM b'IDAT' 41 55682
2026-09-10 16:24:26,260 - DEBUG - PIL.PngImagePlugin - STREAM b'IHDR' 16 13
2026-09-10 16:24:26,260 - DEBUG - PIL.PngImagePlugin - STREAM b'IDAT' 41 57887
2026-09-10 16:24:26,264 - DEBUG - PIL.PngImagePlugin - STREAM b'IHDR' 16 13
2026-09-10 16:24:26,264 - DEBUG - PIL.PngImagePlugin - STREAM b'IDAT' 41 47281
2026-09-10 16:24:26,269 - DEBUG - PIL.PngImagePlugin - STREAM b'IHDR' 16 13
2026-09-10 16:24:26,269 - DEBUG - PIL.PngImagePlugin - STREAM b'IDAT' 41 56615
2026-09-10 16:24:26,272 - DEBUG - PIL.PngImagePlugin - STREAM b'IHDR' 16 13
2026-09-10 16:24:26,273 - DEBUG - PIL.PngImagePlugin - STREAM b'IDAT' 41 57598
2026-09-10 16:24:26,284 - DEBUG - PIL.PngImagePlugin - STREAM b'IHDR' 16 13
2026-09-10 16:24:26,284 - DEBUG - PIL.PngImagePlugin - STREAM b'IDAT' 41 62450
2026-09-10 16:24:26,287 - DEBUG - PIL.PngImagePlugin - STREAM b'IHDR' 16 13
2026-09-10 16:24:26,287 - DEBUG - PIL.PngImagePlugin - STREAM b'IDAT' 41 65536
2026-09-10 16:24:26,583 - DEBUG - PIL.PngImagePlugin - STREAM b'IHDR' 16 13
2026-09-10 16:24:26,583 - DEBUG - PIL.PngImagePlugin - STREAM b'IDAT' 41 65536
2026-09-10 16:24:26,608 - DEBUG - PIL.PngImagePlugin - STREAM b'IHDR' 16 13
2026-09-10 16:24:26,608 - DEBUG - PIL.PngImagePlugin - STREAM b'IDAT' 41 53758
2026-09-10 16:24:26,613 - DEBUG - PIL.PngImagePlugin - STREAM b'IHDR' 16 13
2026-09-10 16:24:26,613 - DEBUG - PIL.PngImagePlugin - STREAM b'IDAT' 41 32768
2026-09-10 16:24:26,620 - DEBUG - PIL.PngImagePlugin - STREAM b'IHDR' 16 13
2026-09-10 16:24:26,620 - DEBUG - PIL.PngImagePlugin - STREAM b'IDAT' 41 65536
2026-09-10 16:24:26,624 - DEBUG - PIL.PngImagePlugin - STREAM b'IHDR' 16 13
2026-09-10 16:24:26,624 - DEBUG - PIL.PngImagePlugin - STREAM b'IDAT' 41 58612
2026-09-10 16:24:26,628 - DEBUG - PIL.PngImagePlugin - STREAM b'IHDR' 16 13
2026-09-10 16:24:26,628 - DEBUG - PIL.PngImagePlugin - STREAM b'IDAT' 41 54958
2026-09-10 16:24:26,632 - DEBUG - PIL.PngImagePlugin - STREAM b'IHDR' 16 13
2026-09-10 16:24:26,632 - DEBUG - PIL.PngImagePlugin - STREAM b'IDAT' 41 54668
2026-09-10 16:24:26,637 - DEBUG - PIL.PngImagePlugin - STREAM b'IHDR' 16 13
2026-09-10 16:24:26,637 - DEBUG - PIL.PngImagePlugin - STREAM b'IDAT' 41 50455
2026-09-10 16:24:26,641 - DEBUG - PIL.PngImagePlugin - STREAM b'IHDR' 16 13
2026-09-10 16:24:26,642 - DEBUG - PIL.PngImagePlugin - STREAM b'IDAT' 41 49252
2026-09-10 16:24:26,646 - DEBUG - PIL.PngImagePlugin - STREAM b'IHDR' 16 13
2026-09-10 16:24:26,646 - DEBUG - PIL.PngImagePlugin - STREAM b'IDAT' 41 55682
2026-09-10 16:24:26,651 - DEBUG - PIL.PngImagePlugin - STREAM b'IHDR' 16 13
2026-09-10 16:24:26,651 - DEBUG - PIL.PngImagePlugin - STREAM b'IDAT' 41 57887
2026-09-10 16:24:26,654 - DEBUG - PIL.PngImagePlugin - STREAM b'IHDR' 16 13
2026-09-10 16:24:26,655 - DEBUG - PIL.PngImagePlugin - STREAM b'IDAT' 41 47281
2026-09-10 16:24:26,659 - DEBUG - PIL.PngImagePlugin - STREAM b'IHDR' 16 13
2026-09-10 16:24:26,659 - DEBUG - PIL.PngImagePlugin - STREAM b'IDAT' 41 56615
2026-09-10 16:24:26,663 - DEBUG - PIL.PngImagePlugin - STREAM b'IHDR' 16 13
2026-09-10 16:24:26,663 - DEBUG - PIL.PngImagePlugin - STREAM b'IDAT' 41 57598
2026-09-10 16:24:26,674 - DEBUG - PIL.PngImagePlugin - STREAM b'IHDR' 16 13
2026-09-10 16:24:26,674 - DEBUG - PIL.PngImagePlugin - STREAM b'IDAT' 41 62450
2026-09-10 16:24:26,678 - DEBUG - PIL.PngImagePlugin - STREAM b'IHDR' 16 13
2026-09-10 16:24:26,678 - DEBUG - PIL.PngImagePlugin - STREAM b'IDAT' 41 58612
2026-09-10 16:24:26,941 - DEBUG - PIL.PngImagePlugin - STREAM b'IHDR' 16 13
2026-09-10 16:24:26,942 - DEBUG - PIL.PngImagePlugin - STREAM b'IDAT' 41 65536
2026-09-10 16:24:26,970 - DEBUG - PIL.PngImagePlugin - STREAM b'IHDR' 16 13
2026-09-10 16:24:26,970 - DEBUG - PIL.PngImagePlugin - STREAM b'IDAT' 41 53758
2026-09-10 16:24:26,974 - DEBUG - PIL.PngImagePlugin - STREAM b'IHDR' 16 13
2026-09-10 16:24:26,974 - DEBUG - PIL.PngImagePlugin - STREAM b'IDAT' 41 32768
2026-09-10 16:24:26,981 - DEBUG - PIL.PngImagePlugin - STREAM b'IHDR' 16 13
2026-09-10 16:24:26,981 - DEBUG - PIL.PngImagePlugin - STREAM b'IDAT' 41 65536
2026-09-10 16:24:26,984 - DEBUG - PIL.PngImagePlugin - STREAM b'IHDR' 16 13
2026-09-10 16:24:26,984 - DEBUG - PIL.PngImagePlugin - STREAM b'IDAT' 41 65536
2026-09-10 16:24:26,987 - DEBUG - PIL.PngImagePlugin - STREAM b'IHDR' 16 13
2026-09-10 16:24:26,987 - DEBUG - PIL.PngImagePlugin - STREAM b'IDAT' 41 54958
2026-09-10 16:24:26,991 - DEBUG - PIL.PngImagePlugin - STREAM b'IHDR' 16 13
2026-09-10 16:24:26,991 - DEBUG - PIL.PngImagePlugin - STREAM b'IDAT' 41 54668
2026-09-10 16:24:26,994 - DEBUG - PIL.PngImagePlugin - STREAM b'IHDR' 16 13
2026-09-10 16:24:26,995 - DEBUG - PIL.PngImagePlugin - STREAM b'IDAT' 41 50455
2026-09-10 16:24:26,998 - DEBUG - PIL.PngImagePlugin - STREAM b'IHDR' 16 13
2026-09-10 16:24:26,998 - DEBUG - PIL.PngImagePlugin - STREAM b'IDAT' 41 49252
2026-09-10 16:24:27,001 - DEBUG - PIL.PngImagePlugin - STREAM b'IHDR' 16 13
2026-09-10 16:24:27,002 - DEBUG - PIL.PngImagePlugin - STREAM b'IDAT' 41 55682
2026-09-10 16:24:27,005 - DEBUG - PIL.PngImagePlugin - STREAM b'IHDR' 16 13
2026-09-10 16:24:27,005 - DEBUG - PIL.PngImagePlugin - STREAM b'IDAT' 41 57887
2026-09-10 16:24:27,009 - DEBUG - PIL.PngImagePlugin - STREAM b'IHDR' 16 13
2026-09-10 16:24:27,009 - DEBUG - PIL.PngImagePlugin - STREAM b'IDAT' 41 47281
2026-09-10 16:24:27,012 - DEBUG - PIL.PngImagePlugin - STREAM b'IHDR' 16 13
2026-09-10 16:24:27,012 - DEBUG - PIL.PngImagePlugin - STREAM b'IDAT' 41 56615
2026-09-10 16:24:27,016 - DEBUG - PIL.PngImagePlugin - STREAM b'IHDR' 16 13
2026-09-10 16:24:27,016 - DEBUG - PIL.PngImagePlugin - STREAM b'IDAT' 41 57598
2026-09-10 16:24:27,025 - DEBUG - PIL.PngImagePlugin - STREAM b'IHDR' 16 13
2026-09-10 16:24:27,025 - DEBUG - PIL.PngImagePlugin - STREAM b'IDAT' 41 62450
2026-09-10 16:24:27,028 - DEBUG - PIL.PngImagePlugin - STREAM b'IHDR' 16 13
2026-09-10 16:24:27,028 - DEBUG - PIL.PngImagePlugin - STREAM b'IDAT' 41 65536
2026-09-10 16:24:27,350 - DEBUG - PIL.PngImagePlugin - STREAM b'IHDR' 16 13
2026-09-10 16:24:27,350 - DEBUG - PIL.PngImagePlugin - STREAM b'IDAT' 41 65536
2026-09-10 16:24:27,375 - DEBUG - PIL.PngImagePlugin - STREAM b'IHDR' 16 13
2026-09-10 16:24:27,376 - DEBUG - PIL.PngImagePlugin - STREAM b'IDAT' 41 53758
2026-09-10 16:24:27,380 - DEBUG - PIL.PngImagePlugin - STREAM b'IHDR' 16 13
2026-09-10 16:24:27,380 - DEBUG - PIL.PngImagePlugin - STREAM b'IDAT' 41 32768
2026-09-10 16:24:27,386 - DEBUG - PIL.PngImagePlugin - STREAM b'IHDR' 16 13
2026-09-10 16:24:27,386 - DEBUG - PIL.PngImagePlugin - STREAM b'IDAT' 41 65536
2026-09-10 16:24:27,389 - DEBUG - PIL.PngImagePlugin - STREAM b'IHDR' 16 13
2026-09-10 16:24:27,390 - DEBUG - PIL.PngImagePlugin - STREAM b'IDAT' 41 58612
2026-09-10 16:24:27,393 - DEBUG - PIL.PngImagePlugin - STREAM b'IHDR' 16 13
2026-09-10 16:24:27,393 - DEBUG - PIL.PngImagePlugin - STREAM b'IDAT' 41 54958
2026-09-10 16:24:27,396 - DEBUG - PIL.PngImagePlugin - STREAM b'IHDR' 16 13
2026-09-10 16:24:27,396 - DEBUG - PIL.PngImagePlugin - STREAM b'IDAT' 41 54668
2026-09-10 16:24:27,400 - DEBUG - PIL.PngImagePlugin - STREAM b'IHDR' 16 13
2026-09-10 16:24:27,400 - DEBUG - PIL.PngImagePlugin - STREAM b'IDAT' 41 50455
2026-09-10 16:24:27,403 - DEBUG - PIL.PngImagePlugin - STREAM b'IHDR' 16 13
2026-09-10 16:24:27,404 - DEBUG - PIL.PngImagePlugin - STREAM b'IDAT' 41 49252
2026-09-10 16:24:27,407 - DEBUG - PIL.PngImagePlugin - STREAM b'IHDR' 16 13
2026-09-10 16:24:27,407 - DEBUG - PIL.PngImagePlugin - STREAM b'IDAT' 41 55682
2026-09-10 16:24:27,411 - DEBUG - PIL.PngImagePlugin - STREAM b'IHDR' 16 13
2026-09-10 16:24:27,411 - DEBUG - PIL.PngImagePlugin - STREAM b'IDAT' 41 57887
2026-09-10 16:24:27,414 - DEBUG - PIL.PngImagePlugin - STREAM b'IHDR' 16 13
2026-09-10 16:24:27,414 - DEBUG - PIL.PngImagePlugin - STREAM b'IDAT' 41 47281
2026-09-10 16:24:27,418 - DEBUG - PIL.PngImagePlugin - STREAM b'IHDR' 16 13
2026-09-10 16:24:27,418 - DEBUG - PIL.PngImagePlugin - STREAM b'IDAT' 41 56615
2026-09-10 16:24:27,421 - DEBUG - PIL.PngImagePlugin - STREAM b'IHDR' 16 13
2026-09-10 16:24:27,421 - DEBUG - PIL.PngImagePlugin - STREAM b'IDAT' 41 57598
2026-09-10 16:24:27,430 - DEBUG - PIL.PngImagePlugin - STREAM b'IHDR' 16 13
2026-09-10 16:24:27,430 - DEBUG - PIL.PngImagePlugin - STREAM b'IDAT' 41 62450
2026-09-10 16:24:27,433 - DEBUG - PIL.PngImagePlugin - STREAM b'IHDR' 16 13
2026-09-10 16:24:27,433 - DEBUG - PIL.PngImagePlugin - STREAM b'IDAT' 41 58612
2026-09-10 16:24:27,713 - DEBUG - PIL.PngImagePlugin - STREAM b'IHDR' 16 13
2026-09-10 16:24:27,714 - DEBUG - PIL.PngImagePlugin - STREAM b'IDAT' 41 65536
2026-09-10 16:24:27,740 - DEBUG - PIL.PngImagePlugin - STREAM b'IHDR' 16 13
2026-09-10 16:24:27,741 - DEBUG - PIL.PngImagePlugin - STREAM b'IDAT' 41 53758
2026-09-10 16:24:27,744 - DEBUG - PIL.PngImagePlugin - STREAM b'IHDR' 16 13
2026-09-10 16:24:27,744 - DEBUG - PIL.PngImagePlugin - STREAM b'IDAT' 41 32768
2026-09-10 16:24:27,750 - DEBUG - PIL.PngImagePlugin - STREAM b'IHDR' 16 13
2026-09-10 16:24:27,750 - DEBUG - PIL.PngImagePlugin - STREAM b'IDAT' 41 65536
2026-09-10 16:24:27,754 - DEBUG - PIL.PngImagePlugin - STREAM b'IHDR' 16 13
2026-09-10 16:24:27,754 - DEBUG - PIL.PngImagePlugin - STREAM b'IDAT' 41 65536
2026-09-10 16:24:27,758 - DEBUG - PIL.PngImagePlugin - STREAM b'IHDR' 16 13
2026-09-10 16:24:27,758 - DEBUG - PIL.PngImagePlugin - STREAM b'IDAT' 41 54958
2026-09-10 16:24:27,762 - DEBUG - PIL.PngImagePlugin - STREAM b'IHDR' 16 13
2026-09-10 16:24:27,762 - DEBUG - PIL.PngImagePlugin - STREAM b'IDAT' 41 54668
2026-09-10 16:24:27,767 - DEBUG - PIL.PngImagePlugin - STREAM b'IHDR' 16 13
2026-09-10 16:24:27,767 - DEBUG - PIL.PngImagePlugin - STREAM b'IDAT' 41 50455
2026-09-10 16:24:27,770 - DEBUG - PIL.PngImagePlugin - STREAM b'IHDR' 16 13
2026-09-10 16:24:27,770 - DEBUG - PIL.PngImagePlugin - STREAM b'IDAT' 41 49252
2026-09-10 16:24:27,775 - DEBUG - PIL.PngImagePlugin - STREAM b'IHDR' 16 13
2026-09-10 16:24:27,775 - DEBUG - PIL.PngImagePlugin - STREAM b'IDAT' 41 55682
2026-09-10 16:24:27,779 - DEBUG - PIL.PngImagePlugin - STREAM b'IHDR' 16 13
2026-09-10 16:24:27,779 - DEBUG - PIL.PngImagePlugin - STREAM b'IDAT' 41 57887
2026-09-10 16:24:27,782 - DEBUG - PIL.PngImagePlugin - STREAM b'IHDR' 16 13
2026-09-10 16:24:27,783 - DEBUG - PIL.PngImagePlugin - STREAM b'IDAT' 41 47281
2026-09-10 16:24:27,786 - DEBUG - PIL.PngImagePlugin - STREAM b'IHDR' 16 13
2026-09-10 16:24:27,786 - DEBUG - PIL.PngImagePlugin - STREAM b'IDAT' 41 56615
2026-09-10 16:24:27,789 - DEBUG - PIL.PngImagePlugin - STREAM b'IHDR' 16 13
2026-09-10 16:24:27,789 - DEBUG - PIL.PngImagePlugin - STREAM b'IDAT' 41 57598
2026-09-10 16:24:27,798 - DEBUG - PIL.PngImagePlugin - STREAM b'IHDR' 16 13
2026-09-10 16:24:27,798 - DEBUG - PIL.PngImagePlugin - STREAM b'IDAT' 41 62450
2026-09-10 16:24:27,801 - DEBUG - PIL.PngImagePlugin - STREAM b'IHDR' 16 13
2026-09-10 16:24:27,801 - DEBUG - PIL.PngImagePlugin - STREAM b'IDAT' 41 65536
2026-09-10 16:24:28,737 - INFO - KGameTracker - ℹ️  ==================================================
2026-09-10 16:24:28,737 - INFO - KGameTracker - ℹ️  K GAME TRACKER - CERRADA
2026-09-10 16:24:28,737 - INFO - KGameTracker - ℹ️  ==================================================
2026-09-10 16:47:46,935 - INFO - KGameTracker - ℹ️  ==================================================
2026-09-10 16:47:46,936 - INFO - KGameTracker - ℹ️  K GAME TRACKER - INICIADA
2026-09-10 16:47:46,936 - INFO - KGameTracker - ℹ️  ==================================================
2026-09-10 16:47:47,101 - DEBUG - PIL.Image - Importing PngImagePlugin
2026-09-10 16:47:47,112 - DEBUG - PIL.PngImagePlugin - STREAM b'IHDR' 16 13
2026-09-10 16:47:47,112 - DEBUG - PIL.PngImagePlugin - STREAM b'IDAT' 41 65536
2026-09-10 16:47:49,592 - DEBUG - PIL.PngImagePlugin - STREAM b'IHDR' 16 13
2026-09-10 16:47:49,592 - DEBUG - PIL.PngImagePlugin - STREAM b'IDAT' 41 65536
2026-09-10 16:47:49,627 - DEBUG - PIL.PngImagePlugin - STREAM b'IHDR' 16 13
2026-09-10 16:47:49,627 - DEBUG - PIL.PngImagePlugin - STREAM b'IDAT' 41 53758
2026-09-10 16:47:49,632 - DEBUG - PIL.PngImagePlugin - STREAM b'IHDR' 16 13
2026-09-10 16:47:49,633 - DEBUG - PIL.PngImagePlugin - STREAM b'IDAT' 41 32768
2026-09-10 16:47:49,641 - DEBUG - PIL.PngImagePlugin - STREAM b'IHDR' 16 13
2026-09-10 16:47:49,641 - DEBUG - PIL.PngImagePlugin - STREAM b'IDAT' 41 65536
2026-09-10 16:47:49,644 - DEBUG - PIL.PngImagePlugin - STREAM b'IHDR' 16 13
2026-09-10 16:47:49,644 - DEBUG - PIL.PngImagePlugin - STREAM b'IDAT' 41 65536
2026-09-10 16:47:49,648 - DEBUG - PIL.PngImagePlugin - STREAM b'IHDR' 16 13
2026-09-10 16:47:49,648 - DEBUG - PIL.PngImagePlugin - STREAM b'IDAT' 41 54958
2026-09-10 16:47:49,653 - DEBUG - PIL.PngImagePlugin - STREAM b'IHDR' 16 13
2026-09-10 16:47:49,653 - DEBUG - PIL.PngImagePlugin - STREAM b'IDAT' 41 54668
2026-09-10 16:47:49,658 - DEBUG - PIL.PngImagePlugin - STREAM b'IHDR' 16 13
2026-09-10 16:47:49,658 - DEBUG - PIL.PngImagePlugin - STREAM b'IDAT' 41 50455
2026-09-10 16:47:49,662 - DEBUG - PIL.PngImagePlugin - STREAM b'IHDR' 16 13
2026-09-10 16:47:49,662 - DEBUG - PIL.PngImagePlugin - STREAM b'IDAT' 41 49252
2026-09-10 16:47:49,666 - DEBUG - PIL.PngImagePlugin - STREAM b'IHDR' 16 13
2026-09-10 16:47:49,666 - DEBUG - PIL.PngImagePlugin - STREAM b'IDAT' 41 55682
2026-09-10 16:47:49,670 - DEBUG - PIL.PngImagePlugin - STREAM b'IHDR' 16 13
2026-09-10 16:47:49,670 - DEBUG - PIL.PngImagePlugin - STREAM b'IDAT' 41 57887
2026-09-10 16:47:49,675 - DEBUG - PIL.PngImagePlugin - STREAM b'IHDR' 16 13
2026-09-10 16:47:49,675 - DEBUG - PIL.PngImagePlugin - STREAM b'IDAT' 41 47281
2026-09-10 16:47:49,679 - DEBUG - PIL.PngImagePlugin - STREAM b'IHDR' 16 13
2026-09-10 16:47:49,680 - DEBUG - PIL.PngImagePlugin - STREAM b'IDAT' 41 56615
2026-09-10 16:47:49,684 - DEBUG - PIL.PngImagePlugin - STREAM b'IHDR' 16 13
2026-09-10 16:47:49,684 - DEBUG - PIL.PngImagePlugin - STREAM b'IDAT' 41 57598
2026-09-10 16:47:49,729 - DEBUG - PIL.PngImagePlugin - STREAM b'IHDR' 16 13
2026-09-10 16:47:49,729 - DEBUG - PIL.PngImagePlugin - STREAM b'IDAT' 41 62450
2026-09-10 16:47:52,333 - DEBUG - urllib3.connectionpool - Starting new HTTPS connection (1): www.gamerpower.com:443
2026-09-10 16:47:52,587 - DEBUG - urllib3.connectionpool - https://www.gamerpower.com:443 "GET /api/giveaways?type=game HTTP/1.1" 200 None
2026-09-10 16:47:53,357 - DEBUG - PIL.PngImagePlugin - STREAM b'IHDR' 16 13
2026-09-10 16:47:53,357 - DEBUG - PIL.PngImagePlugin - STREAM b'IDAT' 41 28109
2026-09-10 16:47:53,361 - DEBUG - PIL.PngImagePlugin - STREAM b'IHDR' 16 13
2026-09-10 16:47:53,361 - DEBUG - PIL.PngImagePlugin - STREAM b'IDAT' 41 54256
2026-09-10 16:47:53,833 - DEBUG - PIL.PngImagePlugin - STREAM b'IHDR' 16 13
2026-09-10 16:47:53,833 - DEBUG - PIL.PngImagePlugin - STREAM b'IDAT' 41 39888
2026-09-10 16:47:53,836 - DEBUG - PIL.PngImagePlugin - STREAM b'IHDR' 16 13
2026-09-10 16:47:53,836 - DEBUG - PIL.PngImagePlugin - STREAM b'IDAT' 41 54256
2026-09-10 16:47:54,916 - DEBUG - urllib3.connectionpool - Starting new HTTPS connection (1): www.gamerpower.com:443
2026-09-10 16:47:55,049 - DEBUG - urllib3.connectionpool - https://www.gamerpower.com:443 "GET /offers/1b/6aa2b003d7c11.jpg HTTP/1.1" 200 29092
2026-09-10 16:47:55,117 - DEBUG - PIL.PngImagePlugin - STREAM b'IHDR' 16 13
2026-09-10 16:47:55,117 - DEBUG - PIL.PngImagePlugin - STREAM b'IDAT' 41 54256
2026-09-10 16:47:55,134 - DEBUG - PIL.PngImagePlugin - STREAM b'IHDR' 16 13
2026-09-10 16:47:55,134 - DEBUG - PIL.PngImagePlugin - STREAM b'IDAT' 41 35618
2026-09-10 16:47:55,137 - DEBUG - PIL.PngImagePlugin - STREAM b'IHDR' 16 13
2026-09-10 16:47:55,137 - DEBUG - PIL.PngImagePlugin - STREAM b'IDAT' 41 54256
2026-09-10 16:47:55,140 - DEBUG - PIL.PngImagePlugin - STREAM b'IHDR' 16 13
2026-09-10 16:47:55,141 - DEBUG - PIL.PngImagePlugin - STREAM b'IDAT' 41 25974
2026-09-10 16:47:55,143 - DEBUG - PIL.PngImagePlugin - STREAM b'IHDR' 16 13
2026-09-10 16:47:55,143 - DEBUG - PIL.PngImagePlugin - STREAM b'IDAT' 41 54256
2026-09-10 16:47:55,146 - DEBUG - PIL.PngImagePlugin - STREAM b'IHDR' 16 13
2026-09-10 16:47:55,146 - DEBUG - PIL.PngImagePlugin - STREAM b'IDAT' 41 34708
2026-09-10 16:47:55,149 - DEBUG - PIL.PngImagePlugin - STREAM b'IHDR' 16 13
2026-09-10 16:47:55,149 - DEBUG - PIL.PngImagePlugin - STREAM b'IDAT' 41 54256
2026-09-10 16:47:55,152 - DEBUG - PIL.PngImagePlugin - STREAM b'IHDR' 16 13
2026-09-10 16:47:55,152 - DEBUG - PIL.PngImagePlugin - STREAM b'IDAT' 41 18362
2026-09-10 16:47:55,154 - DEBUG - PIL.PngImagePlugin - STREAM b'IHDR' 16 13
2026-09-10 16:47:55,155 - DEBUG - PIL.PngImagePlugin - STREAM b'IDAT' 41 54256
2026-09-10 16:47:55,157 - DEBUG - PIL.PngImagePlugin - STREAM b'IHDR' 16 13
2026-09-10 16:47:55,158 - DEBUG - PIL.PngImagePlugin - STREAM b'IDAT' 41 29049
2026-09-10 16:47:55,160 - DEBUG - PIL.PngImagePlugin - STREAM b'IHDR' 16 13
2026-09-10 16:47:55,160 - DEBUG - PIL.PngImagePlugin - STREAM b'IDAT' 41 54256
2026-09-10 16:47:55,164 - DEBUG - PIL.PngImagePlugin - STREAM b'IHDR' 16 13
2026-09-10 16:47:55,164 - DEBUG - PIL.PngImagePlugin - STREAM b'IDAT' 41 28605
2026-09-10 16:47:55,168 - DEBUG - PIL.PngImagePlugin - STREAM b'IHDR' 16 13
2026-09-10 16:47:55,168 - DEBUG - PIL.PngImagePlugin - STREAM b'IDAT' 41 54256
2026-09-10 16:47:55,172 - DEBUG - PIL.PngImagePlugin - STREAM b'IHDR' 16 13
2026-09-10 16:47:55,172 - DEBUG - PIL.PngImagePlugin - STREAM b'IDAT' 41 42457
2026-09-10 16:47:55,174 - DEBUG - PIL.PngImagePlugin - STREAM b'IHDR' 16 13
2026-09-10 16:47:55,175 - DEBUG - PIL.PngImagePlugin - STREAM b'IDAT' 41 54256
2026-09-10 16:47:55,871 - DEBUG - PIL.PngImagePlugin - STREAM b'IHDR' 16 13
2026-09-10 16:47:55,871 - DEBUG - PIL.PngImagePlugin - STREAM b'IDAT' 41 31460
2026-09-10 16:47:55,874 - DEBUG - PIL.PngImagePlugin - STREAM b'IHDR' 16 13
2026-09-10 16:47:55,874 - DEBUG - PIL.PngImagePlugin - STREAM b'IDAT' 41 54256
2026-09-10 16:47:55,885 - DEBUG - PIL.PngImagePlugin - STREAM b'IHDR' 16 13
2026-09-10 16:47:55,885 - DEBUG - PIL.PngImagePlugin - STREAM b'IDAT' 41 20995
2026-09-10 16:47:55,888 - DEBUG - PIL.PngImagePlugin - STREAM b'IHDR' 16 13
2026-09-10 16:47:55,888 - DEBUG - PIL.PngImagePlugin - STREAM b'IDAT' 41 54256
2026-09-10 16:47:55,898 - DEBUG - PIL.PngImagePlugin - STREAM b'IHDR' 16 13
2026-09-10 16:47:55,898 - DEBUG - PIL.PngImagePlugin - STREAM b'IDAT' 41 15023
2026-09-10 16:47:55,901 - DEBUG - PIL.PngImagePlugin - STREAM b'IHDR' 16 13
2026-09-10 16:47:55,901 - DEBUG - PIL.PngImagePlugin - STREAM b'IDAT' 41 54256
2026-09-10 16:47:55,910 - DEBUG - PIL.PngImagePlugin - STREAM b'IHDR' 16 13
2026-09-10 16:47:55,910 - DEBUG - PIL.PngImagePlugin - STREAM b'IDAT' 41 43106
2026-09-10 16:47:55,913 - DEBUG - PIL.PngImagePlugin - STREAM b'IHDR' 16 13
2026-09-10 16:47:55,913 - DEBUG - PIL.PngImagePlugin - STREAM b'IDAT' 41 54256
2026-09-10 16:47:55,921 - DEBUG - PIL.PngImagePlugin - STREAM b'IHDR' 16 13
2026-09-10 16:47:55,921 - DEBUG - PIL.PngImagePlugin - STREAM b'IDAT' 41 34707
2026-09-10 16:47:55,923 - DEBUG - PIL.PngImagePlugin - STREAM b'IHDR' 16 13
2026-09-10 16:47:55,924 - DEBUG - PIL.PngImagePlugin - STREAM b'IDAT' 41 54256
2026-09-10 16:47:57,132 - DEBUG - PIL.PngImagePlugin - STREAM b'IHDR' 16 13
2026-09-10 16:47:57,133 - DEBUG - PIL.PngImagePlugin - STREAM b'IDAT' 41 30257
2026-09-10 16:47:57,135 - DEBUG - PIL.PngImagePlugin - STREAM b'IHDR' 16 13
2026-09-10 16:47:57,135 - DEBUG - PIL.PngImagePlugin - STREAM b'IDAT' 41 54256
2026-09-10 16:47:57,145 - DEBUG - PIL.PngImagePlugin - STREAM b'IHDR' 16 13
2026-09-10 16:47:57,145 - DEBUG - PIL.PngImagePlugin - STREAM b'IDAT' 41 47676
2026-09-10 16:47:57,148 - DEBUG - PIL.PngImagePlugin - STREAM b'IHDR' 16 13
2026-09-10 16:47:57,148 - DEBUG - PIL.PngImagePlugin - STREAM b'IDAT' 41 54256
2026-09-10 16:47:57,158 - DEBUG - PIL.PngImagePlugin - STREAM b'IHDR' 16 13
2026-09-10 16:47:57,158 - DEBUG - PIL.PngImagePlugin - STREAM b'IDAT' 41 46108
2026-09-10 16:47:57,160 - DEBUG - PIL.PngImagePlugin - STREAM b'IHDR' 16 13
2026-09-10 16:47:57,161 - DEBUG - PIL.PngImagePlugin - STREAM b'IDAT' 41 54256
2026-09-10 16:47:57,168 - DEBUG - PIL.PngImagePlugin - STREAM b'IHDR' 16 13
2026-09-10 16:47:57,169 - DEBUG - PIL.PngImagePlugin - STREAM b'IDAT' 41 37626
2026-09-10 16:47:57,172 - DEBUG - PIL.PngImagePlugin - STREAM b'IHDR' 16 13
2026-09-10 16:47:57,172 - DEBUG - PIL.PngImagePlugin - STREAM b'IDAT' 41 54256
2026-09-10 16:47:58,248 - DEBUG - PIL.PngImagePlugin - STREAM b'IHDR' 16 13
2026-09-10 16:47:58,248 - DEBUG - PIL.PngImagePlugin - STREAM b'IDAT' 41 65536
2026-09-10 16:47:58,274 - DEBUG - PIL.PngImagePlugin - STREAM b'IHDR' 16 13
2026-09-10 16:47:58,274 - DEBUG - PIL.PngImagePlugin - STREAM b'IDAT' 41 53758
2026-09-10 16:47:58,278 - DEBUG - PIL.PngImagePlugin - STREAM b'IHDR' 16 13
2026-09-10 16:47:58,279 - DEBUG - PIL.PngImagePlugin - STREAM b'IDAT' 41 32768
2026-09-10 16:47:58,285 - DEBUG - PIL.PngImagePlugin - STREAM b'IHDR' 16 13
2026-09-10 16:47:58,285 - DEBUG - PIL.PngImagePlugin - STREAM b'IDAT' 41 65536
2026-09-10 16:47:58,289 - DEBUG - PIL.PngImagePlugin - STREAM b'IHDR' 16 13
2026-09-10 16:47:58,289 - DEBUG - PIL.PngImagePlugin - STREAM b'IDAT' 41 58612
2026-09-10 16:47:58,292 - DEBUG - PIL.PngImagePlugin - STREAM b'IHDR' 16 13
2026-09-10 16:47:58,292 - DEBUG - PIL.PngImagePlugin - STREAM b'IDAT' 41 54958
2026-09-10 16:47:58,295 - DEBUG - PIL.PngImagePlugin - STREAM b'IHDR' 16 13
2026-09-10 16:47:58,296 - DEBUG - PIL.PngImagePlugin - STREAM b'IDAT' 41 54668
2026-09-10 16:47:58,300 - DEBUG - PIL.PngImagePlugin - STREAM b'IHDR' 16 13
2026-09-10 16:47:58,300 - DEBUG - PIL.PngImagePlugin - STREAM b'IDAT' 41 50455
2026-09-10 16:47:58,303 - DEBUG - PIL.PngImagePlugin - STREAM b'IHDR' 16 13
2026-09-10 16:47:58,304 - DEBUG - PIL.PngImagePlugin - STREAM b'IDAT' 41 49252
2026-09-10 16:47:58,308 - DEBUG - PIL.PngImagePlugin - STREAM b'IHDR' 16 13
2026-09-10 16:47:58,308 - DEBUG - PIL.PngImagePlugin - STREAM b'IDAT' 41 55682
2026-09-10 16:47:58,312 - DEBUG - PIL.PngImagePlugin - STREAM b'IHDR' 16 13
2026-09-10 16:47:58,312 - DEBUG - PIL.PngImagePlugin - STREAM b'IDAT' 41 57887
2026-09-10 16:47:58,315 - DEBUG - PIL.PngImagePlugin - STREAM b'IHDR' 16 13
2026-09-10 16:47:58,316 - DEBUG - PIL.PngImagePlugin - STREAM b'IDAT' 41 47281
2026-09-10 16:47:58,319 - DEBUG - PIL.PngImagePlugin - STREAM b'IHDR' 16 13
2026-09-10 16:47:58,319 - DEBUG - PIL.PngImagePlugin - STREAM b'IDAT' 41 56615
2026-09-10 16:47:58,323 - DEBUG - PIL.PngImagePlugin - STREAM b'IHDR' 16 13
2026-09-10 16:47:58,323 - DEBUG - PIL.PngImagePlugin - STREAM b'IDAT' 41 57598
2026-09-10 16:47:58,332 - DEBUG - PIL.PngImagePlugin - STREAM b'IHDR' 16 13
2026-09-10 16:47:58,333 - DEBUG - PIL.PngImagePlugin - STREAM b'IDAT' 41 62450
2026-09-10 16:47:58,335 - DEBUG - PIL.PngImagePlugin - STREAM b'IHDR' 16 13
2026-09-10 16:47:58,335 - DEBUG - PIL.PngImagePlugin - STREAM b'IDAT' 41 58612
2026-09-10 16:47:58,340 - DEBUG - PIL.PngImagePlugin - STREAM b'IHDR' 16 13
2026-09-10 16:47:58,340 - DEBUG - PIL.PngImagePlugin - STREAM b'IDAT' 41 54256
2026-09-10 16:47:58,346 - DEBUG - PIL.PngImagePlugin - STREAM b'IHDR' 16 13
2026-09-10 16:47:58,346 - DEBUG - PIL.PngImagePlugin - STREAM b'IDAT' 41 54256
2026-09-10 16:47:58,350 - DEBUG - PIL.PngImagePlugin - STREAM b'IHDR' 16 13
2026-09-10 16:47:58,350 - DEBUG - PIL.PngImagePlugin - STREAM b'IDAT' 41 54256
2026-09-10 16:47:58,353 - DEBUG - PIL.PngImagePlugin - STREAM b'IHDR' 16 13
2026-09-10 16:47:58,353 - DEBUG - PIL.PngImagePlugin - STREAM b'IDAT' 41 54256
2026-09-10 16:47:59,101 - DEBUG - PIL.PngImagePlugin - STREAM b'IHDR' 16 13
2026-09-10 16:47:59,101 - DEBUG - PIL.PngImagePlugin - STREAM b'IDAT' 41 65536
2026-09-10 16:47:59,128 - DEBUG - PIL.PngImagePlugin - STREAM b'IHDR' 16 13
2026-09-10 16:47:59,128 - DEBUG - PIL.PngImagePlugin - STREAM b'IDAT' 41 53758
2026-09-10 16:47:59,132 - DEBUG - PIL.PngImagePlugin - STREAM b'IHDR' 16 13
2026-09-10 16:47:59,132 - DEBUG - PIL.PngImagePlugin - STREAM b'IDAT' 41 32768
2026-09-10 16:47:59,139 - DEBUG - PIL.PngImagePlugin - STREAM b'IHDR' 16 13
2026-09-10 16:47:59,140 - DEBUG - PIL.PngImagePlugin - STREAM b'IDAT' 41 65536
2026-09-10 16:47:59,143 - DEBUG - PIL.PngImagePlugin - STREAM b'IHDR' 16 13
2026-09-10 16:47:59,143 - DEBUG - PIL.PngImagePlugin - STREAM b'IDAT' 41 65536
2026-09-10 16:47:59,146 - DEBUG - PIL.PngImagePlugin - STREAM b'IHDR' 16 13
2026-09-10 16:47:59,146 - DEBUG - PIL.PngImagePlugin - STREAM b'IDAT' 41 54958
2026-09-10 16:47:59,150 - DEBUG - PIL.PngImagePlugin - STREAM b'IHDR' 16 13
2026-09-10 16:47:59,150 - DEBUG - PIL.PngImagePlugin - STREAM b'IDAT' 41 54668
2026-09-10 16:47:59,154 - DEBUG - PIL.PngImagePlugin - STREAM b'IHDR' 16 13
2026-09-10 16:47:59,155 - DEBUG - PIL.PngImagePlugin - STREAM b'IDAT' 41 50455
2026-09-10 16:47:59,158 - DEBUG - PIL.PngImagePlugin - STREAM b'IHDR' 16 13
2026-09-10 16:47:59,158 - DEBUG - PIL.PngImagePlugin - STREAM b'IDAT' 41 49252
2026-09-10 16:47:59,162 - DEBUG - PIL.PngImagePlugin - STREAM b'IHDR' 16 13
2026-09-10 16:47:59,162 - DEBUG - PIL.PngImagePlugin - STREAM b'IDAT' 41 55682
2026-09-10 16:47:59,166 - DEBUG - PIL.PngImagePlugin - STREAM b'IHDR' 16 13
2026-09-10 16:47:59,166 - DEBUG - PIL.PngImagePlugin - STREAM b'IDAT' 41 57887
2026-09-10 16:47:59,169 - DEBUG - PIL.PngImagePlugin - STREAM b'IHDR' 16 13
2026-09-10 16:47:59,169 - DEBUG - PIL.PngImagePlugin - STREAM b'IDAT' 41 47281
2026-09-10 16:47:59,173 - DEBUG - PIL.PngImagePlugin - STREAM b'IHDR' 16 13
2026-09-10 16:47:59,174 - DEBUG - PIL.PngImagePlugin - STREAM b'IDAT' 41 56615
2026-09-10 16:47:59,177 - DEBUG - PIL.PngImagePlugin - STREAM b'IHDR' 16 13
2026-09-10 16:47:59,177 - DEBUG - PIL.PngImagePlugin - STREAM b'IDAT' 41 57598
2026-09-10 16:47:59,186 - DEBUG - PIL.PngImagePlugin - STREAM b'IHDR' 16 13
2026-09-10 16:47:59,187 - DEBUG - PIL.PngImagePlugin - STREAM b'IDAT' 41 62450
2026-09-10 16:47:59,189 - DEBUG - PIL.PngImagePlugin - STREAM b'IHDR' 16 13
2026-09-10 16:47:59,190 - DEBUG - PIL.PngImagePlugin - STREAM b'IDAT' 41 65536
2026-09-10 16:47:59,194 - DEBUG - PIL.PngImagePlugin - STREAM b'IHDR' 16 13
2026-09-10 16:47:59,194 - DEBUG - PIL.PngImagePlugin - STREAM b'IDAT' 41 54256
2026-09-10 16:47:59,200 - DEBUG - PIL.PngImagePlugin - STREAM b'IHDR' 16 13
2026-09-10 16:47:59,200 - DEBUG - PIL.PngImagePlugin - STREAM b'IDAT' 41 54256
2026-09-10 16:47:59,204 - DEBUG - PIL.PngImagePlugin - STREAM b'IHDR' 16 13
2026-09-10 16:47:59,204 - DEBUG - PIL.PngImagePlugin - STREAM b'IDAT' 41 54256
2026-09-10 16:47:59,207 - DEBUG - PIL.PngImagePlugin - STREAM b'IHDR' 16 13
2026-09-10 16:47:59,208 - DEBUG - PIL.PngImagePlugin - STREAM b'IDAT' 41 54256
2026-09-10 16:47:59,858 - DEBUG - PIL.PngImagePlugin - STREAM b'IHDR' 16 13
2026-09-10 16:47:59,859 - DEBUG - PIL.PngImagePlugin - STREAM b'IDAT' 41 65536
2026-09-10 16:47:59,887 - DEBUG - PIL.PngImagePlugin - STREAM b'IHDR' 16 13
2026-09-10 16:47:59,888 - DEBUG - PIL.PngImagePlugin - STREAM b'IDAT' 41 53758
2026-09-10 16:47:59,891 - DEBUG - PIL.PngImagePlugin - STREAM b'IHDR' 16 13
2026-09-10 16:47:59,891 - DEBUG - PIL.PngImagePlugin - STREAM b'IDAT' 41 32768
2026-09-10 16:47:59,897 - DEBUG - PIL.PngImagePlugin - STREAM b'IHDR' 16 13
2026-09-10 16:47:59,898 - DEBUG - PIL.PngImagePlugin - STREAM b'IDAT' 41 65536
2026-09-10 16:47:59,900 - DEBUG - PIL.PngImagePlugin - STREAM b'IHDR' 16 13
2026-09-10 16:47:59,901 - DEBUG - PIL.PngImagePlugin - STREAM b'IDAT' 41 58612
2026-09-10 16:47:59,904 - DEBUG - PIL.PngImagePlugin - STREAM b'IHDR' 16 13
2026-09-10 16:47:59,904 - DEBUG - PIL.PngImagePlugin - STREAM b'IDAT' 41 54958
2026-09-10 16:47:59,908 - DEBUG - PIL.PngImagePlugin - STREAM b'IHDR' 16 13
2026-09-10 16:47:59,908 - DEBUG - PIL.PngImagePlugin - STREAM b'IDAT' 41 54668
2026-09-10 16:47:59,912 - DEBUG - PIL.PngImagePlugin - STREAM b'IHDR' 16 13
2026-09-10 16:47:59,913 - DEBUG - PIL.PngImagePlugin - STREAM b'IDAT' 41 50455
2026-09-10 16:47:59,917 - DEBUG - PIL.PngImagePlugin - STREAM b'IHDR' 16 13
2026-09-10 16:47:59,917 - DEBUG - PIL.PngImagePlugin - STREAM b'IDAT' 41 49252
2026-09-10 16:47:59,922 - DEBUG - PIL.PngImagePlugin - STREAM b'IHDR' 16 13
2026-09-10 16:47:59,922 - DEBUG - PIL.PngImagePlugin - STREAM b'IDAT' 41 55682
2026-09-10 16:47:59,926 - DEBUG - PIL.PngImagePlugin - STREAM b'IHDR' 16 13
2026-09-10 16:47:59,926 - DEBUG - PIL.PngImagePlugin - STREAM b'IDAT' 41 57887
2026-09-10 16:47:59,930 - DEBUG - PIL.PngImagePlugin - STREAM b'IHDR' 16 13
2026-09-10 16:47:59,931 - DEBUG - PIL.PngImagePlugin - STREAM b'IDAT' 41 47281
2026-09-10 16:47:59,935 - DEBUG - PIL.PngImagePlugin - STREAM b'IHDR' 16 13
2026-09-10 16:47:59,935 - DEBUG - PIL.PngImagePlugin - STREAM b'IDAT' 41 56615
2026-09-10 16:47:59,939 - DEBUG - PIL.PngImagePlugin - STREAM b'IHDR' 16 13
2026-09-10 16:47:59,939 - DEBUG - PIL.PngImagePlugin - STREAM b'IDAT' 41 57598
2026-09-10 16:47:59,948 - DEBUG - PIL.PngImagePlugin - STREAM b'IHDR' 16 13
2026-09-10 16:47:59,948 - DEBUG - PIL.PngImagePlugin - STREAM b'IDAT' 41 62450
2026-09-10 16:47:59,951 - DEBUG - PIL.PngImagePlugin - STREAM b'IHDR' 16 13
2026-09-10 16:47:59,951 - DEBUG - PIL.PngImagePlugin - STREAM b'IDAT' 41 58612
2026-09-10 16:47:59,956 - DEBUG - PIL.PngImagePlugin - STREAM b'IHDR' 16 13
2026-09-10 16:47:59,956 - DEBUG - PIL.PngImagePlugin - STREAM b'IDAT' 41 54256
2026-09-10 16:47:59,961 - DEBUG - PIL.PngImagePlugin - STREAM b'IHDR' 16 13
2026-09-10 16:47:59,961 - DEBUG - PIL.PngImagePlugin - STREAM b'IDAT' 41 54256
2026-09-10 16:47:59,965 - DEBUG - PIL.PngImagePlugin - STREAM b'IHDR' 16 13
2026-09-10 16:47:59,965 - DEBUG - PIL.PngImagePlugin - STREAM b'IDAT' 41 54256
2026-09-10 16:47:59,968 - DEBUG - PIL.PngImagePlugin - STREAM b'IHDR' 16 13
2026-09-10 16:47:59,968 - DEBUG - PIL.PngImagePlugin - STREAM b'IDAT' 41 54256
2026-09-10 16:48:00,599 - DEBUG - PIL.PngImagePlugin - STREAM b'IHDR' 16 13
2026-09-10 16:48:00,599 - DEBUG - PIL.PngImagePlugin - STREAM b'IDAT' 41 65536
2026-09-10 16:48:00,624 - DEBUG - PIL.PngImagePlugin - STREAM b'IHDR' 16 13
2026-09-10 16:48:00,624 - DEBUG - PIL.PngImagePlugin - STREAM b'IDAT' 41 53758
2026-09-10 16:48:00,627 - DEBUG - PIL.PngImagePlugin - STREAM b'IHDR' 16 13
2026-09-10 16:48:00,627 - DEBUG - PIL.PngImagePlugin - STREAM b'IDAT' 41 32768
2026-09-10 16:48:00,634 - DEBUG - PIL.PngImagePlugin - STREAM b'IHDR' 16 13
2026-09-10 16:48:00,634 - DEBUG - PIL.PngImagePlugin - STREAM b'IDAT' 41 65536
2026-09-10 16:48:00,637 - DEBUG - PIL.PngImagePlugin - STREAM b'IHDR' 16 13
2026-09-10 16:48:00,638 - DEBUG - PIL.PngImagePlugin - STREAM b'IDAT' 41 65536
2026-09-10 16:48:00,641 - DEBUG - PIL.PngImagePlugin - STREAM b'IHDR' 16 13
2026-09-10 16:48:00,641 - DEBUG - PIL.PngImagePlugin - STREAM b'IDAT' 41 54958
2026-09-10 16:48:00,645 - DEBUG - PIL.PngImagePlugin - STREAM b'IHDR' 16 13
2026-09-10 16:48:00,645 - DEBUG - PIL.PngImagePlugin - STREAM b'IDAT' 41 54668
2026-09-10 16:48:00,649 - DEBUG - PIL.PngImagePlugin - STREAM b'IHDR' 16 13
2026-09-10 16:48:00,650 - DEBUG - PIL.PngImagePlugin - STREAM b'IDAT' 41 50455
2026-09-10 16:48:00,653 - DEBUG - PIL.PngImagePlugin - STREAM b'IHDR' 16 13
2026-09-10 16:48:00,653 - DEBUG - PIL.PngImagePlugin - STREAM b'IDAT' 41 49252
2026-09-10 16:48:00,657 - DEBUG - PIL.PngImagePlugin - STREAM b'IHDR' 16 13
2026-09-10 16:48:00,657 - DEBUG - PIL.PngImagePlugin - STREAM b'IDAT' 41 55682
2026-09-10 16:48:00,660 - DEBUG - PIL.PngImagePlugin - STREAM b'IHDR' 16 13
2026-09-10 16:48:00,661 - DEBUG - PIL.PngImagePlugin - STREAM b'IDAT' 41 57887
2026-09-10 16:48:00,664 - DEBUG - PIL.PngImagePlugin - STREAM b'IHDR' 16 13
2026-09-10 16:48:00,664 - DEBUG - PIL.PngImagePlugin - STREAM b'IDAT' 41 47281
2026-09-10 16:48:00,669 - DEBUG - PIL.PngImagePlugin - STREAM b'IHDR' 16 13
2026-09-10 16:48:00,669 - DEBUG - PIL.PngImagePlugin - STREAM b'IDAT' 41 56615
2026-09-10 16:48:00,674 - DEBUG - PIL.PngImagePlugin - STREAM b'IHDR' 16 13
2026-09-10 16:48:00,675 - DEBUG - PIL.PngImagePlugin - STREAM b'IDAT' 41 57598
2026-09-10 16:48:00,689 - DEBUG - PIL.PngImagePlugin - STREAM b'IHDR' 16 13
2026-09-10 16:48:00,689 - DEBUG - PIL.PngImagePlugin - STREAM b'IDAT' 41 62450
2026-09-10 16:48:00,693 - DEBUG - PIL.PngImagePlugin - STREAM b'IHDR' 16 13
2026-09-10 16:48:00,694 - DEBUG - PIL.PngImagePlugin - STREAM b'IDAT' 41 65536
2026-09-10 16:48:00,700 - DEBUG - PIL.PngImagePlugin - STREAM b'IHDR' 16 13
2026-09-10 16:48:00,701 - DEBUG - PIL.PngImagePlugin - STREAM b'IDAT' 41 54256
2026-09-10 16:48:00,708 - DEBUG - PIL.PngImagePlugin - STREAM b'IHDR' 16 13
2026-09-10 16:48:00,708 - DEBUG - PIL.PngImagePlugin - STREAM b'IDAT' 41 54256
2026-09-10 16:48:00,714 - DEBUG - PIL.PngImagePlugin - STREAM b'IHDR' 16 13
2026-09-10 16:48:00,714 - DEBUG - PIL.PngImagePlugin - STREAM b'IDAT' 41 54256
2026-09-10 16:48:00,719 - DEBUG - PIL.PngImagePlugin - STREAM b'IHDR' 16 13
2026-09-10 16:48:00,719 - DEBUG - PIL.PngImagePlugin - STREAM b'IDAT' 41 54256
2026-09-10 16:48:14,922 - DEBUG - PIL.PngImagePlugin - STREAM b'IHDR' 16 13
2026-09-10 16:48:14,922 - DEBUG - PIL.PngImagePlugin - STREAM b'IDAT' 41 65536
2026-09-10 16:48:14,950 - DEBUG - PIL.PngImagePlugin - STREAM b'IHDR' 16 13
2026-09-10 16:48:14,950 - DEBUG - PIL.PngImagePlugin - STREAM b'IDAT' 41 53758
2026-09-10 16:48:14,954 - DEBUG - PIL.PngImagePlugin - STREAM b'IHDR' 16 13
2026-09-10 16:48:14,954 - DEBUG - PIL.PngImagePlugin - STREAM b'IDAT' 41 32768
2026-09-10 16:48:14,960 - DEBUG - PIL.PngImagePlugin - STREAM b'IHDR' 16 13
2026-09-10 16:48:14,960 - DEBUG - PIL.PngImagePlugin - STREAM b'IDAT' 41 65536
2026-09-10 16:48:14,964 - DEBUG - PIL.PngImagePlugin - STREAM b'IHDR' 16 13
2026-09-10 16:48:14,964 - DEBUG - PIL.PngImagePlugin - STREAM b'IDAT' 41 58612
2026-09-10 16:48:14,967 - DEBUG - PIL.PngImagePlugin - STREAM b'IHDR' 16 13
2026-09-10 16:48:14,967 - DEBUG - PIL.PngImagePlugin - STREAM b'IDAT' 41 54958
2026-09-10 16:48:14,972 - DEBUG - PIL.PngImagePlugin - STREAM b'IHDR' 16 13
2026-09-10 16:48:14,972 - DEBUG - PIL.PngImagePlugin - STREAM b'IDAT' 41 54668
2026-09-10 16:48:14,976 - DEBUG - PIL.PngImagePlugin - STREAM b'IHDR' 16 13
2026-09-10 16:48:14,976 - DEBUG - PIL.PngImagePlugin - STREAM b'IDAT' 41 50455
2026-09-10 16:48:14,980 - DEBUG - PIL.PngImagePlugin - STREAM b'IHDR' 16 13
2026-09-10 16:48:14,980 - DEBUG - PIL.PngImagePlugin - STREAM b'IDAT' 41 49252
2026-09-10 16:48:14,983 - DEBUG - PIL.PngImagePlugin - STREAM b'IHDR' 16 13
2026-09-10 16:48:14,984 - DEBUG - PIL.PngImagePlugin - STREAM b'IDAT' 41 55682
2026-09-10 16:48:14,987 - DEBUG - PIL.PngImagePlugin - STREAM b'IHDR' 16 13
2026-09-10 16:48:14,987 - DEBUG - PIL.PngImagePlugin - STREAM b'IDAT' 41 57887
2026-09-10 16:48:14,991 - DEBUG - PIL.PngImagePlugin - STREAM b'IHDR' 16 13
2026-09-10 16:48:14,991 - DEBUG - PIL.PngImagePlugin - STREAM b'IDAT' 41 47281
2026-09-10 16:48:14,994 - DEBUG - PIL.PngImagePlugin - STREAM b'IHDR' 16 13
2026-09-10 16:48:14,994 - DEBUG - PIL.PngImagePlugin - STREAM b'IDAT' 41 56615
2026-09-10 16:48:14,998 - DEBUG - PIL.PngImagePlugin - STREAM b'IHDR' 16 13
2026-09-10 16:48:14,998 - DEBUG - PIL.PngImagePlugin - STREAM b'IDAT' 41 57598
2026-09-10 16:48:15,008 - DEBUG - PIL.PngImagePlugin - STREAM b'IHDR' 16 13
2026-09-10 16:48:15,008 - DEBUG - PIL.PngImagePlugin - STREAM b'IDAT' 41 62450
2026-09-10 16:48:15,011 - DEBUG - PIL.PngImagePlugin - STREAM b'IHDR' 16 13
2026-09-10 16:48:15,011 - DEBUG - PIL.PngImagePlugin - STREAM b'IDAT' 41 58612
2026-09-10 16:48:18,604 - INFO - KGameTracker - ℹ️  ==================================================
2026-09-10 16:48:18,605 - INFO - KGameTracker - ℹ️  K GAME TRACKER - CERRADA
2026-09-10 16:48:18,605 - INFO - KGameTracker - ℹ️  ==================================================
2026-09-10 17:00:38,912 - INFO - KGameTracker - ℹ️  ==================================================
2026-09-10 17:00:38,913 - INFO - KGameTracker - ℹ️  K GAME TRACKER - INICIADA
2026-09-10 17:00:38,913 - INFO - KGameTracker - ℹ️  ==================================================
2026-09-10 17:00:39,043 - DEBUG - PIL.Image - Importing PngImagePlugin
2026-09-10 17:00:39,051 - DEBUG - PIL.PngImagePlugin - STREAM b'IHDR' 16 13
2026-09-10 17:00:39,051 - DEBUG - PIL.PngImagePlugin - STREAM b'IDAT' 41 65536
2026-09-10 17:00:41,534 - DEBUG - PIL.PngImagePlugin - STREAM b'IHDR' 16 13
2026-09-10 17:00:41,534 - DEBUG - PIL.PngImagePlugin - STREAM b'IDAT' 41 65536
2026-09-10 17:00:41,567 - DEBUG - PIL.PngImagePlugin - STREAM b'IHDR' 16 13
2026-09-10 17:00:41,567 - DEBUG - PIL.PngImagePlugin - STREAM b'IDAT' 41 53758
2026-09-10 17:00:41,573 - DEBUG - PIL.PngImagePlugin - STREAM b'IHDR' 16 13
2026-09-10 17:00:41,573 - DEBUG - PIL.PngImagePlugin - STREAM b'IDAT' 41 32768
2026-09-10 17:00:41,580 - DEBUG - PIL.PngImagePlugin - STREAM b'IHDR' 16 13
2026-09-10 17:00:41,580 - DEBUG - PIL.PngImagePlugin - STREAM b'IDAT' 41 65536
2026-09-10 17:00:41,585 - DEBUG - PIL.PngImagePlugin - STREAM b'IHDR' 16 13
2026-09-10 17:00:41,585 - DEBUG - PIL.PngImagePlugin - STREAM b'IDAT' 41 65536
2026-09-10 17:00:41,588 - DEBUG - PIL.PngImagePlugin - STREAM b'IHDR' 16 13
2026-09-10 17:00:41,588 - DEBUG - PIL.PngImagePlugin - STREAM b'IDAT' 41 54958
2026-09-10 17:00:41,593 - DEBUG - PIL.PngImagePlugin - STREAM b'IHDR' 16 13
2026-09-10 17:00:41,593 - DEBUG - PIL.PngImagePlugin - STREAM b'IDAT' 41 54668
2026-09-10 17:00:41,597 - DEBUG - PIL.PngImagePlugin - STREAM b'IHDR' 16 13
2026-09-10 17:00:41,598 - DEBUG - PIL.PngImagePlugin - STREAM b'IDAT' 41 50455
2026-09-10 17:00:41,601 - DEBUG - PIL.PngImagePlugin - STREAM b'IHDR' 16 13
2026-09-10 17:00:41,601 - DEBUG - PIL.PngImagePlugin - STREAM b'IDAT' 41 49252
2026-09-10 17:00:41,605 - DEBUG - PIL.PngImagePlugin - STREAM b'IHDR' 16 13
2026-09-10 17:00:41,605 - DEBUG - PIL.PngImagePlugin - STREAM b'IDAT' 41 55682
2026-09-10 17:00:41,609 - DEBUG - PIL.PngImagePlugin - STREAM b'IHDR' 16 13
2026-09-10 17:00:41,610 - DEBUG - PIL.PngImagePlugin - STREAM b'IDAT' 41 57887
2026-09-10 17:00:41,613 - DEBUG - PIL.PngImagePlugin - STREAM b'IHDR' 16 13
2026-09-10 17:00:41,613 - DEBUG - PIL.PngImagePlugin - STREAM b'IDAT' 41 47281
2026-09-10 17:00:41,617 - DEBUG - PIL.PngImagePlugin - STREAM b'IHDR' 16 13
2026-09-10 17:00:41,617 - DEBUG - PIL.PngImagePlugin - STREAM b'IDAT' 41 56615
2026-09-10 17:00:41,621 - DEBUG - PIL.PngImagePlugin - STREAM b'IHDR' 16 13
2026-09-10 17:00:41,621 - DEBUG - PIL.PngImagePlugin - STREAM b'IDAT' 41 57598
2026-09-10 17:00:41,670 - DEBUG - PIL.PngImagePlugin - STREAM b'IHDR' 16 13
2026-09-10 17:00:41,670 - DEBUG - PIL.PngImagePlugin - STREAM b'IDAT' 41 62450
2026-09-10 17:00:48,793 - INFO - KGameTracker - ℹ️  ==================================================
2026-09-10 17:00:48,793 - INFO - KGameTracker - ℹ️  K GAME TRACKER - CERRADA
2026-09-10 17:00:48,794 - INFO - KGameTracker - ℹ️  ==================================================
2026-09-10 17:03:49,561 - INFO - KGameTracker - ℹ️  ==================================================
2026-09-10 17:03:49,561 - INFO - KGameTracker - ℹ️  K GAME TRACKER - INICIADA
2026-09-10 17:03:49,562 - INFO - KGameTracker - ℹ️  ==================================================
2026-09-10 17:03:49,689 - DEBUG - PIL.Image - Importing PngImagePlugin
2026-09-10 17:03:49,699 - DEBUG - PIL.PngImagePlugin - STREAM b'IHDR' 16 13
2026-09-10 17:03:49,699 - DEBUG - PIL.PngImagePlugin - STREAM b'IDAT' 41 65536
2026-09-10 17:03:52,159 - DEBUG - PIL.PngImagePlugin - STREAM b'IHDR' 16 13
2026-09-10 17:03:52,160 - DEBUG - PIL.PngImagePlugin - STREAM b'IDAT' 41 65536
2026-09-10 17:03:52,191 - DEBUG - PIL.PngImagePlugin - STREAM b'IHDR' 16 13
2026-09-10 17:03:52,191 - DEBUG - PIL.PngImagePlugin - STREAM b'IDAT' 41 53758
2026-09-10 17:03:52,198 - DEBUG - PIL.PngImagePlugin - STREAM b'IHDR' 16 13
2026-09-10 17:03:52,198 - DEBUG - PIL.PngImagePlugin - STREAM b'IDAT' 41 32768
2026-09-10 17:03:52,208 - DEBUG - PIL.PngImagePlugin - STREAM b'IHDR' 16 13
2026-09-10 17:03:52,208 - DEBUG - PIL.PngImagePlugin - STREAM b'IDAT' 41 65536
2026-09-10 17:03:52,212 - DEBUG - PIL.PngImagePlugin - STREAM b'IHDR' 16 13
2026-09-10 17:03:52,212 - DEBUG - PIL.PngImagePlugin - STREAM b'IDAT' 41 65536
2026-09-10 17:03:52,217 - DEBUG - PIL.PngImagePlugin - STREAM b'IHDR' 16 13
2026-09-10 17:03:52,217 - DEBUG - PIL.PngImagePlugin - STREAM b'IDAT' 41 54958
2026-09-10 17:03:52,223 - DEBUG - PIL.PngImagePlugin - STREAM b'IHDR' 16 13
2026-09-10 17:03:52,223 - DEBUG - PIL.PngImagePlugin - STREAM b'IDAT' 41 54668
2026-09-10 17:03:52,228 - DEBUG - PIL.PngImagePlugin - STREAM b'IHDR' 16 13
2026-09-10 17:03:52,228 - DEBUG - PIL.PngImagePlugin - STREAM b'IDAT' 41 50455
2026-09-10 17:03:52,234 - DEBUG - PIL.PngImagePlugin - STREAM b'IHDR' 16 13
2026-09-10 17:03:52,234 - DEBUG - PIL.PngImagePlugin - STREAM b'IDAT' 41 49252
2026-09-10 17:03:52,239 - DEBUG - PIL.PngImagePlugin - STREAM b'IHDR' 16 13
2026-09-10 17:03:52,240 - DEBUG - PIL.PngImagePlugin - STREAM b'IDAT' 41 55682
2026-09-10 17:03:52,245 - DEBUG - PIL.PngImagePlugin - STREAM b'IHDR' 16 13
2026-09-10 17:03:52,245 - DEBUG - PIL.PngImagePlugin - STREAM b'IDAT' 41 57887
2026-09-10 17:03:52,250 - DEBUG - PIL.PngImagePlugin - STREAM b'IHDR' 16 13
2026-09-10 17:03:52,250 - DEBUG - PIL.PngImagePlugin - STREAM b'IDAT' 41 47281
2026-09-10 17:03:52,255 - DEBUG - PIL.PngImagePlugin - STREAM b'IHDR' 16 13
2026-09-10 17:03:52,255 - DEBUG - PIL.PngImagePlugin - STREAM b'IDAT' 41 56615
2026-09-10 17:03:52,260 - DEBUG - PIL.PngImagePlugin - STREAM b'IHDR' 16 13
2026-09-10 17:03:52,260 - DEBUG - PIL.PngImagePlugin - STREAM b'IDAT' 41 57598
2026-09-10 17:03:52,308 - DEBUG - PIL.PngImagePlugin - STREAM b'IHDR' 16 13
2026-09-10 17:03:52,308 - DEBUG - PIL.PngImagePlugin - STREAM b'IDAT' 41 62450
2026-09-10 17:03:53,712 - DEBUG - PIL.PngImagePlugin - STREAM b'IHDR' 16 13
2026-09-10 17:03:53,713 - DEBUG - PIL.PngImagePlugin - STREAM b'IDAT' 41 58612
2026-09-10 17:03:54,326 - DEBUG - PIL.PngImagePlugin - STREAM b'IHDR' 16 13
2026-09-10 17:03:54,326 - DEBUG - PIL.PngImagePlugin - STREAM b'IDAT' 41 65536
2026-09-10 17:03:54,784 - DEBUG - PIL.PngImagePlugin - STREAM b'IHDR' 16 13
2026-09-10 17:03:54,784 - DEBUG - PIL.PngImagePlugin - STREAM b'IDAT' 41 58612
2026-09-10 17:03:55,249 - DEBUG - PIL.PngImagePlugin - STREAM b'IHDR' 16 13
2026-09-10 17:03:55,250 - DEBUG - PIL.PngImagePlugin - STREAM b'IDAT' 41 65536
2026-09-10 17:03:55,625 - DEBUG - PIL.PngImagePlugin - STREAM b'IHDR' 16 13
2026-09-10 17:03:55,626 - DEBUG - PIL.PngImagePlugin - STREAM b'IDAT' 41 58612
2026-09-10 17:03:56,081 - DEBUG - PIL.PngImagePlugin - STREAM b'IHDR' 16 13
2026-09-10 17:03:56,082 - DEBUG - PIL.PngImagePlugin - STREAM b'IDAT' 41 65536
2026-09-10 17:03:56,542 - DEBUG - PIL.PngImagePlugin - STREAM b'IHDR' 16 13
2026-09-10 17:03:56,542 - DEBUG - PIL.PngImagePlugin - STREAM b'IDAT' 41 58612
2026-09-10 17:03:56,926 - DEBUG - PIL.PngImagePlugin - STREAM b'IHDR' 16 13
2026-09-10 17:03:56,926 - DEBUG - PIL.PngImagePlugin - STREAM b'IDAT' 41 65536
2026-09-10 17:03:59,082 - INFO - KGameTracker - ℹ️  ==================================================
2026-09-10 17:03:59,082 - INFO - KGameTracker - ℹ️  K GAME TRACKER - CERRADA
2026-09-10 17:03:59,083 - INFO - KGameTracker - ℹ️  ==================================================
2026-09-10 17:07:57,643 - INFO - KGameTracker - ℹ️  ==================================================
2026-09-10 17:07:57,644 - INFO - KGameTracker - ℹ️  K GAME TRACKER - INICIADA
2026-09-10 17:07:57,644 - INFO - KGameTracker - ℹ️  ==================================================
2026-09-10 17:07:57,773 - DEBUG - PIL.Image - Importing PngImagePlugin
2026-09-10 17:07:57,782 - DEBUG - PIL.PngImagePlugin - STREAM b'IHDR' 16 13
2026-09-10 17:07:57,783 - DEBUG - PIL.PngImagePlugin - STREAM b'IDAT' 41 65536
2026-09-10 17:08:00,301 - DEBUG - PIL.PngImagePlugin - STREAM b'IHDR' 16 13
2026-09-10 17:08:00,301 - DEBUG - PIL.PngImagePlugin - STREAM b'IDAT' 41 65536
2026-09-10 17:08:00,332 - DEBUG - PIL.PngImagePlugin - STREAM b'IHDR' 16 13
2026-09-10 17:08:00,332 - DEBUG - PIL.PngImagePlugin - STREAM b'IDAT' 41 53758
2026-09-10 17:08:00,336 - DEBUG - PIL.PngImagePlugin - STREAM b'IHDR' 16 13
2026-09-10 17:08:00,337 - DEBUG - PIL.PngImagePlugin - STREAM b'IDAT' 41 32768
2026-09-10 17:08:00,344 - DEBUG - PIL.PngImagePlugin - STREAM b'IHDR' 16 13
2026-09-10 17:08:00,344 - DEBUG - PIL.PngImagePlugin - STREAM b'IDAT' 41 65536
2026-09-10 17:08:00,347 - DEBUG - PIL.PngImagePlugin - STREAM b'IHDR' 16 13
2026-09-10 17:08:00,347 - DEBUG - PIL.PngImagePlugin - STREAM b'IDAT' 41 65536
2026-09-10 17:08:00,351 - DEBUG - PIL.PngImagePlugin - STREAM b'IHDR' 16 13
2026-09-10 17:08:00,351 - DEBUG - PIL.PngImagePlugin - STREAM b'IDAT' 41 54958
2026-09-10 17:08:00,355 - DEBUG - PIL.PngImagePlugin - STREAM b'IHDR' 16 13
2026-09-10 17:08:00,355 - DEBUG - PIL.PngImagePlugin - STREAM b'IDAT' 41 54668
2026-09-10 17:08:00,359 - DEBUG - PIL.PngImagePlugin - STREAM b'IHDR' 16 13
2026-09-10 17:08:00,359 - DEBUG - PIL.PngImagePlugin - STREAM b'IDAT' 41 50455
2026-09-10 17:08:00,363 - DEBUG - PIL.PngImagePlugin - STREAM b'IHDR' 16 13
2026-09-10 17:08:00,363 - DEBUG - PIL.PngImagePlugin - STREAM b'IDAT' 41 49252
2026-09-10 17:08:00,367 - DEBUG - PIL.PngImagePlugin - STREAM b'IHDR' 16 13
2026-09-10 17:08:00,368 - DEBUG - PIL.PngImagePlugin - STREAM b'IDAT' 41 55682
2026-09-10 17:08:00,371 - DEBUG - PIL.PngImagePlugin - STREAM b'IHDR' 16 13
2026-09-10 17:08:00,372 - DEBUG - PIL.PngImagePlugin - STREAM b'IDAT' 41 57887
2026-09-10 17:08:00,376 - DEBUG - PIL.PngImagePlugin - STREAM b'IHDR' 16 13
2026-09-10 17:08:00,376 - DEBUG - PIL.PngImagePlugin - STREAM b'IDAT' 41 47281
2026-09-10 17:08:00,379 - DEBUG - PIL.PngImagePlugin - STREAM b'IHDR' 16 13
2026-09-10 17:08:00,379 - DEBUG - PIL.PngImagePlugin - STREAM b'IDAT' 41 56615
2026-09-10 17:08:00,384 - DEBUG - PIL.PngImagePlugin - STREAM b'IHDR' 16 13
2026-09-10 17:08:00,384 - DEBUG - PIL.PngImagePlugin - STREAM b'IDAT' 41 57598
2026-09-10 17:08:00,408 - DEBUG - PIL.PngImagePlugin - STREAM b'IHDR' 16 13
2026-09-10 17:08:00,408 - DEBUG - PIL.PngImagePlugin - STREAM b'IDAT' 41 62450
2026-09-10 17:08:01,586 - DEBUG - PIL.PngImagePlugin - STREAM b'IHDR' 16 13
2026-09-10 17:08:01,586 - DEBUG - PIL.PngImagePlugin - STREAM b'IDAT' 41 65536
2026-09-10 17:08:01,613 - DEBUG - PIL.PngImagePlugin - STREAM b'IHDR' 16 13
2026-09-10 17:08:01,614 - DEBUG - PIL.PngImagePlugin - STREAM b'IDAT' 41 53758
2026-09-10 17:08:01,617 - DEBUG - PIL.PngImagePlugin - STREAM b'IHDR' 16 13
2026-09-10 17:08:01,618 - DEBUG - PIL.PngImagePlugin - STREAM b'IDAT' 41 32768
2026-09-10 17:08:01,625 - DEBUG - PIL.PngImagePlugin - STREAM b'IHDR' 16 13
2026-09-10 17:08:01,625 - DEBUG - PIL.PngImagePlugin - STREAM b'IDAT' 41 65536
2026-09-10 17:08:01,629 - DEBUG - PIL.PngImagePlugin - STREAM b'IHDR' 16 13
2026-09-10 17:08:01,630 - DEBUG - PIL.PngImagePlugin - STREAM b'IDAT' 41 58612
2026-09-10 17:08:01,635 - DEBUG - PIL.PngImagePlugin - STREAM b'IHDR' 16 13
2026-09-10 17:08:01,635 - DEBUG - PIL.PngImagePlugin - STREAM b'IDAT' 41 54958
2026-09-10 17:08:01,639 - DEBUG - PIL.PngImagePlugin - STREAM b'IHDR' 16 13
2026-09-10 17:08:01,639 - DEBUG - PIL.PngImagePlugin - STREAM b'IDAT' 41 54668
2026-09-10 17:08:01,646 - DEBUG - PIL.PngImagePlugin - STREAM b'IHDR' 16 13
2026-09-10 17:08:01,646 - DEBUG - PIL.PngImagePlugin - STREAM b'IDAT' 41 50455
2026-09-10 17:08:01,651 - DEBUG - PIL.PngImagePlugin - STREAM b'IHDR' 16 13
2026-09-10 17:08:01,651 - DEBUG - PIL.PngImagePlugin - STREAM b'IDAT' 41 49252
2026-09-10 17:08:01,656 - DEBUG - PIL.PngImagePlugin - STREAM b'IHDR' 16 13
2026-09-10 17:08:01,656 - DEBUG - PIL.PngImagePlugin - STREAM b'IDAT' 41 55682
2026-09-10 17:08:01,660 - DEBUG - PIL.PngImagePlugin - STREAM b'IHDR' 16 13
2026-09-10 17:08:01,661 - DEBUG - PIL.PngImagePlugin - STREAM b'IDAT' 41 57887
2026-09-10 17:08:01,665 - DEBUG - PIL.PngImagePlugin - STREAM b'IHDR' 16 13
2026-09-10 17:08:01,665 - DEBUG - PIL.PngImagePlugin - STREAM b'IDAT' 41 47281
2026-09-10 17:08:01,669 - DEBUG - PIL.PngImagePlugin - STREAM b'IHDR' 16 13
2026-09-10 17:08:01,669 - DEBUG - PIL.PngImagePlugin - STREAM b'IDAT' 41 56615
2026-09-10 17:08:01,673 - DEBUG - PIL.PngImagePlugin - STREAM b'IHDR' 16 13
2026-09-10 17:08:01,673 - DEBUG - PIL.PngImagePlugin - STREAM b'IDAT' 41 57598
2026-09-10 17:08:01,685 - DEBUG - PIL.PngImagePlugin - STREAM b'IHDR' 16 13
2026-09-10 17:08:01,685 - DEBUG - PIL.PngImagePlugin - STREAM b'IDAT' 41 62450
2026-09-10 17:08:01,688 - DEBUG - PIL.PngImagePlugin - STREAM b'IHDR' 16 13
2026-09-10 17:08:01,688 - DEBUG - PIL.PngImagePlugin - STREAM b'IDAT' 41 58612
2026-09-10 17:08:02,429 - DEBUG - PIL.PngImagePlugin - STREAM b'IHDR' 16 13
2026-09-10 17:08:02,430 - DEBUG - PIL.PngImagePlugin - STREAM b'IDAT' 41 65536
2026-09-10 17:08:02,455 - DEBUG - PIL.PngImagePlugin - STREAM b'IHDR' 16 13
2026-09-10 17:08:02,455 - DEBUG - PIL.PngImagePlugin - STREAM b'IDAT' 41 53758
2026-09-10 17:08:02,459 - DEBUG - PIL.PngImagePlugin - STREAM b'IHDR' 16 13
2026-09-10 17:08:02,459 - DEBUG - PIL.PngImagePlugin - STREAM b'IDAT' 41 32768
2026-09-10 17:08:02,466 - DEBUG - PIL.PngImagePlugin - STREAM b'IHDR' 16 13
2026-09-10 17:08:02,467 - DEBUG - PIL.PngImagePlugin - STREAM b'IDAT' 41 65536
2026-09-10 17:08:02,470 - DEBUG - PIL.PngImagePlugin - STREAM b'IHDR' 16 13
2026-09-10 17:08:02,470 - DEBUG - PIL.PngImagePlugin - STREAM b'IDAT' 41 65536
2026-09-10 17:08:02,474 - DEBUG - PIL.PngImagePlugin - STREAM b'IHDR' 16 13
2026-09-10 17:08:02,474 - DEBUG - PIL.PngImagePlugin - STREAM b'IDAT' 41 54958
2026-09-10 17:08:02,477 - DEBUG - PIL.PngImagePlugin - STREAM b'IHDR' 16 13
2026-09-10 17:08:02,477 - DEBUG - PIL.PngImagePlugin - STREAM b'IDAT' 41 54668
2026-09-10 17:08:02,481 - DEBUG - PIL.PngImagePlugin - STREAM b'IHDR' 16 13
2026-09-10 17:08:02,482 - DEBUG - PIL.PngImagePlugin - STREAM b'IDAT' 41 50455
2026-09-10 17:08:02,485 - DEBUG - PIL.PngImagePlugin - STREAM b'IHDR' 16 13
2026-09-10 17:08:02,486 - DEBUG - PIL.PngImagePlugin - STREAM b'IDAT' 41 49252
2026-09-10 17:08:02,489 - DEBUG - PIL.PngImagePlugin - STREAM b'IHDR' 16 13
2026-09-10 17:08:02,489 - DEBUG - PIL.PngImagePlugin - STREAM b'IDAT' 41 55682
2026-09-10 17:08:02,493 - DEBUG - PIL.PngImagePlugin - STREAM b'IHDR' 16 13
2026-09-10 17:08:02,494 - DEBUG - PIL.PngImagePlugin - STREAM b'IDAT' 41 57887
2026-09-10 17:08:02,497 - DEBUG - PIL.PngImagePlugin - STREAM b'IHDR' 16 13
2026-09-10 17:08:02,497 - DEBUG - PIL.PngImagePlugin - STREAM b'IDAT' 41 47281
2026-09-10 17:08:02,501 - DEBUG - PIL.PngImagePlugin - STREAM b'IHDR' 16 13
2026-09-10 17:08:02,501 - DEBUG - PIL.PngImagePlugin - STREAM b'IDAT' 41 56615
2026-09-10 17:08:02,505 - DEBUG - PIL.PngImagePlugin - STREAM b'IHDR' 16 13
2026-09-10 17:08:02,505 - DEBUG - PIL.PngImagePlugin - STREAM b'IDAT' 41 57598
2026-09-10 17:08:02,514 - DEBUG - PIL.PngImagePlugin - STREAM b'IHDR' 16 13
2026-09-10 17:08:02,515 - DEBUG - PIL.PngImagePlugin - STREAM b'IDAT' 41 62450
2026-09-10 17:08:02,517 - DEBUG - PIL.PngImagePlugin - STREAM b'IHDR' 16 13
2026-09-10 17:08:02,517 - DEBUG - PIL.PngImagePlugin - STREAM b'IDAT' 41 65536
2026-09-10 17:08:02,935 - DEBUG - PIL.PngImagePlugin - STREAM b'IHDR' 16 13
2026-09-10 17:08:02,935 - DEBUG - PIL.PngImagePlugin - STREAM b'IDAT' 41 65536
2026-09-10 17:08:02,963 - DEBUG - PIL.PngImagePlugin - STREAM b'IHDR' 16 13
2026-09-10 17:08:02,963 - DEBUG - PIL.PngImagePlugin - STREAM b'IDAT' 41 53758
2026-09-10 17:08:02,967 - DEBUG - PIL.PngImagePlugin - STREAM b'IHDR' 16 13
2026-09-10 17:08:02,967 - DEBUG - PIL.PngImagePlugin - STREAM b'IDAT' 41 32768
2026-09-10 17:08:02,974 - DEBUG - PIL.PngImagePlugin - STREAM b'IHDR' 16 13
2026-09-10 17:08:02,974 - DEBUG - PIL.PngImagePlugin - STREAM b'IDAT' 41 65536
2026-09-10 17:08:02,977 - DEBUG - PIL.PngImagePlugin - STREAM b'IHDR' 16 13
2026-09-10 17:08:02,977 - DEBUG - PIL.PngImagePlugin - STREAM b'IDAT' 41 58612
2026-09-10 17:08:02,980 - DEBUG - PIL.PngImagePlugin - STREAM b'IHDR' 16 13
2026-09-10 17:08:02,980 - DEBUG - PIL.PngImagePlugin - STREAM b'IDAT' 41 54958
2026-09-10 17:08:02,984 - DEBUG - PIL.PngImagePlugin - STREAM b'IHDR' 16 13
2026-09-10 17:08:02,984 - DEBUG - PIL.PngImagePlugin - STREAM b'IDAT' 41 54668
2026-09-10 17:08:02,988 - DEBUG - PIL.PngImagePlugin - STREAM b'IHDR' 16 13
2026-09-10 17:08:02,988 - DEBUG - PIL.PngImagePlugin - STREAM b'IDAT' 41 50455
2026-09-10 17:08:02,992 - DEBUG - PIL.PngImagePlugin - STREAM b'IHDR' 16 13
2026-09-10 17:08:02,992 - DEBUG - PIL.PngImagePlugin - STREAM b'IDAT' 41 49252
2026-09-10 17:08:02,996 - DEBUG - PIL.PngImagePlugin - STREAM b'IHDR' 16 13
2026-09-10 17:08:02,996 - DEBUG - PIL.PngImagePlugin - STREAM b'IDAT' 41 55682
2026-09-10 17:08:03,000 - DEBUG - PIL.PngImagePlugin - STREAM b'IHDR' 16 13
2026-09-10 17:08:03,000 - DEBUG - PIL.PngImagePlugin - STREAM b'IDAT' 41 57887
2026-09-10 17:08:03,003 - DEBUG - PIL.PngImagePlugin - STREAM b'IHDR' 16 13
2026-09-10 17:08:03,003 - DEBUG - PIL.PngImagePlugin - STREAM b'IDAT' 41 47281
2026-09-10 17:08:03,007 - DEBUG - PIL.PngImagePlugin - STREAM b'IHDR' 16 13
2026-09-10 17:08:03,007 - DEBUG - PIL.PngImagePlugin - STREAM b'IDAT' 41 56615
2026-09-10 17:08:03,011 - DEBUG - PIL.PngImagePlugin - STREAM b'IHDR' 16 13
2026-09-10 17:08:03,011 - DEBUG - PIL.PngImagePlugin - STREAM b'IDAT' 41 57598
2026-09-10 17:08:03,025 - DEBUG - PIL.PngImagePlugin - STREAM b'IHDR' 16 13
2026-09-10 17:08:03,026 - DEBUG - PIL.PngImagePlugin - STREAM b'IDAT' 41 62450
2026-09-10 17:08:03,030 - DEBUG - PIL.PngImagePlugin - STREAM b'IHDR' 16 13
2026-09-10 17:08:03,032 - DEBUG - PIL.PngImagePlugin - STREAM b'IDAT' 41 58612
2026-09-10 17:08:03,385 - DEBUG - PIL.PngImagePlugin - STREAM b'IHDR' 16 13
2026-09-10 17:08:03,385 - DEBUG - PIL.PngImagePlugin - STREAM b'IDAT' 41 65536
2026-09-10 17:08:03,410 - DEBUG - PIL.PngImagePlugin - STREAM b'IHDR' 16 13
2026-09-10 17:08:03,411 - DEBUG - PIL.PngImagePlugin - STREAM b'IDAT' 41 53758
2026-09-10 17:08:03,414 - DEBUG - PIL.PngImagePlugin - STREAM b'IHDR' 16 13
2026-09-10 17:08:03,414 - DEBUG - PIL.PngImagePlugin - STREAM b'IDAT' 41 32768
2026-09-10 17:08:03,420 - DEBUG - PIL.PngImagePlugin - STREAM b'IHDR' 16 13
2026-09-10 17:08:03,421 - DEBUG - PIL.PngImagePlugin - STREAM b'IDAT' 41 65536
2026-09-10 17:08:03,424 - DEBUG - PIL.PngImagePlugin - STREAM b'IHDR' 16 13
2026-09-10 17:08:03,424 - DEBUG - PIL.PngImagePlugin - STREAM b'IDAT' 41 65536
2026-09-10 17:08:03,427 - DEBUG - PIL.PngImagePlugin - STREAM b'IHDR' 16 13
2026-09-10 17:08:03,427 - DEBUG - PIL.PngImagePlugin - STREAM b'IDAT' 41 54958
2026-09-10 17:08:03,432 - DEBUG - PIL.PngImagePlugin - STREAM b'IHDR' 16 13
2026-09-10 17:08:03,432 - DEBUG - PIL.PngImagePlugin - STREAM b'IDAT' 41 54668
2026-09-10 17:08:03,436 - DEBUG - PIL.PngImagePlugin - STREAM b'IHDR' 16 13
2026-09-10 17:08:03,436 - DEBUG - PIL.PngImagePlugin - STREAM b'IDAT' 41 50455
2026-09-10 17:08:03,439 - DEBUG - PIL.PngImagePlugin - STREAM b'IHDR' 16 13
2026-09-10 17:08:03,440 - DEBUG - PIL.PngImagePlugin - STREAM b'IDAT' 41 49252
2026-09-10 17:08:03,443 - DEBUG - PIL.PngImagePlugin - STREAM b'IHDR' 16 13
2026-09-10 17:08:03,443 - DEBUG - PIL.PngImagePlugin - STREAM b'IDAT' 41 55682
2026-09-10 17:08:03,447 - DEBUG - PIL.PngImagePlugin - STREAM b'IHDR' 16 13
2026-09-10 17:08:03,447 - DEBUG - PIL.PngImagePlugin - STREAM b'IDAT' 41 57887
2026-09-10 17:08:03,451 - DEBUG - PIL.PngImagePlugin - STREAM b'IHDR' 16 13
2026-09-10 17:08:03,451 - DEBUG - PIL.PngImagePlugin - STREAM b'IDAT' 41 47281
2026-09-10 17:08:03,454 - DEBUG - PIL.PngImagePlugin - STREAM b'IHDR' 16 13
2026-09-10 17:08:03,455 - DEBUG - PIL.PngImagePlugin - STREAM b'IDAT' 41 56615
2026-09-10 17:08:03,459 - DEBUG - PIL.PngImagePlugin - STREAM b'IHDR' 16 13
2026-09-10 17:08:03,459 - DEBUG - PIL.PngImagePlugin - STREAM b'IDAT' 41 57598
2026-09-10 17:08:03,468 - DEBUG - PIL.PngImagePlugin - STREAM b'IHDR' 16 13
2026-09-10 17:08:03,468 - DEBUG - PIL.PngImagePlugin - STREAM b'IDAT' 41 62450
2026-09-10 17:08:03,470 - DEBUG - PIL.PngImagePlugin - STREAM b'IHDR' 16 13
2026-09-10 17:08:03,471 - DEBUG - PIL.PngImagePlugin - STREAM b'IDAT' 41 65536
2026-09-10 17:08:18,935 - INFO - KGameTracker - ℹ️  ==================================================
2026-09-10 17:08:18,935 - INFO - KGameTracker - ℹ️  K GAME TRACKER - CERRADA
2026-09-10 17:08:18,935 - INFO - KGameTracker - ℹ️  ==================================================
2026-09-10 17:13:52,786 - INFO - KGameTracker - ℹ️  ==================================================
2026-09-10 17:13:52,786 - INFO - KGameTracker - ℹ️  K GAME TRACKER - INICIADA
2026-09-10 17:13:52,786 - INFO - KGameTracker - ℹ️  ==================================================
2026-09-10 17:13:52,919 - DEBUG - PIL.Image - Importing PngImagePlugin
2026-09-10 17:13:52,929 - DEBUG - PIL.PngImagePlugin - STREAM b'IHDR' 16 13
2026-09-10 17:13:52,929 - DEBUG - PIL.PngImagePlugin - STREAM b'IDAT' 41 65536
2026-09-10 17:13:55,418 - DEBUG - PIL.PngImagePlugin - STREAM b'IHDR' 16 13
2026-09-10 17:13:55,418 - DEBUG - PIL.PngImagePlugin - STREAM b'IDAT' 41 65536
2026-09-10 17:13:55,451 - DEBUG - PIL.PngImagePlugin - STREAM b'IHDR' 16 13
2026-09-10 17:13:55,451 - DEBUG - PIL.PngImagePlugin - STREAM b'IDAT' 41 53758
2026-09-10 17:13:55,454 - DEBUG - PIL.PngImagePlugin - STREAM b'IHDR' 16 13
2026-09-10 17:13:55,454 - DEBUG - PIL.PngImagePlugin - STREAM b'IDAT' 41 32768
2026-09-10 17:13:55,463 - DEBUG - PIL.PngImagePlugin - STREAM b'IHDR' 16 13
2026-09-10 17:13:55,464 - DEBUG - PIL.PngImagePlugin - STREAM b'IDAT' 41 65536
2026-09-10 17:13:55,467 - DEBUG - PIL.PngImagePlugin - STREAM b'IHDR' 16 13
2026-09-10 17:13:55,467 - DEBUG - PIL.PngImagePlugin - STREAM b'IDAT' 41 65536
2026-09-10 17:13:55,470 - DEBUG - PIL.PngImagePlugin - STREAM b'IHDR' 16 13
2026-09-10 17:13:55,471 - DEBUG - PIL.PngImagePlugin - STREAM b'IDAT' 41 54958
2026-09-10 17:13:55,474 - DEBUG - PIL.PngImagePlugin - STREAM b'IHDR' 16 13
2026-09-10 17:13:55,475 - DEBUG - PIL.PngImagePlugin - STREAM b'IDAT' 41 54668
2026-09-10 17:13:55,479 - DEBUG - PIL.PngImagePlugin - STREAM b'IHDR' 16 13
2026-09-10 17:13:55,480 - DEBUG - PIL.PngImagePlugin - STREAM b'IDAT' 41 50455
2026-09-10 17:13:55,483 - DEBUG - PIL.PngImagePlugin - STREAM b'IHDR' 16 13
2026-09-10 17:13:55,483 - DEBUG - PIL.PngImagePlugin - STREAM b'IDAT' 41 49252
2026-09-10 17:13:55,487 - DEBUG - PIL.PngImagePlugin - STREAM b'IHDR' 16 13
2026-09-10 17:13:55,487 - DEBUG - PIL.PngImagePlugin - STREAM b'IDAT' 41 55682
2026-09-10 17:13:55,491 - DEBUG - PIL.PngImagePlugin - STREAM b'IHDR' 16 13
2026-09-10 17:13:55,491 - DEBUG - PIL.PngImagePlugin - STREAM b'IDAT' 41 57887
2026-09-10 17:13:55,496 - DEBUG - PIL.PngImagePlugin - STREAM b'IHDR' 16 13
2026-09-10 17:13:55,496 - DEBUG - PIL.PngImagePlugin - STREAM b'IDAT' 41 47281
2026-09-10 17:13:55,499 - DEBUG - PIL.PngImagePlugin - STREAM b'IHDR' 16 13
2026-09-10 17:13:55,500 - DEBUG - PIL.PngImagePlugin - STREAM b'IDAT' 41 56615
2026-09-10 17:13:55,504 - DEBUG - PIL.PngImagePlugin - STREAM b'IHDR' 16 13
2026-09-10 17:13:55,933 - DEBUG - PIL.PngImagePlugin - STREAM b'IDAT' 41 57598
2026-09-10 17:13:55,954 - DEBUG - PIL.PngImagePlugin - STREAM b'IHDR' 16 13
2026-09-10 17:13:55,954 - DEBUG - PIL.PngImagePlugin - STREAM b'IDAT' 41 62450
2026-09-10 17:13:57,882 - DEBUG - urllib3.connectionpool - Starting new HTTPS connection (1): www.gamerpower.com:443
2026-09-10 17:13:58,170 - DEBUG - urllib3.connectionpool - https://www.gamerpower.com:443 "GET /api/giveaways?type=game HTTP/1.1" 200 None
2026-09-10 17:13:58,848 - DEBUG - urllib3.connectionpool - Starting new HTTPS connection (1): www.gamerpower.com:443
2026-09-10 17:13:58,946 - DEBUG - urllib3.connectionpool - https://www.gamerpower.com:443 "GET /api/giveaways?type=game HTTP/1.1" 200 None
2026-09-10 17:14:00,352 - DEBUG - PIL.PngImagePlugin - STREAM b'IHDR' 16 13
2026-09-10 17:14:00,352 - DEBUG - PIL.PngImagePlugin - STREAM b'IDAT' 41 58612
2026-09-10 17:14:01,072 - DEBUG - PIL.PngImagePlugin - STREAM b'IHDR' 16 13
2026-09-10 17:14:01,072 - DEBUG - PIL.PngImagePlugin - STREAM b'IDAT' 41 65536
2026-09-10 17:14:01,486 - DEBUG - PIL.PngImagePlugin - STREAM b'IHDR' 16 13
2026-09-10 17:14:01,486 - DEBUG - PIL.PngImagePlugin - STREAM b'IDAT' 41 58612
2026-09-10 17:14:01,984 - DEBUG - PIL.PngImagePlugin - STREAM b'IHDR' 16 13
2026-09-10 17:14:01,984 - DEBUG - PIL.PngImagePlugin - STREAM b'IDAT' 41 65536
2026-09-10 17:14:03,263 - INFO - KGameTracker - ℹ️  ==================================================
2026-09-10 17:14:03,263 - INFO - KGameTracker - ℹ️  K GAME TRACKER - CERRADA
2026-09-10 17:14:03,263 - INFO - KGameTracker - ℹ️  ==================================================
2026-09-10 17:16:16,340 - INFO - KGameTracker - ℹ️  ==================================================
2026-09-10 17:16:16,340 - INFO - KGameTracker - ℹ️  K GAME TRACKER - INICIADA
2026-09-10 17:16:16,340 - INFO - KGameTracker - ℹ️  ==================================================
2026-09-10 17:16:16,460 - DEBUG - PIL.Image - Importing PngImagePlugin
2026-09-10 17:16:16,592 - DEBUG - PIL.PngImagePlugin - STREAM b'IHDR' 16 13
2026-09-10 17:16:16,593 - DEBUG - PIL.PngImagePlugin - STREAM b'IDAT' 41 65536
2026-09-10 17:16:19,418 - DEBUG - PIL.PngImagePlugin - STREAM b'IHDR' 16 13
2026-09-10 17:16:19,418 - DEBUG - PIL.PngImagePlugin - STREAM b'IDAT' 41 65536
2026-09-10 17:16:19,485 - DEBUG - PIL.PngImagePlugin - STREAM b'IHDR' 16 13
2026-09-10 17:16:19,485 - DEBUG - PIL.PngImagePlugin - STREAM b'IDAT' 41 53758
2026-09-10 17:16:19,489 - DEBUG - PIL.PngImagePlugin - STREAM b'IHDR' 16 13
2026-09-10 17:16:19,489 - DEBUG - PIL.PngImagePlugin - STREAM b'IDAT' 41 32768
2026-09-10 17:16:19,495 - DEBUG - PIL.PngImagePlugin - STREAM b'IHDR' 16 13
2026-09-10 17:16:19,495 - DEBUG - PIL.PngImagePlugin - STREAM b'IDAT' 41 65536
2026-09-10 17:16:19,498 - DEBUG - PIL.PngImagePlugin - STREAM b'IHDR' 16 13
2026-09-10 17:16:19,499 - DEBUG - PIL.PngImagePlugin - STREAM b'IDAT' 41 65536
2026-09-10 17:16:19,502 - DEBUG - PIL.PngImagePlugin - STREAM b'IHDR' 16 13
2026-09-10 17:16:19,502 - DEBUG - PIL.PngImagePlugin - STREAM b'IDAT' 41 54958
2026-09-10 17:16:19,506 - DEBUG - PIL.PngImagePlugin - STREAM b'IHDR' 16 13
2026-09-10 17:16:19,506 - DEBUG - PIL.PngImagePlugin - STREAM b'IDAT' 41 54668
2026-09-10 17:16:19,510 - DEBUG - PIL.PngImagePlugin - STREAM b'IHDR' 16 13
2026-09-10 17:16:19,510 - DEBUG - PIL.PngImagePlugin - STREAM b'IDAT' 41 50455
2026-09-10 17:16:19,514 - DEBUG - PIL.PngImagePlugin - STREAM b'IHDR' 16 13
2026-09-10 17:16:19,515 - DEBUG - PIL.PngImagePlugin - STREAM b'IDAT' 41 49252
2026-09-10 17:16:19,519 - DEBUG - PIL.PngImagePlugin - STREAM b'IHDR' 16 13
2026-09-10 17:16:19,519 - DEBUG - PIL.PngImagePlugin - STREAM b'IDAT' 41 55682
2026-09-10 17:16:19,523 - DEBUG - PIL.PngImagePlugin - STREAM b'IHDR' 16 13
2026-09-10 17:16:19,523 - DEBUG - PIL.PngImagePlugin - STREAM b'IDAT' 41 57887
2026-09-10 17:16:19,526 - DEBUG - PIL.PngImagePlugin - STREAM b'IHDR' 16 13
2026-09-10 17:16:19,527 - DEBUG - PIL.PngImagePlugin - STREAM b'IDAT' 41 47281
2026-09-10 17:16:19,530 - DEBUG - PIL.PngImagePlugin - STREAM b'IHDR' 16 13
2026-09-10 17:16:19,530 - DEBUG - PIL.PngImagePlugin - STREAM b'IDAT' 41 56615
2026-09-10 17:16:19,535 - DEBUG - PIL.PngImagePlugin - STREAM b'IHDR' 16 13
2026-09-10 17:16:19,536 - DEBUG - PIL.PngImagePlugin - STREAM b'IDAT' 41 57598
2026-09-10 17:16:19,559 - DEBUG - PIL.PngImagePlugin - STREAM b'IHDR' 16 13
2026-09-10 17:16:19,560 - DEBUG - PIL.PngImagePlugin - STREAM b'IDAT' 41 62450
2026-09-10 17:16:22,727 - DEBUG - PIL.PngImagePlugin - STREAM b'IHDR' 16 13
2026-09-10 17:16:22,727 - DEBUG - PIL.PngImagePlugin - STREAM b'IDAT' 41 58612
2026-09-10 17:16:23,371 - DEBUG - PIL.PngImagePlugin - STREAM b'IHDR' 16 13
2026-09-10 17:16:23,371 - DEBUG - PIL.PngImagePlugin - STREAM b'IDAT' 41 65536
2026-09-10 17:16:23,902 - DEBUG - PIL.PngImagePlugin - STREAM b'IHDR' 16 13
2026-09-10 17:16:23,902 - DEBUG - PIL.PngImagePlugin - STREAM b'IDAT' 41 58612
2026-09-10 17:16:24,389 - DEBUG - PIL.PngImagePlugin - STREAM b'IHDR' 16 13
2026-09-10 17:16:24,389 - DEBUG - PIL.PngImagePlugin - STREAM b'IDAT' 41 65536
2026-09-10 17:16:24,836 - DEBUG - PIL.PngImagePlugin - STREAM b'IHDR' 16 13
2026-09-10 17:16:24,837 - DEBUG - PIL.PngImagePlugin - STREAM b'IDAT' 41 58612
2026-09-10 17:16:25,340 - DEBUG - PIL.PngImagePlugin - STREAM b'IHDR' 16 13
2026-09-10 17:16:25,341 - DEBUG - PIL.PngImagePlugin - STREAM b'IDAT' 41 65536
2026-09-10 17:16:25,879 - DEBUG - PIL.PngImagePlugin - STREAM b'IHDR' 16 13
2026-09-10 17:16:25,879 - DEBUG - PIL.PngImagePlugin - STREAM b'IDAT' 41 58612
2026-09-10 17:16:26,366 - DEBUG - PIL.PngImagePlugin - STREAM b'IHDR' 16 13
2026-09-10 17:16:26,366 - DEBUG - PIL.PngImagePlugin - STREAM b'IDAT' 41 65536
2026-09-10 17:16:27,271 - DEBUG - PIL.PngImagePlugin - STREAM b'IHDR' 16 13
2026-09-10 17:16:27,271 - DEBUG - PIL.PngImagePlugin - STREAM b'IDAT' 41 58612
2026-09-10 17:16:27,776 - DEBUG - PIL.PngImagePlugin - STREAM b'IHDR' 16 13
2026-09-10 17:16:27,776 - DEBUG - PIL.PngImagePlugin - STREAM b'IDAT' 41 65536
2026-09-10 17:16:36,422 - DEBUG - PIL.PngImagePlugin - STREAM b'IHDR' 16 13
2026-09-10 17:16:36,422 - DEBUG - PIL.PngImagePlugin - STREAM b'IDAT' 41 58612
2026-09-10 17:16:36,947 - DEBUG - PIL.PngImagePlugin - STREAM b'IHDR' 16 13
2026-09-10 17:16:36,947 - DEBUG - PIL.PngImagePlugin - STREAM b'IDAT' 41 65536
2026-09-10 17:16:37,444 - DEBUG - PIL.PngImagePlugin - STREAM b'IHDR' 16 13
2026-09-10 17:16:37,444 - DEBUG - PIL.PngImagePlugin - STREAM b'IDAT' 41 58612
2026-09-10 17:16:37,949 - DEBUG - PIL.PngImagePlugin - STREAM b'IHDR' 16 13
2026-09-10 17:16:37,949 - DEBUG - PIL.PngImagePlugin - STREAM b'IDAT' 41 65536
2026-09-10 17:16:39,430 - INFO - KGameTracker - ℹ️  ==================================================
2026-09-10 17:16:39,430 - INFO - KGameTracker - ℹ️  K GAME TRACKER - CERRADA
2026-09-10 17:16:39,430 - INFO - KGameTracker - ℹ️  ==================================================
2026-09-10 17:17:46,390 - INFO - KGameTracker - ℹ️  ==================================================
2026-09-10 17:17:46,390 - INFO - KGameTracker - ℹ️  K GAME TRACKER - INICIADA
2026-09-10 17:17:46,391 - INFO - KGameTracker - ℹ️  ==================================================
2026-09-10 17:17:46,516 - DEBUG - PIL.Image - Importing PngImagePlugin
2026-09-10 17:17:46,526 - DEBUG - PIL.PngImagePlugin - STREAM b'IHDR' 16 13
2026-09-10 17:17:46,526 - DEBUG - PIL.PngImagePlugin - STREAM b'IDAT' 41 65536
2026-09-10 17:17:49,028 - DEBUG - PIL.PngImagePlugin - STREAM b'IHDR' 16 13
2026-09-10 17:17:49,029 - DEBUG - PIL.PngImagePlugin - STREAM b'IDAT' 41 65536
2026-09-10 17:17:49,060 - DEBUG - PIL.PngImagePlugin - STREAM b'IHDR' 16 13
2026-09-10 17:17:49,060 - DEBUG - PIL.PngImagePlugin - STREAM b'IDAT' 41 53758
2026-09-10 17:17:49,063 - DEBUG - PIL.PngImagePlugin - STREAM b'IHDR' 16 13
2026-09-10 17:17:49,064 - DEBUG - PIL.PngImagePlugin - STREAM b'IDAT' 41 32768
2026-09-10 17:17:49,070 - DEBUG - PIL.PngImagePlugin - STREAM b'IHDR' 16 13
2026-09-10 17:17:49,070 - DEBUG - PIL.PngImagePlugin - STREAM b'IDAT' 41 65536
2026-09-10 17:17:49,073 - DEBUG - PIL.PngImagePlugin - STREAM b'IHDR' 16 13
2026-09-10 17:17:49,073 - DEBUG - PIL.PngImagePlugin - STREAM b'IDAT' 41 65536
2026-09-10 17:17:49,077 - DEBUG - PIL.PngImagePlugin - STREAM b'IHDR' 16 13
2026-09-10 17:17:49,077 - DEBUG - PIL.PngImagePlugin - STREAM b'IDAT' 41 54958
2026-09-10 17:17:49,082 - DEBUG - PIL.PngImagePlugin - STREAM b'IHDR' 16 13
2026-09-10 17:17:49,082 - DEBUG - PIL.PngImagePlugin - STREAM b'IDAT' 41 54668
2026-09-10 17:17:49,086 - DEBUG - PIL.PngImagePlugin - STREAM b'IHDR' 16 13
2026-09-10 17:17:49,086 - DEBUG - PIL.PngImagePlugin - STREAM b'IDAT' 41 50455
2026-09-10 17:17:49,091 - DEBUG - PIL.PngImagePlugin - STREAM b'IHDR' 16 13
2026-09-10 17:17:49,091 - DEBUG - PIL.PngImagePlugin - STREAM b'IDAT' 41 49252
2026-09-10 17:17:49,096 - DEBUG - PIL.PngImagePlugin - STREAM b'IHDR' 16 13
2026-09-10 17:17:49,097 - DEBUG - PIL.PngImagePlugin - STREAM b'IDAT' 41 55682
2026-09-10 17:17:49,101 - DEBUG - PIL.PngImagePlugin - STREAM b'IHDR' 16 13
2026-09-10 17:17:49,101 - DEBUG - PIL.PngImagePlugin - STREAM b'IDAT' 41 57887
2026-09-10 17:17:49,106 - DEBUG - PIL.PngImagePlugin - STREAM b'IHDR' 16 13
2026-09-10 17:17:49,106 - DEBUG - PIL.PngImagePlugin - STREAM b'IDAT' 41 47281
2026-09-10 17:17:49,110 - DEBUG - PIL.PngImagePlugin - STREAM b'IHDR' 16 13
2026-09-10 17:17:49,110 - DEBUG - PIL.PngImagePlugin - STREAM b'IDAT' 41 56615
2026-09-10 17:17:49,115 - DEBUG - PIL.PngImagePlugin - STREAM b'IHDR' 16 13
2026-09-10 17:17:49,115 - DEBUG - PIL.PngImagePlugin - STREAM b'IDAT' 41 57598
2026-09-10 17:17:49,143 - DEBUG - PIL.PngImagePlugin - STREAM b'IHDR' 16 13
2026-09-10 17:17:49,143 - DEBUG - PIL.PngImagePlugin - STREAM b'IDAT' 41 62450
2026-09-10 17:17:50,848 - DEBUG - PIL.PngImagePlugin - STREAM b'IHDR' 16 13
2026-09-10 17:17:50,849 - DEBUG - PIL.PngImagePlugin - STREAM b'IDAT' 41 58612
2026-09-10 17:17:51,404 - DEBUG - PIL.PngImagePlugin - STREAM b'IHDR' 16 13
2026-09-10 17:17:51,405 - DEBUG - PIL.PngImagePlugin - STREAM b'IDAT' 41 65536
2026-09-10 17:17:51,870 - DEBUG - PIL.PngImagePlugin - STREAM b'IHDR' 16 13
2026-09-10 17:17:51,870 - DEBUG - PIL.PngImagePlugin - STREAM b'IDAT' 41 58612
2026-09-10 17:17:52,274 - DEBUG - PIL.PngImagePlugin - STREAM b'IHDR' 16 13
2026-09-10 17:17:52,274 - DEBUG - PIL.PngImagePlugin - STREAM b'IDAT' 41 65536
2026-09-10 17:17:53,433 - INFO - KGameTracker - ℹ️  ==================================================
2026-09-10 17:17:53,434 - INFO - KGameTracker - ℹ️  K GAME TRACKER - CERRADA
2026-09-10 17:17:53,434 - INFO - KGameTracker - ℹ️  ==================================================
2026-09-10 17:19:24,903 - INFO - KGameTracker - ℹ️  ==================================================
2026-09-10 17:19:24,903 - INFO - KGameTracker - ℹ️  K GAME TRACKER - INICIADA
2026-09-10 17:19:24,903 - INFO - KGameTracker - ℹ️  ==================================================
2026-09-10 17:19:25,038 - DEBUG - PIL.Image - Importing PngImagePlugin
2026-09-10 17:19:25,048 - DEBUG - PIL.PngImagePlugin - STREAM b'IHDR' 16 13
2026-09-10 17:19:25,048 - DEBUG - PIL.PngImagePlugin - STREAM b'IDAT' 41 65536
2026-09-10 17:19:27,588 - DEBUG - PIL.PngImagePlugin - STREAM b'IHDR' 16 13
2026-09-10 17:19:27,588 - DEBUG - PIL.PngImagePlugin - STREAM b'IDAT' 41 65536
2026-09-10 17:19:27,621 - DEBUG - PIL.PngImagePlugin - STREAM b'IHDR' 16 13
2026-09-10 17:19:27,622 - DEBUG - PIL.PngImagePlugin - STREAM b'IDAT' 41 53758
2026-09-10 17:19:27,626 - DEBUG - PIL.PngImagePlugin - STREAM b'IHDR' 16 13
2026-09-10 17:19:27,626 - DEBUG - PIL.PngImagePlugin - STREAM b'IDAT' 41 32768
2026-09-10 17:19:27,633 - DEBUG - PIL.PngImagePlugin - STREAM b'IHDR' 16 13
2026-09-10 17:19:27,633 - DEBUG - PIL.PngImagePlugin - STREAM b'IDAT' 41 65536
2026-09-10 17:19:27,638 - DEBUG - PIL.PngImagePlugin - STREAM b'IHDR' 16 13
2026-09-10 17:19:27,638 - DEBUG - PIL.PngImagePlugin - STREAM b'IDAT' 41 65536
2026-09-10 17:19:27,641 - DEBUG - PIL.PngImagePlugin - STREAM b'IHDR' 16 13
2026-09-10 17:19:27,641 - DEBUG - PIL.PngImagePlugin - STREAM b'IDAT' 41 54958
2026-09-10 17:19:27,646 - DEBUG - PIL.PngImagePlugin - STREAM b'IHDR' 16 13
2026-09-10 17:19:27,646 - DEBUG - PIL.PngImagePlugin - STREAM b'IDAT' 41 54668
2026-09-10 17:19:27,651 - DEBUG - PIL.PngImagePlugin - STREAM b'IHDR' 16 13
2026-09-10 17:19:27,651 - DEBUG - PIL.PngImagePlugin - STREAM b'IDAT' 41 50455
2026-09-10 17:19:27,656 - DEBUG - PIL.PngImagePlugin - STREAM b'IHDR' 16 13
2026-09-10 17:19:27,656 - DEBUG - PIL.PngImagePlugin - STREAM b'IDAT' 41 49252
2026-09-10 17:19:27,659 - DEBUG - PIL.PngImagePlugin - STREAM b'IHDR' 16 13
2026-09-10 17:19:27,660 - DEBUG - PIL.PngImagePlugin - STREAM b'IDAT' 41 55682
2026-09-10 17:19:27,664 - DEBUG - PIL.PngImagePlugin - STREAM b'IHDR' 16 13
2026-09-10 17:19:27,664 - DEBUG - PIL.PngImagePlugin - STREAM b'IDAT' 41 57887
2026-09-10 17:19:27,668 - DEBUG - PIL.PngImagePlugin - STREAM b'IHDR' 16 13
2026-09-10 17:19:27,668 - DEBUG - PIL.PngImagePlugin - STREAM b'IDAT' 41 47281
2026-09-10 17:19:27,671 - DEBUG - PIL.PngImagePlugin - STREAM b'IHDR' 16 13
2026-09-10 17:19:27,672 - DEBUG - PIL.PngImagePlugin - STREAM b'IDAT' 41 56615
2026-09-10 17:19:27,675 - DEBUG - PIL.PngImagePlugin - STREAM b'IHDR' 16 13
2026-09-10 17:19:27,675 - DEBUG - PIL.PngImagePlugin - STREAM b'IDAT' 41 57598
2026-09-10 17:19:27,698 - DEBUG - PIL.PngImagePlugin - STREAM b'IHDR' 16 13
2026-09-10 17:19:27,698 - DEBUG - PIL.PngImagePlugin - STREAM b'IDAT' 41 62450
2026-09-10 17:19:28,804 - DEBUG - PIL.PngImagePlugin - STREAM b'IHDR' 16 13
2026-09-10 17:19:28,804 - DEBUG - PIL.PngImagePlugin - STREAM b'IDAT' 41 58612
2026-09-10 17:19:29,277 - DEBUG - PIL.PngImagePlugin - STREAM b'IHDR' 16 13
2026-09-10 17:19:29,277 - DEBUG - PIL.PngImagePlugin - STREAM b'IDAT' 41 65536
2026-09-10 17:19:29,678 - DEBUG - PIL.PngImagePlugin - STREAM b'IHDR' 16 13
2026-09-10 17:19:29,679 - DEBUG - PIL.PngImagePlugin - STREAM b'IDAT' 41 58612
2026-09-10 17:19:30,995 - INFO - KGameTracker - ℹ️  ==================================================
2026-09-10 17:19:30,996 - INFO - KGameTracker - ℹ️  K GAME TRACKER - CERRADA
2026-09-10 17:19:30,996 - INFO - KGameTracker - ℹ️  ==================================================
2026-09-10 17:22:36,424 - INFO - KGameTracker - ℹ️  ==================================================
2026-09-10 17:22:36,424 - INFO - KGameTracker - ℹ️  K GAME TRACKER - INICIADA
2026-09-10 17:22:36,424 - INFO - KGameTracker - ℹ️  ==================================================
2026-09-10 17:22:36,547 - DEBUG - PIL.Image - Importing PngImagePlugin
2026-09-10 17:22:36,556 - DEBUG - PIL.PngImagePlugin - STREAM b'IHDR' 16 13
2026-09-10 17:22:36,556 - DEBUG - PIL.PngImagePlugin - STREAM b'IDAT' 41 65536
2026-09-10 17:22:39,018 - DEBUG - PIL.PngImagePlugin - STREAM b'IHDR' 16 13
2026-09-10 17:22:39,019 - DEBUG - PIL.PngImagePlugin - STREAM b'IDAT' 41 65536
2026-09-10 17:22:39,052 - DEBUG - PIL.PngImagePlugin - STREAM b'IHDR' 16 13
2026-09-10 17:22:39,052 - DEBUG - PIL.PngImagePlugin - STREAM b'IDAT' 41 53758
2026-09-10 17:22:39,056 - DEBUG - PIL.PngImagePlugin - STREAM b'IHDR' 16 13
2026-09-10 17:22:39,056 - DEBUG - PIL.PngImagePlugin - STREAM b'IDAT' 41 32768
2026-09-10 17:22:39,063 - DEBUG - PIL.PngImagePlugin - STREAM b'IHDR' 16 13
2026-09-10 17:22:39,063 - DEBUG - PIL.PngImagePlugin - STREAM b'IDAT' 41 65536
2026-09-10 17:22:39,067 - DEBUG - PIL.PngImagePlugin - STREAM b'IHDR' 16 13
2026-09-10 17:22:39,067 - DEBUG - PIL.PngImagePlugin - STREAM b'IDAT' 41 65536
2026-09-10 17:22:39,070 - DEBUG - PIL.PngImagePlugin - STREAM b'IHDR' 16 13
2026-09-10 17:22:39,071 - DEBUG - PIL.PngImagePlugin - STREAM b'IDAT' 41 54958
2026-09-10 17:22:39,075 - DEBUG - PIL.PngImagePlugin - STREAM b'IHDR' 16 13
2026-09-10 17:22:39,075 - DEBUG - PIL.PngImagePlugin - STREAM b'IDAT' 41 54668
2026-09-10 17:22:39,080 - DEBUG - PIL.PngImagePlugin - STREAM b'IHDR' 16 13
2026-09-10 17:22:39,080 - DEBUG - PIL.PngImagePlugin - STREAM b'IDAT' 41 50455
2026-09-10 17:22:39,085 - DEBUG - PIL.PngImagePlugin - STREAM b'IHDR' 16 13
2026-09-10 17:22:39,085 - DEBUG - PIL.PngImagePlugin - STREAM b'IDAT' 41 49252
2026-09-10 17:22:39,089 - DEBUG - PIL.PngImagePlugin - STREAM b'IHDR' 16 13
2026-09-10 17:22:39,089 - DEBUG - PIL.PngImagePlugin - STREAM b'IDAT' 41 55682
2026-09-10 17:22:39,095 - DEBUG - PIL.PngImagePlugin - STREAM b'IHDR' 16 13
2026-09-10 17:22:39,095 - DEBUG - PIL.PngImagePlugin - STREAM b'IDAT' 41 57887
2026-09-10 17:22:39,099 - DEBUG - PIL.PngImagePlugin - STREAM b'IHDR' 16 13
2026-09-10 17:22:39,099 - DEBUG - PIL.PngImagePlugin - STREAM b'IDAT' 41 47281
2026-09-10 17:22:39,103 - DEBUG - PIL.PngImagePlugin - STREAM b'IHDR' 16 13
2026-09-10 17:22:39,103 - DEBUG - PIL.PngImagePlugin - STREAM b'IDAT' 41 56615
2026-09-10 17:22:39,109 - DEBUG - PIL.PngImagePlugin - STREAM b'IHDR' 16 13
2026-09-10 17:22:39,109 - DEBUG - PIL.PngImagePlugin - STREAM b'IDAT' 41 57598
2026-09-10 17:22:39,137 - DEBUG - PIL.PngImagePlugin - STREAM b'IHDR' 16 13
2026-09-10 17:22:39,137 - DEBUG - PIL.PngImagePlugin - STREAM b'IDAT' 41 62450
2026-09-10 17:22:40,799 - DEBUG - PIL.PngImagePlugin - STREAM b'IHDR' 16 13
2026-09-10 17:22:40,799 - DEBUG - PIL.PngImagePlugin - STREAM b'IDAT' 41 65536
2026-09-10 17:22:40,824 - DEBUG - PIL.PngImagePlugin - STREAM b'IHDR' 16 13
2026-09-10 17:22:40,825 - DEBUG - PIL.PngImagePlugin - STREAM b'IDAT' 41 53758
2026-09-10 17:22:40,828 - DEBUG - PIL.PngImagePlugin - STREAM b'IHDR' 16 13
2026-09-10 17:22:40,828 - DEBUG - PIL.PngImagePlugin - STREAM b'IDAT' 41 32768
2026-09-10 17:22:40,834 - DEBUG - PIL.PngImagePlugin - STREAM b'IHDR' 16 13
2026-09-10 17:22:40,835 - DEBUG - PIL.PngImagePlugin - STREAM b'IDAT' 41 65536
2026-09-10 17:22:40,838 - DEBUG - PIL.PngImagePlugin - STREAM b'IHDR' 16 13
2026-09-10 17:22:40,838 - DEBUG - PIL.PngImagePlugin - STREAM b'IDAT' 41 58612
2026-09-10 17:22:40,842 - DEBUG - PIL.PngImagePlugin - STREAM b'IHDR' 16 13
2026-09-10 17:22:40,842 - DEBUG - PIL.PngImagePlugin - STREAM b'IDAT' 41 54958
2026-09-10 17:22:40,845 - DEBUG - PIL.PngImagePlugin - STREAM b'IHDR' 16 13
2026-09-10 17:22:40,846 - DEBUG - PIL.PngImagePlugin - STREAM b'IDAT' 41 54668
2026-09-10 17:22:40,851 - DEBUG - PIL.PngImagePlugin - STREAM b'IHDR' 16 13
2026-09-10 17:22:40,851 - DEBUG - PIL.PngImagePlugin - STREAM b'IDAT' 41 50455
2026-09-10 17:22:40,855 - DEBUG - PIL.PngImagePlugin - STREAM b'IHDR' 16 13
2026-09-10 17:22:40,855 - DEBUG - PIL.PngImagePlugin - STREAM b'IDAT' 41 49252
2026-09-10 17:22:40,859 - DEBUG - PIL.PngImagePlugin - STREAM b'IHDR' 16 13
2026-09-10 17:22:40,859 - DEBUG - PIL.PngImagePlugin - STREAM b'IDAT' 41 55682
2026-09-10 17:22:40,863 - DEBUG - PIL.PngImagePlugin - STREAM b'IHDR' 16 13
2026-09-10 17:22:40,863 - DEBUG - PIL.PngImagePlugin - STREAM b'IDAT' 41 57887
2026-09-10 17:22:40,866 - DEBUG - PIL.PngImagePlugin - STREAM b'IHDR' 16 13
2026-09-10 17:22:40,867 - DEBUG - PIL.PngImagePlugin - STREAM b'IDAT' 41 47281
2026-09-10 17:22:40,870 - DEBUG - PIL.PngImagePlugin - STREAM b'IHDR' 16 13
2026-09-10 17:22:40,870 - DEBUG - PIL.PngImagePlugin - STREAM b'IDAT' 41 56615
2026-09-10 17:22:40,874 - DEBUG - PIL.PngImagePlugin - STREAM b'IHDR' 16 13
2026-09-10 17:22:40,874 - DEBUG - PIL.PngImagePlugin - STREAM b'IDAT' 41 57598
2026-09-10 17:22:40,884 - DEBUG - PIL.PngImagePlugin - STREAM b'IHDR' 16 13
2026-09-10 17:22:40,884 - DEBUG - PIL.PngImagePlugin - STREAM b'IDAT' 41 62450
2026-09-10 17:22:40,888 - DEBUG - PIL.PngImagePlugin - STREAM b'IHDR' 16 13
2026-09-10 17:22:40,888 - DEBUG - PIL.PngImagePlugin - STREAM b'IDAT' 41 58612
2026-09-10 17:22:41,311 - DEBUG - PIL.PngImagePlugin - STREAM b'IHDR' 16 13
2026-09-10 17:22:41,311 - DEBUG - PIL.PngImagePlugin - STREAM b'IDAT' 41 65536
2026-09-10 17:22:41,337 - DEBUG - PIL.PngImagePlugin - STREAM b'IHDR' 16 13
2026-09-10 17:22:41,337 - DEBUG - PIL.PngImagePlugin - STREAM b'IDAT' 41 53758
2026-09-10 17:22:41,342 - DEBUG - PIL.PngImagePlugin - STREAM b'IHDR' 16 13
2026-09-10 17:22:41,342 - DEBUG - PIL.PngImagePlugin - STREAM b'IDAT' 41 32768
2026-09-10 17:22:41,348 - DEBUG - PIL.PngImagePlugin - STREAM b'IHDR' 16 13
2026-09-10 17:22:41,348 - DEBUG - PIL.PngImagePlugin - STREAM b'IDAT' 41 65536
2026-09-10 17:22:41,352 - DEBUG - PIL.PngImagePlugin - STREAM b'IHDR' 16 13
2026-09-10 17:22:41,352 - DEBUG - PIL.PngImagePlugin - STREAM b'IDAT' 41 65536
2026-09-10 17:22:41,355 - DEBUG - PIL.PngImagePlugin - STREAM b'IHDR' 16 13
2026-09-10 17:22:41,355 - DEBUG - PIL.PngImagePlugin - STREAM b'IDAT' 41 54958
2026-09-10 17:22:41,360 - DEBUG - PIL.PngImagePlugin - STREAM b'IHDR' 16 13
2026-09-10 17:22:41,360 - DEBUG - PIL.PngImagePlugin - STREAM b'IDAT' 41 54668
2026-09-10 17:22:41,364 - DEBUG - PIL.PngImagePlugin - STREAM b'IHDR' 16 13
2026-09-10 17:22:41,365 - DEBUG - PIL.PngImagePlugin - STREAM b'IDAT' 41 50455
2026-09-10 17:22:41,368 - DEBUG - PIL.PngImagePlugin - STREAM b'IHDR' 16 13
2026-09-10 17:22:41,369 - DEBUG - PIL.PngImagePlugin - STREAM b'IDAT' 41 49252
2026-09-10 17:22:41,373 - DEBUG - PIL.PngImagePlugin - STREAM b'IHDR' 16 13
2026-09-10 17:22:41,373 - DEBUG - PIL.PngImagePlugin - STREAM b'IDAT' 41 55682
2026-09-10 17:22:41,377 - DEBUG - PIL.PngImagePlugin - STREAM b'IHDR' 16 13
2026-09-10 17:22:41,378 - DEBUG - PIL.PngImagePlugin - STREAM b'IDAT' 41 57887
2026-09-10 17:22:41,382 - DEBUG - PIL.PngImagePlugin - STREAM b'IHDR' 16 13
2026-09-10 17:22:41,382 - DEBUG - PIL.PngImagePlugin - STREAM b'IDAT' 41 47281
2026-09-10 17:22:41,387 - DEBUG - PIL.PngImagePlugin - STREAM b'IHDR' 16 13
2026-09-10 17:22:41,389 - DEBUG - PIL.PngImagePlugin - STREAM b'IDAT' 41 56615
2026-09-10 17:22:41,394 - DEBUG - PIL.PngImagePlugin - STREAM b'IHDR' 16 13
2026-09-10 17:22:41,394 - DEBUG - PIL.PngImagePlugin - STREAM b'IDAT' 41 57598
2026-09-10 17:22:41,407 - DEBUG - PIL.PngImagePlugin - STREAM b'IHDR' 16 13
2026-09-10 17:22:41,407 - DEBUG - PIL.PngImagePlugin - STREAM b'IDAT' 41 62450
2026-09-10 17:22:41,411 - DEBUG - PIL.PngImagePlugin - STREAM b'IHDR' 16 13
2026-09-10 17:22:41,412 - DEBUG - PIL.PngImagePlugin - STREAM b'IDAT' 41 65536
2026-09-10 17:22:41,736 - DEBUG - PIL.PngImagePlugin - STREAM b'IHDR' 16 13
2026-09-10 17:22:41,736 - DEBUG - PIL.PngImagePlugin - STREAM b'IDAT' 41 65536
2026-09-10 17:22:41,762 - DEBUG - PIL.PngImagePlugin - STREAM b'IHDR' 16 13
2026-09-10 17:22:41,762 - DEBUG - PIL.PngImagePlugin - STREAM b'IDAT' 41 53758
2026-09-10 17:22:41,766 - DEBUG - PIL.PngImagePlugin - STREAM b'IHDR' 16 13
2026-09-10 17:22:41,766 - DEBUG - PIL.PngImagePlugin - STREAM b'IDAT' 41 32768
2026-09-10 17:22:41,772 - DEBUG - PIL.PngImagePlugin - STREAM b'IHDR' 16 13
2026-09-10 17:22:41,773 - DEBUG - PIL.PngImagePlugin - STREAM b'IDAT' 41 65536
2026-09-10 17:22:41,776 - DEBUG - PIL.PngImagePlugin - STREAM b'IHDR' 16 13
2026-09-10 17:22:41,776 - DEBUG - PIL.PngImagePlugin - STREAM b'IDAT' 41 58612
2026-09-10 17:22:41,779 - DEBUG - PIL.PngImagePlugin - STREAM b'IHDR' 16 13
2026-09-10 17:22:41,779 - DEBUG - PIL.PngImagePlugin - STREAM b'IDAT' 41 54958
2026-09-10 17:22:41,783 - DEBUG - PIL.PngImagePlugin - STREAM b'IHDR' 16 13
2026-09-10 17:22:41,783 - DEBUG - PIL.PngImagePlugin - STREAM b'IDAT' 41 54668
2026-09-10 17:22:41,787 - DEBUG - PIL.PngImagePlugin - STREAM b'IHDR' 16 13
2026-09-10 17:22:41,787 - DEBUG - PIL.PngImagePlugin - STREAM b'IDAT' 41 50455
2026-09-10 17:22:41,791 - DEBUG - PIL.PngImagePlugin - STREAM b'IHDR' 16 13
2026-09-10 17:22:41,792 - DEBUG - PIL.PngImagePlugin - STREAM b'IDAT' 41 49252
2026-09-10 17:22:41,795 - DEBUG - PIL.PngImagePlugin - STREAM b'IHDR' 16 13
2026-09-10 17:22:41,795 - DEBUG - PIL.PngImagePlugin - STREAM b'IDAT' 41 55682
2026-09-10 17:22:41,800 - DEBUG - PIL.PngImagePlugin - STREAM b'IHDR' 16 13
2026-09-10 17:22:41,801 - DEBUG - PIL.PngImagePlugin - STREAM b'IDAT' 41 57887
2026-09-10 17:22:41,804 - DEBUG - PIL.PngImagePlugin - STREAM b'IHDR' 16 13
2026-09-10 17:22:41,804 - DEBUG - PIL.PngImagePlugin - STREAM b'IDAT' 41 47281
2026-09-10 17:22:41,808 - DEBUG - PIL.PngImagePlugin - STREAM b'IHDR' 16 13
2026-09-10 17:22:41,808 - DEBUG - PIL.PngImagePlugin - STREAM b'IDAT' 41 56615
2026-09-10 17:22:41,812 - DEBUG - PIL.PngImagePlugin - STREAM b'IHDR' 16 13
2026-09-10 17:22:41,812 - DEBUG - PIL.PngImagePlugin - STREAM b'IDAT' 41 57598
2026-09-10 17:22:41,823 - DEBUG - PIL.PngImagePlugin - STREAM b'IHDR' 16 13
2026-09-10 17:22:41,823 - DEBUG - PIL.PngImagePlugin - STREAM b'IDAT' 41 62450
2026-09-10 17:22:41,826 - DEBUG - PIL.PngImagePlugin - STREAM b'IHDR' 16 13
2026-09-10 17:22:41,826 - DEBUG - PIL.PngImagePlugin - STREAM b'IDAT' 41 58612
2026-09-10 17:22:42,111 - DEBUG - PIL.PngImagePlugin - STREAM b'IHDR' 16 13
2026-09-10 17:22:42,111 - DEBUG - PIL.PngImagePlugin - STREAM b'IDAT' 41 65536
2026-09-10 17:22:42,136 - DEBUG - PIL.PngImagePlugin - STREAM b'IHDR' 16 13
2026-09-10 17:22:42,136 - DEBUG - PIL.PngImagePlugin - STREAM b'IDAT' 41 53758
2026-09-10 17:22:42,140 - DEBUG - PIL.PngImagePlugin - STREAM b'IHDR' 16 13
2026-09-10 17:22:42,141 - DEBUG - PIL.PngImagePlugin - STREAM b'IDAT' 41 32768
2026-09-10 17:22:42,148 - DEBUG - PIL.PngImagePlugin - STREAM b'IHDR' 16 13
2026-09-10 17:22:42,148 - DEBUG - PIL.PngImagePlugin - STREAM b'IDAT' 41 65536
2026-09-10 17:22:42,152 - DEBUG - PIL.PngImagePlugin - STREAM b'IHDR' 16 13
2026-09-10 17:22:42,152 - DEBUG - PIL.PngImagePlugin - STREAM b'IDAT' 41 65536
2026-09-10 17:22:42,155 - DEBUG - PIL.PngImagePlugin - STREAM b'IHDR' 16 13
2026-09-10 17:22:42,155 - DEBUG - PIL.PngImagePlugin - STREAM b'IDAT' 41 54958
2026-09-10 17:22:42,160 - DEBUG - PIL.PngImagePlugin - STREAM b'IHDR' 16 13
2026-09-10 17:22:42,160 - DEBUG - PIL.PngImagePlugin - STREAM b'IDAT' 41 54668
2026-09-10 17:22:42,163 - DEBUG - PIL.PngImagePlugin - STREAM b'IHDR' 16 13
2026-09-10 17:22:42,164 - DEBUG - PIL.PngImagePlugin - STREAM b'IDAT' 41 50455
2026-09-10 17:22:42,168 - DEBUG - PIL.PngImagePlugin - STREAM b'IHDR' 16 13
2026-09-10 17:22:42,168 - DEBUG - PIL.PngImagePlugin - STREAM b'IDAT' 41 49252
2026-09-10 17:22:42,172 - DEBUG - PIL.PngImagePlugin - STREAM b'IHDR' 16 13
2026-09-10 17:22:42,173 - DEBUG - PIL.PngImagePlugin - STREAM b'IDAT' 41 55682
2026-09-10 17:22:42,177 - DEBUG - PIL.PngImagePlugin - STREAM b'IHDR' 16 13
2026-09-10 17:22:42,177 - DEBUG - PIL.PngImagePlugin - STREAM b'IDAT' 41 57887
2026-09-10 17:22:42,180 - DEBUG - PIL.PngImagePlugin - STREAM b'IHDR' 16 13
2026-09-10 17:22:42,181 - DEBUG - PIL.PngImagePlugin - STREAM b'IDAT' 41 47281
2026-09-10 17:22:42,185 - DEBUG - PIL.PngImagePlugin - STREAM b'IHDR' 16 13
2026-09-10 17:22:42,185 - DEBUG - PIL.PngImagePlugin - STREAM b'IDAT' 41 56615
2026-09-10 17:22:42,188 - DEBUG - PIL.PngImagePlugin - STREAM b'IHDR' 16 13
2026-09-10 17:22:42,189 - DEBUG - PIL.PngImagePlugin - STREAM b'IDAT' 41 57598
2026-09-10 17:22:42,198 - DEBUG - PIL.PngImagePlugin - STREAM b'IHDR' 16 13
2026-09-10 17:22:42,198 - DEBUG - PIL.PngImagePlugin - STREAM b'IDAT' 41 62450
2026-09-10 17:22:42,201 - DEBUG - PIL.PngImagePlugin - STREAM b'IHDR' 16 13
2026-09-10 17:22:42,201 - DEBUG - PIL.PngImagePlugin - STREAM b'IDAT' 41 65536
2026-09-10 17:22:43,288 - DEBUG - PIL.PngImagePlugin - STREAM b'IHDR' 16 13
2026-09-10 17:22:43,288 - DEBUG - PIL.PngImagePlugin - STREAM b'IDAT' 41 65536
2026-09-10 17:22:43,313 - DEBUG - PIL.PngImagePlugin - STREAM b'IHDR' 16 13
2026-09-10 17:22:43,313 - DEBUG - PIL.PngImagePlugin - STREAM b'IDAT' 41 53758
2026-09-10 17:22:43,317 - DEBUG - PIL.PngImagePlugin - STREAM b'IHDR' 16 13
2026-09-10 17:22:43,317 - DEBUG - PIL.PngImagePlugin - STREAM b'IDAT' 41 32768
2026-09-10 17:22:43,324 - DEBUG - PIL.PngImagePlugin - STREAM b'IHDR' 16 13
2026-09-10 17:22:43,324 - DEBUG - PIL.PngImagePlugin - STREAM b'IDAT' 41 65536
2026-09-10 17:22:43,327 - DEBUG - PIL.PngImagePlugin - STREAM b'IHDR' 16 13
2026-09-10 17:22:43,327 - DEBUG - PIL.PngImagePlugin - STREAM b'IDAT' 41 58612
2026-09-10 17:22:43,330 - DEBUG - PIL.PngImagePlugin - STREAM b'IHDR' 16 13
2026-09-10 17:22:43,330 - DEBUG - PIL.PngImagePlugin - STREAM b'IDAT' 41 54958
2026-09-10 17:22:43,334 - DEBUG - PIL.PngImagePlugin - STREAM b'IHDR' 16 13
2026-09-10 17:22:43,334 - DEBUG - PIL.PngImagePlugin - STREAM b'IDAT' 41 54668
2026-09-10 17:22:43,338 - DEBUG - PIL.PngImagePlugin - STREAM b'IHDR' 16 13
2026-09-10 17:22:43,338 - DEBUG - PIL.PngImagePlugin - STREAM b'IDAT' 41 50455
2026-09-10 17:22:43,342 - DEBUG - PIL.PngImagePlugin - STREAM b'IHDR' 16 13
2026-09-10 17:22:43,342 - DEBUG - PIL.PngImagePlugin - STREAM b'IDAT' 41 49252
2026-09-10 17:22:43,345 - DEBUG - PIL.PngImagePlugin - STREAM b'IHDR' 16 13
2026-09-10 17:22:43,345 - DEBUG - PIL.PngImagePlugin - STREAM b'IDAT' 41 55682
2026-09-10 17:22:43,349 - DEBUG - PIL.PngImagePlugin - STREAM b'IHDR' 16 13
2026-09-10 17:22:43,350 - DEBUG - PIL.PngImagePlugin - STREAM b'IDAT' 41 57887
2026-09-10 17:22:43,353 - DEBUG - PIL.PngImagePlugin - STREAM b'IHDR' 16 13
2026-09-10 17:22:43,354 - DEBUG - PIL.PngImagePlugin - STREAM b'IDAT' 41 47281
2026-09-10 17:22:43,357 - DEBUG - PIL.PngImagePlugin - STREAM b'IHDR' 16 13
2026-09-10 17:22:43,357 - DEBUG - PIL.PngImagePlugin - STREAM b'IDAT' 41 56615
2026-09-10 17:22:43,361 - DEBUG - PIL.PngImagePlugin - STREAM b'IHDR' 16 13
2026-09-10 17:22:43,361 - DEBUG - PIL.PngImagePlugin - STREAM b'IDAT' 41 57598
2026-09-10 17:22:43,370 - DEBUG - PIL.PngImagePlugin - STREAM b'IHDR' 16 13
2026-09-10 17:22:43,371 - DEBUG - PIL.PngImagePlugin - STREAM b'IDAT' 41 62450
2026-09-10 17:22:43,373 - DEBUG - PIL.PngImagePlugin - STREAM b'IHDR' 16 13
2026-09-10 17:22:43,374 - DEBUG - PIL.PngImagePlugin - STREAM b'IDAT' 41 58612
2026-09-10 17:22:43,785 - DEBUG - PIL.PngImagePlugin - STREAM b'IHDR' 16 13
2026-09-10 17:22:43,785 - DEBUG - PIL.PngImagePlugin - STREAM b'IDAT' 41 65536
2026-09-10 17:22:43,809 - DEBUG - PIL.PngImagePlugin - STREAM b'IHDR' 16 13
2026-09-10 17:22:43,810 - DEBUG - PIL.PngImagePlugin - STREAM b'IDAT' 41 53758
2026-09-10 17:22:43,813 - DEBUG - PIL.PngImagePlugin - STREAM b'IHDR' 16 13
2026-09-10 17:22:43,813 - DEBUG - PIL.PngImagePlugin - STREAM b'IDAT' 41 32768
2026-09-10 17:22:43,819 - DEBUG - PIL.PngImagePlugin - STREAM b'IHDR' 16 13
2026-09-10 17:22:43,819 - DEBUG - PIL.PngImagePlugin - STREAM b'IDAT' 41 65536
2026-09-10 17:22:43,822 - DEBUG - PIL.PngImagePlugin - STREAM b'IHDR' 16 13
2026-09-10 17:22:43,822 - DEBUG - PIL.PngImagePlugin - STREAM b'IDAT' 41 65536
2026-09-10 17:22:43,826 - DEBUG - PIL.PngImagePlugin - STREAM b'IHDR' 16 13
2026-09-10 17:22:43,826 - DEBUG - PIL.PngImagePlugin - STREAM b'IDAT' 41 54958
2026-09-10 17:22:43,829 - DEBUG - PIL.PngImagePlugin - STREAM b'IHDR' 16 13
2026-09-10 17:22:43,830 - DEBUG - PIL.PngImagePlugin - STREAM b'IDAT' 41 54668
2026-09-10 17:22:43,834 - DEBUG - PIL.PngImagePlugin - STREAM b'IHDR' 16 13
2026-09-10 17:22:43,834 - DEBUG - PIL.PngImagePlugin - STREAM b'IDAT' 41 50455
2026-09-10 17:22:43,837 - DEBUG - PIL.PngImagePlugin - STREAM b'IHDR' 16 13
2026-09-10 17:22:43,837 - DEBUG - PIL.PngImagePlugin - STREAM b'IDAT' 41 49252
2026-09-10 17:22:43,841 - DEBUG - PIL.PngImagePlugin - STREAM b'IHDR' 16 13
2026-09-10 17:22:43,841 - DEBUG - PIL.PngImagePlugin - STREAM b'IDAT' 41 55682
2026-09-10 17:22:43,844 - DEBUG - PIL.PngImagePlugin - STREAM b'IHDR' 16 13
2026-09-10 17:22:43,844 - DEBUG - PIL.PngImagePlugin - STREAM b'IDAT' 41 57887
2026-09-10 17:22:43,848 - DEBUG - PIL.PngImagePlugin - STREAM b'IHDR' 16 13
2026-09-10 17:22:43,848 - DEBUG - PIL.PngImagePlugin - STREAM b'IDAT' 41 47281
2026-09-10 17:22:43,852 - DEBUG - PIL.PngImagePlugin - STREAM b'IHDR' 16 13
2026-09-10 17:22:43,852 - DEBUG - PIL.PngImagePlugin - STREAM b'IDAT' 41 56615
2026-09-10 17:22:43,856 - DEBUG - PIL.PngImagePlugin - STREAM b'IHDR' 16 13
2026-09-10 17:22:43,856 - DEBUG - PIL.PngImagePlugin - STREAM b'IDAT' 41 57598
2026-09-10 17:22:43,865 - DEBUG - PIL.PngImagePlugin - STREAM b'IHDR' 16 13
2026-09-10 17:22:43,865 - DEBUG - PIL.PngImagePlugin - STREAM b'IDAT' 41 62450
2026-09-10 17:22:43,868 - DEBUG - PIL.PngImagePlugin - STREAM b'IHDR' 16 13
2026-09-10 17:22:43,868 - DEBUG - PIL.PngImagePlugin - STREAM b'IDAT' 41 65536
2026-09-10 17:22:45,094 - INFO - KGameTracker - ℹ️  ==================================================
2026-09-10 17:22:45,094 - INFO - KGameTracker - ℹ️  K GAME TRACKER - CERRADA
2026-09-10 17:22:45,095 - INFO - KGameTracker - ℹ️  ==================================================
2026-09-10 17:42:00,317 - INFO - KGameTracker - ℹ️  ==================================================
2026-09-10 17:42:00,317 - INFO - KGameTracker - ℹ️  K GAME TRACKER - INICIADA
2026-09-10 17:42:00,317 - INFO - KGameTracker - ℹ️  ==================================================
2026-09-10 17:42:00,454 - DEBUG - PIL.Image - Importing PngImagePlugin
2026-09-10 17:42:00,462 - DEBUG - PIL.PngImagePlugin - STREAM b'IHDR' 16 13
2026-09-10 17:42:00,463 - DEBUG - PIL.PngImagePlugin - STREAM b'IDAT' 41 65536
2026-09-10 17:42:02,906 - DEBUG - PIL.PngImagePlugin - STREAM b'IHDR' 16 13
2026-09-10 17:42:02,906 - DEBUG - PIL.PngImagePlugin - STREAM b'IDAT' 41 65536
2026-09-10 17:42:02,945 - DEBUG - PIL.PngImagePlugin - STREAM b'IHDR' 16 13
2026-09-10 17:42:02,945 - DEBUG - PIL.PngImagePlugin - STREAM b'IDAT' 41 53758
2026-09-10 17:42:02,955 - DEBUG - PIL.PngImagePlugin - STREAM b'IHDR' 16 13
2026-09-10 17:42:02,955 - DEBUG - PIL.PngImagePlugin - STREAM b'IDAT' 41 32768
2026-09-10 17:42:02,968 - DEBUG - PIL.PngImagePlugin - STREAM b'IHDR' 16 13
2026-09-10 17:42:02,968 - DEBUG - PIL.PngImagePlugin - STREAM b'IDAT' 41 65536
2026-09-10 17:42:02,977 - DEBUG - PIL.PngImagePlugin - STREAM b'IHDR' 16 13
2026-09-10 17:42:02,978 - DEBUG - PIL.PngImagePlugin - STREAM b'IDAT' 41 65536
2026-09-10 17:42:02,986 - DEBUG - PIL.PngImagePlugin - STREAM b'IHDR' 16 13
2026-09-10 17:42:02,987 - DEBUG - PIL.PngImagePlugin - STREAM b'IDAT' 41 54958
2026-09-10 17:42:02,997 - DEBUG - PIL.PngImagePlugin - STREAM b'IHDR' 16 13
2026-09-10 17:42:02,998 - DEBUG - PIL.PngImagePlugin - STREAM b'IDAT' 41 54668
2026-09-10 17:42:03,006 - DEBUG - PIL.PngImagePlugin - STREAM b'IHDR' 16 13
2026-09-10 17:42:03,006 - DEBUG - PIL.PngImagePlugin - STREAM b'IDAT' 41 50455
2026-09-10 17:42:03,016 - DEBUG - PIL.PngImagePlugin - STREAM b'IHDR' 16 13
2026-09-10 17:42:03,016 - DEBUG - PIL.PngImagePlugin - STREAM b'IDAT' 41 49252
2026-09-10 17:42:03,026 - DEBUG - PIL.PngImagePlugin - STREAM b'IHDR' 16 13
2026-09-10 17:42:03,026 - DEBUG - PIL.PngImagePlugin - STREAM b'IDAT' 41 55682
2026-09-10 17:42:03,035 - DEBUG - PIL.PngImagePlugin - STREAM b'IHDR' 16 13
2026-09-10 17:42:03,035 - DEBUG - PIL.PngImagePlugin - STREAM b'IDAT' 41 57887
2026-09-10 17:42:03,045 - DEBUG - PIL.PngImagePlugin - STREAM b'IHDR' 16 13
2026-09-10 17:42:03,046 - DEBUG - PIL.PngImagePlugin - STREAM b'IDAT' 41 47281
2026-09-10 17:42:03,054 - DEBUG - PIL.PngImagePlugin - STREAM b'IHDR' 16 13
2026-09-10 17:42:03,054 - DEBUG - PIL.PngImagePlugin - STREAM b'IDAT' 41 56615
2026-09-10 17:42:03,063 - DEBUG - PIL.PngImagePlugin - STREAM b'IHDR' 16 13
2026-09-10 17:42:03,063 - DEBUG - PIL.PngImagePlugin - STREAM b'IDAT' 41 57598
2026-09-10 17:42:03,089 - DEBUG - PIL.PngImagePlugin - STREAM b'IHDR' 16 13
2026-09-10 17:42:03,089 - DEBUG - PIL.PngImagePlugin - STREAM b'IDAT' 41 62450
2026-09-10 17:42:04,520 - DEBUG - PIL.PngImagePlugin - STREAM b'IHDR' 16 13
2026-09-10 17:42:04,521 - DEBUG - PIL.PngImagePlugin - STREAM b'IDAT' 41 65536
2026-09-10 17:42:04,548 - DEBUG - PIL.PngImagePlugin - STREAM b'IHDR' 16 13
2026-09-10 17:42:04,548 - DEBUG - PIL.PngImagePlugin - STREAM b'IDAT' 41 53758
2026-09-10 17:42:04,552 - DEBUG - PIL.PngImagePlugin - STREAM b'IHDR' 16 13
2026-09-10 17:42:04,552 - DEBUG - PIL.PngImagePlugin - STREAM b'IDAT' 41 32768
2026-09-10 17:42:04,558 - DEBUG - PIL.PngImagePlugin - STREAM b'IHDR' 16 13
2026-09-10 17:42:04,559 - DEBUG - PIL.PngImagePlugin - STREAM b'IDAT' 41 65536
2026-09-10 17:42:04,567 - DEBUG - PIL.PngImagePlugin - STREAM b'IHDR' 16 13
2026-09-10 17:42:04,567 - DEBUG - PIL.PngImagePlugin - STREAM b'IDAT' 41 58612
2026-09-10 17:42:04,571 - DEBUG - PIL.PngImagePlugin - STREAM b'IHDR' 16 13
2026-09-10 17:42:04,571 - DEBUG - PIL.PngImagePlugin - STREAM b'IDAT' 41 54958
2026-09-10 17:42:04,575 - DEBUG - PIL.PngImagePlugin - STREAM b'IHDR' 16 13
2026-09-10 17:42:04,575 - DEBUG - PIL.PngImagePlugin - STREAM b'IDAT' 41 54668
2026-09-10 17:42:04,579 - DEBUG - PIL.PngImagePlugin - STREAM b'IHDR' 16 13
2026-09-10 17:42:04,579 - DEBUG - PIL.PngImagePlugin - STREAM b'IDAT' 41 50455
2026-09-10 17:42:04,583 - DEBUG - PIL.PngImagePlugin - STREAM b'IHDR' 16 13
2026-09-10 17:42:04,583 - DEBUG - PIL.PngImagePlugin - STREAM b'IDAT' 41 49252
2026-09-10 17:42:04,587 - DEBUG - PIL.PngImagePlugin - STREAM b'IHDR' 16 13
2026-09-10 17:42:04,587 - DEBUG - PIL.PngImagePlugin - STREAM b'IDAT' 41 55682
2026-09-10 17:42:04,590 - DEBUG - PIL.PngImagePlugin - STREAM b'IHDR' 16 13
2026-09-10 17:42:04,591 - DEBUG - PIL.PngImagePlugin - STREAM b'IDAT' 41 57887
2026-09-10 17:42:04,595 - DEBUG - PIL.PngImagePlugin - STREAM b'IHDR' 16 13
2026-09-10 17:42:04,595 - DEBUG - PIL.PngImagePlugin - STREAM b'IDAT' 41 47281
2026-09-10 17:42:04,599 - DEBUG - PIL.PngImagePlugin - STREAM b'IHDR' 16 13
2026-09-10 17:42:04,599 - DEBUG - PIL.PngImagePlugin - STREAM b'IDAT' 41 56615
2026-09-10 17:42:04,604 - DEBUG - PIL.PngImagePlugin - STREAM b'IHDR' 16 13
2026-09-10 17:42:04,604 - DEBUG - PIL.PngImagePlugin - STREAM b'IDAT' 41 57598
2026-09-10 17:42:04,614 - DEBUG - PIL.PngImagePlugin - STREAM b'IHDR' 16 13
2026-09-10 17:42:04,614 - DEBUG - PIL.PngImagePlugin - STREAM b'IDAT' 41 62450
2026-09-10 17:42:04,617 - DEBUG - PIL.PngImagePlugin - STREAM b'IHDR' 16 13
2026-09-10 17:42:04,617 - DEBUG - PIL.PngImagePlugin - STREAM b'IDAT' 41 58612
2026-09-10 17:42:04,987 - DEBUG - PIL.PngImagePlugin - STREAM b'IHDR' 16 13
2026-09-10 17:42:04,988 - DEBUG - PIL.PngImagePlugin - STREAM b'IDAT' 41 65536
2026-09-10 17:42:05,013 - DEBUG - PIL.PngImagePlugin - STREAM b'IHDR' 16 13
2026-09-10 17:42:05,013 - DEBUG - PIL.PngImagePlugin - STREAM b'IDAT' 41 53758
2026-09-10 17:42:05,016 - DEBUG - PIL.PngImagePlugin - STREAM b'IHDR' 16 13
2026-09-10 17:42:05,016 - DEBUG - PIL.PngImagePlugin - STREAM b'IDAT' 41 32768
2026-09-10 17:42:05,022 - DEBUG - PIL.PngImagePlugin - STREAM b'IHDR' 16 13
2026-09-10 17:42:05,022 - DEBUG - PIL.PngImagePlugin - STREAM b'IDAT' 41 65536
2026-09-10 17:42:05,025 - DEBUG - PIL.PngImagePlugin - STREAM b'IHDR' 16 13
2026-09-10 17:42:05,025 - DEBUG - PIL.PngImagePlugin - STREAM b'IDAT' 41 65536
2026-09-10 17:42:05,029 - DEBUG - PIL.PngImagePlugin - STREAM b'IHDR' 16 13
2026-09-10 17:42:05,029 - DEBUG - PIL.PngImagePlugin - STREAM b'IDAT' 41 54958
2026-09-10 17:42:05,033 - DEBUG - PIL.PngImagePlugin - STREAM b'IHDR' 16 13
2026-09-10 17:42:05,033 - DEBUG - PIL.PngImagePlugin - STREAM b'IDAT' 41 54668
2026-09-10 17:42:05,037 - DEBUG - PIL.PngImagePlugin - STREAM b'IHDR' 16 13
2026-09-10 17:42:05,037 - DEBUG - PIL.PngImagePlugin - STREAM b'IDAT' 41 50455
2026-09-10 17:42:05,041 - DEBUG - PIL.PngImagePlugin - STREAM b'IHDR' 16 13
2026-09-10 17:42:05,041 - DEBUG - PIL.PngImagePlugin - STREAM b'IDAT' 41 49252
2026-09-10 17:42:05,045 - DEBUG - PIL.PngImagePlugin - STREAM b'IHDR' 16 13
2026-09-10 17:42:05,046 - DEBUG - PIL.PngImagePlugin - STREAM b'IDAT' 41 55682
2026-09-10 17:42:05,049 - DEBUG - PIL.PngImagePlugin - STREAM b'IHDR' 16 13
2026-09-10 17:42:05,050 - DEBUG - PIL.PngImagePlugin - STREAM b'IDAT' 41 57887
2026-09-10 17:42:05,053 - DEBUG - PIL.PngImagePlugin - STREAM b'IHDR' 16 13
2026-09-10 17:42:05,054 - DEBUG - PIL.PngImagePlugin - STREAM b'IDAT' 41 47281
2026-09-10 17:42:05,057 - DEBUG - PIL.PngImagePlugin - STREAM b'IHDR' 16 13
2026-09-10 17:42:05,057 - DEBUG - PIL.PngImagePlugin - STREAM b'IDAT' 41 56615
2026-09-10 17:42:05,061 - DEBUG - PIL.PngImagePlugin - STREAM b'IHDR' 16 13
2026-09-10 17:42:05,061 - DEBUG - PIL.PngImagePlugin - STREAM b'IDAT' 41 57598
2026-09-10 17:42:05,074 - DEBUG - PIL.PngImagePlugin - STREAM b'IHDR' 16 13
2026-09-10 17:42:05,075 - DEBUG - PIL.PngImagePlugin - STREAM b'IDAT' 41 62450
2026-09-10 17:42:05,079 - DEBUG - PIL.PngImagePlugin - STREAM b'IHDR' 16 13
2026-09-10 17:42:05,079 - DEBUG - PIL.PngImagePlugin - STREAM b'IDAT' 41 65536
2026-09-10 17:42:08,106 - INFO - KGameTracker - ℹ️  ==================================================
2026-09-10 17:42:08,106 - INFO - KGameTracker - ℹ️  K GAME TRACKER - CERRADA
2026-09-10 17:42:08,107 - INFO - KGameTracker - ℹ️  ==================================================
2026-09-10 17:47:29,830 - INFO - KGameTracker - ℹ️  ==================================================
2026-09-10 17:47:29,830 - INFO - KGameTracker - ℹ️  K GAME TRACKER - INICIADA
2026-09-10 17:47:29,830 - INFO - KGameTracker - ℹ️  ==================================================
2026-09-10 17:47:46,010 - DEBUG - urllib3.connectionpool - Starting new HTTPS connection (1): www.gamerpower.com:443
2026-09-10 17:47:46,160 - DEBUG - urllib3.connectionpool - https://www.gamerpower.com:443 "GET /api/giveaways?type=game HTTP/1.1" 200 None
2026-09-10 17:47:47,406 - DEBUG - urllib3.connectionpool - Starting new HTTPS connection (1): www.gamerpower.com:443
2026-09-10 17:47:47,531 - DEBUG - urllib3.connectionpool - https://www.gamerpower.com:443 "GET /offers/1b/6aa2c8331c791.jpg HTTP/1.1" 200 53524
2026-09-10 17:47:47,569 - DEBUG - urllib3.connectionpool - Starting new HTTPS connection (1): www.gamerpower.com:443
2026-09-10 17:47:47,655 - DEBUG - urllib3.connectionpool - https://www.gamerpower.com:443 "GET /offers/1b/6aa2c633c21e7.jpg HTTP/1.1" 200 63041
2026-09-10 17:47:55,737 - DEBUG - urllib3.connectionpool - Starting new HTTPS connection (1): www.gamerpower.com:443
2026-09-10 17:47:55,862 - DEBUG - urllib3.connectionpool - https://www.gamerpower.com:443 "GET /offers/1b/6aa2ca834a5a1.jpg HTTP/1.1" 200 25311
2026-09-10 17:47:56,908 - INFO - KGameTracker - ℹ️  ==================================================
2026-09-10 17:47:56,908 - INFO - KGameTracker - ℹ️  K GAME TRACKER - CERRADA
2026-09-10 17:47:56,909 - INFO - KGameTracker - ℹ️  ==================================================
2026-09-10 17:49:33,824 - INFO - KGameTracker - ℹ️  ==================================================
2026-09-10 17:49:33,824 - INFO - KGameTracker - ℹ️  K GAME TRACKER - INICIADA
2026-09-10 17:49:33,824 - INFO - KGameTracker - ℹ️  ==================================================
2026-09-10 17:50:02,410 - DEBUG - urllib3.connectionpool - Starting new HTTPS connection (1): www.gamerpower.com:443
2026-09-10 17:50:02,555 - DEBUG - urllib3.connectionpool - https://www.gamerpower.com:443 "GET /api/giveaways?type=game HTTP/1.1" 200 None
2026-09-10 17:50:42,738 - DEBUG - urllib3.connectionpool - Starting new HTTPS connection (1): www.gamerpower.com:443
2026-09-10 17:50:42,852 - DEBUG - urllib3.connectionpool - https://www.gamerpower.com:443 "GET /api/giveaways?type=game HTTP/1.1" 200 None
2026-09-10 17:51:16,295 - INFO - KGameTracker - ℹ️  ==================================================
2026-09-10 17:51:16,296 - INFO - KGameTracker - ℹ️  K GAME TRACKER - CERRADA
2026-09-10 17:51:16,297 - INFO - KGameTracker - ℹ️  ==================================================
2026-09-10 18:07:09,929 - INFO - KGameTracker - ℹ️  ==================================================
2026-09-10 18:07:09,930 - INFO - KGameTracker - ℹ️  K GAME TRACKER - INICIADA
2026-09-10 18:07:09,930 - INFO - KGameTracker - ℹ️  ==================================================
2026-09-10 18:08:04,323 - INFO - KGameTracker - ℹ️  ==================================================
2026-09-10 18:08:04,323 - INFO - KGameTracker - ℹ️  K GAME TRACKER - CERRADA
2026-09-10 18:08:04,324 - INFO - KGameTracker - ℹ️  ==================================================
2026-09-10 18:09:10,610 - INFO - KGameTracker - ℹ️  ==================================================
2026-09-10 18:09:10,610 - INFO - KGameTracker - ℹ️  K GAME TRACKER - INICIADA
2026-09-10 18:09:10,610 - INFO - KGameTracker - ℹ️  ==================================================
2026-09-10 18:09:16,695 - INFO - KGameTracker - ℹ️  ==================================================
2026-09-10 18:09:16,696 - INFO - KGameTracker - ℹ️  K GAME TRACKER - CERRADA
2026-09-10 18:09:16,696 - INFO - KGameTracker - ℹ️  ==================================================
2026-09-10 18:13:23,063 - INFO - KGameTracker - ℹ️  ==================================================
2026-09-10 18:13:23,064 - INFO - KGameTracker - ℹ️  K GAME TRACKER - INICIADA
2026-09-10 18:13:23,064 - INFO - KGameTracker - ℹ️  ==================================================
2026-09-10 18:13:48,786 - DEBUG - urllib3.connectionpool - Starting new HTTPS connection (1): www.gamerpower.com:443
2026-09-10 18:13:49,050 - DEBUG - urllib3.connectionpool - https://www.gamerpower.com:443 "GET /api/giveaways?type=game HTTP/1.1" 200 None
2026-09-10 18:13:54,606 - INFO - KGameTracker - ℹ️  ==================================================
2026-09-10 18:13:54,606 - INFO - KGameTracker - ℹ️  K GAME TRACKER - CERRADA
2026-09-10 18:13:54,606 - INFO - KGameTracker - ℹ️  ==================================================
2026-09-10 18:14:37,784 - INFO - KGameTracker - ℹ️  ==================================================
2026-09-10 18:14:37,785 - INFO - KGameTracker - ℹ️  K GAME TRACKER - INICIADA
2026-09-10 18:14:37,785 - INFO - KGameTracker - ℹ️  ==================================================
2026-09-10 18:16:35,574 - INFO - KGameTracker - ℹ️  ==================================================
2026-09-10 18:16:35,575 - INFO - KGameTracker - ℹ️  K GAME TRACKER - CERRADA
2026-09-10 18:16:35,575 - INFO - KGameTracker - ℹ️  ==================================================
2026-09-10 18:16:59,389 - INFO - KGameTracker - ℹ️  ==================================================
2026-09-10 18:16:59,389 - INFO - KGameTracker - ℹ️  K GAME TRACKER - INICIADA
2026-09-10 18:16:59,389 - INFO - KGameTracker - ℹ️  ==================================================
2026-09-10 18:19:39,498 - INFO - KGameTracker - ℹ️  ==================================================
2026-09-10 18:19:39,499 - INFO - KGameTracker - ℹ️  K GAME TRACKER - CERRADA
2026-09-10 18:19:39,499 - INFO - KGameTracker - ℹ️  ==================================================
2026-09-10 18:24:40,546 - INFO - KGameTracker - ℹ️  ==================================================
2026-09-10 18:24:40,546 - INFO - KGameTracker - ℹ️  K GAME TRACKER - INICIADA
2026-09-10 18:24:40,546 - INFO - KGameTracker - ℹ️  ==================================================
2026-09-10 18:25:14,322 - INFO - KGameTracker - ℹ️  ==================================================
2026-09-10 18:25:14,323 - INFO - KGameTracker - ℹ️  K GAME TRACKER - CERRADA
2026-09-10 18:25:14,323 - INFO - KGameTracker - ℹ️  ==================================================
2026-09-10 18:28:19,893 - INFO - KGameTracker - ℹ️  ==================================================
2026-09-10 18:28:19,893 - INFO - KGameTracker - ℹ️  K GAME TRACKER - INICIADA
2026-09-10 18:28:19,893 - INFO - KGameTracker - ℹ️  ==================================================
2026-09-10 18:28:30,400 - DEBUG - urllib3.connectionpool - Starting new HTTPS connection (1): www.gamerpower.com:443
2026-09-10 18:28:30,538 - DEBUG - urllib3.connectionpool - https://www.gamerpower.com:443 "GET /api/giveaways?type=game HTTP/1.1" 200 None
2026-09-10 18:28:59,601 - INFO - KGameTracker - ℹ️  ==================================================
2026-09-10 18:28:59,603 - INFO - KGameTracker - ℹ️  K GAME TRACKER - CERRADA
2026-09-10 18:28:59,603 - INFO - KGameTracker - ℹ️  ==================================================
2026-09-10 18:29:38,644 - INFO - KGameTracker - ℹ️  ==================================================
2026-09-10 18:29:38,644 - INFO - KGameTracker - ℹ️  K GAME TRACKER - INICIADA
2026-09-10 18:29:38,644 - INFO - KGameTracker - ℹ️  ==================================================
2026-09-10 18:31:57,103 - INFO - KGameTracker - ℹ️  ==================================================
2026-09-10 18:31:57,103 - INFO - KGameTracker - ℹ️  K GAME TRACKER - CERRADA
2026-09-10 18:31:57,103 - INFO - KGameTracker - ℹ️  ==================================================
2026-09-10 18:33:42,896 - INFO - KGameTracker - ℹ️  ==================================================
2026-09-10 18:33:42,896 - INFO - KGameTracker - ℹ️  K GAME TRACKER - INICIADA
2026-09-10 18:33:42,897 - INFO - KGameTracker - ℹ️  ==================================================
2026-09-10 18:33:48,253 - DEBUG - urllib3.connectionpool - Starting new HTTPS connection (1): www.gamerpower.com:443
2026-09-10 18:33:48,393 - DEBUG - urllib3.connectionpool - https://www.gamerpower.com:443 "GET /api/giveaways?type=game HTTP/1.1" 200 None
2026-09-10 18:33:49,568 - DEBUG - urllib3.connectionpool - Starting new HTTPS connection (1): www.gamerpower.com:443
2026-09-10 18:33:49,646 - DEBUG - urllib3.connectionpool - https://www.gamerpower.com:443 "GET /api/giveaways?type=game HTTP/1.1" 200 None
2026-09-10 18:33:50,290 - DEBUG - urllib3.connectionpool - Starting new HTTPS connection (1): www.gamerpower.com:443
2026-09-10 18:33:50,417 - DEBUG - urllib3.connectionpool - https://www.gamerpower.com:443 "GET /api/giveaways?type=game HTTP/1.1" 200 None
2026-09-10 18:33:51,485 - DEBUG - urllib3.connectionpool - Starting new HTTPS connection (1): www.gamerpower.com:443
2026-09-10 18:33:51,587 - DEBUG - urllib3.connectionpool - https://www.gamerpower.com:443 "GET /api/giveaways?type=game HTTP/1.1" 200 None
2026-09-10 18:33:54,263 - DEBUG - urllib3.connectionpool - Starting new HTTPS connection (1): www.gamerpower.com:443
2026-09-10 18:33:54,370 - DEBUG - urllib3.connectionpool - https://www.gamerpower.com:443 "GET /api/giveaways?type=game HTTP/1.1" 200 None
2026-09-10 18:33:55,519 - DEBUG - urllib3.connectionpool - Starting new HTTPS connection (1): www.gamerpower.com:443
2026-09-10 18:33:55,617 - DEBUG - urllib3.connectionpool - https://www.gamerpower.com:443 "GET /api/giveaways?type=game HTTP/1.1" 200 None
2026-09-10 18:33:56,400 - INFO - KGameTracker - ℹ️  ==================================================
2026-09-10 18:33:56,401 - INFO - KGameTracker - ℹ️  K GAME TRACKER - CERRADA
2026-09-10 18:33:56,401 - INFO - KGameTracker - ℹ️  ==================================================
2026-09-10 18:34:01,407 - INFO - KGameTracker - ℹ️  ==================================================
2026-09-10 18:34:01,408 - INFO - KGameTracker - ℹ️  K GAME TRACKER - INICIADA
2026-09-10 18:34:01,408 - INFO - KGameTracker - ℹ️  ==================================================
2026-09-10 18:35:26,954 - DEBUG - urllib3.connectionpool - Starting new HTTPS connection (1): www.gamerpower.com:443
2026-09-10 18:35:27,084 - DEBUG - urllib3.connectionpool - https://www.gamerpower.com:443 "GET /api/giveaways?type=game HTTP/1.1" 200 None
2026-09-10 18:35:28,107 - DEBUG - urllib3.connectionpool - Starting new HTTPS connection (1): www.gamerpower.com:443
2026-09-10 18:35:28,210 - DEBUG - urllib3.connectionpool - https://www.gamerpower.com:443 "GET /api/giveaways?type=game HTTP/1.1" 200 None
2026-09-10 18:35:41,802 - INFO - KGameTracker - ℹ️  ==================================================
2026-09-10 18:35:41,802 - INFO - KGameTracker - ℹ️  K GAME TRACKER - CERRADA
2026-09-10 18:35:41,802 - INFO - KGameTracker - ℹ️  ==================================================
2026-09-10 18:36:50,733 - INFO - KGameTracker - ℹ️  ==================================================
2026-09-10 18:36:50,733 - INFO - KGameTracker - ℹ️  K GAME TRACKER - INICIADA
2026-09-10 18:36:50,733 - INFO - KGameTracker - ℹ️  ==================================================
2026-09-10 18:36:54,837 - DEBUG - urllib3.connectionpool - Starting new HTTPS connection (1): www.gamerpower.com:443
2026-09-10 18:36:54,948 - DEBUG - urllib3.connectionpool - https://www.gamerpower.com:443 "GET /api/giveaways?type=game HTTP/1.1" 200 None
2026-09-10 18:36:56,031 - DEBUG - urllib3.connectionpool - Starting new HTTPS connection (1): www.gamerpower.com:443
2026-09-10 18:36:56,145 - DEBUG - urllib3.connectionpool - https://www.gamerpower.com:443 "GET /api/giveaways?type=game HTTP/1.1" 200 None
2026-09-10 18:36:56,693 - DEBUG - urllib3.connectionpool - Starting new HTTPS connection (1): www.gamerpower.com:443
2026-09-10 18:36:56,805 - DEBUG - urllib3.connectionpool - https://www.gamerpower.com:443 "GET /api/giveaways?type=game HTTP/1.1" 200 None
2026-09-10 18:38:14,999 - DEBUG - urllib3.connectionpool - Starting new HTTPS connection (1): www.gamerpower.com:443
2026-09-10 18:38:15,129 - DEBUG - urllib3.connectionpool - https://www.gamerpower.com:443 "GET /api/giveaways?type=game HTTP/1.1" 200 None
2026-09-10 18:38:21,493 - DEBUG - urllib3.connectionpool - Starting new HTTPS connection (1): www.gamerpower.com:443
2026-09-10 18:38:21,598 - DEBUG - urllib3.connectionpool - https://www.gamerpower.com:443 "GET /api/giveaways?type=game HTTP/1.1" 200 None
2026-09-10 18:39:08,644 - DEBUG - urllib3.connectionpool - Starting new HTTPS connection (1): www.gamerpower.com:443
2026-09-10 18:39:08,759 - DEBUG - urllib3.connectionpool - https://www.gamerpower.com:443 "GET /api/giveaways?type=game HTTP/1.1" 200 None
2026-09-10 18:41:09,013 - INFO - KGameTracker - ℹ️  ==================================================
2026-09-10 18:41:09,014 - INFO - KGameTracker - ℹ️  K GAME TRACKER - CERRADA
2026-09-10 18:41:09,014 - INFO - KGameTracker - ℹ️  ==================================================
2026-09-10 18:41:24,287 - INFO - KGameTracker - ℹ️  ==================================================
2026-09-10 18:41:24,288 - INFO - KGameTracker - ℹ️  K GAME TRACKER - INICIADA
2026-09-10 18:41:24,288 - INFO - KGameTracker - ℹ️  ==================================================
2026-09-10 18:41:34,172 - DEBUG - urllib3.connectionpool - Starting new HTTPS connection (1): www.gamerpower.com:443
2026-09-10 18:41:34,299 - DEBUG - urllib3.connectionpool - https://www.gamerpower.com:443 "GET /api/giveaways?type=game HTTP/1.1" 200 None
2026-09-10 18:41:35,682 - DEBUG - urllib3.connectionpool - Starting new HTTPS connection (1): www.gamerpower.com:443
2026-09-10 18:41:35,793 - DEBUG - urllib3.connectionpool - https://www.gamerpower.com:443 "GET /api/giveaways?type=game HTTP/1.1" 200 None
2026-09-10 18:41:36,489 - DEBUG - urllib3.connectionpool - Starting new HTTPS connection (1): www.gamerpower.com:443
2026-09-10 18:41:36,590 - DEBUG - urllib3.connectionpool - https://www.gamerpower.com:443 "GET /api/giveaways?type=game HTTP/1.1" 200 None
2026-09-10 18:41:38,041 - DEBUG - urllib3.connectionpool - Starting new HTTPS connection (1): www.gamerpower.com:443
2026-09-10 18:41:38,165 - DEBUG - urllib3.connectionpool - https://www.gamerpower.com:443 "GET /api/giveaways?type=game HTTP/1.1" 200 None
2026-09-10 18:41:39,475 - DEBUG - urllib3.connectionpool - Starting new HTTPS connection (1): www.gamerpower.com:443
2026-09-10 18:41:39,591 - DEBUG - urllib3.connectionpool - https://www.gamerpower.com:443 "GET /api/giveaways?type=game HTTP/1.1" 200 None
2026-09-10 18:41:42,696 - DEBUG - urllib3.connectionpool - Starting new HTTPS connection (1): www.gamerpower.com:443
2026-09-10 18:41:42,799 - DEBUG - urllib3.connectionpool - https://www.gamerpower.com:443 "GET /api/giveaways?type=game HTTP/1.1" 200 None
2026-09-10 18:43:37,972 - INFO - KGameTracker - ℹ️  ==================================================
2026-09-10 18:43:37,972 - INFO - KGameTracker - ℹ️  K GAME TRACKER - CERRADA
2026-09-10 18:43:37,972 - INFO - KGameTracker - ℹ️  ==================================================
2026-09-10 18:44:46,781 - INFO - KGameTracker - ℹ️  ==================================================
2026-09-10 18:44:46,781 - INFO - KGameTracker - ℹ️  K GAME TRACKER - INICIADA
2026-09-10 18:44:46,781 - INFO - KGameTracker - ℹ️  ==================================================
2026-09-10 18:44:51,097 - DEBUG - urllib3.connectionpool - Starting new HTTPS connection (1): www.gamerpower.com:443
2026-09-10 18:44:51,221 - DEBUG - urllib3.connectionpool - https://www.gamerpower.com:443 "GET /api/giveaways?type=game HTTP/1.1" 200 None
2026-09-10 18:44:52,221 - DEBUG - urllib3.connectionpool - Starting new HTTPS connection (1): www.gamerpower.com:443
2026-09-10 18:44:52,334 - DEBUG - urllib3.connectionpool - https://www.gamerpower.com:443 "GET /api/giveaways?type=game HTTP/1.1" 200 None
2026-09-10 18:44:52,945 - DEBUG - urllib3.connectionpool - Starting new HTTPS connection (1): www.gamerpower.com:443
2026-09-10 18:44:53,051 - DEBUG - urllib3.connectionpool - https://www.gamerpower.com:443 "GET /api/giveaways?type=game HTTP/1.1" 200 None
2026-09-10 18:45:37,096 - INFO - KGameTracker - ℹ️  ==================================================
2026-09-10 18:45:37,096 - INFO - KGameTracker - ℹ️  K GAME TRACKER - CERRADA
2026-09-10 18:45:37,096 - INFO - KGameTracker - ℹ️  ==================================================
2026-09-10 18:47:46,198 - INFO - KGameTracker - ℹ️  ==================================================
2026-09-10 18:47:46,198 - INFO - KGameTracker - ℹ️  K GAME TRACKER - INICIADA
2026-09-10 18:47:46,198 - INFO - KGameTracker - ℹ️  ==================================================
2026-09-10 18:47:49,525 - DEBUG - urllib3.connectionpool - Starting new HTTPS connection (1): www.gamerpower.com:443
2026-09-10 18:47:49,662 - DEBUG - urllib3.connectionpool - https://www.gamerpower.com:443 "GET /api/giveaways?type=game HTTP/1.1" 200 None
2026-09-10 18:47:50,619 - DEBUG - urllib3.connectionpool - Starting new HTTPS connection (1): www.gamerpower.com:443
2026-09-10 18:47:50,738 - DEBUG - urllib3.connectionpool - https://www.gamerpower.com:443 "GET /api/giveaways?type=game HTTP/1.1" 200 None
2026-09-10 18:47:51,841 - INFO - KGameTracker - ℹ️  ==================================================
2026-09-10 18:47:51,841 - INFO - KGameTracker - ℹ️  K GAME TRACKER - CERRADA
2026-09-10 18:47:51,841 - INFO - KGameTracker - ℹ️  ==================================================
2026-09-10 18:50:14,717 - INFO - KGameTracker - ℹ️  ==================================================
2026-09-10 18:50:14,717 - INFO - KGameTracker - ℹ️  K GAME TRACKER - INICIADA
2026-09-10 18:50:14,717 - INFO - KGameTracker - ℹ️  ==================================================
2026-09-10 18:50:18,055 - DEBUG - urllib3.connectionpool - Starting new HTTPS connection (1): www.gamerpower.com:443
2026-09-10 18:50:18,210 - DEBUG - urllib3.connectionpool - https://www.gamerpower.com:443 "GET /api/giveaways?type=game HTTP/1.1" 200 None
2026-09-10 18:50:18,983 - DEBUG - urllib3.connectionpool - Starting new HTTPS connection (1): www.gamerpower.com:443
2026-09-10 18:50:19,091 - DEBUG - urllib3.connectionpool - https://www.gamerpower.com:443 "GET /api/giveaways?type=game HTTP/1.1" 200 None
2026-09-10 18:50:19,883 - DEBUG - urllib3.connectionpool - Starting new HTTPS connection (1): www.gamerpower.com:443
2026-09-10 18:50:19,979 - DEBUG - urllib3.connectionpool - https://www.gamerpower.com:443 "GET /api/giveaways?type=game HTTP/1.1" 200 None
2026-09-10 18:50:20,487 - DEBUG - urllib3.connectionpool - Starting new HTTPS connection (1): www.gamerpower.com:443
2026-09-10 18:50:20,585 - DEBUG - urllib3.connectionpool - https://www.gamerpower.com:443 "GET /api/giveaways?type=game HTTP/1.1" 200 None
2026-09-10 19:03:30,624 - INFO - KGameTracker - ℹ️  ==================================================
2026-09-10 19:03:30,624 - INFO - KGameTracker - ℹ️  K GAME TRACKER - CERRADA
2026-09-10 19:03:30,624 - INFO - KGameTracker - ℹ️  ==================================================
2026-09-10 19:04:19,324 - INFO - KGameTracker - ℹ️  ==================================================
2026-09-10 19:04:19,325 - INFO - KGameTracker - ℹ️  K GAME TRACKER - INICIADA
2026-09-10 19:04:19,325 - INFO - KGameTracker - ℹ️  ==================================================
2026-09-10 19:04:23,097 - DEBUG - urllib3.connectionpool - Starting new HTTPS connection (1): www.gamerpower.com:443
2026-09-10 19:04:23,292 - DEBUG - urllib3.connectionpool - https://www.gamerpower.com:443 "GET /api/giveaways?type=game HTTP/1.1" 200 None
2026-09-10 19:04:24,413 - DEBUG - urllib3.connectionpool - Starting new HTTPS connection (1): www.gamerpower.com:443
2026-09-10 19:04:24,525 - DEBUG - urllib3.connectionpool - https://www.gamerpower.com:443 "GET /api/giveaways?type=game HTTP/1.1" 200 None
2026-09-10 19:04:26,321 - DEBUG - urllib3.connectionpool - Starting new HTTPS connection (1): www.gamerpower.com:443
2026-09-10 19:04:26,426 - DEBUG - urllib3.connectionpool - https://www.gamerpower.com:443 "GET /api/giveaways?type=game HTTP/1.1" 200 None
2026-09-10 19:07:52,403 - INFO - KGameTracker - ℹ️  ==================================================
2026-09-10 19:07:52,403 - INFO - KGameTracker - ℹ️  K GAME TRACKER - CERRADA
2026-09-10 19:07:52,403 - INFO - KGameTracker - ℹ️  ==================================================
2026-09-10 19:08:45,548 - INFO - KGameTracker - ℹ️  ==================================================
2026-09-10 19:08:45,548 - INFO - KGameTracker - ℹ️  K GAME TRACKER - INICIADA
2026-09-10 19:08:45,548 - INFO - KGameTracker - ℹ️  ==================================================
2026-09-10 19:08:49,380 - DEBUG - urllib3.connectionpool - Starting new HTTPS connection (1): www.gamerpower.com:443
2026-09-10 19:08:49,511 - DEBUG - urllib3.connectionpool - https://www.gamerpower.com:443 "GET /api/giveaways?type=game HTTP/1.1" 200 None
2026-09-10 19:08:50,719 - DEBUG - urllib3.connectionpool - Starting new HTTPS connection (1): www.gamerpower.com:443
2026-09-10 19:08:50,836 - DEBUG - urllib3.connectionpool - https://www.gamerpower.com:443 "GET /api/giveaways?type=game HTTP/1.1" 200 None
2026-09-10 19:08:51,539 - DEBUG - urllib3.connectionpool - Starting new HTTPS connection (1): www.gamerpower.com:443
2026-09-10 19:08:51,655 - DEBUG - urllib3.connectionpool - https://www.gamerpower.com:443 "GET /api/giveaways?type=game HTTP/1.1" 200 None
2026-09-10 19:08:54,359 - DEBUG - urllib3.connectionpool - Starting new HTTPS connection (1): www.gamerpower.com:443
2026-09-10 19:08:54,475 - DEBUG - urllib3.connectionpool - https://www.gamerpower.com:443 "GET /api/giveaways?type=game HTTP/1.1" 200 None
2026-09-10 19:08:56,187 - DEBUG - urllib3.connectionpool - Starting new HTTPS connection (1): www.gamerpower.com:443
2026-09-10 19:08:56,316 - DEBUG - urllib3.connectionpool - https://www.gamerpower.com:443 "GET /api/giveaways?type=game HTTP/1.1" 200 None
2026-09-10 19:09:05,468 - INFO - KGameTracker - ℹ️  ==================================================
2026-09-10 19:09:05,468 - INFO - KGameTracker - ℹ️  K GAME TRACKER - CERRADA
2026-09-10 19:09:05,468 - INFO - KGameTracker - ℹ️  ==================================================
2026-09-10 22:14:26,152 - INFO - KGameTracker - ℹ️  ==================================================
2026-09-10 22:14:26,187 - INFO - KGameTracker - ℹ️  K GAME TRACKER - INICIADA
2026-09-10 22:14:26,187 - INFO - KGameTracker - ℹ️  ==================================================
2026-09-10 22:14:36,778 - DEBUG - urllib3.connectionpool - Starting new HTTPS connection (1): www.gamerpower.com:443
2026-09-10 22:14:37,104 - DEBUG - urllib3.connectionpool - https://www.gamerpower.com:443 "GET /api/giveaways?type=game HTTP/1.1" 200 None
2026-09-10 22:14:39,130 - DEBUG - urllib3.connectionpool - Starting new HTTPS connection (1): www.gamerpower.com:443
2026-09-10 22:14:39,242 - DEBUG - urllib3.connectionpool - https://www.gamerpower.com:443 "GET /api/giveaways?type=game HTTP/1.1" 200 None
2026-09-10 22:14:41,975 - DEBUG - urllib3.connectionpool - Starting new HTTPS connection (1): www.gamerpower.com:443
2026-09-10 22:14:42,057 - DEBUG - urllib3.connectionpool - https://www.gamerpower.com:443 "GET /api/giveaways?type=game HTTP/1.1" 200 None
2026-09-10 22:14:46,170 - INFO - KGameTracker - ℹ️  ==================================================
2026-09-10 22:14:46,170 - INFO - KGameTracker - ℹ️  K GAME TRACKER - CERRADA
2026-09-10 22:14:46,171 - INFO - KGameTracker - ℹ️  ==================================================
2026-09-10 22:14:53,496 - INFO - KGameTracker - ℹ️  ==================================================
2026-09-10 22:14:53,496 - INFO - KGameTracker - ℹ️  K GAME TRACKER - INICIADA
2026-09-10 22:14:53,496 - INFO - KGameTracker - ℹ️  ==================================================
2026-09-10 22:14:59,181 - DEBUG - urllib3.connectionpool - Starting new HTTPS connection (1): www.gamerpower.com:443
2026-09-10 22:14:59,303 - DEBUG - urllib3.connectionpool - https://www.gamerpower.com:443 "GET /api/giveaways?type=game HTTP/1.1" 200 None
2026-09-10 22:15:04,759 - INFO - KGameTracker - ℹ️  ==================================================
2026-09-10 22:15:04,759 - INFO - KGameTracker - ℹ️  K GAME TRACKER - CERRADA
2026-09-10 22:15:04,760 - INFO - KGameTracker - ℹ️  ==================================================
2026-09-10 22:16:30,392 - INFO - KGameTracker - ℹ️  ==================================================
2026-09-10 22:16:30,393 - INFO - KGameTracker - ℹ️  K GAME TRACKER - INICIADA
2026-09-10 22:16:30,393 - INFO - KGameTracker - ℹ️  ==================================================
2026-09-10 22:16:34,798 - INFO - KGameTracker - ℹ️  ==================================================
2026-09-10 22:16:34,798 - INFO - KGameTracker - ℹ️  K GAME TRACKER - CERRADA
2026-09-10 22:16:34,798 - INFO - KGameTracker - ℹ️  ==================================================
2026-09-10 22:39:44,635 - INFO - KGameTracker - ℹ️  ==================================================
2026-09-10 22:39:44,636 - INFO - KGameTracker - ℹ️  K GAME TRACKER - INICIADA
2026-09-10 22:39:44,636 - INFO - KGameTracker - ℹ️  ==================================================
2026-09-10 22:39:48,757 - INFO - KGameTracker - ℹ️  ==================================================
2026-09-10 22:39:48,758 - INFO - KGameTracker - ℹ️  K GAME TRACKER - CERRADA
2026-09-10 22:39:48,758 - INFO - KGameTracker - ℹ️  ==================================================
2026-09-10 22:40:03,926 - INFO - KGameTracker - ℹ️  ==================================================
2026-09-10 22:40:03,926 - INFO - KGameTracker - ℹ️  K GAME TRACKER - INICIADA
2026-09-10 22:40:03,927 - INFO - KGameTracker - ℹ️  ==================================================
2026-09-10 22:40:08,611 - INFO - KGameTracker - ℹ️  ==================================================
2026-09-10 22:40:08,611 - INFO - KGameTracker - ℹ️  K GAME TRACKER - CERRADA
2026-09-10 22:40:08,611 - INFO - KGameTracker - ℹ️  ==================================================
2026-09-10 22:43:22,918 - INFO - KGameTracker - ℹ️  ==================================================
2026-09-10 22:43:22,918 - INFO - KGameTracker - ℹ️  K GAME TRACKER - INICIADA
2026-09-10 22:43:22,919 - INFO - KGameTracker - ℹ️  ==================================================
2026-09-10 22:43:28,159 - INFO - KGameTracker - ℹ️  ==================================================
2026-09-10 22:43:28,160 - INFO - KGameTracker - ℹ️  K GAME TRACKER - CERRADA
2026-09-10 22:43:28,160 - INFO - KGameTracker - ℹ️  ==================================================
2026-09-10 22:43:38,323 - INFO - KGameTracker - ℹ️  ==================================================
2026-09-10 22:43:38,323 - INFO - KGameTracker - ℹ️  K GAME TRACKER - INICIADA
2026-09-10 22:43:38,324 - INFO - KGameTracker - ℹ️  ==================================================
2026-09-10 22:43:44,147 - INFO - KGameTracker - ℹ️  ==================================================
2026-09-10 22:43:44,148 - INFO - KGameTracker - ℹ️  K GAME TRACKER - CERRADA
2026-09-10 22:43:44,148 - INFO - KGameTracker - ℹ️  ==================================================
2026-09-10 22:43:56,191 - INFO - KGameTracker - ℹ️  ==================================================
2026-09-10 22:43:56,191 - INFO - KGameTracker - ℹ️  K GAME TRACKER - INICIADA
2026-09-10 22:43:56,191 - INFO - KGameTracker - ℹ️  ==================================================
2026-09-10 22:44:07,328 - DEBUG - urllib3.connectionpool - Starting new HTTPS connection (1): www.gamerpower.com:443
2026-09-10 22:44:07,507 - DEBUG - urllib3.connectionpool - https://www.gamerpower.com:443 "GET /api/giveaways?type=game HTTP/1.1" 200 None
2026-09-10 22:44:19,051 - DEBUG - urllib3.connectionpool - Starting new HTTPS connection (1): www.gamerpower.com:443
2026-09-10 22:44:19,154 - DEBUG - urllib3.connectionpool - https://www.gamerpower.com:443 "GET /api/giveaways?type=game HTTP/1.1" 200 None
2026-09-10 22:44:32,036 - DEBUG - urllib3.connectionpool - Starting new HTTPS connection (1): www.gamerpower.com:443
2026-09-10 22:44:32,149 - DEBUG - urllib3.connectionpool - https://www.gamerpower.com:443 "GET /api/giveaways?type=game HTTP/1.1" 200 None
2026-09-10 22:45:20,761 - INFO - KGameTracker - ℹ️  ==================================================
2026-09-10 22:45:20,761 - INFO - KGameTracker - ℹ️  K GAME TRACKER - CERRADA
2026-09-10 22:45:20,762 - INFO - KGameTracker - ℹ️  ==================================================
2026-09-10 23:12:44,435 - INFO - KGameTracker - ℹ️  ==================================================
2026-09-10 23:12:44,435 - INFO - KGameTracker - ℹ️  K GAME TRACKER - INICIADA
2026-09-10 23:12:44,435 - INFO - KGameTracker - ℹ️  ==================================================
2026-09-10 23:12:49,798 - INFO - KGameTracker - ℹ️  ==================================================
2026-09-10 23:12:49,798 - INFO - KGameTracker - ℹ️  K GAME TRACKER - CERRADA
2026-09-10 23:12:49,798 - INFO - KGameTracker - ℹ️  ==================================================
2026-09-10 23:23:02,812 - INFO - KGameTracker - ℹ️  ==================================================
2026-09-10 23:23:02,812 - INFO - KGameTracker - ℹ️  K GAME TRACKER - INICIADA
2026-09-10 23:23:02,812 - INFO - KGameTracker - ℹ️  ==================================================
2026-09-10 23:23:07,799 - DEBUG - urllib3.connectionpool - Starting new HTTPS connection (1): www.gamerpower.com:443
2026-09-10 23:23:07,995 - DEBUG - urllib3.connectionpool - https://www.gamerpower.com:443 "GET /api/giveaways?type=game HTTP/1.1" 200 None
2026-09-10 23:23:09,006 - DEBUG - urllib3.connectionpool - Starting new HTTPS connection (1): www.gamerpower.com:443
2026-09-10 23:23:09,114 - DEBUG - urllib3.connectionpool - https://www.gamerpower.com:443 "GET /api/giveaways?type=game HTTP/1.1" 200 None
2026-09-10 23:23:11,827 - INFO - KGameTracker - ℹ️  ==================================================
2026-09-10 23:23:11,827 - INFO - KGameTracker - ℹ️  K GAME TRACKER - CERRADA
2026-09-10 23:23:11,827 - INFO - KGameTracker - ℹ️  ==================================================
2026-09-10 23:23:21,851 - INFO - KGameTracker - ℹ️  ==================================================
2026-09-10 23:23:21,851 - INFO - KGameTracker - ℹ️  K GAME TRACKER - INICIADA
2026-09-10 23:23:21,851 - INFO - KGameTracker - ℹ️  ==================================================
2026-09-10 23:23:36,272 - DEBUG - urllib3.connectionpool - Starting new HTTPS connection (1): www.gamerpower.com:443
2026-09-10 23:23:36,397 - DEBUG - urllib3.connectionpool - https://www.gamerpower.com:443 "GET /api/giveaways?type=game HTTP/1.1" 200 None
2026-09-10 23:23:47,130 - INFO - KGameTracker - ℹ️  ==================================================
2026-09-10 23:23:47,130 - INFO - KGameTracker - ℹ️  K GAME TRACKER - CERRADA
2026-09-10 23:23:47,131 - INFO - KGameTracker - ℹ️  ==================================================
2026-09-10 23:30:24,564 - INFO - KGameTracker - ℹ️  ==================================================
2026-09-10 23:30:24,564 - INFO - KGameTracker - ℹ️  K GAME TRACKER - INICIADA
2026-09-10 23:30:24,564 - INFO - KGameTracker - ℹ️  ==================================================
2026-09-10 23:30:40,422 - DEBUG - urllib3.connectionpool - Starting new HTTPS connection (1): www.gamerpower.com:443
2026-09-10 23:30:40,556 - DEBUG - urllib3.connectionpool - https://www.gamerpower.com:443 "GET /api/giveaways?type=game HTTP/1.1" 200 None
2026-09-10 23:30:49,613 - INFO - KGameTracker - ℹ️  ==================================================
2026-09-10 23:30:49,613 - INFO - KGameTracker - ℹ️  K GAME TRACKER - CERRADA
2026-09-10 23:30:49,613 - INFO - KGameTracker - ℹ️  ==================================================
2026-09-10 23:38:58,726 - INFO - KGameTracker - ℹ️  ==================================================
2026-09-10 23:38:58,727 - INFO - KGameTracker - ℹ️  K GAME TRACKER - INICIADA
2026-09-10 23:38:58,727 - INFO - KGameTracker - ℹ️  ==================================================
2026-09-10 23:39:02,515 - DEBUG - urllib3.connectionpool - Starting new HTTPS connection (1): www.gamerpower.com:443
2026-09-10 23:39:02,652 - DEBUG - urllib3.connectionpool - https://www.gamerpower.com:443 "GET /api/giveaways?type=game HTTP/1.1" 200 None
2026-09-10 23:39:03,544 - DEBUG - urllib3.connectionpool - Starting new HTTPS connection (1): www.gamerpower.com:443
2026-09-10 23:39:03,658 - DEBUG - urllib3.connectionpool - https://www.gamerpower.com:443 "GET /api/giveaways?type=game HTTP/1.1" 200 None
2026-09-10 23:39:13,843 - INFO - KGameTracker - ℹ️  ==================================================
2026-09-10 23:39:13,843 - INFO - KGameTracker - ℹ️  K GAME TRACKER - CERRADA
2026-09-10 23:39:13,843 - INFO - KGameTracker - ℹ️  ==================================================
2026-09-10 23:46:13,219 - INFO - KGameTracker - ℹ️  ==================================================
2026-09-10 23:46:13,219 - INFO - KGameTracker - ℹ️  K GAME TRACKER - INICIADA
2026-09-10 23:46:13,219 - INFO - KGameTracker - ℹ️  ==================================================
2026-09-10 23:46:30,810 - DEBUG - urllib3.connectionpool - Starting new HTTPS connection (1): www.gamerpower.com:443
2026-09-10 23:46:30,950 - DEBUG - urllib3.connectionpool - https://www.gamerpower.com:443 "GET /api/giveaways?type=game HTTP/1.1" 200 None
2026-09-10 23:46:37,184 - INFO - KGameTracker - ℹ️  ==================================================
2026-09-10 23:46:37,184 - INFO - KGameTracker - ℹ️  K GAME TRACKER - CERRADA
2026-09-10 23:46:37,184 - INFO - KGameTracker - ℹ️  ==================================================
2026-09-10 23:57:36,242 - INFO - KGameTracker - ℹ️  ==================================================
2026-09-10 23:57:36,242 - INFO - KGameTracker - ℹ️  K GAME TRACKER - INICIADA
2026-09-10 23:57:36,242 - INFO - KGameTracker - ℹ️  ==================================================
2026-09-10 23:57:43,605 - DEBUG - urllib3.connectionpool - Starting new HTTPS connection (1): www.gamerpower.com:443
2026-09-10 23:57:43,790 - DEBUG - urllib3.connectionpool - https://www.gamerpower.com:443 "GET /api/giveaways?type=game HTTP/1.1" 200 None
2026-09-10 23:58:05,683 - INFO - KGameTracker - ℹ️  ==================================================
2026-09-10 23:58:05,683 - INFO - KGameTracker - ℹ️  K GAME TRACKER - CERRADA
2026-09-10 23:58:05,683 - INFO - KGameTracker - ℹ️  ==================================================
