2026-09-01 21:21:58,119 - INFO - KGameTracker - ℹ️  ==================================================
2026-09-01 21:21:58,120 - INFO - KGameTracker - ℹ️  K GAME TRACKER - INICIADA
2026-09-01 21:21:58,120 - INFO - KGameTracker - ℹ️  ==================================================
2026-09-01 21:21:58,120 - INFO - KGameTracker - ℹ️  ✅ Autostart habilitado
2026-09-01 21:21:58,128 - INFO - KGameTracker - ℹ️  📢 Notificación: K GAME TRACKER
2026-09-01 21:21:58,195 - DEBUG - PIL.Image - Importing PngImagePlugin
2026-09-01 21:21:58,199 - DEBUG - PIL.PngImagePlugin - STREAM b'IHDR' 16 13
2026-09-01 21:21:58,199 - DEBUG - PIL.PngImagePlugin - STREAM b'IDAT' 41 65536
2026-09-01 21:23:16,587 - INFO - KGameTracker - ℹ️  ==================================================
2026-09-01 21:23:16,587 - INFO - KGameTracker - ℹ️  K GAME TRACKER - INICIADA
2026-09-01 21:23:16,587 - INFO - KGameTracker - ℹ️  ==================================================
2026-09-01 21:23:16,587 - INFO - KGameTracker - ℹ️  ✅ Autostart habilitado
2026-09-01 21:23:16,596 - INFO - KGameTracker - ℹ️  📢 Notificación: K GAME TRACKER
2026-09-01 21:23:16,656 - DEBUG - PIL.Image - Importing PngImagePlugin
2026-09-01 21:23:16,661 - DEBUG - PIL.PngImagePlugin - STREAM b'IHDR' 16 13
2026-09-01 21:23:16,661 - DEBUG - PIL.PngImagePlugin - STREAM b'IDAT' 41 65536
2026-09-01 21:23:42,304 - INFO - KGameTracker - ℹ️  ==================================================
2026-09-01 21:23:42,304 - INFO - KGameTracker - ℹ️  K GAME TRACKER - INICIADA
2026-09-01 21:23:42,304 - INFO - KGameTracker - ℹ️  ==================================================
2026-09-01 21:23:42,304 - INFO - KGameTracker - ℹ️  ✅ Autostart habilitado
2026-09-01 21:23:42,314 - INFO - KGameTracker - ℹ️  📢 Notificación: K GAME TRACKER
2026-09-01 21:23:42,378 - DEBUG - PIL.Image - Importing PngImagePlugin
2026-09-01 21:23:42,382 - DEBUG - PIL.PngImagePlugin - STREAM b'IHDR' 16 13
2026-09-01 21:23:42,382 - DEBUG - PIL.PngImagePlugin - STREAM b'IDAT' 41 65536
2026-09-01 21:24:16,209 - INFO - KGameTracker - ℹ️  ==================================================
2026-09-01 21:24:16,209 - INFO - KGameTracker - ℹ️  K GAME TRACKER - INICIADA
2026-09-01 21:24:16,209 - INFO - KGameTracker - ℹ️  ==================================================
2026-09-01 21:24:16,209 - INFO - KGameTracker - ℹ️  ✅ Autostart habilitado
2026-09-01 21:24:16,218 - INFO - KGameTracker - ℹ️  📢 Notificación: K GAME TRACKER
2026-09-01 21:24:16,283 - DEBUG - PIL.Image - Importing PngImagePlugin
2026-09-01 21:24:16,287 - DEBUG - PIL.PngImagePlugin - STREAM b'IHDR' 16 13
2026-09-01 21:24:16,288 - DEBUG - PIL.PngImagePlugin - STREAM b'IDAT' 41 65536
2026-09-01 21:24:40,315 - INFO - KGameTracker - ℹ️  ==================================================
2026-09-01 21:24:40,315 - INFO - KGameTracker - ℹ️  K GAME TRACKER - INICIADA
2026-09-01 21:24:40,315 - INFO - KGameTracker - ℹ️  ==================================================
2026-09-01 21:24:40,315 - INFO - KGameTracker - ℹ️  ✅ Autostart habilitado
2026-09-01 21:24:40,324 - INFO - KGameTracker - ℹ️  📢 Notificación: K GAME TRACKER
2026-09-01 21:24:40,386 - DEBUG - PIL.Image - Importing PngImagePlugin
2026-09-01 21:24:40,390 - DEBUG - PIL.PngImagePlugin - STREAM b'IHDR' 16 13
2026-09-01 21:24:40,390 - DEBUG - PIL.PngImagePlugin - STREAM b'IDAT' 41 65536
2026-09-01 21:25:08,783 - INFO - KGameTracker - ℹ️  ==================================================
2026-09-01 21:25:08,784 - INFO - KGameTracker - ℹ️  K GAME TRACKER - INICIADA
2026-09-01 21:25:08,784 - INFO - KGameTracker - ℹ️  ==================================================
2026-09-01 21:25:08,784 - INFO - KGameTracker - ℹ️  ✅ Autostart habilitado
2026-09-01 21:25:08,792 - INFO - KGameTracker - ℹ️  📢 Notificación: K GAME TRACKER
2026-09-01 21:25:08,856 - DEBUG - PIL.Image - Importing PngImagePlugin
2026-09-01 21:25:08,861 - DEBUG - PIL.PngImagePlugin - STREAM b'IHDR' 16 13
2026-09-01 21:25:08,861 - DEBUG - PIL.PngImagePlugin - STREAM b'IDAT' 41 65536
2026-09-01 21:25:36,516 - INFO - KGameTracker - ℹ️  ==================================================
2026-09-01 21:25:36,516 - INFO - KGameTracker - ℹ️  K GAME TRACKER - INICIADA
2026-09-01 21:25:36,516 - INFO - KGameTracker - ℹ️  ==================================================
2026-09-01 21:25:36,516 - INFO - KGameTracker - ℹ️  ✅ Autostart habilitado
2026-09-01 21:25:36,525 - INFO - KGameTracker - ℹ️  📢 Notificación: K GAME TRACKER
2026-09-01 21:25:36,588 - DEBUG - PIL.Image - Importing PngImagePlugin
2026-09-01 21:25:36,593 - DEBUG - PIL.PngImagePlugin - STREAM b'IHDR' 16 13
2026-09-01 21:25:36,593 - DEBUG - PIL.PngImagePlugin - STREAM b'IDAT' 41 65536
2026-09-01 21:25:46,187 - DEBUG - urllib3.connectionpool - Starting new HTTPS connection (1): www.gamerpower.com:443
2026-09-01 21:25:46,240 - DEBUG - urllib3.connectionpool - https://www.gamerpower.com:443 "GET /api/giveaways?type=game HTTP/1.1" 200 None
2026-09-01 21:26:42,536 - INFO - KGameTracker - ℹ️  ==================================================
2026-09-01 21:26:42,536 - INFO - KGameTracker - ℹ️  K GAME TRACKER - INICIADA
2026-09-01 21:26:42,536 - INFO - KGameTracker - ℹ️  ==================================================
2026-09-01 21:26:42,536 - INFO - KGameTracker - ℹ️  ✅ Autostart habilitado
2026-09-01 21:26:42,545 - INFO - KGameTracker - ℹ️  📢 Notificación: K GAME TRACKER
2026-09-01 21:26:42,609 - DEBUG - PIL.Image - Importing PngImagePlugin
2026-09-01 21:26:42,613 - DEBUG - PIL.PngImagePlugin - STREAM b'IHDR' 16 13
2026-09-01 21:26:42,613 - DEBUG - PIL.PngImagePlugin - STREAM b'IDAT' 41 65536
2026-09-01 21:27:17,818 - INFO - KGameTracker - ℹ️  ==================================================
2026-09-01 21:27:17,818 - INFO - KGameTracker - ℹ️  K GAME TRACKER - INICIADA
2026-09-01 21:27:17,818 - INFO - KGameTracker - ℹ️  ==================================================
2026-09-01 21:27:17,819 - INFO - KGameTracker - ℹ️  ✅ Autostart habilitado
2026-09-01 21:27:17,827 - INFO - KGameTracker - ℹ️  📢 Notificación: K GAME TRACKER
2026-09-01 21:27:17,890 - DEBUG - PIL.Image - Importing PngImagePlugin
2026-09-01 21:27:17,894 - DEBUG - PIL.PngImagePlugin - STREAM b'IHDR' 16 13
2026-09-01 21:27:17,894 - DEBUG - PIL.PngImagePlugin - STREAM b'IDAT' 41 65536
2026-09-01 21:27:46,957 - INFO - KGameTracker - ℹ️  ==================================================
2026-09-01 21:27:46,957 - INFO - KGameTracker - ℹ️  K GAME TRACKER - INICIADA
2026-09-01 21:27:46,958 - INFO - KGameTracker - ℹ️  ==================================================
2026-09-01 21:27:46,958 - INFO - KGameTracker - ℹ️  ✅ Autostart habilitado
2026-09-01 21:27:46,966 - INFO - KGameTracker - ℹ️  📢 Notificación: K GAME TRACKER
2026-09-01 21:27:47,031 - DEBUG - PIL.Image - Importing PngImagePlugin
2026-09-01 21:27:47,035 - DEBUG - PIL.PngImagePlugin - STREAM b'IHDR' 16 13
2026-09-01 21:27:47,035 - DEBUG - PIL.PngImagePlugin - STREAM b'IDAT' 41 65536
2026-09-01 21:27:53,638 - DEBUG - urllib3.connectionpool - Starting new HTTPS connection (1): www.gamerpower.com:443
2026-09-01 21:27:53,705 - DEBUG - urllib3.connectionpool - https://www.gamerpower.com:443 "GET /api/giveaways?type=game HTTP/1.1" 200 None
2026-09-01 21:28:46,281 - INFO - KGameTracker - ℹ️  ==================================================
2026-09-01 21:28:46,281 - INFO - KGameTracker - ℹ️  K GAME TRACKER - INICIADA
2026-09-01 21:28:46,281 - INFO - KGameTracker - ℹ️  ==================================================
2026-09-01 21:28:46,281 - INFO - KGameTracker - ℹ️  ✅ Autostart habilitado
2026-09-01 21:28:46,290 - INFO - KGameTracker - ℹ️  📢 Notificación: K GAME TRACKER
2026-09-01 21:28:46,359 - DEBUG - PIL.Image - Importing PngImagePlugin
2026-09-01 21:28:46,364 - DEBUG - PIL.PngImagePlugin - STREAM b'IHDR' 16 13
2026-09-01 21:28:46,364 - DEBUG - PIL.PngImagePlugin - STREAM b'IDAT' 41 65536
2026-09-01 21:28:52,038 - DEBUG - urllib3.connectionpool - Starting new HTTPS connection (1): www.gamerpower.com:443
2026-09-01 21:28:52,085 - DEBUG - urllib3.connectionpool - https://www.gamerpower.com:443 "GET /api/giveaways?type=game HTTP/1.1" 200 None
2026-09-01 21:28:54,752 - DEBUG - urllib3.connectionpool - Starting new HTTPS connection (1): www.gamerpower.com:443
2026-09-01 21:28:54,828 - DEBUG - urllib3.connectionpool - https://www.gamerpower.com:443 "GET /offers/1b/6a90569cdf3f5.jpg HTTP/1.1" 200 46040
2026-09-01 21:28:54,873 - DEBUG - urllib3.connectionpool - https://www.gamerpower.com:443 "GET /offers/1b/69567c4ee0fa3.jpg HTTP/1.1" 200 67756
2026-09-01 21:28:54,907 - DEBUG - urllib3.connectionpool - https://www.gamerpower.com:443 "GET /offers/1b/689aece93310e.jpg HTTP/1.1" 200 34152
2026-09-01 21:29:37,326 - INFO - KGameTracker - ℹ️  ==================================================
2026-09-01 21:29:37,326 - INFO - KGameTracker - ℹ️  K GAME TRACKER - INICIADA
2026-09-01 21:29:37,326 - INFO - KGameTracker - ℹ️  ==================================================
2026-09-01 21:29:37,327 - INFO - KGameTracker - ℹ️  ✅ Autostart habilitado
2026-09-01 21:29:37,335 - INFO - KGameTracker - ℹ️  📢 Notificación: K GAME TRACKER
2026-09-01 21:29:37,402 - DEBUG - PIL.Image - Importing PngImagePlugin
2026-09-01 21:29:37,407 - DEBUG - PIL.PngImagePlugin - STREAM b'IHDR' 16 13
2026-09-01 21:29:37,408 - DEBUG - PIL.PngImagePlugin - STREAM b'IDAT' 41 65536
2026-09-01 21:29:44,567 - DEBUG - urllib3.connectionpool - Starting new HTTPS connection (1): www.gamerpower.com:443
2026-09-01 21:29:44,619 - DEBUG - urllib3.connectionpool - https://www.gamerpower.com:443 "GET /api/giveaways?type=game HTTP/1.1" 200 None
2026-09-01 21:29:46,157 - DEBUG - urllib3.connectionpool - Starting new HTTPS connection (1): www.gamerpower.com:443
2026-09-01 21:29:46,214 - DEBUG - urllib3.connectionpool - https://www.gamerpower.com:443 "GET /api/giveaways?type=game HTTP/1.1" 200 None
2026-09-01 21:31:34,904 - INFO - KGameTracker - ℹ️  ==================================================
2026-09-01 21:31:34,905 - INFO - KGameTracker - ℹ️  K GAME TRACKER - INICIADA
2026-09-01 21:31:34,905 - INFO - KGameTracker - ℹ️  ==================================================
2026-09-01 21:31:34,905 - INFO - KGameTracker - ℹ️  ✅ Autostart habilitado
2026-09-01 21:31:34,913 - INFO - KGameTracker - ℹ️  📢 Notificación: K GAME TRACKER
2026-09-01 21:31:34,978 - DEBUG - PIL.Image - Importing PngImagePlugin
2026-09-01 21:31:34,983 - DEBUG - PIL.PngImagePlugin - STREAM b'IHDR' 16 13
2026-09-01 21:31:34,983 - DEBUG - PIL.PngImagePlugin - STREAM b'IDAT' 41 65536
2026-09-01 21:32:58,273 - INFO - KGameTracker - ℹ️  ==================================================
2026-09-01 21:32:58,273 - INFO - KGameTracker - ℹ️  K GAME TRACKER - INICIADA
2026-09-01 21:32:58,273 - INFO - KGameTracker - ℹ️  ==================================================
2026-09-01 21:32:58,273 - INFO - KGameTracker - ℹ️  ✅ Autostart habilitado
2026-09-01 21:32:58,282 - INFO - KGameTracker - ℹ️  📢 Notificación: K GAME TRACKER
2026-09-01 21:32:58,344 - DEBUG - PIL.Image - Importing PngImagePlugin
2026-09-01 21:32:58,349 - DEBUG - PIL.PngImagePlugin - STREAM b'IHDR' 16 13
2026-09-01 21:32:58,349 - DEBUG - PIL.PngImagePlugin - STREAM b'IDAT' 41 65536
2026-09-01 21:33:53,415 - INFO - KGameTracker - ℹ️  ==================================================
2026-09-01 21:33:53,415 - INFO - KGameTracker - ℹ️  K GAME TRACKER - INICIADA
2026-09-01 21:33:53,415 - INFO - KGameTracker - ℹ️  ==================================================
2026-09-01 21:33:53,416 - INFO - KGameTracker - ℹ️  ✅ Autostart habilitado
2026-09-01 21:33:53,424 - INFO - KGameTracker - ℹ️  📢 Notificación: K GAME TRACKER
2026-09-01 21:33:53,487 - DEBUG - PIL.Image - Importing PngImagePlugin
2026-09-01 21:33:53,491 - DEBUG - PIL.PngImagePlugin - STREAM b'IHDR' 16 13
2026-09-01 21:33:53,491 - DEBUG - PIL.PngImagePlugin - STREAM b'IDAT' 41 65536
2026-09-01 21:34:43,880 - INFO - KGameTracker - ℹ️  ==================================================
2026-09-01 21:34:43,881 - INFO - KGameTracker - ℹ️  K GAME TRACKER - INICIADA
2026-09-01 21:34:43,881 - INFO - KGameTracker - ℹ️  ==================================================
2026-09-01 21:34:43,881 - INFO - KGameTracker - ℹ️  ✅ Autostart habilitado
2026-09-01 21:34:43,890 - INFO - KGameTracker - ℹ️  📢 Notificación: K GAME TRACKER
2026-09-01 21:34:43,949 - DEBUG - PIL.Image - Importing PngImagePlugin
2026-09-01 21:34:43,953 - DEBUG - PIL.PngImagePlugin - STREAM b'IHDR' 16 13
2026-09-01 21:34:43,954 - DEBUG - PIL.PngImagePlugin - STREAM b'IDAT' 41 65536
2026-09-01 21:35:18,543 - INFO - KGameTracker - ℹ️  ==================================================
2026-09-01 21:35:18,543 - INFO - KGameTracker - ℹ️  K GAME TRACKER - INICIADA
2026-09-01 21:35:18,543 - INFO - KGameTracker - ℹ️  ==================================================
2026-09-01 21:35:18,544 - INFO - KGameTracker - ℹ️  ✅ Autostart habilitado
2026-09-01 21:35:18,552 - INFO - KGameTracker - ℹ️  📢 Notificación: K GAME TRACKER
2026-09-01 21:35:18,618 - DEBUG - PIL.Image - Importing PngImagePlugin
2026-09-01 21:35:18,623 - DEBUG - PIL.PngImagePlugin - STREAM b'IHDR' 16 13
2026-09-01 21:35:18,623 - DEBUG - PIL.PngImagePlugin - STREAM b'IDAT' 41 65536
2026-09-01 21:35:59,226 - INFO - KGameTracker - ℹ️  ==================================================
2026-09-01 21:35:59,226 - INFO - KGameTracker - ℹ️  K GAME TRACKER - INICIADA
2026-09-01 21:35:59,226 - INFO - KGameTracker - ℹ️  ==================================================
2026-09-01 21:35:59,226 - INFO - KGameTracker - ℹ️  ✅ Autostart habilitado
2026-09-01 21:35:59,235 - INFO - KGameTracker - ℹ️  📢 Notificación: K GAME TRACKER
2026-09-01 21:35:59,296 - DEBUG - PIL.Image - Importing PngImagePlugin
2026-09-01 21:35:59,301 - DEBUG - PIL.PngImagePlugin - STREAM b'IHDR' 16 13
2026-09-01 21:35:59,301 - DEBUG - PIL.PngImagePlugin - STREAM b'IDAT' 41 65536
2026-09-01 21:36:03,565 - DEBUG - urllib3.connectionpool - Starting new HTTPS connection (1): www.gamerpower.com:443
2026-09-01 21:36:03,623 - DEBUG - urllib3.connectionpool - https://www.gamerpower.com:443 "GET /api/giveaways?type=game HTTP/1.1" 200 None
2026-09-01 21:36:05,624 - DEBUG - urllib3.connectionpool - Starting new HTTPS connection (1): www.gamerpower.com:443
2026-09-01 21:36:05,667 - DEBUG - urllib3.connectionpool - https://www.gamerpower.com:443 "GET /api/giveaways?type=game HTTP/1.1" 200 None
2026-09-01 21:38:53,920 - INFO - KGameTracker - ℹ️  ==================================================
2026-09-01 21:38:53,921 - INFO - KGameTracker - ℹ️  K GAME TRACKER - INICIADA
2026-09-01 21:38:53,921 - INFO - KGameTracker - ℹ️  ==================================================
2026-09-01 21:38:53,921 - INFO - KGameTracker - ℹ️  ✅ Autostart habilitado
2026-09-01 21:38:53,929 - INFO - KGameTracker - ℹ️  📢 Notificación: K GAME TRACKER
2026-09-01 21:38:53,993 - DEBUG - PIL.Image - Importing PngImagePlugin
2026-09-01 21:38:53,998 - DEBUG - PIL.PngImagePlugin - STREAM b'IHDR' 16 13
2026-09-01 21:38:53,999 - DEBUG - PIL.PngImagePlugin - STREAM b'IDAT' 41 65536
2026-09-01 21:38:57,303 - DEBUG - urllib3.connectionpool - Starting new HTTPS connection (1): www.gamerpower.com:443
2026-09-01 21:38:57,354 - DEBUG - urllib3.connectionpool - https://www.gamerpower.com:443 "GET /api/giveaways?type=game HTTP/1.1" 200 None
2026-09-01 21:38:59,048 - DEBUG - urllib3.connectionpool - Starting new HTTPS connection (1): www.gamerpower.com:443
2026-09-01 21:38:59,092 - DEBUG - urllib3.connectionpool - https://www.gamerpower.com:443 "GET /api/giveaways?type=game HTTP/1.1" 200 None
2026-09-01 21:39:52,964 - INFO - KGameTracker - ℹ️  ==================================================
2026-09-01 21:39:52,965 - INFO - KGameTracker - ℹ️  K GAME TRACKER - INICIADA
2026-09-01 21:39:52,965 - INFO - KGameTracker - ℹ️  ==================================================
2026-09-01 21:39:52,965 - INFO - KGameTracker - ℹ️  ✅ Autostart habilitado
2026-09-01 21:39:52,973 - INFO - KGameTracker - ℹ️  📢 Notificación: K GAME TRACKER
2026-09-01 21:39:53,034 - DEBUG - PIL.Image - Importing PngImagePlugin
2026-09-01 21:39:53,038 - DEBUG - PIL.PngImagePlugin - STREAM b'IHDR' 16 13
2026-09-01 21:39:53,038 - DEBUG - PIL.PngImagePlugin - STREAM b'IDAT' 41 65536
2026-09-01 21:40:00,125 - INFO - KGameTracker - ℹ️  ==================================================
2026-09-01 21:40:00,125 - INFO - KGameTracker - ℹ️  K GAME TRACKER - CERRADA
2026-09-01 21:40:00,125 - INFO - KGameTracker - ℹ️  ==================================================
2026-09-01 21:42:32,585 - INFO - KGameTracker - ℹ️  ==================================================
2026-09-01 21:42:32,585 - INFO - KGameTracker - ℹ️  K GAME TRACKER - INICIADA
2026-09-01 21:42:32,586 - INFO - KGameTracker - ℹ️  ==================================================
2026-09-01 21:42:32,586 - INFO - KGameTracker - ℹ️  ✅ Autostart habilitado
2026-09-01 21:42:32,594 - INFO - KGameTracker - ℹ️  📢 Notificación: K GAME TRACKER
2026-09-01 21:42:32,654 - DEBUG - PIL.Image - Importing PngImagePlugin
2026-09-01 21:42:32,659 - DEBUG - PIL.PngImagePlugin - STREAM b'IHDR' 16 13
2026-09-01 21:42:32,659 - DEBUG - PIL.PngImagePlugin - STREAM b'IDAT' 41 65536
2026-09-01 21:43:01,955 - INFO - KGameTracker - ℹ️  ==================================================
2026-09-01 21:43:01,955 - INFO - KGameTracker - ℹ️  K GAME TRACKER - CERRADA
2026-09-01 21:43:01,955 - INFO - KGameTracker - ℹ️  ==================================================
2026-09-01 21:45:59,618 - INFO - KGameTracker - ℹ️  ==================================================
2026-09-01 21:45:59,618 - INFO - KGameTracker - ℹ️  K GAME TRACKER - INICIADA
2026-09-01 21:45:59,618 - INFO - KGameTracker - ℹ️  ==================================================
2026-09-01 21:45:59,618 - INFO - KGameTracker - ℹ️  ✅ Autostart habilitado
2026-09-01 21:45:59,626 - INFO - KGameTracker - ℹ️  📢 Notificación: K GAME TRACKER
2026-09-01 21:45:59,697 - DEBUG - PIL.Image - Importing PngImagePlugin
2026-09-01 21:45:59,702 - DEBUG - PIL.PngImagePlugin - STREAM b'IHDR' 16 13
2026-09-01 21:45:59,702 - DEBUG - PIL.PngImagePlugin - STREAM b'IDAT' 41 65536
2026-09-01 21:46:03,352 - DEBUG - urllib3.connectionpool - Starting new HTTPS connection (1): www.gamerpower.com:443
2026-09-01 21:46:03,415 - DEBUG - urllib3.connectionpool - https://www.gamerpower.com:443 "GET /api/giveaways?type=game HTTP/1.1" 200 None
2026-09-01 21:46:04,361 - DEBUG - urllib3.connectionpool - Starting new HTTPS connection (1): www.gamerpower.com:443
2026-09-01 21:46:04,414 - DEBUG - urllib3.connectionpool - https://www.gamerpower.com:443 "GET /offers/1b/6a90569cdf3f5.jpg HTTP/1.1" 200 46040
2026-09-01 21:46:04,445 - DEBUG - urllib3.connectionpool - https://www.gamerpower.com:443 "GET /offers/1b/69567c4ee0fa3.jpg HTTP/1.1" 200 67756
2026-09-01 21:46:04,464 - DEBUG - urllib3.connectionpool - https://www.gamerpower.com:443 "GET /offers/1b/689aece93310e.jpg HTTP/1.1" 200 34152
2026-09-01 21:46:04,953 - DEBUG - urllib3.connectionpool - https://www.gamerpower.com:443 "GET /offers/1b/68e6513c31514.jpg HTTP/1.1" 200 18347
2026-09-01 21:46:04,967 - DEBUG - urllib3.connectionpool - https://www.gamerpower.com:443 "GET /offers/1b/68e15e986da99.jpg HTTP/1.1" 200 23873
2026-09-01 21:46:04,981 - DEBUG - urllib3.connectionpool - https://www.gamerpower.com:443 "GET /offers/1b/68d828fc4174f.jpg HTTP/1.1" 200 57980
2026-09-01 21:46:04,995 - DEBUG - urllib3.connectionpool - https://www.gamerpower.com:443 "GET /offers/1b/68dd2161c3088.jpg HTTP/1.1" 200 36137
2026-09-01 21:46:05,007 - DEBUG - urllib3.connectionpool - https://www.gamerpower.com:443 "GET /offers/1b/6a90569cdf3f5.jpg HTTP/1.1" 200 46040
2026-09-01 21:46:05,020 - DEBUG - urllib3.connectionpool - https://www.gamerpower.com:443 "GET /offers/1b/69567c4ee0fa3.jpg HTTP/1.1" 200 67756
2026-09-01 21:46:05,034 - DEBUG - urllib3.connectionpool - https://www.gamerpower.com:443 "GET /offers/1b/689aece93310e.jpg HTTP/1.1" 200 34152
2026-09-01 21:46:05,788 - DEBUG - urllib3.connectionpool - https://www.gamerpower.com:443 "GET /offers/1b/68e6513c31514.jpg HTTP/1.1" 200 18347
2026-09-01 21:46:05,802 - DEBUG - urllib3.connectionpool - https://www.gamerpower.com:443 "GET /offers/1b/68e15e986da99.jpg HTTP/1.1" 200 23873
2026-09-01 21:46:05,816 - DEBUG - urllib3.connectionpool - https://www.gamerpower.com:443 "GET /offers/1b/68d828fc4174f.jpg HTTP/1.1" 200 57980
2026-09-01 21:46:05,831 - DEBUG - urllib3.connectionpool - https://www.gamerpower.com:443 "GET /offers/1b/68dd2161c3088.jpg HTTP/1.1" 200 36137
2026-09-01 21:46:05,844 - DEBUG - urllib3.connectionpool - https://www.gamerpower.com:443 "GET /offers/1b/6a90569cdf3f5.jpg HTTP/1.1" 200 46040
2026-09-01 21:46:05,859 - DEBUG - urllib3.connectionpool - https://www.gamerpower.com:443 "GET /offers/1b/69567c4ee0fa3.jpg HTTP/1.1" 200 67756
2026-09-01 21:46:05,871 - DEBUG - urllib3.connectionpool - https://www.gamerpower.com:443 "GET /offers/1b/689aece93310e.jpg HTTP/1.1" 200 34152
2026-09-01 21:46:06,838 - INFO - KGameTracker - ℹ️  ==================================================
2026-09-01 21:46:06,838 - INFO - KGameTracker - ℹ️  K GAME TRACKER - CERRADA
2026-09-01 21:46:06,838 - INFO - KGameTracker - ℹ️  ==================================================
2026-09-01 21:56:28,621 - INFO - KGameTracker - ℹ️  ==================================================
2026-09-01 21:56:28,621 - INFO - KGameTracker - ℹ️  K GAME TRACKER - INICIADA
2026-09-01 21:56:28,621 - INFO - KGameTracker - ℹ️  ==================================================
2026-09-01 21:56:28,621 - INFO - KGameTracker - ℹ️  ✅ Autostart habilitado
2026-09-01 21:56:28,629 - INFO - KGameTracker - ℹ️  📢 Notificación: K GAME TRACKER
2026-09-01 21:56:28,697 - DEBUG - PIL.Image - Importing PngImagePlugin
2026-09-01 21:56:28,735 - DEBUG - PIL.PngImagePlugin - STREAM b'IHDR' 16 13
2026-09-01 21:56:28,736 - DEBUG - PIL.PngImagePlugin - STREAM b'IDAT' 41 65536
2026-09-01 21:56:34,097 - INFO - KGameTracker - ℹ️  ==================================================
2026-09-01 21:56:34,098 - INFO - KGameTracker - ℹ️  K GAME TRACKER - CERRADA
2026-09-01 21:56:34,098 - INFO - KGameTracker - ℹ️  ==================================================
2026-09-01 21:57:43,328 - INFO - KGameTracker - ℹ️  ==================================================
2026-09-01 21:57:43,328 - INFO - KGameTracker - ℹ️  K GAME TRACKER - INICIADA
2026-09-01 21:57:43,328 - INFO - KGameTracker - ℹ️  ==================================================
2026-09-01 21:57:43,328 - INFO - KGameTracker - ℹ️  ✅ Autostart habilitado
2026-09-01 21:57:43,338 - INFO - KGameTracker - ℹ️  📢 Notificación: K GAME TRACKER
2026-09-01 21:57:43,403 - DEBUG - PIL.Image - Importing PngImagePlugin
2026-09-01 21:57:43,408 - DEBUG - PIL.PngImagePlugin - STREAM b'IHDR' 16 13
2026-09-01 21:57:43,408 - DEBUG - PIL.PngImagePlugin - STREAM b'IDAT' 41 65536
2026-09-01 21:57:50,952 - DEBUG - urllib3.connectionpool - Starting new HTTPS connection (1): www.gamerpower.com:443
2026-09-01 21:57:51,011 - DEBUG - urllib3.connectionpool - https://www.gamerpower.com:443 "GET /api/giveaways?type=game HTTP/1.1" 200 None
2026-09-01 21:57:51,015 - DEBUG - urllib3.connectionpool - Starting new HTTPS connection (1): www.gamerpower.com:443
2026-09-01 21:57:51,072 - DEBUG - urllib3.connectionpool - https://www.gamerpower.com:443 "GET /offers/1b/6a53a044a87b6.jpg HTTP/1.1" 200 36351
2026-09-01 21:57:51,157 - DEBUG - urllib3.connectionpool - https://www.gamerpower.com:443 "GET /offers/1b/6a90554f27ee1.jpg HTTP/1.1" 200 51072
2026-09-01 21:57:51,171 - DEBUG - urllib3.connectionpool - https://www.gamerpower.com:443 "GET /offers/1b/644a8e3ec8e21.jpg HTTP/1.1" 200 43544
2026-09-01 21:57:51,186 - DEBUG - urllib3.connectionpool - https://www.gamerpower.com:443 "GET /offers/1b/69cafab460c8e.jpg HTTP/1.1" 200 51711
2026-09-01 21:58:29,281 - DEBUG - urllib3.connectionpool - Starting new HTTPS connection (1): www.gamerpower.com:443
2026-09-01 21:58:29,323 - DEBUG - urllib3.connectionpool - https://www.gamerpower.com:443 "GET /api/giveaways?type=game HTTP/1.1" 200 None
2026-09-01 21:58:29,796 - DEBUG - urllib3.connectionpool - https://www.gamerpower.com:443 "GET /offers/1b/6a53a044a87b6.jpg HTTP/1.1" 200 36351
2026-09-01 21:58:29,812 - DEBUG - urllib3.connectionpool - https://www.gamerpower.com:443 "GET /offers/1b/6a90554f27ee1.jpg HTTP/1.1" 200 51072
2026-09-01 21:58:29,824 - DEBUG - urllib3.connectionpool - https://www.gamerpower.com:443 "GET /offers/1b/644a8e3ec8e21.jpg HTTP/1.1" 200 43544
2026-09-01 21:58:29,838 - DEBUG - urllib3.connectionpool - https://www.gamerpower.com:443 "GET /offers/1b/69cafab460c8e.jpg HTTP/1.1" 200 51711
2026-09-01 21:59:40,995 - INFO - KGameTracker - ℹ️  ==================================================
2026-09-01 21:59:40,995 - INFO - KGameTracker - ℹ️  K GAME TRACKER - CERRADA
2026-09-01 21:59:40,995 - INFO - KGameTracker - ℹ️  ==================================================
2026-09-01 22:00:36,473 - INFO - KGameTracker - ℹ️  ==================================================
2026-09-01 22:00:36,473 - INFO - KGameTracker - ℹ️  K GAME TRACKER - INICIADA
2026-09-01 22:00:36,473 - INFO - KGameTracker - ℹ️  ==================================================
2026-09-01 22:00:36,474 - INFO - KGameTracker - ℹ️  ✅ Autostart habilitado
2026-09-01 22:00:36,481 - INFO - KGameTracker - ℹ️  📢 Notificación: K GAME TRACKER
2026-09-01 22:00:36,549 - DEBUG - PIL.Image - Importing PngImagePlugin
2026-09-01 22:00:36,553 - DEBUG - PIL.PngImagePlugin - STREAM b'IHDR' 16 13
2026-09-01 22:00:36,554 - DEBUG - PIL.PngImagePlugin - STREAM b'IDAT' 41 65536
2026-09-01 22:00:42,685 - INFO - KGameTracker - ℹ️  ==================================================
2026-09-01 22:00:42,685 - INFO - KGameTracker - ℹ️  K GAME TRACKER - CERRADA
2026-09-01 22:00:42,685 - INFO - KGameTracker - ℹ️  ==================================================
2026-09-01 22:01:26,032 - INFO - KGameTracker - ℹ️  ==================================================
2026-09-01 22:01:26,032 - INFO - KGameTracker - ℹ️  K GAME TRACKER - INICIADA
2026-09-01 22:01:26,032 - INFO - KGameTracker - ℹ️  ==================================================
2026-09-01 22:01:26,032 - INFO - KGameTracker - ℹ️  ✅ Autostart habilitado
2026-09-01 22:01:26,041 - INFO - KGameTracker - ℹ️  📢 Notificación: K GAME TRACKER
2026-09-01 22:01:26,106 - DEBUG - PIL.Image - Importing PngImagePlugin
2026-09-01 22:01:26,110 - DEBUG - PIL.PngImagePlugin - STREAM b'IHDR' 16 13
2026-09-01 22:01:26,110 - DEBUG - PIL.PngImagePlugin - STREAM b'IDAT' 41 65536
2026-09-01 22:01:48,374 - DEBUG - urllib3.connectionpool - Starting new HTTPS connection (1): www.gamerpower.com:443
2026-09-01 22:01:48,422 - DEBUG - urllib3.connectionpool - https://www.gamerpower.com:443 "GET /api/giveaways?type=game HTTP/1.1" 200 None
2026-09-01 22:01:48,427 - DEBUG - urllib3.connectionpool - Starting new HTTPS connection (1): www.gamerpower.com:443
2026-09-01 22:01:48,458 - DEBUG - urllib3.connectionpool - https://www.gamerpower.com:443 "GET /offers/1b/6a53a044a87b6.jpg HTTP/1.1" 200 36351
2026-09-01 22:01:48,489 - DEBUG - urllib3.connectionpool - https://www.gamerpower.com:443 "GET /offers/1b/6a90554f27ee1.jpg HTTP/1.1" 200 51072
2026-09-01 22:01:48,503 - DEBUG - urllib3.connectionpool - https://www.gamerpower.com:443 "GET /offers/1b/644a8e3ec8e21.jpg HTTP/1.1" 200 43544
2026-09-01 22:01:48,518 - DEBUG - urllib3.connectionpool - https://www.gamerpower.com:443 "GET /offers/1b/69cafab460c8e.jpg HTTP/1.1" 200 51711
2026-09-01 22:01:52,257 - DEBUG - urllib3.connectionpool - https://www.gamerpower.com:443 "GET /offers/1b/6a53a044a87b6.jpg HTTP/1.1" 200 36351
2026-09-01 22:01:52,269 - DEBUG - urllib3.connectionpool - https://www.gamerpower.com:443 "GET /offers/1b/6a90554f27ee1.jpg HTTP/1.1" 200 51072
2026-09-01 22:01:52,282 - DEBUG - urllib3.connectionpool - https://www.gamerpower.com:443 "GET /offers/1b/644a8e3ec8e21.jpg HTTP/1.1" 200 43544
2026-09-01 22:01:52,294 - DEBUG - urllib3.connectionpool - https://www.gamerpower.com:443 "GET /offers/1b/69cafab460c8e.jpg HTTP/1.1" 200 51711
2026-09-01 22:01:53,142 - DEBUG - urllib3.connectionpool - https://www.gamerpower.com:443 "GET /offers/1b/6a53a044a87b6.jpg HTTP/1.1" 200 36351
2026-09-01 22:01:53,158 - DEBUG - urllib3.connectionpool - https://www.gamerpower.com:443 "GET /offers/1b/6a90554f27ee1.jpg HTTP/1.1" 200 51072
2026-09-01 22:01:53,173 - DEBUG - urllib3.connectionpool - https://www.gamerpower.com:443 "GET /offers/1b/644a8e3ec8e21.jpg HTTP/1.1" 200 43544
2026-09-01 22:01:53,186 - DEBUG - urllib3.connectionpool - https://www.gamerpower.com:443 "GET /offers/1b/69cafab460c8e.jpg HTTP/1.1" 200 51711
2026-09-01 22:01:53,599 - DEBUG - urllib3.connectionpool - https://www.gamerpower.com:443 "GET /offers/1b/6a53a044a87b6.jpg HTTP/1.1" 200 36351
2026-09-01 22:01:53,611 - DEBUG - urllib3.connectionpool - https://www.gamerpower.com:443 "GET /offers/1b/6a90554f27ee1.jpg HTTP/1.1" 200 51072
2026-09-01 22:01:53,622 - DEBUG - urllib3.connectionpool - https://www.gamerpower.com:443 "GET /offers/1b/644a8e3ec8e21.jpg HTTP/1.1" 200 43544
2026-09-01 22:01:53,635 - DEBUG - urllib3.connectionpool - https://www.gamerpower.com:443 "GET /offers/1b/69cafab460c8e.jpg HTTP/1.1" 200 51711
2026-09-01 22:01:54,058 - DEBUG - urllib3.connectionpool - https://www.gamerpower.com:443 "GET /offers/1b/6a53a044a87b6.jpg HTTP/1.1" 200 36351
2026-09-01 22:01:54,068 - DEBUG - urllib3.connectionpool - https://www.gamerpower.com:443 "GET /offers/1b/6a90554f27ee1.jpg HTTP/1.1" 200 51072
2026-09-01 22:01:54,081 - DEBUG - urllib3.connectionpool - https://www.gamerpower.com:443 "GET /offers/1b/644a8e3ec8e21.jpg HTTP/1.1" 200 43544
2026-09-01 22:01:54,093 - DEBUG - urllib3.connectionpool - https://www.gamerpower.com:443 "GET /offers/1b/69cafab460c8e.jpg HTTP/1.1" 200 51711
2026-09-01 22:02:06,786 - DEBUG - urllib3.connectionpool - https://www.gamerpower.com:443 "GET /offers/1b/6a53a044a87b6.jpg HTTP/1.1" 200 36351
2026-09-01 22:02:06,800 - DEBUG - urllib3.connectionpool - https://www.gamerpower.com:443 "GET /offers/1b/6a90554f27ee1.jpg HTTP/1.1" 200 51072
2026-09-01 22:02:06,819 - DEBUG - urllib3.connectionpool - https://www.gamerpower.com:443 "GET /offers/1b/644a8e3ec8e21.jpg HTTP/1.1" 200 43544
2026-09-01 22:02:06,849 - DEBUG - urllib3.connectionpool - https://www.gamerpower.com:443 "GET /offers/1b/69cafab460c8e.jpg HTTP/1.1" 200 51711
2026-09-01 22:02:06,866 - DEBUG - urllib3.connectionpool - https://www.gamerpower.com:443 "GET /offers/1b/6a59119a8eb8d.jpg HTTP/1.1" 200 40398
2026-09-01 22:02:08,053 - DEBUG - urllib3.connectionpool - https://www.gamerpower.com:443 "GET /offers/1b/6a53a044a87b6.jpg HTTP/1.1" 200 36351
2026-09-01 22:02:08,065 - DEBUG - urllib3.connectionpool - https://www.gamerpower.com:443 "GET /offers/1b/6a90554f27ee1.jpg HTTP/1.1" 200 51072
2026-09-01 22:02:08,076 - DEBUG - urllib3.connectionpool - https://www.gamerpower.com:443 "GET /offers/1b/644a8e3ec8e21.jpg HTTP/1.1" 200 43544
2026-09-01 22:02:08,089 - DEBUG - urllib3.connectionpool - https://www.gamerpower.com:443 "GET /offers/1b/69cafab460c8e.jpg HTTP/1.1" 200 51711
2026-09-01 22:02:08,103 - DEBUG - urllib3.connectionpool - https://www.gamerpower.com:443 "GET /offers/1b/6a59119a8eb8d.jpg HTTP/1.1" 200 40398
2026-09-01 22:02:08,766 - DEBUG - urllib3.connectionpool - https://www.gamerpower.com:443 "GET /offers/1b/6a53a044a87b6.jpg HTTP/1.1" 200 36351
2026-09-01 22:02:08,776 - DEBUG - urllib3.connectionpool - https://www.gamerpower.com:443 "GET /offers/1b/6a90554f27ee1.jpg HTTP/1.1" 200 51072
2026-09-01 22:02:08,792 - DEBUG - urllib3.connectionpool - https://www.gamerpower.com:443 "GET /offers/1b/644a8e3ec8e21.jpg HTTP/1.1" 200 43544
2026-09-01 22:02:08,802 - DEBUG - urllib3.connectionpool - https://www.gamerpower.com:443 "GET /offers/1b/69cafab460c8e.jpg HTTP/1.1" 200 51711
2026-09-01 22:02:08,814 - DEBUG - urllib3.connectionpool - https://www.gamerpower.com:443 "GET /offers/1b/6a59119a8eb8d.jpg HTTP/1.1" 200 40398
2026-09-01 22:02:09,415 - DEBUG - urllib3.connectionpool - https://www.gamerpower.com:443 "GET /offers/1b/6a53a044a87b6.jpg HTTP/1.1" 200 36351
2026-09-01 22:02:09,427 - DEBUG - urllib3.connectionpool - https://www.gamerpower.com:443 "GET /offers/1b/6a90554f27ee1.jpg HTTP/1.1" 200 51072
2026-09-01 22:02:09,439 - DEBUG - urllib3.connectionpool - https://www.gamerpower.com:443 "GET /offers/1b/644a8e3ec8e21.jpg HTTP/1.1" 200 43544
2026-09-01 22:02:09,450 - DEBUG - urllib3.connectionpool - https://www.gamerpower.com:443 "GET /offers/1b/69cafab460c8e.jpg HTTP/1.1" 200 51711
2026-09-01 22:02:09,465 - DEBUG - urllib3.connectionpool - https://www.gamerpower.com:443 "GET /offers/1b/6a59119a8eb8d.jpg HTTP/1.1" 200 40398
2026-09-01 22:02:09,478 - DEBUG - urllib3.connectionpool - https://www.gamerpower.com:443 "GET /offers/1b/6a93557b0f911.jpg HTTP/1.1" 200 37478
2026-09-01 22:02:09,498 - DEBUG - urllib3.connectionpool - https://www.gamerpower.com:443 "GET /offers/1b/6a456f543d3c9.jpg HTTP/1.1" 200 23987
2026-09-01 22:02:09,512 - DEBUG - urllib3.connectionpool - https://www.gamerpower.com:443 "GET /offers/1b/6a27eafa35794.jpg HTTP/1.1" 200 28898
2026-09-01 22:02:09,525 - DEBUG - urllib3.connectionpool - https://www.gamerpower.com:443 "GET /offers/1b/6946b7c157bca.jpg HTTP/1.1" 200 33903
2026-09-01 22:02:09,538 - DEBUG - urllib3.connectionpool - https://www.gamerpower.com:443 "GET /offers/1b/698fa7369c1f5.jpg HTTP/1.1" 200 31147
2026-09-01 22:02:09,553 - DEBUG - urllib3.connectionpool - https://www.gamerpower.com:443 "GET /offers/1b/6946b8c46bc9b.jpg HTTP/1.1" 200 41266
2026-09-01 22:02:09,577 - DEBUG - urllib3.connectionpool - https://www.gamerpower.com:443 "GET /offers/1b/63c6f67bb9c8b.jpg HTTP/1.1" 200 49447
2026-09-01 22:02:10,101 - DEBUG - urllib3.connectionpool - Starting new HTTPS connection (1): www.gamerpower.com:443
2026-09-01 22:02:10,159 - DEBUG - urllib3.connectionpool - https://www.gamerpower.com:443 "GET /api/giveaways?type=game HTTP/1.1" 200 None
2026-09-01 22:02:10,221 - DEBUG - urllib3.connectionpool - https://www.gamerpower.com:443 "GET /offers/1b/6a53a044a87b6.jpg HTTP/1.1" 200 36351
2026-09-01 22:02:10,233 - DEBUG - urllib3.connectionpool - https://www.gamerpower.com:443 "GET /offers/1b/6a90554f27ee1.jpg HTTP/1.1" 200 51072
2026-09-01 22:02:10,246 - DEBUG - urllib3.connectionpool - https://www.gamerpower.com:443 "GET /offers/1b/644a8e3ec8e21.jpg HTTP/1.1" 200 43544
2026-09-01 22:02:10,259 - DEBUG - urllib3.connectionpool - https://www.gamerpower.com:443 "GET /offers/1b/69cafab460c8e.jpg HTTP/1.1" 200 51711
2026-09-01 22:02:10,271 - DEBUG - urllib3.connectionpool - https://www.gamerpower.com:443 "GET /offers/1b/6a59119a8eb8d.jpg HTTP/1.1" 200 40398
2026-09-01 22:02:10,284 - DEBUG - urllib3.connectionpool - https://www.gamerpower.com:443 "GET /offers/1b/6a93557b0f911.jpg HTTP/1.1" 200 37478
2026-09-01 22:02:10,294 - DEBUG - urllib3.connectionpool - https://www.gamerpower.com:443 "GET /offers/1b/6a456f543d3c9.jpg HTTP/1.1" 200 23987
2026-09-01 22:02:10,305 - DEBUG - urllib3.connectionpool - https://www.gamerpower.com:443 "GET /offers/1b/6a27eafa35794.jpg HTTP/1.1" 200 28898
2026-09-01 22:02:10,316 - DEBUG - urllib3.connectionpool - https://www.gamerpower.com:443 "GET /offers/1b/6946b7c157bca.jpg HTTP/1.1" 200 33903
2026-09-01 22:02:10,329 - DEBUG - urllib3.connectionpool - https://www.gamerpower.com:443 "GET /offers/1b/698fa7369c1f5.jpg HTTP/1.1" 200 31147
2026-09-01 22:02:10,340 - DEBUG - urllib3.connectionpool - https://www.gamerpower.com:443 "GET /offers/1b/6946b8c46bc9b.jpg HTTP/1.1" 200 41266
2026-09-01 22:02:10,351 - DEBUG - urllib3.connectionpool - https://www.gamerpower.com:443 "GET /offers/1b/63c6f67bb9c8b.jpg HTTP/1.1" 200 49447
2026-09-01 22:02:14,146 - DEBUG - urllib3.connectionpool - Starting new HTTPS connection (1): www.gamerpower.com:443
2026-09-01 22:02:14,207 - DEBUG - urllib3.connectionpool - https://www.gamerpower.com:443 "GET /api/giveaways?type=game HTTP/1.1" 200 None
2026-09-01 22:02:14,222 - DEBUG - urllib3.connectionpool - https://www.gamerpower.com:443 "GET /offers/1b/6a59119a8eb8d.jpg HTTP/1.1" 200 40398
2026-09-01 22:02:15,016 - DEBUG - urllib3.connectionpool - Starting new HTTPS connection (1): www.gamerpower.com:443
2026-09-01 22:02:15,058 - DEBUG - urllib3.connectionpool - https://www.gamerpower.com:443 "GET /api/giveaways?type=game HTTP/1.1" 200 None
2026-09-01 22:02:15,076 - DEBUG - urllib3.connectionpool - https://www.gamerpower.com:443 "GET /offers/1b/6a59119a8eb8d.jpg HTTP/1.1" 200 40398
2026-09-01 22:02:29,495 - INFO - KGameTracker - ℹ️  ==================================================
2026-09-01 22:02:29,495 - INFO - KGameTracker - ℹ️  K GAME TRACKER - CERRADA
2026-09-01 22:02:29,495 - INFO - KGameTracker - ℹ️  ==================================================
2026-09-01 22:03:39,137 - INFO - KGameTracker - ℹ️  ==================================================
2026-09-01 22:03:39,137 - INFO - KGameTracker - ℹ️  K GAME TRACKER - INICIADA
2026-09-01 22:03:39,137 - INFO - KGameTracker - ℹ️  ==================================================
2026-09-01 22:03:39,138 - INFO - KGameTracker - ℹ️  ✅ Autostart habilitado
2026-09-01 22:03:39,146 - INFO - KGameTracker - ℹ️  📢 Notificación: K GAME TRACKER
2026-09-01 22:03:39,210 - DEBUG - PIL.Image - Importing PngImagePlugin
2026-09-01 22:03:39,215 - DEBUG - PIL.PngImagePlugin - STREAM b'IHDR' 16 13
2026-09-01 22:03:39,215 - DEBUG - PIL.PngImagePlugin - STREAM b'IDAT' 41 65536
2026-09-01 22:03:43,947 - DEBUG - urllib3.connectionpool - Starting new HTTPS connection (1): www.gamerpower.com:443
2026-09-01 22:03:44,003 - DEBUG - urllib3.connectionpool - https://www.gamerpower.com:443 "GET /api/giveaways?type=game HTTP/1.1" 200 None
2026-09-01 22:03:44,538 - DEBUG - urllib3.connectionpool - Starting new HTTPS connection (1): www.gamerpower.com:443
2026-09-01 22:03:44,591 - DEBUG - urllib3.connectionpool - https://www.gamerpower.com:443 "GET /api/giveaways?type=game HTTP/1.1" 200 None
2026-09-01 22:03:45,610 - INFO - KGameTracker - ℹ️  ==================================================
2026-09-01 22:03:45,610 - INFO - KGameTracker - ℹ️  K GAME TRACKER - CERRADA
2026-09-01 22:03:45,610 - INFO - KGameTracker - ℹ️  ==================================================
2026-09-01 22:04:55,167 - INFO - KGameTracker - ℹ️  ==================================================
2026-09-01 22:04:55,167 - INFO - KGameTracker - ℹ️  K GAME TRACKER - INICIADA
2026-09-01 22:04:55,167 - INFO - KGameTracker - ℹ️  ==================================================
2026-09-01 22:04:55,168 - INFO - KGameTracker - ℹ️  ✅ Autostart habilitado
2026-09-01 22:04:55,176 - INFO - KGameTracker - ℹ️  📢 Notificación: K GAME TRACKER
2026-09-01 22:04:55,236 - DEBUG - PIL.Image - Importing PngImagePlugin
2026-09-01 22:04:55,240 - DEBUG - PIL.PngImagePlugin - STREAM b'IHDR' 16 13
2026-09-01 22:04:55,241 - DEBUG - PIL.PngImagePlugin - STREAM b'IDAT' 41 65536
2026-09-01 22:05:41,881 - INFO - KGameTracker - ℹ️  ==================================================
2026-09-01 22:05:41,881 - INFO - KGameTracker - ℹ️  K GAME TRACKER - CERRADA
2026-09-01 22:05:41,882 - INFO - KGameTracker - ℹ️  ==================================================
2026-09-01 22:05:47,241 - INFO - KGameTracker - ℹ️  ==================================================
2026-09-01 22:05:47,241 - INFO - KGameTracker - ℹ️  K GAME TRACKER - INICIADA
2026-09-01 22:05:47,241 - INFO - KGameTracker - ℹ️  ==================================================
2026-09-01 22:05:47,241 - INFO - KGameTracker - ℹ️  ✅ Autostart habilitado
2026-09-01 22:05:47,250 - INFO - KGameTracker - ℹ️  📢 Notificación: K GAME TRACKER
2026-09-01 22:05:47,311 - DEBUG - PIL.Image - Importing PngImagePlugin
2026-09-01 22:05:47,316 - DEBUG - PIL.PngImagePlugin - STREAM b'IHDR' 16 13
2026-09-01 22:05:47,316 - DEBUG - PIL.PngImagePlugin - STREAM b'IDAT' 41 65536
2026-09-01 22:07:05,232 - INFO - KGameTracker - ℹ️  ==================================================
2026-09-01 22:07:05,232 - INFO - KGameTracker - ℹ️  K GAME TRACKER - CERRADA
2026-09-01 22:07:05,232 - INFO - KGameTracker - ℹ️  ==================================================
2026-09-01 22:07:22,723 - INFO - KGameTracker - ℹ️  ==================================================
2026-09-01 22:07:22,724 - INFO - KGameTracker - ℹ️  K GAME TRACKER - INICIADA
2026-09-01 22:07:22,724 - INFO - KGameTracker - ℹ️  ==================================================
2026-09-01 22:07:22,724 - INFO - KGameTracker - ℹ️  ✅ Autostart habilitado
2026-09-01 22:07:22,733 - INFO - KGameTracker - ℹ️  📢 Notificación: K GAME TRACKER
2026-09-01 22:07:22,796 - DEBUG - PIL.Image - Importing PngImagePlugin
2026-09-01 22:07:22,801 - DEBUG - PIL.PngImagePlugin - STREAM b'IHDR' 16 13
2026-09-01 22:07:22,801 - DEBUG - PIL.PngImagePlugin - STREAM b'IDAT' 41 65536
2026-09-01 22:07:39,821 - INFO - KGameTracker - ℹ️  ==================================================
2026-09-01 22:07:39,821 - INFO - KGameTracker - ℹ️  K GAME TRACKER - CERRADA
2026-09-01 22:07:39,821 - INFO - KGameTracker - ℹ️  ==================================================
2026-09-01 22:08:48,408 - INFO - KGameTracker - ℹ️  ==================================================
2026-09-01 22:08:48,409 - INFO - KGameTracker - ℹ️  K GAME TRACKER - INICIADA
2026-09-01 22:08:48,409 - INFO - KGameTracker - ℹ️  ==================================================
2026-09-01 22:08:48,409 - INFO - KGameTracker - ℹ️  ✅ Autostart habilitado
2026-09-01 22:08:48,418 - INFO - KGameTracker - ℹ️  📢 Notificación: K GAME TRACKER
2026-09-01 22:08:48,480 - DEBUG - PIL.Image - Importing PngImagePlugin
2026-09-01 22:08:48,484 - DEBUG - PIL.PngImagePlugin - STREAM b'IHDR' 16 13
2026-09-01 22:08:48,484 - DEBUG - PIL.PngImagePlugin - STREAM b'IDAT' 41 65536
2026-09-01 22:08:53,757 - INFO - KGameTracker - ℹ️  ==================================================
2026-09-01 22:08:53,757 - INFO - KGameTracker - ℹ️  K GAME TRACKER - CERRADA
2026-09-01 22:08:53,757 - INFO - KGameTracker - ℹ️  ==================================================
2026-09-01 22:09:27,082 - INFO - KGameTracker - ℹ️  ==================================================
2026-09-01 22:09:27,082 - INFO - KGameTracker - ℹ️  K GAME TRACKER - INICIADA
2026-09-01 22:09:27,082 - INFO - KGameTracker - ℹ️  ==================================================
2026-09-01 22:09:27,082 - INFO - KGameTracker - ℹ️  ✅ Autostart habilitado
2026-09-01 22:09:27,090 - INFO - KGameTracker - ℹ️  📢 Notificación: K GAME TRACKER
2026-09-01 22:09:27,154 - DEBUG - PIL.Image - Importing PngImagePlugin
2026-09-01 22:09:27,158 - DEBUG - PIL.PngImagePlugin - STREAM b'IHDR' 16 13
2026-09-01 22:09:27,158 - DEBUG - PIL.PngImagePlugin - STREAM b'IDAT' 41 65536
2026-09-01 22:10:34,621 - INFO - KGameTracker - ℹ️  ==================================================
2026-09-01 22:10:34,621 - INFO - KGameTracker - ℹ️  K GAME TRACKER - CERRADA
2026-09-01 22:10:34,621 - INFO - KGameTracker - ℹ️  ==================================================
2026-09-01 22:12:53,886 - INFO - KGameTracker - ℹ️  ==================================================
2026-09-01 22:12:53,886 - INFO - KGameTracker - ℹ️  K GAME TRACKER - INICIADA
2026-09-01 22:12:53,886 - INFO - KGameTracker - ℹ️  ==================================================
2026-09-01 22:12:53,886 - INFO - KGameTracker - ℹ️  ✅ Autostart habilitado
2026-09-01 22:12:53,894 - INFO - KGameTracker - ℹ️  📢 Notificación: K GAME TRACKER
2026-09-01 22:12:53,955 - DEBUG - PIL.Image - Importing PngImagePlugin
2026-09-01 22:12:53,959 - DEBUG - PIL.PngImagePlugin - STREAM b'IHDR' 16 13
2026-09-01 22:12:53,959 - DEBUG - PIL.PngImagePlugin - STREAM b'IDAT' 41 65536
2026-09-01 22:13:02,927 - DEBUG - urllib3.connectionpool - Starting new HTTPS connection (1): www.gamerpower.com:443
2026-09-01 22:13:02,981 - DEBUG - urllib3.connectionpool - https://www.gamerpower.com:443 "GET /api/giveaways?type=game HTTP/1.1" 200 None
2026-09-01 22:13:02,985 - DEBUG - urllib3.connectionpool - Starting new HTTPS connection (1): www.gamerpower.com:443
2026-09-01 22:13:03,060 - DEBUG - urllib3.connectionpool - https://www.gamerpower.com:443 "GET /offers/1b/6a53a044a87b6.jpg HTTP/1.1" 200 36351
2026-09-01 22:13:03,097 - DEBUG - urllib3.connectionpool - https://www.gamerpower.com:443 "GET /offers/1b/6a90554f27ee1.jpg HTTP/1.1" 200 51072
2026-09-01 22:13:03,116 - DEBUG - urllib3.connectionpool - https://www.gamerpower.com:443 "GET /offers/1b/644a8e3ec8e21.jpg HTTP/1.1" 200 43544
2026-09-01 22:13:03,135 - DEBUG - urllib3.connectionpool - https://www.gamerpower.com:443 "GET /offers/1b/69cafab460c8e.jpg HTTP/1.1" 200 51711
2026-09-01 22:13:07,162 - INFO - KGameTracker - ℹ️  ==================================================
2026-09-01 22:13:07,162 - INFO - KGameTracker - ℹ️  K GAME TRACKER - CERRADA
2026-09-01 22:13:07,163 - INFO - KGameTracker - ℹ️  ==================================================
2026-09-01 22:13:45,286 - INFO - KGameTracker - ℹ️  ==================================================
2026-09-01 22:13:45,286 - INFO - KGameTracker - ℹ️  K GAME TRACKER - INICIADA
2026-09-01 22:13:45,286 - INFO - KGameTracker - ℹ️  ==================================================
2026-09-01 22:13:45,287 - INFO - KGameTracker - ℹ️  ✅ Autostart habilitado
2026-09-01 22:13:45,295 - INFO - KGameTracker - ℹ️  📢 Notificación: K GAME TRACKER
2026-09-01 22:13:45,365 - DEBUG - PIL.Image - Importing PngImagePlugin
2026-09-01 22:13:45,370 - DEBUG - PIL.PngImagePlugin - STREAM b'IHDR' 16 13
2026-09-01 22:13:45,370 - DEBUG - PIL.PngImagePlugin - STREAM b'IDAT' 41 65536
2026-09-01 22:13:50,378 - DEBUG - urllib3.connectionpool - Starting new HTTPS connection (1): www.gamerpower.com:443
2026-09-01 22:13:50,441 - DEBUG - urllib3.connectionpool - https://www.gamerpower.com:443 "GET /api/giveaways?type=game HTTP/1.1" 200 None
2026-09-01 22:14:03,423 - INFO - KGameTracker - ℹ️  ==================================================
2026-09-01 22:14:03,423 - INFO - KGameTracker - ℹ️  K GAME TRACKER - CERRADA
2026-09-01 22:14:03,423 - INFO - KGameTracker - ℹ️  ==================================================
2026-09-01 22:15:11,736 - INFO - KGameTracker - ℹ️  ==================================================
2026-09-01 22:15:11,736 - INFO - KGameTracker - ℹ️  K GAME TRACKER - INICIADA
2026-09-01 22:15:11,737 - INFO - KGameTracker - ℹ️  ==================================================
2026-09-01 22:15:11,737 - INFO - KGameTracker - ℹ️  ✅ Autostart habilitado
2026-09-01 22:15:11,745 - INFO - KGameTracker - ℹ️  📢 Notificación: K GAME TRACKER
2026-09-01 22:15:11,807 - DEBUG - PIL.Image - Importing PngImagePlugin
2026-09-01 22:15:11,811 - DEBUG - PIL.PngImagePlugin - STREAM b'IHDR' 16 13
2026-09-01 22:15:11,812 - DEBUG - PIL.PngImagePlugin - STREAM b'IDAT' 41 65536
2026-09-01 22:15:27,775 - INFO - KGameTracker - ℹ️  ==================================================
2026-09-01 22:15:27,775 - INFO - KGameTracker - ℹ️  K GAME TRACKER - CERRADA
2026-09-01 22:15:27,775 - INFO - KGameTracker - ℹ️  ==================================================
2026-09-01 22:16:34,597 - INFO - KGameTracker - ℹ️  ==================================================
2026-09-01 22:16:34,597 - INFO - KGameTracker - ℹ️  K GAME TRACKER - INICIADA
2026-09-01 22:16:34,598 - INFO - KGameTracker - ℹ️  ==================================================
2026-09-01 22:16:34,598 - INFO - KGameTracker - ℹ️  ✅ Autostart habilitado
2026-09-01 22:16:34,606 - INFO - KGameTracker - ℹ️  📢 Notificación: K GAME TRACKER
2026-09-01 22:16:34,669 - DEBUG - PIL.Image - Importing PngImagePlugin
2026-09-01 22:16:34,674 - DEBUG - PIL.PngImagePlugin - STREAM b'IHDR' 16 13
2026-09-01 22:16:34,674 - DEBUG - PIL.PngImagePlugin - STREAM b'IDAT' 41 65536
2026-09-01 22:16:57,805 - INFO - KGameTracker - ℹ️  ==================================================
2026-09-01 22:16:57,805 - INFO - KGameTracker - ℹ️  K GAME TRACKER - CERRADA
2026-09-01 22:16:57,805 - INFO - KGameTracker - ℹ️  ==================================================
2026-09-01 22:19:19,029 - INFO - KGameTracker - ℹ️  ==================================================
2026-09-01 22:19:19,029 - INFO - KGameTracker - ℹ️  K GAME TRACKER - INICIADA
2026-09-01 22:19:19,029 - INFO - KGameTracker - ℹ️  ==================================================
2026-09-01 22:19:19,029 - INFO - KGameTracker - ℹ️  ✅ Autostart habilitado
2026-09-01 22:19:19,038 - INFO - KGameTracker - ℹ️  📢 Notificación: K GAME TRACKER
2026-09-01 22:19:19,102 - DEBUG - PIL.Image - Importing PngImagePlugin
2026-09-01 22:19:19,107 - DEBUG - PIL.PngImagePlugin - STREAM b'IHDR' 16 13
2026-09-01 22:19:19,107 - DEBUG - PIL.PngImagePlugin - STREAM b'IDAT' 41 65536
2026-09-01 22:19:24,125 - INFO - KGameTracker - ℹ️  ==================================================
2026-09-01 22:19:24,125 - INFO - KGameTracker - ℹ️  K GAME TRACKER - CERRADA
2026-09-01 22:19:24,126 - INFO - KGameTracker - ℹ️  ==================================================
2026-09-01 22:20:16,042 - INFO - KGameTracker - ℹ️  ==================================================
2026-09-01 22:20:16,042 - INFO - KGameTracker - ℹ️  K GAME TRACKER - INICIADA
2026-09-01 22:20:16,043 - INFO - KGameTracker - ℹ️  ==================================================
2026-09-01 22:20:16,043 - INFO - KGameTracker - ℹ️  ✅ Autostart habilitado
2026-09-01 22:20:16,051 - INFO - KGameTracker - ℹ️  📢 Notificación: K GAME TRACKER
2026-09-01 22:20:16,114 - DEBUG - PIL.Image - Importing PngImagePlugin
2026-09-01 22:20:16,118 - DEBUG - PIL.PngImagePlugin - STREAM b'IHDR' 16 13
2026-09-01 22:20:16,118 - DEBUG - PIL.PngImagePlugin - STREAM b'IDAT' 41 65536
2026-09-01 22:21:14,357 - INFO - KGameTracker - ℹ️  ==================================================
2026-09-01 22:21:14,357 - INFO - KGameTracker - ℹ️  K GAME TRACKER - CERRADA
2026-09-01 22:21:14,357 - INFO - KGameTracker - ℹ️  ==================================================
2026-09-01 22:23:43,725 - INFO - KGameTracker - ℹ️  ==================================================
2026-09-01 22:23:43,725 - INFO - KGameTracker - ℹ️  K GAME TRACKER - INICIADA
2026-09-01 22:23:43,725 - INFO - KGameTracker - ℹ️  ==================================================
2026-09-01 22:23:43,725 - INFO - KGameTracker - ℹ️  ✅ Autostart habilitado
2026-09-01 22:23:43,735 - INFO - KGameTracker - ℹ️  📢 Notificación: K GAME TRACKER
2026-09-01 22:23:43,798 - DEBUG - PIL.Image - Importing PngImagePlugin
2026-09-01 22:23:43,803 - DEBUG - PIL.PngImagePlugin - STREAM b'IHDR' 16 13
2026-09-01 22:23:43,803 - DEBUG - PIL.PngImagePlugin - STREAM b'IDAT' 41 65536
2026-09-01 22:23:47,467 - INFO - KGameTracker - ℹ️  ==================================================
2026-09-01 22:23:47,467 - INFO - KGameTracker - ℹ️  K GAME TRACKER - CERRADA
2026-09-01 22:23:47,467 - INFO - KGameTracker - ℹ️  ==================================================
2026-09-01 22:24:44,063 - INFO - KGameTracker - ℹ️  ==================================================
2026-09-01 22:24:44,064 - INFO - KGameTracker - ℹ️  K GAME TRACKER - INICIADA
2026-09-01 22:24:44,064 - INFO - KGameTracker - ℹ️  ==================================================
2026-09-01 22:24:44,064 - INFO - KGameTracker - ℹ️  ✅ Autostart habilitado
2026-09-01 22:24:44,072 - INFO - KGameTracker - ℹ️  📢 Notificación: K GAME TRACKER
2026-09-01 22:24:44,136 - DEBUG - PIL.Image - Importing PngImagePlugin
2026-09-01 22:24:44,141 - DEBUG - PIL.PngImagePlugin - STREAM b'IHDR' 16 13
2026-09-01 22:24:44,141 - DEBUG - PIL.PngImagePlugin - STREAM b'IDAT' 41 65536
2026-09-01 22:24:49,399 - INFO - KGameTracker - ℹ️  ==================================================
2026-09-01 22:24:49,400 - INFO - KGameTracker - ℹ️  K GAME TRACKER - CERRADA
2026-09-01 22:24:49,400 - INFO - KGameTracker - ℹ️  ==================================================
2026-09-01 22:26:21,145 - INFO - KGameTracker - ℹ️  ==================================================
2026-09-01 22:26:21,145 - INFO - KGameTracker - ℹ️  K GAME TRACKER - INICIADA
2026-09-01 22:26:21,145 - INFO - KGameTracker - ℹ️  ==================================================
2026-09-01 22:26:21,145 - INFO - KGameTracker - ℹ️  ✅ Autostart habilitado
2026-09-01 22:26:21,154 - INFO - KGameTracker - ℹ️  📢 Notificación: K GAME TRACKER
2026-09-01 22:26:21,216 - DEBUG - PIL.Image - Importing PngImagePlugin
2026-09-01 22:26:21,221 - DEBUG - PIL.PngImagePlugin - STREAM b'IHDR' 16 13
2026-09-01 22:26:21,221 - DEBUG - PIL.PngImagePlugin - STREAM b'IDAT' 41 65536
2026-09-01 22:26:26,139 - DEBUG - urllib3.connectionpool - Starting new HTTPS connection (1): www.gamerpower.com:443
2026-09-01 22:26:26,187 - DEBUG - urllib3.connectionpool - https://www.gamerpower.com:443 "GET /api/giveaways?type=game HTTP/1.1" 200 None
2026-09-01 22:26:27,167 - DEBUG - urllib3.connectionpool - Starting new HTTPS connection (1): www.gamerpower.com:443
2026-09-01 22:26:27,210 - DEBUG - urllib3.connectionpool - https://www.gamerpower.com:443 "GET /offers/1b/6a53a044a87b6.jpg HTTP/1.1" 200 36351
2026-09-01 22:26:27,246 - DEBUG - urllib3.connectionpool - https://www.gamerpower.com:443 "GET /offers/1b/6a90554f27ee1.jpg HTTP/1.1" 200 51072
2026-09-01 22:26:27,259 - DEBUG - urllib3.connectionpool - https://www.gamerpower.com:443 "GET /offers/1b/644a8e3ec8e21.jpg HTTP/1.1" 200 43544
2026-09-01 22:26:27,275 - DEBUG - urllib3.connectionpool - https://www.gamerpower.com:443 "GET /offers/1b/69cafab460c8e.jpg HTTP/1.1" 200 51711
2026-09-01 22:26:37,218 - DEBUG - urllib3.connectionpool - https://www.gamerpower.com:443 "GET /offers/1b/6a53a044a87b6.jpg HTTP/1.1" 200 36351
2026-09-01 22:26:37,238 - DEBUG - urllib3.connectionpool - https://www.gamerpower.com:443 "GET /offers/1b/6a90554f27ee1.jpg HTTP/1.1" 200 51072
2026-09-01 22:26:37,254 - DEBUG - urllib3.connectionpool - https://www.gamerpower.com:443 "GET /offers/1b/644a8e3ec8e21.jpg HTTP/1.1" 200 43544
2026-09-01 22:26:37,268 - DEBUG - urllib3.connectionpool - https://www.gamerpower.com:443 "GET /offers/1b/69cafab460c8e.jpg HTTP/1.1" 200 51711
2026-09-01 22:26:39,050 - DEBUG - urllib3.connectionpool - https://www.gamerpower.com:443 "GET /offers/1b/6a53a044a87b6.jpg HTTP/1.1" 200 36351
2026-09-01 22:26:39,065 - DEBUG - urllib3.connectionpool - https://www.gamerpower.com:443 "GET /offers/1b/6a90554f27ee1.jpg HTTP/1.1" 200 51072
2026-09-01 22:26:39,077 - DEBUG - urllib3.connectionpool - https://www.gamerpower.com:443 "GET /offers/1b/644a8e3ec8e21.jpg HTTP/1.1" 200 43544
2026-09-01 22:26:39,090 - DEBUG - urllib3.connectionpool - https://www.gamerpower.com:443 "GET /offers/1b/69cafab460c8e.jpg HTTP/1.1" 200 51711
2026-09-01 22:26:43,321 - DEBUG - urllib3.connectionpool - https://www.gamerpower.com:443 "GET /offers/1b/6a53a044a87b6.jpg HTTP/1.1" 200 36351
2026-09-01 22:26:43,336 - DEBUG - urllib3.connectionpool - https://www.gamerpower.com:443 "GET /offers/1b/6a90554f27ee1.jpg HTTP/1.1" 200 51072
2026-09-01 22:26:43,350 - DEBUG - urllib3.connectionpool - https://www.gamerpower.com:443 "GET /offers/1b/644a8e3ec8e21.jpg HTTP/1.1" 200 43544
2026-09-01 22:26:43,363 - DEBUG - urllib3.connectionpool - https://www.gamerpower.com:443 "GET /offers/1b/69cafab460c8e.jpg HTTP/1.1" 200 51711
2026-09-01 22:28:27,984 - INFO - KGameTracker - ℹ️  ==================================================
2026-09-01 22:28:27,984 - INFO - KGameTracker - ℹ️  K GAME TRACKER - CERRADA
2026-09-01 22:28:27,984 - INFO - KGameTracker - ℹ️  ==================================================
2026-09-01 22:28:34,671 - INFO - KGameTracker - ℹ️  ==================================================
2026-09-01 22:28:34,671 - INFO - KGameTracker - ℹ️  K GAME TRACKER - INICIADA
2026-09-01 22:28:34,671 - INFO - KGameTracker - ℹ️  ==================================================
2026-09-01 22:28:34,671 - INFO - KGameTracker - ℹ️  ✅ Autostart habilitado
2026-09-01 22:28:34,681 - INFO - KGameTracker - ℹ️  📢 Notificación: K GAME TRACKER
2026-09-01 22:28:34,746 - DEBUG - PIL.Image - Importing PngImagePlugin
2026-09-01 22:28:34,751 - DEBUG - PIL.PngImagePlugin - STREAM b'IHDR' 16 13
2026-09-01 22:28:34,751 - DEBUG - PIL.PngImagePlugin - STREAM b'IDAT' 41 65536
2026-09-01 22:28:38,551 - DEBUG - urllib3.connectionpool - Starting new HTTPS connection (1): www.gamerpower.com:443
2026-09-01 22:28:38,598 - DEBUG - urllib3.connectionpool - https://www.gamerpower.com:443 "GET /api/giveaways?type=game HTTP/1.1" 200 None
2026-09-01 22:28:39,194 - DEBUG - urllib3.connectionpool - Starting new HTTPS connection (1): www.gamerpower.com:443
2026-09-01 22:28:39,231 - DEBUG - urllib3.connectionpool - https://www.gamerpower.com:443 "GET /offers/1b/6a53a044a87b6.jpg HTTP/1.1" 200 36351
2026-09-01 22:28:39,264 - DEBUG - urllib3.connectionpool - https://www.gamerpower.com:443 "GET /offers/1b/6a90554f27ee1.jpg HTTP/1.1" 200 51072
2026-09-01 22:28:39,278 - DEBUG - urllib3.connectionpool - https://www.gamerpower.com:443 "GET /offers/1b/644a8e3ec8e21.jpg HTTP/1.1" 200 43544
2026-09-01 22:28:39,291 - DEBUG - urllib3.connectionpool - https://www.gamerpower.com:443 "GET /offers/1b/69cafab460c8e.jpg HTTP/1.1" 200 51711
2026-09-01 22:29:25,540 - INFO - KGameTracker - ℹ️  ==================================================
2026-09-01 22:29:25,541 - INFO - KGameTracker - ℹ️  K GAME TRACKER - CERRADA
2026-09-01 22:29:25,541 - INFO - KGameTracker - ℹ️  ==================================================
2026-09-01 22:48:16,068 - INFO - KGameTracker - ℹ️  ==================================================
2026-09-01 22:48:16,068 - INFO - KGameTracker - ℹ️  K GAME TRACKER - INICIADA
2026-09-01 22:48:16,068 - INFO - KGameTracker - ℹ️  ==================================================
2026-09-01 22:48:16,068 - INFO - KGameTracker - ℹ️  ✅ Autostart habilitado
2026-09-01 22:48:16,076 - INFO - KGameTracker - ℹ️  📢 Notificación: K GAME TRACKER
2026-09-01 22:48:16,139 - DEBUG - PIL.Image - Importing PngImagePlugin
2026-09-01 22:48:16,144 - DEBUG - PIL.PngImagePlugin - STREAM b'IHDR' 16 13
2026-09-01 22:48:16,144 - DEBUG - PIL.PngImagePlugin - STREAM b'IDAT' 41 65536
2026-09-01 22:48:20,125 - DEBUG - urllib3.connectionpool - Starting new HTTPS connection (1): www.gamerpower.com:443
2026-09-01 22:48:20,182 - DEBUG - urllib3.connectionpool - https://www.gamerpower.com:443 "GET /api/giveaways?type=game HTTP/1.1" 200 None
2026-09-01 22:48:20,625 - DEBUG - urllib3.connectionpool - Starting new HTTPS connection (1): www.gamerpower.com:443
2026-09-01 22:48:20,665 - DEBUG - urllib3.connectionpool - https://www.gamerpower.com:443 "GET /offers/1b/6a53a044a87b6.jpg HTTP/1.1" 200 36351
2026-09-01 22:48:20,695 - DEBUG - urllib3.connectionpool - https://www.gamerpower.com:443 "GET /offers/1b/6a90554f27ee1.jpg HTTP/1.1" 200 51072
2026-09-01 22:48:20,715 - DEBUG - urllib3.connectionpool - https://www.gamerpower.com:443 "GET /offers/1b/644a8e3ec8e21.jpg HTTP/1.1" 200 43544
2026-09-01 22:48:20,732 - DEBUG - urllib3.connectionpool - https://www.gamerpower.com:443 "GET /offers/1b/69cafab460c8e.jpg HTTP/1.1" 200 51711
2026-09-01 22:48:37,624 - INFO - KGameTracker - ℹ️  ==================================================
2026-09-01 22:48:37,624 - INFO - KGameTracker - ℹ️  K GAME TRACKER - CERRADA
2026-09-01 22:48:37,624 - INFO - KGameTracker - ℹ️  ==================================================
2026-09-01 22:48:49,212 - INFO - KGameTracker - ℹ️  ==================================================
2026-09-01 22:48:49,212 - INFO - KGameTracker - ℹ️  K GAME TRACKER - INICIADA
2026-09-01 22:48:49,212 - INFO - KGameTracker - ℹ️  ==================================================
2026-09-01 22:48:49,212 - INFO - KGameTracker - ℹ️  ✅ Autostart habilitado
2026-09-01 22:48:49,221 - INFO - KGameTracker - ℹ️  📢 Notificación: K GAME TRACKER
2026-09-01 22:48:49,288 - DEBUG - PIL.Image - Importing PngImagePlugin
2026-09-01 22:48:49,293 - DEBUG - PIL.PngImagePlugin - STREAM b'IHDR' 16 13
2026-09-01 22:48:49,293 - DEBUG - PIL.PngImagePlugin - STREAM b'IDAT' 41 65536
2026-09-01 22:48:54,047 - DEBUG - urllib3.connectionpool - Starting new HTTPS connection (1): www.gamerpower.com:443
2026-09-01 22:48:54,112 - DEBUG - urllib3.connectionpool - https://www.gamerpower.com:443 "GET /api/giveaways?type=game HTTP/1.1" 200 None
2026-09-01 22:48:55,175 - DEBUG - urllib3.connectionpool - Starting new HTTPS connection (1): www.gamerpower.com:443
2026-09-01 22:48:55,224 - DEBUG - urllib3.connectionpool - https://www.gamerpower.com:443 "GET /offers/1b/6a53a044a87b6.jpg HTTP/1.1" 200 36351
2026-09-01 22:48:55,274 - DEBUG - urllib3.connectionpool - https://www.gamerpower.com:443 "GET /offers/1b/6a90554f27ee1.jpg HTTP/1.1" 200 51072
2026-09-01 22:48:55,291 - DEBUG - urllib3.connectionpool - https://www.gamerpower.com:443 "GET /offers/1b/644a8e3ec8e21.jpg HTTP/1.1" 200 43544
2026-09-01 22:48:55,307 - DEBUG - urllib3.connectionpool - https://www.gamerpower.com:443 "GET /offers/1b/69cafab460c8e.jpg HTTP/1.1" 200 51711
2026-09-01 22:48:56,727 - DEBUG - urllib3.connectionpool - https://www.gamerpower.com:443 "GET /offers/1b/6a53a044a87b6.jpg HTTP/1.1" 200 36351
2026-09-01 22:48:56,739 - DEBUG - urllib3.connectionpool - https://www.gamerpower.com:443 "GET /offers/1b/6a90554f27ee1.jpg HTTP/1.1" 200 51072
2026-09-01 22:48:56,751 - DEBUG - urllib3.connectionpool - https://www.gamerpower.com:443 "GET /offers/1b/644a8e3ec8e21.jpg HTTP/1.1" 200 43544
2026-09-01 22:48:56,762 - DEBUG - urllib3.connectionpool - https://www.gamerpower.com:443 "GET /offers/1b/69cafab460c8e.jpg HTTP/1.1" 200 51711
2026-09-01 22:49:36,866 - INFO - KGameTracker - ℹ️  ==================================================
2026-09-01 22:49:36,866 - INFO - KGameTracker - ℹ️  K GAME TRACKER - CERRADA
2026-09-01 22:49:36,866 - INFO - KGameTracker - ℹ️  ==================================================
2026-09-01 22:50:58,468 - INFO - KGameTracker - ℹ️  ==================================================
2026-09-01 22:50:58,468 - INFO - KGameTracker - ℹ️  K GAME TRACKER - INICIADA
2026-09-01 22:50:58,468 - INFO - KGameTracker - ℹ️  ==================================================
2026-09-01 22:50:58,468 - INFO - KGameTracker - ℹ️  ✅ Autostart habilitado
2026-09-01 22:50:58,476 - INFO - KGameTracker - ℹ️  📢 Notificación: K GAME TRACKER
2026-09-01 22:50:58,538 - DEBUG - PIL.Image - Importing PngImagePlugin
2026-09-01 22:50:58,543 - DEBUG - PIL.PngImagePlugin - STREAM b'IHDR' 16 13
2026-09-01 22:50:58,543 - DEBUG - PIL.PngImagePlugin - STREAM b'IDAT' 41 65536
2026-09-01 22:51:02,819 - INFO - KGameTracker - ℹ️  ==================================================
2026-09-01 22:51:02,819 - INFO - KGameTracker - ℹ️  K GAME TRACKER - CERRADA
2026-09-01 22:51:02,819 - INFO - KGameTracker - ℹ️  ==================================================
2026-09-01 22:51:26,808 - INFO - KGameTracker - ℹ️  ==================================================
2026-09-01 22:51:26,808 - INFO - KGameTracker - ℹ️  K GAME TRACKER - INICIADA
2026-09-01 22:51:26,808 - INFO - KGameTracker - ℹ️  ==================================================
2026-09-01 22:51:26,809 - INFO - KGameTracker - ℹ️  ✅ Autostart habilitado
2026-09-01 22:51:26,817 - INFO - KGameTracker - ℹ️  📢 Notificación: K GAME TRACKER
2026-09-01 22:51:26,878 - DEBUG - PIL.Image - Importing PngImagePlugin
2026-09-01 22:51:26,882 - DEBUG - PIL.PngImagePlugin - STREAM b'IHDR' 16 13
2026-09-01 22:51:26,882 - DEBUG - PIL.PngImagePlugin - STREAM b'IDAT' 41 65536
2026-09-01 22:52:18,042 - INFO - KGameTracker - ℹ️  ==================================================
2026-09-01 22:52:18,042 - INFO - KGameTracker - ℹ️  K GAME TRACKER - CERRADA
2026-09-01 22:52:18,042 - INFO - KGameTracker - ℹ️  ==================================================
2026-09-01 22:52:54,725 - INFO - KGameTracker - ℹ️  ==================================================
2026-09-01 22:52:54,725 - INFO - KGameTracker - ℹ️  K GAME TRACKER - INICIADA
2026-09-01 22:52:54,725 - INFO - KGameTracker - ℹ️  ==================================================
2026-09-01 22:52:54,725 - INFO - KGameTracker - ℹ️  ✅ Autostart habilitado
2026-09-01 22:52:54,733 - INFO - KGameTracker - ℹ️  📢 Notificación: K GAME TRACKER
2026-09-01 22:52:54,797 - DEBUG - PIL.Image - Importing PngImagePlugin
2026-09-01 22:52:54,801 - DEBUG - PIL.PngImagePlugin - STREAM b'IHDR' 16 13
2026-09-01 22:52:54,801 - DEBUG - PIL.PngImagePlugin - STREAM b'IDAT' 41 65536
2026-09-01 22:52:57,742 - DEBUG - urllib3.connectionpool - Starting new HTTPS connection (1): www.gamerpower.com:443
2026-09-01 22:52:58,998 - DEBUG - urllib3.connectionpool - https://www.gamerpower.com:443 "GET /api/giveaways?type=game HTTP/1.1" 200 None
2026-09-01 22:53:01,732 - INFO - KGameTracker - ℹ️  ==================================================
2026-09-01 22:53:01,732 - INFO - KGameTracker - ℹ️  K GAME TRACKER - CERRADA
2026-09-01 22:53:01,732 - INFO - KGameTracker - ℹ️  ==================================================
2026-09-01 22:54:30,360 - INFO - KGameTracker - ℹ️  ==================================================
2026-09-01 22:54:30,360 - INFO - KGameTracker - ℹ️  K GAME TRACKER - INICIADA
2026-09-01 22:54:30,360 - INFO - KGameTracker - ℹ️  ==================================================
2026-09-01 22:54:30,360 - INFO - KGameTracker - ℹ️  ✅ Autostart habilitado
2026-09-01 22:54:30,368 - INFO - KGameTracker - ℹ️  📢 Notificación: K GAME TRACKER
2026-09-01 22:54:30,432 - DEBUG - PIL.Image - Importing PngImagePlugin
2026-09-01 22:54:30,436 - DEBUG - PIL.PngImagePlugin - STREAM b'IHDR' 16 13
2026-09-01 22:54:30,437 - DEBUG - PIL.PngImagePlugin - STREAM b'IDAT' 41 65536
2026-09-01 22:54:35,741 - INFO - KGameTracker - ℹ️  ==================================================
2026-09-01 22:54:35,741 - INFO - KGameTracker - ℹ️  K GAME TRACKER - CERRADA
2026-09-01 22:54:35,741 - INFO - KGameTracker - ℹ️  ==================================================
2026-09-01 22:56:05,193 - INFO - KGameTracker - ℹ️  ==================================================
2026-09-01 22:56:05,194 - INFO - KGameTracker - ℹ️  K GAME TRACKER - INICIADA
2026-09-01 22:56:05,194 - INFO - KGameTracker - ℹ️  ==================================================
2026-09-01 22:56:05,194 - INFO - KGameTracker - ℹ️  ✅ Autostart habilitado
2026-09-01 22:56:05,202 - INFO - KGameTracker - ℹ️  📢 Notificación: K GAME TRACKER
2026-09-01 22:56:05,266 - DEBUG - PIL.Image - Importing PngImagePlugin
2026-09-01 22:56:05,270 - DEBUG - PIL.PngImagePlugin - STREAM b'IHDR' 16 13
2026-09-01 22:56:05,270 - DEBUG - PIL.PngImagePlugin - STREAM b'IDAT' 41 65536
2026-09-01 22:56:09,645 - DEBUG - urllib3.connectionpool - Starting new HTTPS connection (1): www.gamerpower.com:443
2026-09-01 22:56:09,694 - DEBUG - urllib3.connectionpool - https://www.gamerpower.com:443 "GET /api/giveaways?type=game HTTP/1.1" 200 None
2026-09-01 22:56:10,525 - DEBUG - urllib3.connectionpool - Starting new HTTPS connection (1): www.gamerpower.com:443
2026-09-01 22:56:10,575 - DEBUG - urllib3.connectionpool - https://www.gamerpower.com:443 "GET /offers/1b/6a59119a8eb8d.jpg HTTP/1.1" 200 40398
2026-09-01 22:56:11,833 - INFO - KGameTracker - ℹ️  ==================================================
2026-09-01 22:56:11,833 - INFO - KGameTracker - ℹ️  K GAME TRACKER - CERRADA
2026-09-01 22:56:11,834 - INFO - KGameTracker - ℹ️  ==================================================
2026-09-01 22:57:28,219 - INFO - KGameTracker - ℹ️  ==================================================
2026-09-01 22:57:28,219 - INFO - KGameTracker - ℹ️  K GAME TRACKER - INICIADA
2026-09-01 22:57:28,220 - INFO - KGameTracker - ℹ️  ==================================================
2026-09-01 22:57:28,220 - INFO - KGameTracker - ℹ️  ✅ Autostart habilitado
2026-09-01 22:57:28,228 - INFO - KGameTracker - ℹ️  📢 Notificación: K GAME TRACKER
2026-09-01 22:57:28,289 - DEBUG - PIL.Image - Importing PngImagePlugin
2026-09-01 22:57:28,294 - DEBUG - PIL.PngImagePlugin - STREAM b'IHDR' 16 13
2026-09-01 22:57:28,294 - DEBUG - PIL.PngImagePlugin - STREAM b'IDAT' 41 65536
2026-09-01 22:57:34,757 - INFO - KGameTracker - ℹ️  ==================================================
2026-09-01 22:57:34,757 - INFO - KGameTracker - ℹ️  K GAME TRACKER - CERRADA
2026-09-01 22:57:34,757 - INFO - KGameTracker - ℹ️  ==================================================
2026-09-01 22:57:41,602 - INFO - KGameTracker - ℹ️  ==================================================
2026-09-01 22:57:41,602 - INFO - KGameTracker - ℹ️  K GAME TRACKER - INICIADA
2026-09-01 22:57:41,602 - INFO - KGameTracker - ℹ️  ==================================================
2026-09-01 22:57:41,602 - INFO - KGameTracker - ℹ️  ✅ Autostart habilitado
2026-09-01 22:57:41,610 - INFO - KGameTracker - ℹ️  📢 Notificación: K GAME TRACKER
2026-09-01 22:57:41,678 - DEBUG - PIL.Image - Importing PngImagePlugin
2026-09-01 22:57:41,683 - DEBUG - PIL.PngImagePlugin - STREAM b'IHDR' 16 13
2026-09-01 22:57:41,683 - DEBUG - PIL.PngImagePlugin - STREAM b'IDAT' 41 65536
2026-09-01 22:57:45,479 - INFO - KGameTracker - ℹ️  ==================================================
2026-09-01 22:57:45,479 - INFO - KGameTracker - ℹ️  K GAME TRACKER - CERRADA
2026-09-01 22:57:45,479 - INFO - KGameTracker - ℹ️  ==================================================
2026-09-01 23:00:25,535 - INFO - KGameTracker - ℹ️  ==================================================
2026-09-01 23:00:25,535 - INFO - KGameTracker - ℹ️  K GAME TRACKER - INICIADA
2026-09-01 23:00:25,536 - INFO - KGameTracker - ℹ️  ==================================================
2026-09-01 23:00:25,536 - INFO - KGameTracker - ℹ️  ✅ Autostart habilitado
2026-09-01 23:00:25,544 - INFO - KGameTracker - ℹ️  📢 Notificación: K GAME TRACKER
2026-09-01 23:00:25,604 - DEBUG - PIL.Image - Importing PngImagePlugin
2026-09-01 23:00:25,608 - DEBUG - PIL.PngImagePlugin - STREAM b'IHDR' 16 13
2026-09-01 23:00:25,608 - DEBUG - PIL.PngImagePlugin - STREAM b'IDAT' 41 65536
2026-09-01 23:00:29,913 - DEBUG - urllib3.connectionpool - Starting new HTTPS connection (1): www.gamerpower.com:443
2026-09-01 23:00:29,975 - DEBUG - urllib3.connectionpool - https://www.gamerpower.com:443 "GET /api/giveaways?type=game HTTP/1.1" 200 None
2026-09-01 23:00:31,371 - DEBUG - urllib3.connectionpool - Starting new HTTPS connection (1): www.gamerpower.com:443
2026-09-01 23:00:31,426 - DEBUG - urllib3.connectionpool - https://www.gamerpower.com:443 "GET /offers/1b/6a53a044a87b6.jpg HTTP/1.1" 200 36351
2026-09-01 23:00:31,462 - DEBUG - urllib3.connectionpool - https://www.gamerpower.com:443 "GET /offers/1b/6a90554f27ee1.jpg HTTP/1.1" 200 51072
2026-09-01 23:00:31,480 - DEBUG - urllib3.connectionpool - https://www.gamerpower.com:443 "GET /offers/1b/644a8e3ec8e21.jpg HTTP/1.1" 200 43544
2026-09-01 23:00:31,500 - DEBUG - urllib3.connectionpool - https://www.gamerpower.com:443 "GET /offers/1b/69cafab460c8e.jpg HTTP/1.1" 200 51711
2026-09-01 23:00:43,763 - INFO - KGameTracker - ℹ️  ==================================================
2026-09-01 23:00:43,763 - INFO - KGameTracker - ℹ️  K GAME TRACKER - CERRADA
2026-09-01 23:00:43,763 - INFO - KGameTracker - ℹ️  ==================================================
2026-09-01 23:00:55,644 - INFO - KGameTracker - ℹ️  ==================================================
2026-09-01 23:00:55,644 - INFO - KGameTracker - ℹ️  K GAME TRACKER - INICIADA
2026-09-01 23:00:55,644 - INFO - KGameTracker - ℹ️  ==================================================
2026-09-01 23:00:55,644 - INFO - KGameTracker - ℹ️  ✅ Autostart habilitado
2026-09-01 23:00:55,652 - INFO - KGameTracker - ℹ️  📢 Notificación: K GAME TRACKER
2026-09-01 23:00:55,714 - DEBUG - PIL.Image - Importing PngImagePlugin
2026-09-01 23:00:55,719 - DEBUG - PIL.PngImagePlugin - STREAM b'IHDR' 16 13
2026-09-01 23:00:55,719 - DEBUG - PIL.PngImagePlugin - STREAM b'IDAT' 41 65536
2026-09-01 23:00:59,031 - DEBUG - urllib3.connectionpool - Starting new HTTPS connection (1): www.gamerpower.com:443
2026-09-01 23:00:59,089 - DEBUG - urllib3.connectionpool - https://www.gamerpower.com:443 "GET /api/giveaways?type=game HTTP/1.1" 200 None
2026-09-01 23:01:00,117 - DEBUG - urllib3.connectionpool - Starting new HTTPS connection (1): www.gamerpower.com:443
2026-09-01 23:01:00,160 - DEBUG - urllib3.connectionpool - https://www.gamerpower.com:443 "GET /offers/1b/6a53a044a87b6.jpg HTTP/1.1" 200 36351
2026-09-01 23:01:00,190 - DEBUG - urllib3.connectionpool - https://www.gamerpower.com:443 "GET /offers/1b/6a90554f27ee1.jpg HTTP/1.1" 200 51072
2026-09-01 23:01:00,204 - DEBUG - urllib3.connectionpool - https://www.gamerpower.com:443 "GET /offers/1b/644a8e3ec8e21.jpg HTTP/1.1" 200 43544
2026-09-01 23:01:00,218 - DEBUG - urllib3.connectionpool - https://www.gamerpower.com:443 "GET /offers/1b/69cafab460c8e.jpg HTTP/1.1" 200 51711
2026-09-01 23:01:35,072 - INFO - KGameTracker - ℹ️  ==================================================
2026-09-01 23:01:35,072 - INFO - KGameTracker - ℹ️  K GAME TRACKER - CERRADA
2026-09-01 23:01:35,072 - INFO - KGameTracker - ℹ️  ==================================================
2026-09-01 23:02:19,207 - INFO - KGameTracker - ℹ️  ==================================================
2026-09-01 23:02:19,207 - INFO - KGameTracker - ℹ️  K GAME TRACKER - INICIADA
2026-09-01 23:02:19,207 - INFO - KGameTracker - ℹ️  ==================================================
2026-09-01 23:02:19,207 - INFO - KGameTracker - ℹ️  ✅ Autostart habilitado
2026-09-01 23:02:19,217 - INFO - KGameTracker - ℹ️  📢 Notificación: K GAME TRACKER
2026-09-01 23:02:19,277 - DEBUG - PIL.Image - Importing PngImagePlugin
2026-09-01 23:02:19,281 - DEBUG - PIL.PngImagePlugin - STREAM b'IHDR' 16 13
2026-09-01 23:02:19,282 - DEBUG - PIL.PngImagePlugin - STREAM b'IDAT' 41 65536
2026-09-01 23:02:22,603 - DEBUG - urllib3.connectionpool - Starting new HTTPS connection (1): www.gamerpower.com:443
2026-09-01 23:02:22,648 - DEBUG - urllib3.connectionpool - https://www.gamerpower.com:443 "GET /api/giveaways?type=game HTTP/1.1" 200 None
2026-09-01 23:02:23,384 - DEBUG - urllib3.connectionpool - Starting new HTTPS connection (1): www.gamerpower.com:443
2026-09-01 23:02:23,433 - DEBUG - urllib3.connectionpool - https://www.gamerpower.com:443 "GET /offers/1b/6a53a044a87b6.jpg HTTP/1.1" 200 36351
2026-09-01 23:02:23,468 - DEBUG - urllib3.connectionpool - https://www.gamerpower.com:443 "GET /offers/1b/6a90554f27ee1.jpg HTTP/1.1" 200 51072
2026-09-01 23:02:23,486 - DEBUG - urllib3.connectionpool - https://www.gamerpower.com:443 "GET /offers/1b/644a8e3ec8e21.jpg HTTP/1.1" 200 43544
2026-09-01 23:02:23,503 - DEBUG - urllib3.connectionpool - https://www.gamerpower.com:443 "GET /offers/1b/69cafab460c8e.jpg HTTP/1.1" 200 51711
2026-09-01 23:02:25,552 - DEBUG - urllib3.connectionpool - https://www.gamerpower.com:443 "GET /offers/1b/6a53a044a87b6.jpg HTTP/1.1" 200 36351
2026-09-01 23:02:25,570 - DEBUG - urllib3.connectionpool - https://www.gamerpower.com:443 "GET /offers/1b/6a90554f27ee1.jpg HTTP/1.1" 200 51072
2026-09-01 23:02:25,590 - DEBUG - urllib3.connectionpool - https://www.gamerpower.com:443 "GET /offers/1b/644a8e3ec8e21.jpg HTTP/1.1" 200 43544
2026-09-01 23:02:25,612 - DEBUG - urllib3.connectionpool - https://www.gamerpower.com:443 "GET /offers/1b/69cafab460c8e.jpg HTTP/1.1" 200 51711
2026-09-01 23:02:26,287 - DEBUG - urllib3.connectionpool - https://www.gamerpower.com:443 "GET /offers/1b/6a53a044a87b6.jpg HTTP/1.1" 200 36351
2026-09-01 23:02:26,304 - DEBUG - urllib3.connectionpool - https://www.gamerpower.com:443 "GET /offers/1b/6a90554f27ee1.jpg HTTP/1.1" 200 51072
2026-09-01 23:02:26,321 - DEBUG - urllib3.connectionpool - https://www.gamerpower.com:443 "GET /offers/1b/644a8e3ec8e21.jpg HTTP/1.1" 200 43544
2026-09-01 23:02:26,336 - DEBUG - urllib3.connectionpool - https://www.gamerpower.com:443 "GET /offers/1b/69cafab460c8e.jpg HTTP/1.1" 200 51711
2026-09-01 23:02:30,231 - DEBUG - urllib3.connectionpool - https://www.gamerpower.com:443 "GET /offers/1b/6a53a044a87b6.jpg HTTP/1.1" 200 36351
2026-09-01 23:02:30,253 - DEBUG - urllib3.connectionpool - https://www.gamerpower.com:443 "GET /offers/1b/6a90554f27ee1.jpg HTTP/1.1" 200 51072
2026-09-01 23:02:30,272 - DEBUG - urllib3.connectionpool - https://www.gamerpower.com:443 "GET /offers/1b/644a8e3ec8e21.jpg HTTP/1.1" 200 43544
2026-09-01 23:02:30,288 - DEBUG - urllib3.connectionpool - https://www.gamerpower.com:443 "GET /offers/1b/69cafab460c8e.jpg HTTP/1.1" 200 51711
2026-09-01 23:02:30,308 - DEBUG - urllib3.connectionpool - https://www.gamerpower.com:443 "GET /offers/1b/6a59119a8eb8d.jpg HTTP/1.1" 200 40398
2026-09-01 23:02:32,419 - DEBUG - urllib3.connectionpool - https://www.gamerpower.com:443 "GET /offers/1b/6a59119a8eb8d.jpg HTTP/1.1" 200 40398
2026-09-01 23:02:33,629 - DEBUG - urllib3.connectionpool - https://www.gamerpower.com:443 "GET /offers/1b/6a59119a8eb8d.jpg HTTP/1.1" 200 40398
2026-09-01 23:02:34,751 - DEBUG - urllib3.connectionpool - Starting new HTTPS connection (1): www.gamerpower.com:443
2026-09-01 23:02:34,794 - DEBUG - urllib3.connectionpool - https://www.gamerpower.com:443 "GET /api/giveaways?type=game HTTP/1.1" 200 None
2026-09-01 23:02:36,484 - DEBUG - urllib3.connectionpool - https://www.gamerpower.com:443 "GET /offers/1b/6a59119a8eb8d.jpg HTTP/1.1" 200 40398
2026-09-01 23:02:37,569 - DEBUG - urllib3.connectionpool - https://www.gamerpower.com:443 "GET /offers/1b/6a59119a8eb8d.jpg HTTP/1.1" 200 40398
2026-09-01 23:02:40,175 - DEBUG - urllib3.connectionpool - https://www.gamerpower.com:443 "GET /offers/1b/6a59119a8eb8d.jpg HTTP/1.1" 200 40398
2026-09-01 23:02:43,712 - DEBUG - urllib3.connectionpool - https://www.gamerpower.com:443 "GET /offers/1b/6a59119a8eb8d.jpg HTTP/1.1" 200 40398
2026-09-01 23:02:43,727 - DEBUG - urllib3.connectionpool - https://www.gamerpower.com:443 "GET /offers/1b/6a93557b0f911.jpg HTTP/1.1" 200 37478
2026-09-01 23:02:43,744 - DEBUG - urllib3.connectionpool - https://www.gamerpower.com:443 "GET /offers/1b/6a456f543d3c9.jpg HTTP/1.1" 200 23987
2026-09-01 23:02:43,769 - DEBUG - urllib3.connectionpool - https://www.gamerpower.com:443 "GET /offers/1b/6a27eafa35794.jpg HTTP/1.1" 200 28898
2026-09-01 23:02:43,784 - DEBUG - urllib3.connectionpool - https://www.gamerpower.com:443 "GET /offers/1b/6946b7c157bca.jpg HTTP/1.1" 200 33903
2026-09-01 23:02:43,798 - DEBUG - urllib3.connectionpool - https://www.gamerpower.com:443 "GET /offers/1b/698fa7369c1f5.jpg HTTP/1.1" 200 31147
2026-09-01 23:02:43,812 - DEBUG - urllib3.connectionpool - https://www.gamerpower.com:443 "GET /offers/1b/6946b8c46bc9b.jpg HTTP/1.1" 200 41266
2026-09-01 23:02:43,829 - DEBUG - urllib3.connectionpool - https://www.gamerpower.com:443 "GET /offers/1b/63c6f67bb9c8b.jpg HTTP/1.1" 200 49447
2026-09-01 23:02:45,058 - DEBUG - urllib3.connectionpool - https://www.gamerpower.com:443 "GET /offers/1b/6a59119a8eb8d.jpg HTTP/1.1" 200 40398
2026-09-01 23:02:46,267 - DEBUG - urllib3.connectionpool - https://www.gamerpower.com:443 "GET /offers/1b/6a59119a8eb8d.jpg HTTP/1.1" 200 40398
2026-09-01 23:03:53,783 - INFO - KGameTracker - ℹ️  ==================================================
2026-09-01 23:03:53,783 - INFO - KGameTracker - ℹ️  K GAME TRACKER - CERRADA
2026-09-01 23:03:53,784 - INFO - KGameTracker - ℹ️  ==================================================
2026-09-01 23:04:11,905 - INFO - KGameTracker - ℹ️  ==================================================
2026-09-01 23:04:11,905 - INFO - KGameTracker - ℹ️  K GAME TRACKER - INICIADA
2026-09-01 23:04:11,906 - INFO - KGameTracker - ℹ️  ==================================================
2026-09-01 23:04:11,906 - INFO - KGameTracker - ℹ️  ✅ Autostart habilitado
2026-09-01 23:04:11,914 - INFO - KGameTracker - ℹ️  📢 Notificación: K GAME TRACKER
2026-09-01 23:04:11,977 - DEBUG - PIL.Image - Importing PngImagePlugin
2026-09-01 23:04:11,981 - DEBUG - PIL.PngImagePlugin - STREAM b'IHDR' 16 13
2026-09-01 23:04:11,982 - DEBUG - PIL.PngImagePlugin - STREAM b'IDAT' 41 65536
2026-09-01 23:04:15,204 - DEBUG - urllib3.connectionpool - Starting new HTTPS connection (1): www.gamerpower.com:443
2026-09-01 23:04:15,250 - DEBUG - urllib3.connectionpool - https://www.gamerpower.com:443 "GET /api/giveaways?type=game HTTP/1.1" 200 None
2026-09-01 23:04:15,791 - DEBUG - urllib3.connectionpool - Starting new HTTPS connection (1): www.gamerpower.com:443
2026-09-01 23:04:15,839 - DEBUG - urllib3.connectionpool - https://www.gamerpower.com:443 "GET /offers/1b/6a53a044a87b6.jpg HTTP/1.1" 200 36351
2026-09-01 23:04:15,876 - DEBUG - urllib3.connectionpool - https://www.gamerpower.com:443 "GET /offers/1b/6a90554f27ee1.jpg HTTP/1.1" 200 51072
2026-09-01 23:04:15,894 - DEBUG - urllib3.connectionpool - https://www.gamerpower.com:443 "GET /offers/1b/644a8e3ec8e21.jpg HTTP/1.1" 200 43544
2026-09-01 23:04:15,911 - DEBUG - urllib3.connectionpool - https://www.gamerpower.com:443 "GET /offers/1b/69cafab460c8e.jpg HTTP/1.1" 200 51711
2026-09-01 23:04:17,930 - DEBUG - urllib3.connectionpool - https://www.gamerpower.com:443 "GET /offers/1b/6a53a044a87b6.jpg HTTP/1.1" 200 36351
2026-09-01 23:04:17,949 - DEBUG - urllib3.connectionpool - https://www.gamerpower.com:443 "GET /offers/1b/6a90554f27ee1.jpg HTTP/1.1" 200 51072
2026-09-01 23:04:17,968 - DEBUG - urllib3.connectionpool - https://www.gamerpower.com:443 "GET /offers/1b/644a8e3ec8e21.jpg HTTP/1.1" 200 43544
2026-09-01 23:04:17,986 - DEBUG - urllib3.connectionpool - https://www.gamerpower.com:443 "GET /offers/1b/69cafab460c8e.jpg HTTP/1.1" 200 51711
2026-09-01 23:04:18,438 - DEBUG - urllib3.connectionpool - https://www.gamerpower.com:443 "GET /offers/1b/6a53a044a87b6.jpg HTTP/1.1" 200 36351
2026-09-01 23:04:18,459 - DEBUG - urllib3.connectionpool - https://www.gamerpower.com:443 "GET /offers/1b/6a90554f27ee1.jpg HTTP/1.1" 200 51072
2026-09-01 23:04:18,478 - DEBUG - urllib3.connectionpool - https://www.gamerpower.com:443 "GET /offers/1b/644a8e3ec8e21.jpg HTTP/1.1" 200 43544
2026-09-01 23:04:18,503 - DEBUG - urllib3.connectionpool - https://www.gamerpower.com:443 "GET /offers/1b/69cafab460c8e.jpg HTTP/1.1" 200 51711
2026-09-01 23:04:19,124 - DEBUG - urllib3.connectionpool - https://www.gamerpower.com:443 "GET /offers/1b/6a53a044a87b6.jpg HTTP/1.1" 200 36351
2026-09-01 23:04:19,142 - DEBUG - urllib3.connectionpool - https://www.gamerpower.com:443 "GET /offers/1b/6a90554f27ee1.jpg HTTP/1.1" 200 51072
2026-09-01 23:04:19,161 - DEBUG - urllib3.connectionpool - https://www.gamerpower.com:443 "GET /offers/1b/644a8e3ec8e21.jpg HTTP/1.1" 200 43544
2026-09-01 23:04:19,178 - DEBUG - urllib3.connectionpool - https://www.gamerpower.com:443 "GET /offers/1b/69cafab460c8e.jpg HTTP/1.1" 200 51711
2026-09-01 23:04:46,756 - INFO - KGameTracker - ℹ️  ==================================================
2026-09-01 23:04:46,756 - INFO - KGameTracker - ℹ️  K GAME TRACKER - CERRADA
2026-09-01 23:04:46,756 - INFO - KGameTracker - ℹ️  ==================================================
2026-09-01 23:04:54,503 - INFO - KGameTracker - ℹ️  ==================================================
2026-09-01 23:04:54,503 - INFO - KGameTracker - ℹ️  K GAME TRACKER - INICIADA
2026-09-01 23:04:54,503 - INFO - KGameTracker - ℹ️  ==================================================
2026-09-01 23:04:54,504 - INFO - KGameTracker - ℹ️  ✅ Autostart habilitado
2026-09-01 23:04:54,512 - INFO - KGameTracker - ℹ️  📢 Notificación: K GAME TRACKER
2026-09-01 23:04:54,574 - DEBUG - PIL.Image - Importing PngImagePlugin
2026-09-01 23:04:54,578 - DEBUG - PIL.PngImagePlugin - STREAM b'IHDR' 16 13
2026-09-01 23:04:54,578 - DEBUG - PIL.PngImagePlugin - STREAM b'IDAT' 41 65536
2026-09-01 23:04:58,004 - DEBUG - urllib3.connectionpool - Starting new HTTPS connection (1): www.gamerpower.com:443
2026-09-01 23:04:58,054 - DEBUG - urllib3.connectionpool - https://www.gamerpower.com:443 "GET /api/giveaways?type=game HTTP/1.1" 200 None
2026-09-01 23:04:58,777 - DEBUG - urllib3.connectionpool - Starting new HTTPS connection (1): www.gamerpower.com:443
2026-09-01 23:04:58,814 - DEBUG - urllib3.connectionpool - https://www.gamerpower.com:443 "GET /offers/1b/6a53a044a87b6.jpg HTTP/1.1" 200 36351
2026-09-01 23:04:58,846 - DEBUG - urllib3.connectionpool - https://www.gamerpower.com:443 "GET /offers/1b/6a90554f27ee1.jpg HTTP/1.1" 200 51072
2026-09-01 23:04:58,864 - DEBUG - urllib3.connectionpool - https://www.gamerpower.com:443 "GET /offers/1b/644a8e3ec8e21.jpg HTTP/1.1" 200 43544
2026-09-01 23:04:58,884 - DEBUG - urllib3.connectionpool - https://www.gamerpower.com:443 "GET /offers/1b/69cafab460c8e.jpg HTTP/1.1" 200 51711
2026-09-01 23:05:04,463 - DEBUG - urllib3.connectionpool - https://www.gamerpower.com:443 "GET /offers/1b/6a53a044a87b6.jpg HTTP/1.1" 200 36351
2026-09-01 23:05:04,479 - DEBUG - urllib3.connectionpool - https://www.gamerpower.com:443 "GET /offers/1b/6a90554f27ee1.jpg HTTP/1.1" 200 51072
2026-09-01 23:05:04,491 - DEBUG - urllib3.connectionpool - https://www.gamerpower.com:443 "GET /offers/1b/644a8e3ec8e21.jpg HTTP/1.1" 200 43544
2026-09-01 23:05:04,502 - DEBUG - urllib3.connectionpool - https://www.gamerpower.com:443 "GET /offers/1b/69cafab460c8e.jpg HTTP/1.1" 200 51711
2026-09-01 23:05:24,234 - INFO - KGameTracker - ℹ️  ==================================================
2026-09-01 23:05:24,235 - INFO - KGameTracker - ℹ️  K GAME TRACKER - CERRADA
2026-09-01 23:05:24,235 - INFO - KGameTracker - ℹ️  ==================================================
2026-09-01 23:05:29,096 - INFO - KGameTracker - ℹ️  ==================================================
2026-09-01 23:05:29,096 - INFO - KGameTracker - ℹ️  K GAME TRACKER - INICIADA
2026-09-01 23:05:29,096 - INFO - KGameTracker - ℹ️  ==================================================
2026-09-01 23:05:29,096 - INFO - KGameTracker - ℹ️  ✅ Autostart habilitado
2026-09-01 23:05:29,105 - INFO - KGameTracker - ℹ️  📢 Notificación: K GAME TRACKER
2026-09-01 23:05:29,172 - DEBUG - PIL.Image - Importing PngImagePlugin
2026-09-01 23:05:29,177 - DEBUG - PIL.PngImagePlugin - STREAM b'IHDR' 16 13
2026-09-01 23:05:29,177 - DEBUG - PIL.PngImagePlugin - STREAM b'IDAT' 41 65536
2026-09-01 23:05:32,463 - DEBUG - urllib3.connectionpool - Starting new HTTPS connection (1): www.gamerpower.com:443
2026-09-01 23:05:32,545 - DEBUG - urllib3.connectionpool - https://www.gamerpower.com:443 "GET /api/giveaways?type=game HTTP/1.1" 200 None
2026-09-01 23:05:34,375 - DEBUG - urllib3.connectionpool - Starting new HTTPS connection (1): www.gamerpower.com:443
2026-09-01 23:05:34,421 - DEBUG - urllib3.connectionpool - https://www.gamerpower.com:443 "GET /offers/1b/6a93557b0f911.jpg HTTP/1.1" 200 37478
2026-09-01 23:05:34,453 - DEBUG - urllib3.connectionpool - https://www.gamerpower.com:443 "GET /offers/1b/6a456f543d3c9.jpg HTTP/1.1" 200 23987
2026-09-01 23:05:34,468 - DEBUG - urllib3.connectionpool - https://www.gamerpower.com:443 "GET /offers/1b/6a27eafa35794.jpg HTTP/1.1" 200 28898
2026-09-01 23:05:34,479 - DEBUG - urllib3.connectionpool - https://www.gamerpower.com:443 "GET /offers/1b/6946b7c157bca.jpg HTTP/1.1" 200 33903
2026-09-01 23:05:34,490 - DEBUG - urllib3.connectionpool - https://www.gamerpower.com:443 "GET /offers/1b/698fa7369c1f5.jpg HTTP/1.1" 200 31147
2026-09-01 23:05:34,504 - DEBUG - urllib3.connectionpool - https://www.gamerpower.com:443 "GET /offers/1b/6946b8c46bc9b.jpg HTTP/1.1" 200 41266
2026-09-01 23:05:34,518 - DEBUG - urllib3.connectionpool - https://www.gamerpower.com:443 "GET /offers/1b/63c6f67bb9c8b.jpg HTTP/1.1" 200 49447
2026-09-01 23:05:46,169 - DEBUG - urllib3.connectionpool - Starting new HTTPS connection (1): www.gamerpower.com:443
2026-09-01 23:05:46,224 - DEBUG - urllib3.connectionpool - https://www.gamerpower.com:443 "GET /api/giveaways?type=game HTTP/1.1" 200 None
2026-09-01 23:05:46,263 - DEBUG - urllib3.connectionpool - https://www.gamerpower.com:443 "GET /offers/1b/6a93557b0f911.jpg HTTP/1.1" 200 37478
2026-09-01 23:05:46,276 - DEBUG - urllib3.connectionpool - https://www.gamerpower.com:443 "GET /offers/1b/6a456f543d3c9.jpg HTTP/1.1" 200 23987
2026-09-01 23:05:46,291 - DEBUG - urllib3.connectionpool - https://www.gamerpower.com:443 "GET /offers/1b/6a27eafa35794.jpg HTTP/1.1" 200 28898
2026-09-01 23:05:46,302 - DEBUG - urllib3.connectionpool - https://www.gamerpower.com:443 "GET /offers/1b/6946b7c157bca.jpg HTTP/1.1" 200 33903
2026-09-01 23:05:46,313 - DEBUG - urllib3.connectionpool - https://www.gamerpower.com:443 "GET /offers/1b/698fa7369c1f5.jpg HTTP/1.1" 200 31147
2026-09-01 23:05:46,326 - DEBUG - urllib3.connectionpool - https://www.gamerpower.com:443 "GET /offers/1b/6946b8c46bc9b.jpg HTTP/1.1" 200 41266
2026-09-01 23:05:46,338 - DEBUG - urllib3.connectionpool - https://www.gamerpower.com:443 "GET /offers/1b/63c6f67bb9c8b.jpg HTTP/1.1" 200 49447
2026-09-01 23:06:39,449 - INFO - KGameTracker - ℹ️  ==================================================
2026-09-01 23:06:39,449 - INFO - KGameTracker - ℹ️  K GAME TRACKER - CERRADA
2026-09-01 23:06:39,449 - INFO - KGameTracker - ℹ️  ==================================================
2026-09-01 23:06:55,122 - INFO - KGameTracker - ℹ️  ==================================================
2026-09-01 23:06:55,122 - INFO - KGameTracker - ℹ️  K GAME TRACKER - INICIADA
2026-09-01 23:06:55,122 - INFO - KGameTracker - ℹ️  ==================================================
2026-09-01 23:06:55,123 - INFO - KGameTracker - ℹ️  ✅ Autostart habilitado
2026-09-01 23:06:55,131 - INFO - KGameTracker - ℹ️  📢 Notificación: K GAME TRACKER
2026-09-01 23:06:55,198 - DEBUG - PIL.Image - Importing PngImagePlugin
2026-09-01 23:06:55,202 - DEBUG - PIL.PngImagePlugin - STREAM b'IHDR' 16 13
2026-09-01 23:06:55,202 - DEBUG - PIL.PngImagePlugin - STREAM b'IDAT' 41 65536
2026-09-01 23:06:58,372 - DEBUG - urllib3.connectionpool - Starting new HTTPS connection (1): www.gamerpower.com:443
2026-09-01 23:06:58,422 - DEBUG - urllib3.connectionpool - https://www.gamerpower.com:443 "GET /api/giveaways?type=game HTTP/1.1" 200 None
2026-09-01 23:06:59,118 - DEBUG - urllib3.connectionpool - Starting new HTTPS connection (1): www.gamerpower.com:443
2026-09-01 23:06:59,156 - DEBUG - urllib3.connectionpool - https://www.gamerpower.com:443 "GET /api/giveaways?type=game HTTP/1.1" 200 None
2026-09-01 23:07:24,940 - INFO - KGameTracker - ℹ️  ==================================================
2026-09-01 23:07:24,940 - INFO - KGameTracker - ℹ️  K GAME TRACKER - CERRADA
2026-09-01 23:07:24,940 - INFO - KGameTracker - ℹ️  ==================================================
2026-09-01 23:07:29,845 - INFO - KGameTracker - ℹ️  ==================================================
2026-09-01 23:07:29,846 - INFO - KGameTracker - ℹ️  K GAME TRACKER - INICIADA
2026-09-01 23:07:29,846 - INFO - KGameTracker - ℹ️  ==================================================
2026-09-01 23:07:29,846 - INFO - KGameTracker - ℹ️  ✅ Autostart habilitado
2026-09-01 23:07:29,855 - INFO - KGameTracker - ℹ️  📢 Notificación: K GAME TRACKER
2026-09-01 23:07:29,917 - DEBUG - PIL.Image - Importing PngImagePlugin
2026-09-01 23:07:29,922 - DEBUG - PIL.PngImagePlugin - STREAM b'IHDR' 16 13
2026-09-01 23:07:29,922 - DEBUG - PIL.PngImagePlugin - STREAM b'IDAT' 41 65536
2026-09-01 23:09:39,467 - INFO - KGameTracker - ℹ️  ==================================================
2026-09-01 23:09:39,467 - INFO - KGameTracker - ℹ️  K GAME TRACKER - CERRADA
2026-09-01 23:09:39,468 - INFO - KGameTracker - ℹ️  ==================================================
2026-09-01 23:11:00,437 - INFO - KGameTracker - ℹ️  ==================================================
2026-09-01 23:11:00,437 - INFO - KGameTracker - ℹ️  K GAME TRACKER - INICIADA
2026-09-01 23:11:00,437 - INFO - KGameTracker - ℹ️  ==================================================
2026-09-01 23:11:00,438 - INFO - KGameTracker - ℹ️  ✅ Autostart habilitado
2026-09-01 23:11:00,445 - INFO - KGameTracker - ℹ️  📢 Notificación: K GAME TRACKER
2026-09-01 23:11:00,509 - DEBUG - PIL.Image - Importing PngImagePlugin
2026-09-01 23:11:00,514 - DEBUG - PIL.PngImagePlugin - STREAM b'IHDR' 16 13
2026-09-01 23:11:00,514 - DEBUG - PIL.PngImagePlugin - STREAM b'IDAT' 41 65536
2026-09-01 23:11:06,118 - INFO - KGameTracker - ℹ️  ==================================================
2026-09-01 23:11:06,119 - INFO - KGameTracker - ℹ️  K GAME TRACKER - CERRADA
2026-09-01 23:11:06,119 - INFO - KGameTracker - ℹ️  ==================================================
2026-09-01 23:13:23,051 - INFO - KGameTracker - ℹ️  ==================================================
2026-09-01 23:13:23,052 - INFO - KGameTracker - ℹ️  K GAME TRACKER - INICIADA
2026-09-01 23:13:23,052 - INFO - KGameTracker - ℹ️  ==================================================
2026-09-01 23:13:23,052 - INFO - KGameTracker - ℹ️  ✅ Autostart habilitado
2026-09-01 23:13:23,060 - INFO - KGameTracker - ℹ️  📢 Notificación: K GAME TRACKER
2026-09-01 23:13:23,122 - DEBUG - PIL.Image - Importing PngImagePlugin
2026-09-01 23:13:23,127 - DEBUG - PIL.PngImagePlugin - STREAM b'IHDR' 16 13
2026-09-01 23:13:23,127 - DEBUG - PIL.PngImagePlugin - STREAM b'IDAT' 41 65536
2026-09-01 23:13:27,044 - INFO - KGameTracker - ℹ️  ==================================================
2026-09-01 23:13:27,044 - INFO - KGameTracker - ℹ️  K GAME TRACKER - CERRADA
2026-09-01 23:13:27,044 - INFO - KGameTracker - ℹ️  ==================================================
2026-09-01 23:21:25,312 - INFO - KGameTracker - ℹ️  ==================================================
2026-09-01 23:21:25,312 - INFO - KGameTracker - ℹ️  K GAME TRACKER - INICIADA
2026-09-01 23:21:25,312 - INFO - KGameTracker - ℹ️  ==================================================
2026-09-01 23:21:25,312 - INFO - KGameTracker - ℹ️  ✅ Autostart habilitado
2026-09-01 23:21:25,320 - INFO - KGameTracker - ℹ️  📢 Notificación: K GAME TRACKER
2026-09-01 23:21:25,384 - DEBUG - PIL.Image - Importing PngImagePlugin
2026-09-01 23:21:25,389 - DEBUG - PIL.PngImagePlugin - STREAM b'IHDR' 16 13
2026-09-01 23:21:25,389 - DEBUG - PIL.PngImagePlugin - STREAM b'IDAT' 41 65536
2026-09-01 23:21:29,822 - DEBUG - urllib3.connectionpool - Starting new HTTPS connection (1): www.gamerpower.com:443
2026-09-01 23:21:29,877 - DEBUG - urllib3.connectionpool - https://www.gamerpower.com:443 "GET /api/giveaways?type=game HTTP/1.1" 200 None
2026-09-01 23:21:30,578 - DEBUG - urllib3.connectionpool - Starting new HTTPS connection (1): www.gamerpower.com:443
2026-09-01 23:21:30,631 - DEBUG - urllib3.connectionpool - https://www.gamerpower.com:443 "GET /offers/1b/6a53a044a87b6.jpg HTTP/1.1" 200 36351
2026-09-01 23:21:30,678 - DEBUG - urllib3.connectionpool - https://www.gamerpower.com:443 "GET /offers/1b/6a90554f27ee1.jpg HTTP/1.1" 200 51072
2026-09-01 23:21:30,692 - DEBUG - urllib3.connectionpool - https://www.gamerpower.com:443 "GET /offers/1b/644a8e3ec8e21.jpg HTTP/1.1" 200 43544
2026-09-01 23:21:30,715 - DEBUG - urllib3.connectionpool - https://www.gamerpower.com:443 "GET /offers/1b/69cafab460c8e.jpg HTTP/1.1" 200 51711
2026-09-01 23:21:33,926 - INFO - KGameTracker - ℹ️  ==================================================
2026-09-01 23:21:33,926 - INFO - KGameTracker - ℹ️  K GAME TRACKER - CERRADA
2026-09-01 23:21:33,926 - INFO - KGameTracker - ℹ️  ==================================================
2026-09-01 23:22:16,704 - INFO - KGameTracker - ℹ️  ==================================================
2026-09-01 23:22:16,704 - INFO - KGameTracker - ℹ️  K GAME TRACKER - INICIADA
2026-09-01 23:22:16,704 - INFO - KGameTracker - ℹ️  ==================================================
2026-09-01 23:22:16,704 - INFO - KGameTracker - ℹ️  ✅ Autostart habilitado
2026-09-01 23:22:16,713 - INFO - KGameTracker - ℹ️  📢 Notificación: K GAME TRACKER
2026-09-01 23:22:16,778 - DEBUG - PIL.Image - Importing PngImagePlugin
2026-09-01 23:22:16,783 - DEBUG - PIL.PngImagePlugin - STREAM b'IHDR' 16 13
2026-09-01 23:22:16,783 - DEBUG - PIL.PngImagePlugin - STREAM b'IDAT' 41 65536
2026-09-01 23:22:22,104 - DEBUG - urllib3.connectionpool - Starting new HTTPS connection (1): www.gamerpower.com:443
2026-09-01 23:22:22,149 - DEBUG - urllib3.connectionpool - https://www.gamerpower.com:443 "GET /api/giveaways?type=game HTTP/1.1" 200 None
2026-09-01 23:22:22,153 - DEBUG - urllib3.connectionpool - Starting new HTTPS connection (1): www.gamerpower.com:443
2026-09-01 23:22:22,225 - DEBUG - urllib3.connectionpool - https://www.gamerpower.com:443 "GET /offers/1b/6a53a044a87b6.jpg HTTP/1.1" 200 36351
2026-09-01 23:22:22,276 - DEBUG - urllib3.connectionpool - https://www.gamerpower.com:443 "GET /offers/1b/6a90554f27ee1.jpg HTTP/1.1" 200 51072
2026-09-01 23:22:22,297 - DEBUG - urllib3.connectionpool - https://www.gamerpower.com:443 "GET /offers/1b/644a8e3ec8e21.jpg HTTP/1.1" 200 43544
2026-09-01 23:22:22,316 - DEBUG - urllib3.connectionpool - https://www.gamerpower.com:443 "GET /offers/1b/69cafab460c8e.jpg HTTP/1.1" 200 51711
2026-09-01 23:22:52,677 - INFO - KGameTracker - ℹ️  ==================================================
2026-09-01 23:22:52,677 - INFO - KGameTracker - ℹ️  K GAME TRACKER - CERRADA
2026-09-01 23:22:52,677 - INFO - KGameTracker - ℹ️  ==================================================
2026-09-01 23:23:04,636 - INFO - KGameTracker - ℹ️  ==================================================
2026-09-01 23:23:04,637 - INFO - KGameTracker - ℹ️  K GAME TRACKER - INICIADA
2026-09-01 23:23:04,637 - INFO - KGameTracker - ℹ️  ==================================================
2026-09-01 23:23:04,637 - INFO - KGameTracker - ℹ️  ✅ Autostart habilitado
2026-09-01 23:23:04,645 - INFO - KGameTracker - ℹ️  📢 Notificación: K GAME TRACKER
2026-09-01 23:23:04,709 - DEBUG - PIL.Image - Importing PngImagePlugin
2026-09-01 23:23:04,713 - DEBUG - PIL.PngImagePlugin - STREAM b'IHDR' 16 13
2026-09-01 23:23:04,714 - DEBUG - PIL.PngImagePlugin - STREAM b'IDAT' 41 65536
2026-09-01 23:23:08,503 - DEBUG - urllib3.connectionpool - Starting new HTTPS connection (1): www.gamerpower.com:443
2026-09-01 23:23:08,546 - DEBUG - urllib3.connectionpool - https://www.gamerpower.com:443 "GET /api/giveaways?type=game HTTP/1.1" 200 None
2026-09-01 23:23:09,112 - DEBUG - urllib3.connectionpool - Starting new HTTPS connection (1): www.gamerpower.com:443
2026-09-01 23:23:09,186 - DEBUG - urllib3.connectionpool - https://www.gamerpower.com:443 "GET /offers/1b/6a53a044a87b6.jpg HTTP/1.1" 200 36351
2026-09-01 23:23:09,244 - DEBUG - urllib3.connectionpool - https://www.gamerpower.com:443 "GET /offers/1b/6a90554f27ee1.jpg HTTP/1.1" 200 51072
2026-09-01 23:23:09,273 - DEBUG - urllib3.connectionpool - https://www.gamerpower.com:443 "GET /offers/1b/644a8e3ec8e21.jpg HTTP/1.1" 200 43544
2026-09-01 23:23:09,304 - DEBUG - urllib3.connectionpool - https://www.gamerpower.com:443 "GET /offers/1b/69cafab460c8e.jpg HTTP/1.1" 200 51711
2026-09-01 23:23:10,757 - DEBUG - urllib3.connectionpool - Starting new HTTPS connection (1): www.gamerpower.com:443
2026-09-01 23:23:10,801 - DEBUG - urllib3.connectionpool - https://www.gamerpower.com:443 "GET /api/giveaways?type=game HTTP/1.1" 200 None
2026-09-01 23:23:11,306 - DEBUG - urllib3.connectionpool - https://www.gamerpower.com:443 "GET /offers/1b/6a53a044a87b6.jpg HTTP/1.1" 200 36351
2026-09-01 23:23:11,331 - DEBUG - urllib3.connectionpool - https://www.gamerpower.com:443 "GET /offers/1b/6a90554f27ee1.jpg HTTP/1.1" 200 51072
2026-09-01 23:23:11,355 - DEBUG - urllib3.connectionpool - https://www.gamerpower.com:443 "GET /offers/1b/644a8e3ec8e21.jpg HTTP/1.1" 200 43544
2026-09-01 23:23:11,406 - DEBUG - urllib3.connectionpool - https://www.gamerpower.com:443 "GET /offers/1b/69cafab460c8e.jpg HTTP/1.1" 200 51711
2026-09-01 23:23:12,103 - DEBUG - urllib3.connectionpool - https://www.gamerpower.com:443 "GET /offers/1b/6a53a044a87b6.jpg HTTP/1.1" 200 36351
2026-09-01 23:23:12,140 - DEBUG - urllib3.connectionpool - https://www.gamerpower.com:443 "GET /offers/1b/6a90554f27ee1.jpg HTTP/1.1" 200 51072
2026-09-01 23:23:12,163 - DEBUG - urllib3.connectionpool - https://www.gamerpower.com:443 "GET /offers/1b/644a8e3ec8e21.jpg HTTP/1.1" 200 43544
2026-09-01 23:23:12,195 - DEBUG - urllib3.connectionpool - https://www.gamerpower.com:443 "GET /offers/1b/69cafab460c8e.jpg HTTP/1.1" 200 51711
2026-09-01 23:23:12,234 - DEBUG - urllib3.connectionpool - https://www.gamerpower.com:443 "GET /offers/1b/6a59119a8eb8d.jpg HTTP/1.1" 200 40398
2026-09-01 23:23:12,525 - DEBUG - urllib3.connectionpool - https://www.gamerpower.com:443 "GET /offers/1b/6a53a044a87b6.jpg HTTP/1.1" 200 36351
2026-09-01 23:23:12,544 - DEBUG - urllib3.connectionpool - https://www.gamerpower.com:443 "GET /offers/1b/6a90554f27ee1.jpg HTTP/1.1" 200 51072
2026-09-01 23:23:12,564 - DEBUG - urllib3.connectionpool - https://www.gamerpower.com:443 "GET /offers/1b/644a8e3ec8e21.jpg HTTP/1.1" 200 43544
2026-09-01 23:23:12,585 - DEBUG - urllib3.connectionpool - https://www.gamerpower.com:443 "GET /offers/1b/69cafab460c8e.jpg HTTP/1.1" 200 51711
2026-09-01 23:23:12,604 - DEBUG - urllib3.connectionpool - https://www.gamerpower.com:443 "GET /offers/1b/6a59119a8eb8d.jpg HTTP/1.1" 200 40398
2026-09-01 23:23:13,375 - DEBUG - urllib3.connectionpool - https://www.gamerpower.com:443 "GET /offers/1b/6a53a044a87b6.jpg HTTP/1.1" 200 36351
2026-09-01 23:23:13,422 - DEBUG - urllib3.connectionpool - https://www.gamerpower.com:443 "GET /offers/1b/6a90554f27ee1.jpg HTTP/1.1" 200 51072
2026-09-01 23:23:13,449 - DEBUG - urllib3.connectionpool - https://www.gamerpower.com:443 "GET /offers/1b/644a8e3ec8e21.jpg HTTP/1.1" 200 43544
2026-09-01 23:23:13,468 - DEBUG - urllib3.connectionpool - https://www.gamerpower.com:443 "GET /offers/1b/69cafab460c8e.jpg HTTP/1.1" 200 51711
2026-09-01 23:23:13,494 - DEBUG - urllib3.connectionpool - https://www.gamerpower.com:443 "GET /offers/1b/6a59119a8eb8d.jpg HTTP/1.1" 200 40398
2026-09-01 23:23:14,588 - INFO - KGameTracker - ℹ️  ==================================================
2026-09-01 23:23:14,589 - INFO - KGameTracker - ℹ️  K GAME TRACKER - CERRADA
2026-09-01 23:23:14,589 - INFO - KGameTracker - ℹ️  ==================================================
2026-09-01 23:23:32,886 - INFO - KGameTracker - ℹ️  ==================================================
2026-09-01 23:23:32,886 - INFO - KGameTracker - ℹ️  K GAME TRACKER - INICIADA
2026-09-01 23:23:32,886 - INFO - KGameTracker - ℹ️  ==================================================
2026-09-01 23:23:32,886 - INFO - KGameTracker - ℹ️  ✅ Autostart habilitado
2026-09-01 23:23:32,895 - INFO - KGameTracker - ℹ️  📢 Notificación: K GAME TRACKER
2026-09-01 23:23:32,957 - DEBUG - PIL.Image - Importing PngImagePlugin
2026-09-01 23:23:32,961 - DEBUG - PIL.PngImagePlugin - STREAM b'IHDR' 16 13
2026-09-01 23:23:32,962 - DEBUG - PIL.PngImagePlugin - STREAM b'IDAT' 41 65536
2026-09-01 23:23:36,508 - DEBUG - urllib3.connectionpool - Starting new HTTPS connection (1): www.gamerpower.com:443
2026-09-01 23:23:36,563 - DEBUG - urllib3.connectionpool - https://www.gamerpower.com:443 "GET /api/giveaways?type=game HTTP/1.1" 200 None
2026-09-01 23:23:37,217 - DEBUG - urllib3.connectionpool - Starting new HTTPS connection (1): www.gamerpower.com:443
2026-09-01 23:23:37,264 - DEBUG - urllib3.connectionpool - https://www.gamerpower.com:443 "GET /offers/1b/6a53a044a87b6.jpg HTTP/1.1" 200 36351
2026-09-01 23:23:37,295 - DEBUG - urllib3.connectionpool - https://www.gamerpower.com:443 "GET /offers/1b/6a90554f27ee1.jpg HTTP/1.1" 200 51072
2026-09-01 23:23:37,308 - DEBUG - urllib3.connectionpool - https://www.gamerpower.com:443 "GET /offers/1b/644a8e3ec8e21.jpg HTTP/1.1" 200 43544
2026-09-01 23:23:37,320 - DEBUG - urllib3.connectionpool - https://www.gamerpower.com:443 "GET /offers/1b/69cafab460c8e.jpg HTTP/1.1" 200 51711
2026-09-01 23:23:39,059 - INFO - KGameTracker - ℹ️  ==================================================
2026-09-01 23:23:39,059 - INFO - KGameTracker - ℹ️  K GAME TRACKER - CERRADA
2026-09-01 23:23:39,059 - INFO - KGameTracker - ℹ️  ==================================================
2026-09-01 23:40:03,462 - INFO - KGameTracker - ℹ️  ==================================================
2026-09-01 23:40:03,462 - INFO - KGameTracker - ℹ️  K GAME TRACKER - INICIADA
2026-09-01 23:40:03,462 - INFO - KGameTracker - ℹ️  ==================================================
2026-09-01 23:40:03,462 - INFO - KGameTracker - ℹ️  ✅ Autostart habilitado
2026-09-01 23:40:03,472 - INFO - KGameTracker - ℹ️  📢 Notificación: K GAME TRACKER
2026-09-01 23:40:03,535 - DEBUG - PIL.Image - Importing PngImagePlugin
2026-09-01 23:40:03,539 - DEBUG - PIL.PngImagePlugin - STREAM b'IHDR' 16 13
2026-09-01 23:40:03,539 - DEBUG - PIL.PngImagePlugin - STREAM b'IDAT' 41 65536
2026-09-01 23:40:07,123 - DEBUG - urllib3.connectionpool - Starting new HTTPS connection (1): www.gamerpower.com:443
2026-09-01 23:40:07,241 - DEBUG - urllib3.connectionpool - https://www.gamerpower.com:443 "GET /api/giveaways?type=game HTTP/1.1" 200 None
2026-09-01 23:40:07,955 - DEBUG - urllib3.connectionpool - Starting new HTTPS connection (1): www.gamerpower.com:443
2026-09-01 23:40:07,996 - DEBUG - urllib3.connectionpool - https://www.gamerpower.com:443 "GET /offers/1b/6a53a044a87b6.jpg HTTP/1.1" 200 36351
2026-09-01 23:40:08,025 - DEBUG - urllib3.connectionpool - https://www.gamerpower.com:443 "GET /offers/1b/6a90554f27ee1.jpg HTTP/1.1" 200 51072
2026-09-01 23:40:08,039 - DEBUG - urllib3.connectionpool - https://www.gamerpower.com:443 "GET /offers/1b/644a8e3ec8e21.jpg HTTP/1.1" 200 43544
2026-09-01 23:40:08,051 - DEBUG - urllib3.connectionpool - https://www.gamerpower.com:443 "GET /offers/1b/69cafab460c8e.jpg HTTP/1.1" 200 51711
2026-09-01 23:40:09,340 - DEBUG - urllib3.connectionpool - Starting new HTTPS connection (1): www.gamerpower.com:443
2026-09-01 23:40:09,383 - DEBUG - urllib3.connectionpool - https://www.gamerpower.com:443 "GET /api/giveaways?type=game HTTP/1.1" 200 None
2026-09-01 23:40:09,411 - DEBUG - urllib3.connectionpool - https://www.gamerpower.com:443 "GET /offers/1b/6a53a044a87b6.jpg HTTP/1.1" 200 36351
2026-09-01 23:40:09,424 - DEBUG - urllib3.connectionpool - https://www.gamerpower.com:443 "GET /offers/1b/6a90554f27ee1.jpg HTTP/1.1" 200 51072
2026-09-01 23:40:09,436 - DEBUG - urllib3.connectionpool - https://www.gamerpower.com:443 "GET /offers/1b/644a8e3ec8e21.jpg HTTP/1.1" 200 43544
2026-09-01 23:40:09,446 - DEBUG - urllib3.connectionpool - https://www.gamerpower.com:443 "GET /offers/1b/69cafab460c8e.jpg HTTP/1.1" 200 51711
2026-09-01 23:40:16,988 - DEBUG - urllib3.connectionpool - Starting new HTTPS connection (1): www.gamerpower.com:443
2026-09-01 23:40:17,038 - DEBUG - urllib3.connectionpool - https://www.gamerpower.com:443 "GET /api/giveaways?type=game HTTP/1.1" 200 None
2026-09-01 23:40:17,054 - DEBUG - urllib3.connectionpool - https://www.gamerpower.com:443 "GET /offers/1b/6a53a044a87b6.jpg HTTP/1.1" 200 36351
2026-09-01 23:40:17,069 - DEBUG - urllib3.connectionpool - https://www.gamerpower.com:443 "GET /offers/1b/6a90554f27ee1.jpg HTTP/1.1" 200 51072
2026-09-01 23:40:17,080 - DEBUG - urllib3.connectionpool - https://www.gamerpower.com:443 "GET /offers/1b/644a8e3ec8e21.jpg HTTP/1.1" 200 43544
2026-09-01 23:40:17,092 - DEBUG - urllib3.connectionpool - https://www.gamerpower.com:443 "GET /offers/1b/69cafab460c8e.jpg HTTP/1.1" 200 51711
2026-09-01 23:40:55,426 - INFO - KGameTracker - ℹ️  ==================================================
2026-09-01 23:40:55,426 - INFO - KGameTracker - ℹ️  K GAME TRACKER - CERRADA
2026-09-01 23:40:55,426 - INFO - KGameTracker - ℹ️  ==================================================
2026-09-01 23:43:29,327 - INFO - KGameTracker - ℹ️  ==================================================
2026-09-01 23:43:29,327 - INFO - KGameTracker - ℹ️  K GAME TRACKER - INICIADA
2026-09-01 23:43:29,327 - INFO - KGameTracker - ℹ️  ==================================================
2026-09-01 23:43:29,327 - INFO - KGameTracker - ℹ️  ✅ Autostart habilitado
2026-09-01 23:43:29,336 - INFO - KGameTracker - ℹ️  📢 Notificación: K GAME TRACKER
2026-09-01 23:43:29,399 - DEBUG - PIL.Image - Importing PngImagePlugin
2026-09-01 23:43:29,404 - DEBUG - PIL.PngImagePlugin - STREAM b'IHDR' 16 13
2026-09-01 23:43:29,404 - DEBUG - PIL.PngImagePlugin - STREAM b'IDAT' 41 65536
2026-09-01 23:43:32,850 - DEBUG - urllib3.connectionpool - Starting new HTTPS connection (1): www.gamerpower.com:443
2026-09-01 23:43:32,908 - DEBUG - urllib3.connectionpool - https://www.gamerpower.com:443 "GET /api/giveaways?type=game HTTP/1.1" 200 None
2026-09-01 23:43:33,638 - DEBUG - urllib3.connectionpool - Starting new HTTPS connection (1): www.gamerpower.com:443
2026-09-01 23:43:33,679 - DEBUG - urllib3.connectionpool - https://www.gamerpower.com:443 "GET /offers/1b/6a53a044a87b6.jpg HTTP/1.1" 200 36351
2026-09-01 23:43:33,712 - DEBUG - urllib3.connectionpool - https://www.gamerpower.com:443 "GET /offers/1b/6a90554f27ee1.jpg HTTP/1.1" 200 51072
2026-09-01 23:43:33,727 - DEBUG - urllib3.connectionpool - https://www.gamerpower.com:443 "GET /offers/1b/644a8e3ec8e21.jpg HTTP/1.1" 200 43544
2026-09-01 23:43:33,739 - DEBUG - urllib3.connectionpool - https://www.gamerpower.com:443 "GET /offers/1b/69cafab460c8e.jpg HTTP/1.1" 200 51711
2026-09-01 23:43:37,939 - DEBUG - urllib3.connectionpool - Starting new HTTPS connection (1): www.gamerpower.com:443
2026-09-01 23:43:37,976 - DEBUG - urllib3.connectionpool - https://www.gamerpower.com:443 "GET /api/giveaways?type=game HTTP/1.1" 200 None
2026-09-01 23:43:39,083 - DEBUG - urllib3.connectionpool - https://www.gamerpower.com:443 "GET /offers/1b/6a53a044a87b6.jpg HTTP/1.1" 200 36351
2026-09-01 23:43:39,097 - DEBUG - urllib3.connectionpool - https://www.gamerpower.com:443 "GET /offers/1b/6a90554f27ee1.jpg HTTP/1.1" 200 51072
2026-09-01 23:43:39,109 - DEBUG - urllib3.connectionpool - https://www.gamerpower.com:443 "GET /offers/1b/644a8e3ec8e21.jpg HTTP/1.1" 200 43544
2026-09-01 23:43:39,122 - DEBUG - urllib3.connectionpool - https://www.gamerpower.com:443 "GET /offers/1b/69cafab460c8e.jpg HTTP/1.1" 200 51711
2026-09-01 23:44:08,793 - INFO - KGameTracker - ℹ️  ==================================================
2026-09-01 23:44:08,794 - INFO - KGameTracker - ℹ️  K GAME TRACKER - CERRADA
2026-09-01 23:44:08,794 - INFO - KGameTracker - ℹ️  ==================================================
2026-09-01 23:48:27,101 - INFO - KGameTracker - ℹ️  ==================================================
2026-09-01 23:48:27,101 - INFO - KGameTracker - ℹ️  K GAME TRACKER - INICIADA
2026-09-01 23:48:27,101 - INFO - KGameTracker - ℹ️  ==================================================
2026-09-01 23:48:27,101 - INFO - KGameTracker - ℹ️  ✅ Autostart habilitado
2026-09-01 23:48:27,110 - INFO - KGameTracker - ℹ️  📢 Notificación: K GAME TRACKER
2026-09-01 23:48:27,174 - DEBUG - PIL.Image - Importing PngImagePlugin
2026-09-01 23:48:27,180 - DEBUG - PIL.PngImagePlugin - STREAM b'IHDR' 16 13
2026-09-01 23:48:27,180 - DEBUG - PIL.PngImagePlugin - STREAM b'IDAT' 41 65536
2026-09-01 23:48:43,260 - DEBUG - urllib3.connectionpool - Starting new HTTPS connection (1): www.gamerpower.com:443
2026-09-01 23:48:43,307 - DEBUG - urllib3.connectionpool - https://www.gamerpower.com:443 "GET /api/giveaways?type=game HTTP/1.1" 200 None
2026-09-01 23:48:43,312 - DEBUG - urllib3.connectionpool - Starting new HTTPS connection (1): www.gamerpower.com:443
2026-09-01 23:48:43,358 - DEBUG - urllib3.connectionpool - https://www.gamerpower.com:443 "GET /offers/1b/6a53a044a87b6.jpg HTTP/1.1" 200 36351
2026-09-01 23:48:43,390 - DEBUG - urllib3.connectionpool - https://www.gamerpower.com:443 "GET /offers/1b/6a90554f27ee1.jpg HTTP/1.1" 200 51072
2026-09-01 23:48:43,408 - DEBUG - urllib3.connectionpool - https://www.gamerpower.com:443 "GET /offers/1b/644a8e3ec8e21.jpg HTTP/1.1" 200 43544
2026-09-01 23:48:43,506 - DEBUG - urllib3.connectionpool - https://www.gamerpower.com:443 "GET /offers/1b/69cafab460c8e.jpg HTTP/1.1" 200 51711
2026-09-01 23:48:43,530 - DEBUG - urllib3.connectionpool - https://www.gamerpower.com:443 "GET /offers/1b/6a59119a8eb8d.jpg HTTP/1.1" 200 40398
2026-09-01 23:48:44,944 - DEBUG - urllib3.connectionpool - https://www.gamerpower.com:443 "GET /offers/1b/6a53a044a87b6.jpg HTTP/1.1" 200 36351
2026-09-01 23:48:44,956 - DEBUG - urllib3.connectionpool - https://www.gamerpower.com:443 "GET /offers/1b/6a90554f27ee1.jpg HTTP/1.1" 200 51072
2026-09-01 23:48:44,968 - DEBUG - urllib3.connectionpool - https://www.gamerpower.com:443 "GET /offers/1b/644a8e3ec8e21.jpg HTTP/1.1" 200 43544
2026-09-01 23:48:44,980 - DEBUG - urllib3.connectionpool - https://www.gamerpower.com:443 "GET /offers/1b/69cafab460c8e.jpg HTTP/1.1" 200 51711
2026-09-01 23:48:46,184 - DEBUG - urllib3.connectionpool - https://www.gamerpower.com:443 "GET /offers/1b/6a59119a8eb8d.jpg HTTP/1.1" 200 40398
2026-09-01 23:48:46,760 - DEBUG - urllib3.connectionpool - https://www.gamerpower.com:443 "GET /offers/1b/6a59119a8eb8d.jpg HTTP/1.1" 200 40398
2026-09-01 23:48:47,537 - DEBUG - urllib3.connectionpool - https://www.gamerpower.com:443 "GET /offers/1b/6a59119a8eb8d.jpg HTTP/1.1" 200 40398
2026-09-01 23:48:49,619 - INFO - KGameTracker - ℹ️  ==================================================
2026-09-01 23:48:49,619 - INFO - KGameTracker - ℹ️  K GAME TRACKER - CERRADA
2026-09-01 23:48:49,619 - INFO - KGameTracker - ℹ️  ==================================================
2026-09-01 23:49:41,329 - INFO - KGameTracker - ℹ️  ==================================================
2026-09-01 23:49:41,329 - INFO - KGameTracker - ℹ️  K GAME TRACKER - INICIADA
2026-09-01 23:49:41,329 - INFO - KGameTracker - ℹ️  ==================================================
2026-09-01 23:49:41,329 - INFO - KGameTracker - ℹ️  ✅ Autostart habilitado
2026-09-01 23:49:41,338 - INFO - KGameTracker - ℹ️  📢 Notificación: K GAME TRACKER
2026-09-01 23:49:41,401 - DEBUG - PIL.Image - Importing PngImagePlugin
2026-09-01 23:49:41,406 - DEBUG - PIL.PngImagePlugin - STREAM b'IHDR' 16 13
2026-09-01 23:49:41,406 - DEBUG - PIL.PngImagePlugin - STREAM b'IDAT' 41 65536
2026-09-01 23:49:45,203 - DEBUG - urllib3.connectionpool - Starting new HTTPS connection (1): www.gamerpower.com:443
2026-09-01 23:49:45,251 - DEBUG - urllib3.connectionpool - https://www.gamerpower.com:443 "GET /api/giveaways?type=game HTTP/1.1" 200 None
2026-09-01 23:49:48,245 - DEBUG - urllib3.connectionpool - Starting new HTTPS connection (1): www.gamerpower.com:443
2026-09-01 23:49:48,285 - DEBUG - urllib3.connectionpool - https://www.gamerpower.com:443 "GET /offers/1b/6a53a044a87b6.jpg HTTP/1.1" 200 36351
2026-09-01 23:49:48,318 - DEBUG - urllib3.connectionpool - https://www.gamerpower.com:443 "GET /offers/1b/6a90554f27ee1.jpg HTTP/1.1" 200 51072
2026-09-01 23:49:48,333 - DEBUG - urllib3.connectionpool - https://www.gamerpower.com:443 "GET /offers/1b/644a8e3ec8e21.jpg HTTP/1.1" 200 43544
2026-09-01 23:49:48,345 - DEBUG - urllib3.connectionpool - https://www.gamerpower.com:443 "GET /offers/1b/69cafab460c8e.jpg HTTP/1.1" 200 51711
2026-09-01 23:49:48,695 - DEBUG - urllib3.connectionpool - https://www.gamerpower.com:443 "GET /offers/1b/6a53a044a87b6.jpg HTTP/1.1" 200 36351
2026-09-01 23:49:48,709 - DEBUG - urllib3.connectionpool - https://www.gamerpower.com:443 "GET /offers/1b/6a90554f27ee1.jpg HTTP/1.1" 200 51072
2026-09-01 23:49:48,721 - DEBUG - urllib3.connectionpool - https://www.gamerpower.com:443 "GET /offers/1b/644a8e3ec8e21.jpg HTTP/1.1" 200 43544
2026-09-01 23:49:48,732 - DEBUG - urllib3.connectionpool - https://www.gamerpower.com:443 "GET /offers/1b/69cafab460c8e.jpg HTTP/1.1" 200 51711
2026-09-01 23:49:48,743 - DEBUG - urllib3.connectionpool - https://www.gamerpower.com:443 "GET /offers/1b/6a59119a8eb8d.jpg HTTP/1.1" 200 40398
2026-09-01 23:49:49,135 - DEBUG - urllib3.connectionpool - https://www.gamerpower.com:443 "GET /offers/1b/6a53a044a87b6.jpg HTTP/1.1" 200 36351
2026-09-01 23:49:49,147 - DEBUG - urllib3.connectionpool - https://www.gamerpower.com:443 "GET /offers/1b/6a90554f27ee1.jpg HTTP/1.1" 200 51072
2026-09-01 23:49:49,158 - DEBUG - urllib3.connectionpool - https://www.gamerpower.com:443 "GET /offers/1b/644a8e3ec8e21.jpg HTTP/1.1" 200 43544
2026-09-01 23:49:49,169 - DEBUG - urllib3.connectionpool - https://www.gamerpower.com:443 "GET /offers/1b/69cafab460c8e.jpg HTTP/1.1" 200 51711
2026-09-01 23:49:49,180 - DEBUG - urllib3.connectionpool - https://www.gamerpower.com:443 "GET /offers/1b/6a59119a8eb8d.jpg HTTP/1.1" 200 40398
2026-09-01 23:49:49,942 - DEBUG - urllib3.connectionpool - https://www.gamerpower.com:443 "GET /offers/1b/6a53a044a87b6.jpg HTTP/1.1" 200 36351
2026-09-01 23:49:49,953 - DEBUG - urllib3.connectionpool - https://www.gamerpower.com:443 "GET /offers/1b/6a90554f27ee1.jpg HTTP/1.1" 200 51072
2026-09-01 23:49:49,963 - DEBUG - urllib3.connectionpool - https://www.gamerpower.com:443 "GET /offers/1b/644a8e3ec8e21.jpg HTTP/1.1" 200 43544
2026-09-01 23:49:49,976 - DEBUG - urllib3.connectionpool - https://www.gamerpower.com:443 "GET /offers/1b/69cafab460c8e.jpg HTTP/1.1" 200 51711
2026-09-01 23:49:49,986 - DEBUG - urllib3.connectionpool - https://www.gamerpower.com:443 "GET /offers/1b/6a59119a8eb8d.jpg HTTP/1.1" 200 40398
2026-09-01 23:50:13,598 - INFO - KGameTracker - ℹ️  ==================================================
2026-09-01 23:50:13,598 - INFO - KGameTracker - ℹ️  K GAME TRACKER - CERRADA
2026-09-01 23:50:13,598 - INFO - KGameTracker - ℹ️  ==================================================
