2026-09-11 00:09:48,450 - INFO - KGameTracker - ℹ️  ==================================================
2026-09-11 00:09:48,450 - INFO - KGameTracker - ℹ️  K GAME TRACKER - INICIADA
2026-09-11 00:09:48,450 - INFO - KGameTracker - ℹ️  ==================================================
2026-09-11 00:09:48,584 - INFO - KGameTracker - ℹ️  ❌ Error creando la aplicación: name 'QIcon' is not defined
2026-09-11 00:09:48,623 - INFO - KGameTracker - ℹ️  ==================================================
2026-09-11 00:09:48,623 - INFO - KGameTracker - ℹ️  K GAME TRACKER - CERRADA
2026-09-11 00:09:48,623 - INFO - KGameTracker - ℹ️  ==================================================
2026-09-11 00:15:09,200 - INFO - KGameTracker - ℹ️  ==================================================
2026-09-11 00:15:09,200 - INFO - KGameTracker - ℹ️  K GAME TRACKER - INICIADA
2026-09-11 00:15:09,200 - INFO - KGameTracker - ℹ️  ==================================================
2026-09-11 00:15:09,318 - INFO - KGameTracker - ℹ️  ❌ Error creando la aplicación: name 'LOGO_PATH' is not defined
2026-09-11 00:15:09,359 - INFO - KGameTracker - ℹ️  ==================================================
2026-09-11 00:15:09,359 - INFO - KGameTracker - ℹ️  K GAME TRACKER - CERRADA
2026-09-11 00:15:09,359 - INFO - KGameTracker - ℹ️  ==================================================
2026-09-11 00:17:26,494 - INFO - KGameTracker - ℹ️  ==================================================
2026-09-11 00:17:26,494 - INFO - KGameTracker - ℹ️  K GAME TRACKER - INICIADA
2026-09-11 00:17:26,494 - INFO - KGameTracker - ℹ️  ==================================================
2026-09-11 00:17:26,581 - INFO - KGameTracker - ℹ️  ❌ Error creando la aplicación: name 'LOGO_PATH' is not defined
2026-09-11 00:17:26,609 - INFO - KGameTracker - ℹ️  ==================================================
2026-09-11 00:17:26,609 - INFO - KGameTracker - ℹ️  K GAME TRACKER - CERRADA
2026-09-11 00:17:26,609 - INFO - KGameTracker - ℹ️  ==================================================
2026-09-11 00:18:31,365 - INFO - KGameTracker - ℹ️  ==================================================
2026-09-11 00:18:31,365 - INFO - KGameTracker - ℹ️  K GAME TRACKER - INICIADA
2026-09-11 00:18:31,365 - INFO - KGameTracker - ℹ️  ==================================================
2026-09-11 00:18:31,586 - INFO - KGameTracker - ℹ️  ❌ Error creando la aplicación: name 'COLOR_ACCENT_LIGHT' is not defined
2026-09-11 00:18:31,619 - INFO - KGameTracker - ℹ️  ==================================================
2026-09-11 00:18:31,619 - INFO - KGameTracker - ℹ️  K GAME TRACKER - CERRADA
2026-09-11 00:18:31,619 - INFO - KGameTracker - ℹ️  ==================================================
2026-09-11 00:23:51,985 - INFO - KGameTracker - ℹ️  ==================================================
2026-09-11 00:23:51,986 - INFO - KGameTracker - ℹ️  K GAME TRACKER - INICIADA
2026-09-11 00:23:51,986 - INFO - KGameTracker - ℹ️  ==================================================
2026-09-11 00:23:52,120 - INFO - KGameTracker - ℹ️  ❌ Error creando la aplicación: name 'config' is not defined
2026-09-11 00:23:52,156 - INFO - KGameTracker - ℹ️  ==================================================
2026-09-11 00:23:52,156 - INFO - KGameTracker - ℹ️  K GAME TRACKER - CERRADA
2026-09-11 00:23:52,157 - INFO - KGameTracker - ℹ️  ==================================================
2026-09-11 00:25:05,868 - INFO - KGameTracker - ℹ️  ==================================================
2026-09-11 00:25:05,868 - INFO - KGameTracker - ℹ️  K GAME TRACKER - INICIADA
2026-09-11 00:25:05,868 - INFO - KGameTracker - ℹ️  ==================================================
2026-09-11 00:25:12,238 - DEBUG - urllib3.connectionpool - Starting new HTTPS connection (1): www.gamerpower.com:443
2026-09-11 00:25:12,338 - DEBUG - urllib3.connectionpool - https://www.gamerpower.com:443 "GET /api/giveaways?type=game HTTP/1.1" 200 None
2026-09-11 00:25:42,513 - INFO - KGameTracker - ℹ️  ==================================================
2026-09-11 00:25:42,513 - INFO - KGameTracker - ℹ️  K GAME TRACKER - CERRADA
2026-09-11 00:25:42,513 - INFO - KGameTracker - ℹ️  ==================================================
2026-09-11 00:27:08,567 - INFO - KGameTracker - ℹ️  ==================================================
2026-09-11 00:27:08,567 - INFO - KGameTracker - ℹ️  K GAME TRACKER - INICIADA
2026-09-11 00:27:08,567 - INFO - KGameTracker - ℹ️  ==================================================
2026-09-11 00:27:20,304 - DEBUG - urllib3.connectionpool - Starting new HTTPS connection (1): www.gamerpower.com:443
2026-09-11 00:27:20,429 - DEBUG - urllib3.connectionpool - https://www.gamerpower.com:443 "GET /api/giveaways?type=game HTTP/1.1" 200 None
2026-09-11 00:27:35,659 - INFO - KGameTracker - ℹ️  ==================================================
2026-09-11 00:27:35,659 - INFO - KGameTracker - ℹ️  K GAME TRACKER - CERRADA
2026-09-11 00:27:35,659 - INFO - KGameTracker - ℹ️  ==================================================
2026-09-11 00:29:22,140 - INFO - KGameTracker - ℹ️  ==================================================
2026-09-11 00:29:22,140 - INFO - KGameTracker - ℹ️  K GAME TRACKER - INICIADA
2026-09-11 00:29:22,140 - INFO - KGameTracker - ℹ️  ==================================================
2026-09-11 00:29:35,143 - DEBUG - urllib3.connectionpool - Starting new HTTPS connection (1): www.gamerpower.com:443
2026-09-11 00:29:35,283 - DEBUG - urllib3.connectionpool - https://www.gamerpower.com:443 "GET /api/giveaways?type=game HTTP/1.1" 200 None
2026-09-11 00:29:40,712 - INFO - KGameTracker - ℹ️  ==================================================
2026-09-11 00:29:40,713 - INFO - KGameTracker - ℹ️  K GAME TRACKER - CERRADA
2026-09-11 00:29:40,713 - INFO - KGameTracker - ℹ️  ==================================================
2026-09-11 00:31:17,263 - INFO - KGameTracker - ℹ️  ==================================================
2026-09-11 00:31:17,264 - INFO - KGameTracker - ℹ️  K GAME TRACKER - INICIADA
2026-09-11 00:31:17,264 - INFO - KGameTracker - ℹ️  ==================================================
2026-09-11 00:31:25,116 - INFO - KGameTracker - ℹ️  ==================================================
2026-09-11 00:31:25,116 - INFO - KGameTracker - ℹ️  K GAME TRACKER - CERRADA
2026-09-11 00:31:25,116 - INFO - KGameTracker - ℹ️  ==================================================
2026-09-11 00:37:17,490 - INFO - KGameTracker - ℹ️  ==================================================
2026-09-11 00:37:17,490 - INFO - KGameTracker - ℹ️  K GAME TRACKER - INICIADA
2026-09-11 00:37:17,490 - INFO - KGameTracker - ℹ️  ==================================================
2026-09-11 00:37:21,839 - DEBUG - urllib3.connectionpool - Starting new HTTPS connection (1): www.gamerpower.com:443
2026-09-11 00:37:21,983 - DEBUG - urllib3.connectionpool - https://www.gamerpower.com:443 "GET /api/giveaways?type=game HTTP/1.1" 200 None
2026-09-11 00:37:28,044 - INFO - KGameTracker - ℹ️  ==================================================
2026-09-11 00:37:28,044 - INFO - KGameTracker - ℹ️  K GAME TRACKER - CERRADA
2026-09-11 00:37:28,044 - INFO - KGameTracker - ℹ️  ==================================================
2026-09-11 00:52:02,494 - INFO - KGameTracker - ℹ️  ==================================================
2026-09-11 00:52:02,494 - INFO - KGameTracker - ℹ️  K GAME TRACKER - INICIADA
2026-09-11 00:52:02,494 - INFO - KGameTracker - ℹ️  ==================================================
2026-09-11 00:52:20,964 - DEBUG - urllib3.connectionpool - Starting new HTTPS connection (1): www.gamerpower.com:443
2026-09-11 00:52:21,223 - DEBUG - urllib3.connectionpool - https://www.gamerpower.com:443 "GET /api/giveaways?type=game HTTP/1.1" 200 None
2026-09-11 00:52:28,244 - INFO - KGameTracker - ℹ️  ==================================================
2026-09-11 00:52:28,245 - INFO - KGameTracker - ℹ️  K GAME TRACKER - CERRADA
2026-09-11 00:52:28,245 - INFO - KGameTracker - ℹ️  ==================================================
2026-09-11 00:55:04,988 - INFO - KGameTracker - ℹ️  ==================================================
2026-09-11 00:55:04,988 - INFO - KGameTracker - ℹ️  K GAME TRACKER - INICIADA
2026-09-11 00:55:04,989 - INFO - KGameTracker - ℹ️  ==================================================
2026-09-11 00:55:11,818 - DEBUG - urllib3.connectionpool - Starting new HTTPS connection (1): www.gamerpower.com:443
2026-09-11 00:55:11,937 - DEBUG - urllib3.connectionpool - https://www.gamerpower.com:443 "GET /api/giveaways?type=game HTTP/1.1" 200 None
2026-09-11 00:55:18,143 - INFO - KGameTracker - ℹ️  ==================================================
2026-09-11 00:55:18,143 - INFO - KGameTracker - ℹ️  K GAME TRACKER - CERRADA
2026-09-11 00:55:18,144 - INFO - KGameTracker - ℹ️  ==================================================
2026-09-11 00:55:35,500 - INFO - KGameTracker - ℹ️  ==================================================
2026-09-11 00:55:35,500 - INFO - KGameTracker - ℹ️  K GAME TRACKER - INICIADA
2026-09-11 00:55:35,501 - INFO - KGameTracker - ℹ️  ==================================================
2026-09-11 00:55:39,315 - DEBUG - urllib3.connectionpool - Starting new HTTPS connection (1): www.gamerpower.com:443
2026-09-11 00:55:39,447 - DEBUG - urllib3.connectionpool - https://www.gamerpower.com:443 "GET /api/giveaways?type=game HTTP/1.1" 200 None
2026-09-11 00:56:00,532 - INFO - KGameTracker - ℹ️  ==================================================
2026-09-11 00:56:00,532 - INFO - KGameTracker - ℹ️  K GAME TRACKER - CERRADA
2026-09-11 00:56:00,533 - INFO - KGameTracker - ℹ️  ==================================================
2026-09-11 01:06:09,138 - INFO - KGameTracker - ℹ️  ==================================================
2026-09-11 01:06:09,144 - INFO - KGameTracker - ℹ️  K GAME TRACKER - INICIADA
2026-09-11 01:06:09,144 - INFO - KGameTracker - ℹ️  ==================================================
2026-09-11 01:06:14,922 - DEBUG - urllib3.connectionpool - Starting new HTTPS connection (1): www.gamerpower.com:443
2026-09-11 01:06:15,077 - DEBUG - urllib3.connectionpool - https://www.gamerpower.com:443 "GET /api/giveaways?type=game HTTP/1.1" 200 None
2026-09-11 01:07:50,120 - DEBUG - urllib3.connectionpool - Starting new HTTPS connection (1): www.gamerpower.com:443
2026-09-11 01:07:50,234 - DEBUG - urllib3.connectionpool - https://www.gamerpower.com:443 "GET /api/giveaways?type=game HTTP/1.1" 200 None
2026-09-11 01:07:50,820 - DEBUG - urllib3.connectionpool - Starting new HTTPS connection (1): www.gamerpower.com:443
2026-09-11 01:07:50,920 - DEBUG - urllib3.connectionpool - https://www.gamerpower.com:443 "GET /api/giveaways?type=game HTTP/1.1" 200 None
2026-09-11 01:07:52,622 - INFO - KGameTracker - ℹ️  ==================================================
2026-09-11 01:07:52,622 - INFO - KGameTracker - ℹ️  K GAME TRACKER - CERRADA
2026-09-11 01:07:52,622 - INFO - KGameTracker - ℹ️  ==================================================
2026-09-11 01:10:34,189 - INFO - KGameTracker - ℹ️  ==================================================
2026-09-11 01:10:34,189 - INFO - KGameTracker - ℹ️  K GAME TRACKER - INICIADA
2026-09-11 01:10:34,189 - INFO - KGameTracker - ℹ️  ==================================================
2026-09-11 01:10:39,470 - DEBUG - urllib3.connectionpool - Starting new HTTPS connection (1): www.gamerpower.com:443
2026-09-11 01:10:39,614 - DEBUG - urllib3.connectionpool - https://www.gamerpower.com:443 "GET /api/giveaways?type=game HTTP/1.1" 200 None
2026-09-11 01:10:40,752 - DEBUG - urllib3.connectionpool - Starting new HTTPS connection (1): www.gamerpower.com:443
2026-09-11 01:10:40,843 - DEBUG - urllib3.connectionpool - https://www.gamerpower.com:443 "GET /api/giveaways?type=game HTTP/1.1" 200 None
2026-09-11 01:10:41,518 - DEBUG - urllib3.connectionpool - Starting new HTTPS connection (1): www.gamerpower.com:443
2026-09-11 01:10:41,629 - DEBUG - urllib3.connectionpool - https://www.gamerpower.com:443 "GET /api/giveaways?type=game HTTP/1.1" 200 None
2026-09-11 01:10:42,085 - DEBUG - urllib3.connectionpool - Starting new HTTPS connection (1): www.gamerpower.com:443
2026-09-11 01:10:42,164 - DEBUG - urllib3.connectionpool - https://www.gamerpower.com:443 "GET /api/giveaways?type=game HTTP/1.1" 200 None
2026-09-11 01:10:42,682 - DEBUG - urllib3.connectionpool - Starting new HTTPS connection (1): www.gamerpower.com:443
2026-09-11 01:10:42,802 - DEBUG - urllib3.connectionpool - https://www.gamerpower.com:443 "GET /api/giveaways?type=game HTTP/1.1" 200 None
2026-09-11 01:10:43,227 - DEBUG - urllib3.connectionpool - Starting new HTTPS connection (1): www.gamerpower.com:443
2026-09-11 01:10:43,325 - DEBUG - urllib3.connectionpool - https://www.gamerpower.com:443 "GET /api/giveaways?type=game HTTP/1.1" 200 None
2026-09-11 01:10:44,467 - INFO - KGameTracker - ℹ️  ==================================================
2026-09-11 01:10:44,467 - INFO - KGameTracker - ℹ️  K GAME TRACKER - CERRADA
2026-09-11 01:10:44,467 - INFO - KGameTracker - ℹ️  ==================================================
2026-09-11 01:11:02,578 - INFO - KGameTracker - ℹ️  ==================================================
2026-09-11 01:11:02,578 - INFO - KGameTracker - ℹ️  K GAME TRACKER - INICIADA
2026-09-11 01:11:02,578 - INFO - KGameTracker - ℹ️  ==================================================
2026-09-11 01:11:06,378 - DEBUG - urllib3.connectionpool - Starting new HTTPS connection (1): www.gamerpower.com:443
2026-09-11 01:11:06,493 - DEBUG - urllib3.connectionpool - https://www.gamerpower.com:443 "GET /api/giveaways?type=game HTTP/1.1" 200 None
2026-09-11 01:11:22,173 - DEBUG - urllib3.connectionpool - Starting new HTTPS connection (1): www.gamerpower.com:443
2026-09-11 01:11:22,285 - DEBUG - urllib3.connectionpool - https://www.gamerpower.com:443 "GET /api/giveaways?type=game HTTP/1.1" 200 None
2026-09-11 01:11:24,575 - DEBUG - urllib3.connectionpool - Starting new HTTPS connection (1): www.gamerpower.com:443
2026-09-11 01:11:24,682 - DEBUG - urllib3.connectionpool - https://www.gamerpower.com:443 "GET /api/giveaways?type=game HTTP/1.1" 200 None
2026-09-11 01:11:26,453 - INFO - KGameTracker - ℹ️  ==================================================
2026-09-11 01:11:26,453 - INFO - KGameTracker - ℹ️  K GAME TRACKER - CERRADA
2026-09-11 01:11:26,453 - INFO - KGameTracker - ℹ️  ==================================================
2026-09-11 01:14:35,902 - INFO - KGameTracker - ℹ️  ==================================================
2026-09-11 01:14:35,902 - INFO - KGameTracker - ℹ️  K GAME TRACKER - INICIADA
2026-09-11 01:14:35,902 - INFO - KGameTracker - ℹ️  ==================================================
2026-09-11 01:14:40,946 - DEBUG - urllib3.connectionpool - Starting new HTTPS connection (1): www.gamerpower.com:443
2026-09-11 01:14:41,067 - DEBUG - urllib3.connectionpool - https://www.gamerpower.com:443 "GET /api/giveaways?type=game HTTP/1.1" 200 None
2026-09-11 01:15:07,752 - DEBUG - urllib3.connectionpool - Starting new HTTPS connection (1): www.gamerpower.com:443
2026-09-11 01:15:07,859 - DEBUG - urllib3.connectionpool - https://www.gamerpower.com:443 "GET /api/giveaways?type=game HTTP/1.1" 200 None
2026-09-11 01:15:13,028 - INFO - KGameTracker - ℹ️  ==================================================
2026-09-11 01:15:13,028 - INFO - KGameTracker - ℹ️  K GAME TRACKER - CERRADA
2026-09-11 01:15:13,028 - INFO - KGameTracker - ℹ️  ==================================================
2026-09-11 01:15:33,063 - INFO - KGameTracker - ℹ️  ==================================================
2026-09-11 01:15:33,063 - INFO - KGameTracker - ℹ️  K GAME TRACKER - INICIADA
2026-09-11 01:15:33,064 - INFO - KGameTracker - ℹ️  ==================================================
2026-09-11 01:15:39,691 - DEBUG - urllib3.connectionpool - Starting new HTTPS connection (1): www.gamerpower.com:443
2026-09-11 01:15:39,826 - DEBUG - urllib3.connectionpool - https://www.gamerpower.com:443 "GET /api/giveaways?type=game HTTP/1.1" 200 None
2026-09-11 01:15:48,334 - INFO - KGameTracker - ℹ️  ==================================================
2026-09-11 01:15:48,334 - INFO - KGameTracker - ℹ️  K GAME TRACKER - CERRADA
2026-09-11 01:15:48,334 - INFO - KGameTracker - ℹ️  ==================================================
2026-09-11 01:20:58,499 - INFO - KGameTracker - ℹ️  ==================================================
2026-09-11 01:20:58,499 - INFO - KGameTracker - ℹ️  K GAME TRACKER - INICIADA
2026-09-11 01:20:58,499 - INFO - KGameTracker - ℹ️  ==================================================
2026-09-11 01:21:02,634 - DEBUG - urllib3.connectionpool - Starting new HTTPS connection (1): www.gamerpower.com:443
2026-09-11 01:21:02,808 - DEBUG - urllib3.connectionpool - https://www.gamerpower.com:443 "GET /api/giveaways?type=game HTTP/1.1" 200 None
2026-09-11 01:21:14,336 - DEBUG - urllib3.connectionpool - Starting new HTTPS connection (1): www.gamerpower.com:443
2026-09-11 01:21:14,451 - DEBUG - urllib3.connectionpool - https://www.gamerpower.com:443 "GET /api/giveaways?type=game HTTP/1.1" 200 None
2026-09-11 01:21:23,431 - DEBUG - urllib3.connectionpool - Starting new HTTPS connection (1): www.gamerpower.com:443
2026-09-11 01:21:23,533 - DEBUG - urllib3.connectionpool - https://www.gamerpower.com:443 "GET /api/giveaways?type=game HTTP/1.1" 200 None
2026-09-11 01:21:25,694 - DEBUG - urllib3.connectionpool - Starting new HTTPS connection (1): www.gamerpower.com:443
2026-09-11 01:21:25,791 - DEBUG - urllib3.connectionpool - https://www.gamerpower.com:443 "GET /api/giveaways?type=game HTTP/1.1" 200 None
2026-09-11 01:21:30,415 - DEBUG - urllib3.connectionpool - Starting new HTTPS connection (1): www.gamerpower.com:443
2026-09-11 01:21:30,506 - DEBUG - urllib3.connectionpool - https://www.gamerpower.com:443 "GET /api/giveaways?type=game HTTP/1.1" 200 None
2026-09-11 01:21:33,598 - INFO - KGameTracker - ℹ️  ==================================================
2026-09-11 01:21:33,598 - INFO - KGameTracker - ℹ️  K GAME TRACKER - CERRADA
2026-09-11 01:21:33,598 - INFO - KGameTracker - ℹ️  ==================================================
2026-09-11 01:24:59,044 - INFO - KGameTracker - ℹ️  ==================================================
2026-09-11 01:24:59,044 - INFO - KGameTracker - ℹ️  K GAME TRACKER - INICIADA
2026-09-11 01:24:59,045 - INFO - KGameTracker - ℹ️  ==================================================
2026-09-11 01:25:09,695 - INFO - KGameTracker - ℹ️  ==================================================
2026-09-11 01:25:09,695 - INFO - KGameTracker - ℹ️  K GAME TRACKER - CERRADA
2026-09-11 01:25:09,696 - INFO - KGameTracker - ℹ️  ==================================================
2026-09-11 01:26:31,384 - INFO - KGameTracker - ℹ️  ==================================================
2026-09-11 01:26:31,384 - INFO - KGameTracker - ℹ️  K GAME TRACKER - INICIADA
2026-09-11 01:26:31,385 - INFO - KGameTracker - ℹ️  ==================================================
2026-09-11 01:26:35,801 - INFO - KGameTracker - ℹ️  ==================================================
2026-09-11 01:26:35,801 - INFO - KGameTracker - ℹ️  K GAME TRACKER - CERRADA
2026-09-11 01:26:35,801 - INFO - KGameTracker - ℹ️  ==================================================
2026-09-11 01:26:42,111 - INFO - KGameTracker - ℹ️  ==================================================
2026-09-11 01:26:42,112 - INFO - KGameTracker - ℹ️  K GAME TRACKER - INICIADA
2026-09-11 01:26:42,112 - INFO - KGameTracker - ℹ️  ==================================================
2026-09-11 01:26:46,685 - DEBUG - urllib3.connectionpool - Starting new HTTPS connection (1): www.gamerpower.com:443
2026-09-11 01:26:46,922 - DEBUG - urllib3.connectionpool - https://www.gamerpower.com:443 "GET /api/giveaways?type=game HTTP/1.1" 200 None
2026-09-11 01:26:57,841 - DEBUG - urllib3.connectionpool - Starting new HTTPS connection (1): www.gamerpower.com:443
2026-09-11 01:26:57,913 - DEBUG - urllib3.connectionpool - https://www.gamerpower.com:443 "GET /api/giveaways?type=game HTTP/1.1" 200 None
2026-09-11 01:27:06,783 - INFO - KGameTracker - ℹ️  ==================================================
2026-09-11 01:27:06,783 - INFO - KGameTracker - ℹ️  K GAME TRACKER - CERRADA
2026-09-11 01:27:06,783 - INFO - KGameTracker - ℹ️  ==================================================
2026-09-11 01:30:39,005 - INFO - KGameTracker - ℹ️  ==================================================
2026-09-11 01:30:39,005 - INFO - KGameTracker - ℹ️  K GAME TRACKER - INICIADA
2026-09-11 01:30:39,005 - INFO - KGameTracker - ℹ️  ==================================================
2026-09-11 01:30:43,819 - DEBUG - urllib3.connectionpool - Starting new HTTPS connection (1): www.gamerpower.com:443
2026-09-11 01:30:43,905 - DEBUG - urllib3.connectionpool - https://www.gamerpower.com:443 "GET /api/giveaways?type=game HTTP/1.1" 200 None
2026-09-11 01:30:56,581 - DEBUG - urllib3.connectionpool - Starting new HTTPS connection (1): www.gamerpower.com:443
2026-09-11 01:30:56,656 - DEBUG - urllib3.connectionpool - https://www.gamerpower.com:443 "GET /api/giveaways?type=game HTTP/1.1" 200 None
2026-09-11 01:31:15,057 - DEBUG - urllib3.connectionpool - Starting new HTTPS connection (1): www.gamerpower.com:443
2026-09-11 01:31:15,140 - DEBUG - urllib3.connectionpool - https://www.gamerpower.com:443 "GET /api/giveaways?type=game HTTP/1.1" 200 None
2026-09-11 01:31:17,272 - INFO - KGameTracker - ℹ️  ==================================================
2026-09-11 01:31:17,273 - INFO - KGameTracker - ℹ️  K GAME TRACKER - CERRADA
2026-09-11 01:31:17,273 - INFO - KGameTracker - ℹ️  ==================================================
2026-09-11 01:36:32,169 - INFO - KGameTracker - ℹ️  ==================================================
2026-09-11 01:36:32,169 - INFO - KGameTracker - ℹ️  K GAME TRACKER - INICIADA
2026-09-11 01:36:32,169 - INFO - KGameTracker - ℹ️  ==================================================
2026-09-11 01:36:40,441 - DEBUG - urllib3.connectionpool - Starting new HTTPS connection (1): www.gamerpower.com:443
2026-09-11 01:36:40,573 - DEBUG - urllib3.connectionpool - https://www.gamerpower.com:443 "GET /api/giveaways?type=game HTTP/1.1" 200 None
2026-09-11 01:36:46,274 - INFO - KGameTracker - ℹ️  ==================================================
2026-09-11 01:36:46,275 - INFO - KGameTracker - ℹ️  K GAME TRACKER - CERRADA
2026-09-11 01:36:46,275 - INFO - KGameTracker - ℹ️  ==================================================
2026-09-11 01:36:49,737 - INFO - KGameTracker - ℹ️  ==================================================
2026-09-11 01:36:49,737 - INFO - KGameTracker - ℹ️  K GAME TRACKER - INICIADA
2026-09-11 01:36:49,737 - INFO - KGameTracker - ℹ️  ==================================================
2026-09-11 01:36:53,861 - DEBUG - urllib3.connectionpool - Starting new HTTPS connection (1): www.gamerpower.com:443
2026-09-11 01:36:53,970 - DEBUG - urllib3.connectionpool - https://www.gamerpower.com:443 "GET /api/giveaways?type=game HTTP/1.1" 200 None
2026-09-11 01:36:55,431 - DEBUG - urllib3.connectionpool - Starting new HTTPS connection (1): www.gamerpower.com:443
2026-09-11 01:36:55,535 - DEBUG - urllib3.connectionpool - https://www.gamerpower.com:443 "GET /api/giveaways?type=game HTTP/1.1" 200 None
2026-09-11 01:36:56,198 - DEBUG - urllib3.connectionpool - Starting new HTTPS connection (1): www.gamerpower.com:443
2026-09-11 01:36:56,317 - DEBUG - urllib3.connectionpool - https://www.gamerpower.com:443 "GET /api/giveaways?type=game HTTP/1.1" 200 None
2026-09-11 01:37:03,870 - INFO - KGameTracker - ℹ️  ==================================================
2026-09-11 01:37:03,870 - INFO - KGameTracker - ℹ️  K GAME TRACKER - CERRADA
2026-09-11 01:37:03,871 - INFO - KGameTracker - ℹ️  ==================================================
2026-09-11 01:37:20,487 - INFO - KGameTracker - ℹ️  ==================================================
2026-09-11 01:37:20,488 - INFO - KGameTracker - ℹ️  K GAME TRACKER - INICIADA
2026-09-11 01:37:20,488 - INFO - KGameTracker - ℹ️  ==================================================
2026-09-11 01:37:24,405 - DEBUG - urllib3.connectionpool - Starting new HTTPS connection (1): www.gamerpower.com:443
2026-09-11 01:37:24,515 - DEBUG - urllib3.connectionpool - https://www.gamerpower.com:443 "GET /api/giveaways?type=game HTTP/1.1" 200 None
2026-09-11 01:37:30,841 - INFO - KGameTracker - ℹ️  ==================================================
2026-09-11 01:37:30,841 - INFO - KGameTracker - ℹ️  K GAME TRACKER - CERRADA
2026-09-11 01:37:30,841 - INFO - KGameTracker - ℹ️  ==================================================
2026-09-11 01:40:57,361 - INFO - KGameTracker - ℹ️  ==================================================
2026-09-11 01:40:57,362 - INFO - KGameTracker - ℹ️  K GAME TRACKER - INICIADA
2026-09-11 01:40:57,362 - INFO - KGameTracker - ℹ️  ==================================================
2026-09-11 01:41:01,263 - DEBUG - urllib3.connectionpool - Starting new HTTPS connection (1): www.gamerpower.com:443
2026-09-11 01:41:01,380 - DEBUG - urllib3.connectionpool - https://www.gamerpower.com:443 "GET /api/giveaways?type=game HTTP/1.1" 200 None
2026-09-11 01:41:03,539 - DEBUG - urllib3.connectionpool - Starting new HTTPS connection (1): www.gamerpower.com:443
2026-09-11 01:41:03,646 - DEBUG - urllib3.connectionpool - https://www.gamerpower.com:443 "GET /api/giveaways?type=game HTTP/1.1" 200 None
2026-09-11 01:41:05,369 - DEBUG - urllib3.connectionpool - Starting new HTTPS connection (1): www.gamerpower.com:443
2026-09-11 01:41:05,446 - DEBUG - urllib3.connectionpool - https://www.gamerpower.com:443 "GET /api/giveaways?type=game HTTP/1.1" 200 None
2026-09-11 01:41:06,959 - DEBUG - urllib3.connectionpool - Starting new HTTPS connection (1): www.gamerpower.com:443
2026-09-11 01:41:07,062 - DEBUG - urllib3.connectionpool - https://www.gamerpower.com:443 "GET /api/giveaways?type=game HTTP/1.1" 200 None
2026-09-11 01:41:08,911 - DEBUG - urllib3.connectionpool - Starting new HTTPS connection (1): www.gamerpower.com:443
2026-09-11 01:41:09,010 - DEBUG - urllib3.connectionpool - https://www.gamerpower.com:443 "GET /api/giveaways?type=game HTTP/1.1" 200 None
2026-09-11 01:41:15,418 - DEBUG - urllib3.connectionpool - Starting new HTTPS connection (1): www.gamerpower.com:443
2026-09-11 01:41:15,508 - DEBUG - urllib3.connectionpool - https://www.gamerpower.com:443 "GET /api/giveaways?type=game HTTP/1.1" 200 None
2026-09-11 01:41:18,079 - DEBUG - urllib3.connectionpool - Starting new HTTPS connection (1): www.gamerpower.com:443
2026-09-11 01:41:18,184 - DEBUG - urllib3.connectionpool - https://www.gamerpower.com:443 "GET /api/giveaways?type=game HTTP/1.1" 200 None
2026-09-11 01:41:23,459 - DEBUG - urllib3.connectionpool - Starting new HTTPS connection (1): www.gamerpower.com:443
2026-09-11 01:41:23,563 - DEBUG - urllib3.connectionpool - https://www.gamerpower.com:443 "GET /api/giveaways?type=game HTTP/1.1" 200 None
2026-09-11 01:41:26,242 - INFO - KGameTracker - ℹ️  ==================================================
2026-09-11 01:41:26,242 - INFO - KGameTracker - ℹ️  K GAME TRACKER - CERRADA
2026-09-11 01:41:26,242 - INFO - KGameTracker - ℹ️  ==================================================
2026-09-11 01:41:34,053 - INFO - KGameTracker - ℹ️  ==================================================
2026-09-11 01:41:34,054 - INFO - KGameTracker - ℹ️  K GAME TRACKER - INICIADA
2026-09-11 01:41:34,054 - INFO - KGameTracker - ℹ️  ==================================================
2026-09-11 01:41:37,861 - DEBUG - urllib3.connectionpool - Starting new HTTPS connection (1): www.gamerpower.com:443
2026-09-11 01:41:37,965 - DEBUG - urllib3.connectionpool - https://www.gamerpower.com:443 "GET /api/giveaways?type=game HTTP/1.1" 200 None
2026-09-11 01:41:45,769 - DEBUG - urllib3.connectionpool - Starting new HTTPS connection (1): www.gamerpower.com:443
2026-09-11 01:41:45,869 - DEBUG - urllib3.connectionpool - https://www.gamerpower.com:443 "GET /api/giveaways?type=game HTTP/1.1" 200 None
2026-09-11 01:41:49,877 - INFO - KGameTracker - ℹ️  ==================================================
2026-09-11 01:41:49,878 - INFO - KGameTracker - ℹ️  K GAME TRACKER - CERRADA
2026-09-11 01:41:49,878 - INFO - KGameTracker - ℹ️  ==================================================
2026-09-11 01:45:51,083 - INFO - KGameTracker - ℹ️  ==================================================
2026-09-11 01:45:51,083 - INFO - KGameTracker - ℹ️  K GAME TRACKER - INICIADA
2026-09-11 01:45:51,083 - INFO - KGameTracker - ℹ️  ==================================================
2026-09-11 01:45:55,827 - DEBUG - urllib3.connectionpool - Starting new HTTPS connection (1): www.gamerpower.com:443
2026-09-11 01:45:55,986 - DEBUG - urllib3.connectionpool - https://www.gamerpower.com:443 "GET /api/giveaways?type=game HTTP/1.1" 200 None
2026-09-11 01:45:56,965 - DEBUG - urllib3.connectionpool - Starting new HTTPS connection (1): www.gamerpower.com:443
2026-09-11 01:45:57,069 - DEBUG - urllib3.connectionpool - https://www.gamerpower.com:443 "GET /api/giveaways?type=game HTTP/1.1" 200 None
2026-09-11 01:46:04,385 - INFO - KGameTracker - ℹ️  ==================================================
2026-09-11 01:46:04,386 - INFO - KGameTracker - ℹ️  K GAME TRACKER - CERRADA
2026-09-11 01:46:04,386 - INFO - KGameTracker - ℹ️  ==================================================
2026-09-11 01:46:10,173 - INFO - KGameTracker - ℹ️  ==================================================
2026-09-11 01:46:10,173 - INFO - KGameTracker - ℹ️  K GAME TRACKER - INICIADA
2026-09-11 01:46:10,173 - INFO - KGameTracker - ℹ️  ==================================================
2026-09-11 01:46:14,168 - DEBUG - urllib3.connectionpool - Starting new HTTPS connection (1): www.gamerpower.com:443
2026-09-11 01:46:14,283 - DEBUG - urllib3.connectionpool - https://www.gamerpower.com:443 "GET /api/giveaways?type=game HTTP/1.1" 200 None
2026-09-11 01:46:24,945 - DEBUG - urllib3.connectionpool - Starting new HTTPS connection (1): www.gamerpower.com:443
2026-09-11 01:46:25,048 - DEBUG - urllib3.connectionpool - https://www.gamerpower.com:443 "GET /api/giveaways?type=game HTTP/1.1" 200 None
2026-09-11 01:46:40,391 - DEBUG - urllib3.connectionpool - Starting new HTTPS connection (1): www.gamerpower.com:443
2026-09-11 01:46:40,515 - DEBUG - urllib3.connectionpool - https://www.gamerpower.com:443 "GET /api/giveaways?type=game HTTP/1.1" 200 None
2026-09-11 01:46:41,023 - DEBUG - urllib3.connectionpool - Starting new HTTPS connection (1): www.gamerpower.com:443
2026-09-11 01:46:41,122 - DEBUG - urllib3.connectionpool - https://www.gamerpower.com:443 "GET /api/giveaways?type=game HTTP/1.1" 200 None
2026-09-11 01:46:42,595 - INFO - KGameTracker - ℹ️  ==================================================
2026-09-11 01:46:42,595 - INFO - KGameTracker - ℹ️  K GAME TRACKER - CERRADA
2026-09-11 01:46:42,595 - INFO - KGameTracker - ℹ️  ==================================================
2026-09-11 01:50:36,336 - INFO - KGameTracker - ℹ️  ==================================================
2026-09-11 01:50:36,336 - INFO - KGameTracker - ℹ️  K GAME TRACKER - INICIADA
2026-09-11 01:50:36,336 - INFO - KGameTracker - ℹ️  ==================================================
2026-09-11 01:50:46,428 - INFO - KGameTracker - ℹ️  ==================================================
2026-09-11 01:50:46,428 - INFO - KGameTracker - ℹ️  K GAME TRACKER - CERRADA
2026-09-11 01:50:46,428 - INFO - KGameTracker - ℹ️  ==================================================
2026-09-11 01:53:45,060 - INFO - KGameTracker - ℹ️  ==================================================
2026-09-11 01:53:45,060 - INFO - KGameTracker - ℹ️  K GAME TRACKER - INICIADA
2026-09-11 01:53:45,061 - INFO - KGameTracker - ℹ️  ==================================================
2026-09-11 01:53:49,045 - DEBUG - urllib3.connectionpool - Starting new HTTPS connection (1): www.gamerpower.com:443
2026-09-11 01:53:49,148 - DEBUG - urllib3.connectionpool - https://www.gamerpower.com:443 "GET /api/giveaways?type=game HTTP/1.1" 200 None
2026-09-11 01:53:56,768 - DEBUG - urllib3.connectionpool - Starting new HTTPS connection (1): www.gamerpower.com:443
2026-09-11 01:53:56,871 - DEBUG - urllib3.connectionpool - https://www.gamerpower.com:443 "GET /api/giveaways?type=game HTTP/1.1" 200 None
2026-09-11 01:53:59,286 - DEBUG - urllib3.connectionpool - Starting new HTTPS connection (1): www.gamerpower.com:443
2026-09-11 01:53:59,363 - DEBUG - urllib3.connectionpool - https://www.gamerpower.com:443 "GET /api/giveaways?type=game HTTP/1.1" 200 None
2026-09-11 01:54:01,813 - DEBUG - urllib3.connectionpool - Starting new HTTPS connection (1): www.gamerpower.com:443
2026-09-11 01:54:01,907 - DEBUG - urllib3.connectionpool - https://www.gamerpower.com:443 "GET /api/giveaways?type=game HTTP/1.1" 200 None
2026-09-11 01:54:06,636 - INFO - KGameTracker - ℹ️  ==================================================
2026-09-11 01:54:06,637 - INFO - KGameTracker - ℹ️  K GAME TRACKER - CERRADA
2026-09-11 01:54:06,637 - INFO - KGameTracker - ℹ️  ==================================================
2026-09-11 01:54:11,485 - INFO - KGameTracker - ℹ️  ==================================================
2026-09-11 01:54:11,485 - INFO - KGameTracker - ℹ️  K GAME TRACKER - INICIADA
2026-09-11 01:54:11,485 - INFO - KGameTracker - ℹ️  ==================================================
2026-09-11 01:54:16,322 - DEBUG - urllib3.connectionpool - Starting new HTTPS connection (1): www.gamerpower.com:443
2026-09-11 01:54:16,446 - DEBUG - urllib3.connectionpool - https://www.gamerpower.com:443 "GET /api/giveaways?type=game HTTP/1.1" 200 None
2026-09-11 01:54:19,134 - INFO - KGameTracker - ℹ️  ==================================================
2026-09-11 01:54:19,135 - INFO - KGameTracker - ℹ️  K GAME TRACKER - CERRADA
2026-09-11 01:54:19,135 - INFO - KGameTracker - ℹ️  ==================================================
2026-09-11 02:01:50,135 - INFO - KGameTracker - ℹ️  ==================================================
2026-09-11 02:01:50,135 - INFO - KGameTracker - ℹ️  K GAME TRACKER - INICIADA
2026-09-11 02:01:50,135 - INFO - KGameTracker - ℹ️  ==================================================
2026-09-11 02:01:54,272 - DEBUG - urllib3.connectionpool - Starting new HTTPS connection (1): www.gamerpower.com:443
2026-09-11 02:01:54,380 - DEBUG - urllib3.connectionpool - https://www.gamerpower.com:443 "GET /api/giveaways?type=game HTTP/1.1" 200 None
2026-09-11 02:06:44,832 - INFO - KGameTracker - ℹ️  ==================================================
2026-09-11 02:06:44,832 - INFO - KGameTracker - ℹ️  K GAME TRACKER - INICIADA
2026-09-11 02:06:44,833 - INFO - KGameTracker - ℹ️  ==================================================
2026-09-11 02:06:49,696 - DEBUG - urllib3.connectionpool - Starting new HTTPS connection (1): www.gamerpower.com:443
2026-09-11 02:06:49,845 - DEBUG - urllib3.connectionpool - https://www.gamerpower.com:443 "GET /api/giveaways?type=game HTTP/1.1" 200 None
2026-09-11 02:07:33,749 - INFO - KGameTracker - ℹ️  ==================================================
2026-09-11 02:07:33,749 - INFO - KGameTracker - ℹ️  K GAME TRACKER - INICIADA
2026-09-11 02:07:33,749 - INFO - KGameTracker - ℹ️  ==================================================
2026-09-11 02:07:48,489 - INFO - KGameTracker - ℹ️  ==================================================
2026-09-11 02:07:48,489 - INFO - KGameTracker - ℹ️  K GAME TRACKER - CERRADA
2026-09-11 02:07:48,490 - INFO - KGameTracker - ℹ️  ==================================================
2026-09-11 02:11:55,842 - INFO - KGameTracker - ℹ️  ==================================================
2026-09-11 02:11:55,842 - INFO - KGameTracker - ℹ️  K GAME TRACKER - INICIADA
2026-09-11 02:11:55,842 - INFO - KGameTracker - ℹ️  ==================================================
2026-09-11 02:12:00,591 - DEBUG - urllib3.connectionpool - Starting new HTTPS connection (1): www.gamerpower.com:443
2026-09-11 02:12:00,724 - DEBUG - urllib3.connectionpool - https://www.gamerpower.com:443 "GET /api/giveaways?type=game HTTP/1.1" 200 None
2026-09-11 02:12:03,325 - DEBUG - urllib3.connectionpool - Starting new HTTPS connection (1): www.gamerpower.com:443
2026-09-11 02:12:03,431 - DEBUG - urllib3.connectionpool - https://www.gamerpower.com:443 "GET /api/giveaways?type=game HTTP/1.1" 200 None
2026-09-11 02:12:08,379 - DEBUG - urllib3.connectionpool - Starting new HTTPS connection (1): www.gamerpower.com:443
2026-09-11 02:12:08,482 - DEBUG - urllib3.connectionpool - https://www.gamerpower.com:443 "GET /api/giveaways?type=game HTTP/1.1" 200 None
2026-09-11 02:12:11,868 - DEBUG - urllib3.connectionpool - Starting new HTTPS connection (1): www.gamerpower.com:443
2026-09-11 02:12:11,966 - DEBUG - urllib3.connectionpool - https://www.gamerpower.com:443 "GET /api/giveaways?type=game HTTP/1.1" 200 None
2026-09-11 02:12:15,157 - DEBUG - urllib3.connectionpool - Starting new HTTPS connection (1): www.gamerpower.com:443
2026-09-11 02:12:15,258 - DEBUG - urllib3.connectionpool - https://www.gamerpower.com:443 "GET /api/giveaways?type=game HTTP/1.1" 200 None
2026-09-11 02:12:18,032 - INFO - KGameTracker - ℹ️  ==================================================
2026-09-11 02:12:18,032 - INFO - KGameTracker - ℹ️  K GAME TRACKER - CERRADA
2026-09-11 02:12:18,032 - INFO - KGameTracker - ℹ️  ==================================================
2026-09-11 02:16:09,472 - INFO - KGameTracker - ℹ️  ==================================================
2026-09-11 02:16:09,473 - INFO - KGameTracker - ℹ️  K GAME TRACKER - INICIADA
2026-09-11 02:16:09,473 - INFO - KGameTracker - ℹ️  ==================================================
2026-09-11 02:16:13,721 - DEBUG - urllib3.connectionpool - Starting new HTTPS connection (1): www.gamerpower.com:443
2026-09-11 02:16:13,847 - DEBUG - urllib3.connectionpool - https://www.gamerpower.com:443 "GET /api/giveaways?type=game HTTP/1.1" 200 None
2026-09-11 02:16:28,963 - INFO - KGameTracker - ℹ️  ==================================================
2026-09-11 02:16:28,963 - INFO - KGameTracker - ℹ️  K GAME TRACKER - CERRADA
2026-09-11 02:16:28,963 - INFO - KGameTracker - ℹ️  ==================================================
2026-09-11 02:19:48,722 - INFO - KGameTracker - ℹ️  ==================================================
2026-09-11 02:19:48,722 - INFO - KGameTracker - ℹ️  K GAME TRACKER - INICIADA
2026-09-11 02:19:48,723 - INFO - KGameTracker - ℹ️  ==================================================
2026-09-11 02:19:53,320 - DEBUG - urllib3.connectionpool - Starting new HTTPS connection (1): www.gamerpower.com:443
2026-09-11 02:19:53,460 - DEBUG - urllib3.connectionpool - https://www.gamerpower.com:443 "GET /api/giveaways?type=game HTTP/1.1" 200 None
2026-09-11 02:19:55,755 - DEBUG - urllib3.connectionpool - Starting new HTTPS connection (1): www.gamerpower.com:443
2026-09-11 02:19:55,848 - DEBUG - urllib3.connectionpool - https://www.gamerpower.com:443 "GET /api/giveaways?type=game HTTP/1.1" 200 None
2026-09-11 02:19:58,025 - DEBUG - urllib3.connectionpool - Starting new HTTPS connection (1): www.gamerpower.com:443
2026-09-11 02:19:58,123 - DEBUG - urllib3.connectionpool - https://www.gamerpower.com:443 "GET /api/giveaways?type=game HTTP/1.1" 200 None
2026-09-11 02:20:02,201 - INFO - KGameTracker - ℹ️  ==================================================
2026-09-11 02:20:02,201 - INFO - KGameTracker - ℹ️  K GAME TRACKER - CERRADA
2026-09-11 02:20:02,201 - INFO - KGameTracker - ℹ️  ==================================================
2026-09-11 02:20:40,786 - INFO - KGameTracker - ℹ️  ==================================================
2026-09-11 02:20:40,787 - INFO - KGameTracker - ℹ️  K GAME TRACKER - INICIADA
2026-09-11 02:20:40,787 - INFO - KGameTracker - ℹ️  ==================================================
2026-09-11 02:20:47,344 - DEBUG - urllib3.connectionpool - Starting new HTTPS connection (1): www.gamerpower.com:443
2026-09-11 02:20:47,458 - DEBUG - urllib3.connectionpool - https://www.gamerpower.com:443 "GET /api/giveaways?type=game HTTP/1.1" 200 None
2026-09-11 02:20:52,741 - DEBUG - urllib3.connectionpool - Starting new HTTPS connection (1): www.gamerpower.com:443
2026-09-11 02:20:52,842 - DEBUG - urllib3.connectionpool - https://www.gamerpower.com:443 "GET /api/giveaways?type=game HTTP/1.1" 200 None
2026-09-11 02:20:55,147 - DEBUG - urllib3.connectionpool - Starting new HTTPS connection (1): www.gamerpower.com:443
2026-09-11 02:20:55,254 - DEBUG - urllib3.connectionpool - https://www.gamerpower.com:443 "GET /api/giveaways?type=game HTTP/1.1" 200 None
2026-09-11 02:21:06,403 - DEBUG - urllib3.connectionpool - Starting new HTTPS connection (1): www.gamerpower.com:443
2026-09-11 02:21:06,496 - DEBUG - urllib3.connectionpool - https://www.gamerpower.com:443 "GET /api/giveaways?type=game HTTP/1.1" 200 None
2026-09-11 02:21:10,249 - INFO - KGameTracker - ℹ️  ==================================================
2026-09-11 02:21:10,250 - INFO - KGameTracker - ℹ️  K GAME TRACKER - CERRADA
2026-09-11 02:21:10,250 - INFO - KGameTracker - ℹ️  ==================================================
2026-09-11 02:32:03,970 - INFO - KGameTracker - ℹ️  ==================================================
2026-09-11 02:32:03,970 - INFO - KGameTracker - ℹ️  K GAME TRACKER - INICIADA
2026-09-11 02:32:03,970 - INFO - KGameTracker - ℹ️  ==================================================
2026-09-11 02:32:08,322 - DEBUG - urllib3.connectionpool - Starting new HTTPS connection (1): www.gamerpower.com:443
2026-09-11 02:32:08,489 - DEBUG - urllib3.connectionpool - https://www.gamerpower.com:443 "GET /api/giveaways?type=game HTTP/1.1" 200 None
2026-09-11 02:32:32,118 - INFO - KGameTracker - ℹ️  ==================================================
2026-09-11 02:32:32,118 - INFO - KGameTracker - ℹ️  K GAME TRACKER - CERRADA
2026-09-11 02:32:32,118 - INFO - KGameTracker - ℹ️  ==================================================
2026-09-11 02:33:03,403 - INFO - KGameTracker - ℹ️  ==================================================
2026-09-11 02:33:03,403 - INFO - KGameTracker - ℹ️  K GAME TRACKER - INICIADA
2026-09-11 02:33:03,403 - INFO - KGameTracker - ℹ️  ==================================================
2026-09-11 02:33:08,144 - DEBUG - urllib3.connectionpool - Starting new HTTPS connection (1): www.gamerpower.com:443
2026-09-11 02:33:08,258 - DEBUG - urllib3.connectionpool - https://www.gamerpower.com:443 "GET /api/giveaways?type=game HTTP/1.1" 200 None
2026-09-11 02:33:24,765 - INFO - KGameTracker - ℹ️  ==================================================
2026-09-11 02:33:24,765 - INFO - KGameTracker - ℹ️  K GAME TRACKER - CERRADA
2026-09-11 02:33:24,765 - INFO - KGameTracker - ℹ️  ==================================================
2026-09-11 02:37:49,840 - INFO - KGameTracker - ℹ️  ==================================================
2026-09-11 02:37:49,841 - INFO - KGameTracker - ℹ️  K GAME TRACKER - INICIADA
2026-09-11 02:37:49,841 - INFO - KGameTracker - ℹ️  ==================================================
2026-09-11 02:38:02,729 - INFO - KGameTracker - ℹ️  ==================================================
2026-09-11 02:38:02,729 - INFO - KGameTracker - ℹ️  K GAME TRACKER - CERRADA
2026-09-11 02:38:02,729 - INFO - KGameTracker - ℹ️  ==================================================
2026-09-11 02:44:22,547 - INFO - KGameTracker - ℹ️  ==================================================
2026-09-11 02:44:22,548 - INFO - KGameTracker - ℹ️  K GAME TRACKER - INICIADA
2026-09-11 02:44:22,548 - INFO - KGameTracker - ℹ️  ==================================================
2026-09-11 02:44:26,877 - DEBUG - urllib3.connectionpool - Starting new HTTPS connection (1): www.gamerpower.com:443
2026-09-11 02:44:26,970 - DEBUG - urllib3.connectionpool - https://www.gamerpower.com:443 "GET /api/giveaways?type=game HTTP/1.1" 200 None
2026-09-11 02:44:31,656 - DEBUG - urllib3.connectionpool - Starting new HTTPS connection (1): www.gamerpower.com:443
2026-09-11 02:44:31,761 - DEBUG - urllib3.connectionpool - https://www.gamerpower.com:443 "GET /api/giveaways?type=game HTTP/1.1" 200 None
2026-09-11 02:44:34,317 - DEBUG - urllib3.connectionpool - Starting new HTTPS connection (1): www.gamerpower.com:443
2026-09-11 02:44:34,420 - DEBUG - urllib3.connectionpool - https://www.gamerpower.com:443 "GET /api/giveaways?type=game HTTP/1.1" 200 None
2026-09-11 02:44:36,981 - DEBUG - urllib3.connectionpool - Starting new HTTPS connection (1): www.gamerpower.com:443
2026-09-11 02:44:37,087 - DEBUG - urllib3.connectionpool - https://www.gamerpower.com:443 "GET /api/giveaways?type=game HTTP/1.1" 200 None
2026-09-11 02:44:39,597 - DEBUG - urllib3.connectionpool - Starting new HTTPS connection (1): www.gamerpower.com:443
2026-09-11 02:44:39,691 - DEBUG - urllib3.connectionpool - https://www.gamerpower.com:443 "GET /api/giveaways?type=game HTTP/1.1" 200 None
2026-09-11 02:44:57,570 - DEBUG - urllib3.connectionpool - Starting new HTTPS connection (1): www.gamerpower.com:443
2026-09-11 02:44:57,671 - DEBUG - urllib3.connectionpool - https://www.gamerpower.com:443 "GET /api/giveaways?type=game HTTP/1.1" 200 None
2026-09-11 02:45:01,762 - INFO - KGameTracker - ℹ️  ==================================================
2026-09-11 02:45:01,763 - INFO - KGameTracker - ℹ️  K GAME TRACKER - CERRADA
2026-09-11 02:45:01,763 - INFO - KGameTracker - ℹ️  ==================================================
2026-09-11 02:48:08,221 - INFO - KGameTracker - ℹ️  ==================================================
2026-09-11 02:48:08,221 - INFO - KGameTracker - ℹ️  K GAME TRACKER - INICIADA
2026-09-11 02:48:08,221 - INFO - KGameTracker - ℹ️  ==================================================
2026-09-11 02:48:21,836 - INFO - KGameTracker - ℹ️  ==================================================
2026-09-11 02:48:21,837 - INFO - KGameTracker - ℹ️  K GAME TRACKER - CERRADA
2026-09-11 02:48:21,837 - INFO - KGameTracker - ℹ️  ==================================================
2026-09-11 02:49:11,544 - INFO - KGameTracker - ℹ️  ==================================================
2026-09-11 02:49:11,545 - INFO - KGameTracker - ℹ️  K GAME TRACKER - INICIADA
2026-09-11 02:49:11,545 - INFO - KGameTracker - ℹ️  ==================================================
2026-09-11 02:49:18,032 - INFO - KGameTracker - ℹ️  ==================================================
2026-09-11 02:49:18,032 - INFO - KGameTracker - ℹ️  K GAME TRACKER - CERRADA
2026-09-11 02:49:18,032 - INFO - KGameTracker - ℹ️  ==================================================
2026-09-11 02:50:47,943 - INFO - KGameTracker - ℹ️  ==================================================
2026-09-11 02:50:47,943 - INFO - KGameTracker - ℹ️  K GAME TRACKER - INICIADA
2026-09-11 02:50:47,943 - INFO - KGameTracker - ℹ️  ==================================================
2026-09-11 02:51:00,680 - INFO - KGameTracker - ℹ️  ==================================================
2026-09-11 02:51:00,680 - INFO - KGameTracker - ℹ️  K GAME TRACKER - CERRADA
2026-09-11 02:51:00,680 - INFO - KGameTracker - ℹ️  ==================================================
2026-09-11 03:01:08,027 - INFO - KGameTracker - ℹ️  ==================================================
2026-09-11 03:01:08,027 - INFO - KGameTracker - ℹ️  K GAME TRACKER - INICIADA
2026-09-11 03:01:08,027 - INFO - KGameTracker - ℹ️  ==================================================
2026-09-11 03:01:12,780 - DEBUG - urllib3.connectionpool - Starting new HTTPS connection (1): www.gamerpower.com:443
2026-09-11 03:01:12,903 - DEBUG - urllib3.connectionpool - https://www.gamerpower.com:443 "GET /api/giveaways?type=game HTTP/1.1" 200 None
2026-09-11 03:01:16,060 - DEBUG - urllib3.connectionpool - Starting new HTTPS connection (1): www.gamerpower.com:443
2026-09-11 03:01:16,176 - DEBUG - urllib3.connectionpool - https://www.gamerpower.com:443 "GET /api/giveaways?type=game HTTP/1.1" 200 None
2026-09-11 03:02:39,563 - INFO - KGameTracker - ℹ️  ==================================================
2026-09-11 03:02:39,563 - INFO - KGameTracker - ℹ️  K GAME TRACKER - CERRADA
2026-09-11 03:02:39,563 - INFO - KGameTracker - ℹ️  ==================================================
2026-09-11 03:09:25,043 - INFO - KGameTracker - ℹ️  ==================================================
2026-09-11 03:09:25,043 - INFO - KGameTracker - ℹ️  K GAME TRACKER - INICIADA
2026-09-11 03:09:25,043 - INFO - KGameTracker - ℹ️  ==================================================
2026-09-11 03:09:29,291 - DEBUG - urllib3.connectionpool - Starting new HTTPS connection (1): www.gamerpower.com:443
2026-09-11 03:09:29,472 - DEBUG - urllib3.connectionpool - https://www.gamerpower.com:443 "GET /api/giveaways?type=game HTTP/1.1" 200 None
2026-09-11 03:09:32,919 - DEBUG - urllib3.connectionpool - Starting new HTTPS connection (1): www.gamerpower.com:443
2026-09-11 03:09:33,003 - DEBUG - urllib3.connectionpool - https://www.gamerpower.com:443 "GET /api/giveaways?type=game HTTP/1.1" 200 None
2026-09-11 03:09:40,630 - INFO - KGameTracker - ℹ️  ==================================================
2026-09-11 03:09:40,630 - INFO - KGameTracker - ℹ️  K GAME TRACKER - CERRADA
2026-09-11 03:09:40,630 - INFO - KGameTracker - ℹ️  ==================================================
2026-09-11 03:09:49,603 - INFO - KGameTracker - ℹ️  ==================================================
2026-09-11 03:09:49,604 - INFO - KGameTracker - ℹ️  K GAME TRACKER - INICIADA
2026-09-11 03:09:49,604 - INFO - KGameTracker - ℹ️  ==================================================
2026-09-11 03:09:54,948 - DEBUG - urllib3.connectionpool - Starting new HTTPS connection (1): www.gamerpower.com:443
2026-09-11 03:09:55,061 - DEBUG - urllib3.connectionpool - https://www.gamerpower.com:443 "GET /api/giveaways?type=game HTTP/1.1" 200 None
2026-09-11 03:10:01,743 - INFO - KGameTracker - ℹ️  ==================================================
2026-09-11 03:10:01,744 - INFO - KGameTracker - ℹ️  K GAME TRACKER - CERRADA
2026-09-11 03:10:01,744 - INFO - KGameTracker - ℹ️  ==================================================
2026-09-11 03:12:26,035 - INFO - KGameTracker - ℹ️  ==================================================
2026-09-11 03:12:26,044 - INFO - KGameTracker - ℹ️  K GAME TRACKER - INICIADA
2026-09-11 03:12:26,044 - INFO - KGameTracker - ℹ️  ==================================================
2026-09-11 03:12:30,618 - DEBUG - urllib3.connectionpool - Starting new HTTPS connection (1): www.gamerpower.com:443
2026-09-11 03:12:30,762 - DEBUG - urllib3.connectionpool - https://www.gamerpower.com:443 "GET /api/giveaways?type=game HTTP/1.1" 200 None
2026-09-11 03:12:33,930 - DEBUG - urllib3.connectionpool - Starting new HTTPS connection (1): www.gamerpower.com:443
2026-09-11 03:12:34,038 - DEBUG - urllib3.connectionpool - https://www.gamerpower.com:443 "GET /api/giveaways?type=game HTTP/1.1" 200 None
2026-09-11 03:12:36,571 - DEBUG - urllib3.connectionpool - Starting new HTTPS connection (1): www.gamerpower.com:443
2026-09-11 03:12:36,642 - DEBUG - urllib3.connectionpool - https://www.gamerpower.com:443 "GET /api/giveaways?type=game HTTP/1.1" 200 None
2026-09-11 03:12:38,894 - INFO - KGameTracker - ℹ️  ==================================================
2026-09-11 03:12:38,894 - INFO - KGameTracker - ℹ️  K GAME TRACKER - CERRADA
2026-09-11 03:12:38,894 - INFO - KGameTracker - ℹ️  ==================================================
2026-09-11 03:12:44,095 - INFO - KGameTracker - ℹ️  ==================================================
2026-09-11 03:12:44,096 - INFO - KGameTracker - ℹ️  K GAME TRACKER - INICIADA
2026-09-11 03:12:44,096 - INFO - KGameTracker - ℹ️  ==================================================
2026-09-11 03:12:49,164 - DEBUG - urllib3.connectionpool - Starting new HTTPS connection (1): www.gamerpower.com:443
2026-09-11 03:12:49,279 - DEBUG - urllib3.connectionpool - https://www.gamerpower.com:443 "GET /api/giveaways?type=game HTTP/1.1" 200 None
2026-09-11 03:13:24,454 - DEBUG - urllib3.connectionpool - Starting new HTTPS connection (1): www.gamerpower.com:443
2026-09-11 03:13:24,542 - DEBUG - urllib3.connectionpool - https://www.gamerpower.com:443 "GET /api/giveaways?type=game HTTP/1.1" 200 None
2026-09-11 03:13:31,555 - INFO - KGameTracker - ℹ️  ==================================================
2026-09-11 03:13:31,555 - INFO - KGameTracker - ℹ️  K GAME TRACKER - CERRADA
2026-09-11 03:13:31,556 - INFO - KGameTracker - ℹ️  ==================================================
2026-09-11 03:13:42,063 - INFO - KGameTracker - ℹ️  ==================================================
2026-09-11 03:13:42,064 - INFO - KGameTracker - ℹ️  K GAME TRACKER - INICIADA
2026-09-11 03:13:42,064 - INFO - KGameTracker - ℹ️  ==================================================
2026-09-11 03:13:47,114 - DEBUG - urllib3.connectionpool - Starting new HTTPS connection (1): www.gamerpower.com:443
2026-09-11 03:13:47,235 - DEBUG - urllib3.connectionpool - https://www.gamerpower.com:443 "GET /api/giveaways?type=game HTTP/1.1" 200 None
2026-09-11 03:13:49,712 - DEBUG - urllib3.connectionpool - Starting new HTTPS connection (1): www.gamerpower.com:443
2026-09-11 03:13:49,845 - DEBUG - urllib3.connectionpool - https://www.gamerpower.com:443 "GET /api/giveaways?type=game HTTP/1.1" 200 None
2026-09-11 03:13:51,371 - INFO - KGameTracker - ℹ️  ==================================================
2026-09-11 03:13:51,371 - INFO - KGameTracker - ℹ️  K GAME TRACKER - CERRADA
2026-09-11 03:13:51,371 - INFO - KGameTracker - ℹ️  ==================================================
2026-09-11 03:15:52,494 - INFO - KGameTracker - ℹ️  ==================================================
2026-09-11 03:15:52,494 - INFO - KGameTracker - ℹ️  K GAME TRACKER - INICIADA
2026-09-11 03:15:52,494 - INFO - KGameTracker - ℹ️  ==================================================
2026-09-11 03:15:57,245 - DEBUG - urllib3.connectionpool - Starting new HTTPS connection (1): www.gamerpower.com:443
2026-09-11 03:15:57,388 - DEBUG - urllib3.connectionpool - https://www.gamerpower.com:443 "GET /api/giveaways?type=game HTTP/1.1" 200 None
2026-09-11 03:16:09,764 - INFO - KGameTracker - ℹ️  ==================================================
2026-09-11 03:16:09,764 - INFO - KGameTracker - ℹ️  K GAME TRACKER - CERRADA
2026-09-11 03:16:09,765 - INFO - KGameTracker - ℹ️  ==================================================
2026-09-11 03:19:52,630 - INFO - KGameTracker - ℹ️  ==================================================
2026-09-11 03:19:52,630 - INFO - KGameTracker - ℹ️  K GAME TRACKER - INICIADA
2026-09-11 03:19:52,630 - INFO - KGameTracker - ℹ️  ==================================================
2026-09-11 03:20:03,744 - INFO - KGameTracker - ℹ️  ==================================================
2026-09-11 03:20:03,744 - INFO - KGameTracker - ℹ️  K GAME TRACKER - CERRADA
2026-09-11 03:20:03,745 - INFO - KGameTracker - ℹ️  ==================================================
2026-09-11 03:21:11,129 - INFO - KGameTracker - ℹ️  ==================================================
2026-09-11 03:21:11,129 - INFO - KGameTracker - ℹ️  K GAME TRACKER - INICIADA
2026-09-11 03:21:11,129 - INFO - KGameTracker - ℹ️  ==================================================
2026-09-11 03:21:15,337 - DEBUG - urllib3.connectionpool - Starting new HTTPS connection (1): www.gamerpower.com:443
2026-09-11 03:21:15,517 - DEBUG - urllib3.connectionpool - https://www.gamerpower.com:443 "GET /api/giveaways?type=game HTTP/1.1" 200 None
2026-09-11 03:21:25,662 - INFO - KGameTracker - ℹ️  ==================================================
2026-09-11 03:21:25,662 - INFO - KGameTracker - ℹ️  K GAME TRACKER - CERRADA
2026-09-11 03:21:25,662 - INFO - KGameTracker - ℹ️  ==================================================
2026-09-11 03:23:06,411 - INFO - KGameTracker - ℹ️  ==================================================
2026-09-11 03:23:06,411 - INFO - KGameTracker - ℹ️  K GAME TRACKER - INICIADA
2026-09-11 03:23:06,411 - INFO - KGameTracker - ℹ️  ==================================================
2026-09-11 03:23:26,857 - DEBUG - urllib3.connectionpool - Starting new HTTPS connection (1): www.gamerpower.com:443
2026-09-11 03:23:26,982 - DEBUG - urllib3.connectionpool - https://www.gamerpower.com:443 "GET /api/giveaways?type=game HTTP/1.1" 200 None
2026-09-11 03:23:46,544 - INFO - KGameTracker - ℹ️  ==================================================
2026-09-11 03:23:46,544 - INFO - KGameTracker - ℹ️  K GAME TRACKER - CERRADA
2026-09-11 03:23:46,544 - INFO - KGameTracker - ℹ️  ==================================================
2026-09-11 03:25:10,738 - INFO - KGameTracker - ℹ️  ==================================================
2026-09-11 03:25:10,739 - INFO - KGameTracker - ℹ️  K GAME TRACKER - INICIADA
2026-09-11 03:25:10,739 - INFO - KGameTracker - ℹ️  ==================================================
2026-09-11 03:25:49,055 - INFO - KGameTracker - ℹ️  ==================================================
2026-09-11 03:25:49,056 - INFO - KGameTracker - ℹ️  K GAME TRACKER - CERRADA
2026-09-11 03:25:49,056 - INFO - KGameTracker - ℹ️  ==================================================
2026-09-11 03:27:15,959 - INFO - KGameTracker - ℹ️  ==================================================
2026-09-11 03:27:15,959 - INFO - KGameTracker - ℹ️  K GAME TRACKER - INICIADA
2026-09-11 03:27:15,959 - INFO - KGameTracker - ℹ️  ==================================================
2026-09-11 03:27:20,078 - DEBUG - urllib3.connectionpool - Starting new HTTPS connection (1): www.gamerpower.com:443
2026-09-11 03:27:20,205 - DEBUG - urllib3.connectionpool - https://www.gamerpower.com:443 "GET /api/giveaways?type=game HTTP/1.1" 200 None
2026-09-11 03:27:31,036 - DEBUG - urllib3.connectionpool - Starting new HTTPS connection (1): www.gamerpower.com:443
2026-09-11 03:27:31,135 - DEBUG - urllib3.connectionpool - https://www.gamerpower.com:443 "GET /api/giveaways?type=game HTTP/1.1" 200 None
2026-09-11 03:27:50,114 - INFO - KGameTracker - ℹ️  ==================================================
2026-09-11 03:27:50,114 - INFO - KGameTracker - ℹ️  K GAME TRACKER - CERRADA
2026-09-11 03:27:50,114 - INFO - KGameTracker - ℹ️  ==================================================
2026-09-11 03:31:46,415 - INFO - KGameTracker - ℹ️  ==================================================
2026-09-11 03:31:46,415 - INFO - KGameTracker - ℹ️  K GAME TRACKER - INICIADA
2026-09-11 03:31:46,415 - INFO - KGameTracker - ℹ️  ==================================================
2026-09-11 03:31:51,092 - DEBUG - urllib3.connectionpool - Starting new HTTPS connection (1): www.gamerpower.com:443
2026-09-11 03:31:51,192 - DEBUG - urllib3.connectionpool - https://www.gamerpower.com:443 "GET /api/giveaways?type=game HTTP/1.1" 200 None
2026-09-11 03:32:02,751 - INFO - KGameTracker - ℹ️  ==================================================
2026-09-11 03:32:02,752 - INFO - KGameTracker - ℹ️  K GAME TRACKER - CERRADA
2026-09-11 03:32:02,752 - INFO - KGameTracker - ℹ️  ==================================================
2026-09-11 03:34:30,707 - INFO - KGameTracker - ℹ️  ==================================================
2026-09-11 03:34:30,708 - INFO - KGameTracker - ℹ️  K GAME TRACKER - INICIADA
2026-09-11 03:34:30,708 - INFO - KGameTracker - ℹ️  ==================================================
2026-09-11 03:34:34,356 - DEBUG - urllib3.connectionpool - Starting new HTTPS connection (1): www.gamerpower.com:443
2026-09-11 03:34:34,481 - DEBUG - urllib3.connectionpool - https://www.gamerpower.com:443 "GET /api/giveaways?type=game HTTP/1.1" 200 None
2026-09-11 03:35:28,038 - INFO - KGameTracker - ℹ️  ==================================================
2026-09-11 03:35:28,038 - INFO - KGameTracker - ℹ️  K GAME TRACKER - CERRADA
2026-09-11 03:35:28,038 - INFO - KGameTracker - ℹ️  ==================================================
2026-09-11 03:36:51,219 - INFO - KGameTracker - ℹ️  ==================================================
2026-09-11 03:36:51,219 - INFO - KGameTracker - ℹ️  K GAME TRACKER - INICIADA
2026-09-11 03:36:51,219 - INFO - KGameTracker - ℹ️  ==================================================
2026-09-11 03:36:57,875 - DEBUG - urllib3.connectionpool - Starting new HTTPS connection (1): www.gamerpower.com:443
2026-09-11 03:36:57,995 - DEBUG - urllib3.connectionpool - https://www.gamerpower.com:443 "GET /api/giveaways?type=game HTTP/1.1" 200 None
2026-09-11 03:37:16,490 - INFO - KGameTracker - ℹ️  ==================================================
2026-09-11 03:37:16,490 - INFO - KGameTracker - ℹ️  K GAME TRACKER - CERRADA
2026-09-11 03:37:16,490 - INFO - KGameTracker - ℹ️  ==================================================
2026-09-11 03:45:43,479 - INFO - KGameTracker - ℹ️  ==================================================
2026-09-11 03:45:43,479 - INFO - KGameTracker - ℹ️  K GAME TRACKER - INICIADA
2026-09-11 03:45:43,479 - INFO - KGameTracker - ℹ️  ==================================================
2026-09-11 03:45:53,378 - INFO - KGameTracker - ℹ️  ==================================================
2026-09-11 03:45:53,378 - INFO - KGameTracker - ℹ️  K GAME TRACKER - CERRADA
2026-09-11 03:45:53,378 - INFO - KGameTracker - ℹ️  ==================================================
2026-09-11 03:47:14,595 - INFO - KGameTracker - ℹ️  ==================================================
2026-09-11 03:47:14,595 - INFO - KGameTracker - ℹ️  K GAME TRACKER - INICIADA
2026-09-11 03:47:14,595 - INFO - KGameTracker - ℹ️  ==================================================
2026-09-11 03:47:30,338 - DEBUG - urllib3.connectionpool - Starting new HTTPS connection (1): www.gamerpower.com:443
2026-09-11 03:47:30,517 - DEBUG - urllib3.connectionpool - https://www.gamerpower.com:443 "GET /api/giveaways?type=game HTTP/1.1" 200 None
2026-09-11 03:48:13,988 - INFO - KGameTracker - ℹ️  ==================================================
2026-09-11 03:48:13,989 - INFO - KGameTracker - ℹ️  K GAME TRACKER - CERRADA
2026-09-11 03:48:13,989 - INFO - KGameTracker - ℹ️  ==================================================
2026-09-11 03:48:33,659 - INFO - KGameTracker - ℹ️  ==================================================
2026-09-11 03:48:33,659 - INFO - KGameTracker - ℹ️  K GAME TRACKER - INICIADA
2026-09-11 03:48:33,659 - INFO - KGameTracker - ℹ️  ==================================================
2026-09-11 03:48:55,899 - INFO - KGameTracker - ℹ️  ==================================================
2026-09-11 03:48:55,899 - INFO - KGameTracker - ℹ️  K GAME TRACKER - CERRADA
2026-09-11 03:48:55,899 - INFO - KGameTracker - ℹ️  ==================================================
2026-09-11 03:49:47,811 - INFO - KGameTracker - ℹ️  ==================================================
2026-09-11 03:49:47,811 - INFO - KGameTracker - ℹ️  K GAME TRACKER - INICIADA
2026-09-11 03:49:47,812 - INFO - KGameTracker - ℹ️  ==================================================
2026-09-11 03:49:59,898 - INFO - KGameTracker - ℹ️  ==================================================
2026-09-11 03:49:59,898 - INFO - KGameTracker - ℹ️  K GAME TRACKER - CERRADA
2026-09-11 03:49:59,898 - INFO - KGameTracker - ℹ️  ==================================================
2026-09-11 03:54:23,503 - INFO - KGameTracker - ℹ️  ==================================================
2026-09-11 03:54:23,504 - INFO - KGameTracker - ℹ️  K GAME TRACKER - INICIADA
2026-09-11 03:54:23,504 - INFO - KGameTracker - ℹ️  ==================================================
2026-09-11 03:54:34,670 - DEBUG - urllib3.connectionpool - Starting new HTTPS connection (1): www.gamerpower.com:443
2026-09-11 03:54:34,799 - DEBUG - urllib3.connectionpool - https://www.gamerpower.com:443 "GET /api/giveaways?type=game HTTP/1.1" 200 None
2026-09-11 03:54:37,444 - INFO - KGameTracker - ℹ️  ==================================================
2026-09-11 03:54:37,444 - INFO - KGameTracker - ℹ️  K GAME TRACKER - CERRADA
2026-09-11 03:54:37,445 - INFO - KGameTracker - ℹ️  ==================================================
2026-09-11 03:55:32,867 - INFO - KGameTracker - ℹ️  ==================================================
2026-09-11 03:55:32,868 - INFO - KGameTracker - ℹ️  K GAME TRACKER - INICIADA
2026-09-11 03:55:32,868 - INFO - KGameTracker - ℹ️  ==================================================
2026-09-11 03:55:48,045 - DEBUG - urllib3.connectionpool - Starting new HTTPS connection (1): www.gamerpower.com:443
2026-09-11 03:55:48,130 - DEBUG - urllib3.connectionpool - https://www.gamerpower.com:443 "GET /api/giveaways?type=game HTTP/1.1" 200 None
2026-09-11 03:56:01,363 - INFO - KGameTracker - ℹ️  ==================================================
2026-09-11 03:56:01,364 - INFO - KGameTracker - ℹ️  K GAME TRACKER - CERRADA
2026-09-11 03:56:01,364 - INFO - KGameTracker - ℹ️  ==================================================
2026-09-11 03:57:02,921 - INFO - KGameTracker - ℹ️  ==================================================
2026-09-11 03:57:02,921 - INFO - KGameTracker - ℹ️  K GAME TRACKER - INICIADA
2026-09-11 03:57:02,922 - INFO - KGameTracker - ℹ️  ==================================================
2026-09-11 03:57:03,028 - INFO - KGameTracker - ℹ️  ❌ Error creando la aplicación: int() argument must be a string, a bytes-like object or a real number, not 'tuple'
2026-09-11 03:57:03,066 - INFO - KGameTracker - ℹ️  ==================================================
2026-09-11 03:57:03,066 - INFO - KGameTracker - ℹ️  K GAME TRACKER - CERRADA
2026-09-11 03:57:03,066 - INFO - KGameTracker - ℹ️  ==================================================
2026-09-11 03:57:13,867 - INFO - KGameTracker - ℹ️  ==================================================
2026-09-11 03:57:13,868 - INFO - KGameTracker - ℹ️  K GAME TRACKER - INICIADA
2026-09-11 03:57:13,868 - INFO - KGameTracker - ℹ️  ==================================================
2026-09-11 03:57:13,971 - INFO - KGameTracker - ℹ️  ❌ Error creando la aplicación: int() argument must be a string, a bytes-like object or a real number, not 'tuple'
2026-09-11 03:57:14,001 - INFO - KGameTracker - ℹ️  ==================================================
2026-09-11 03:57:14,001 - INFO - KGameTracker - ℹ️  K GAME TRACKER - CERRADA
2026-09-11 03:57:14,001 - INFO - KGameTracker - ℹ️  ==================================================
2026-09-11 03:57:34,572 - INFO - KGameTracker - ℹ️  ==================================================
2026-09-11 03:57:34,572 - INFO - KGameTracker - ℹ️  K GAME TRACKER - INICIADA
2026-09-11 03:57:34,572 - INFO - KGameTracker - ℹ️  ==================================================
2026-09-11 03:57:52,952 - DEBUG - urllib3.connectionpool - Starting new HTTPS connection (1): www.gamerpower.com:443
2026-09-11 03:57:53,124 - DEBUG - urllib3.connectionpool - https://www.gamerpower.com:443 "GET /api/giveaways?type=game HTTP/1.1" 200 None
2026-09-11 03:58:09,177 - INFO - KGameTracker - ℹ️  ==================================================
2026-09-11 03:58:09,178 - INFO - KGameTracker - ℹ️  K GAME TRACKER - CERRADA
2026-09-11 03:58:09,178 - INFO - KGameTracker - ℹ️  ==================================================
2026-09-11 03:59:49,427 - INFO - KGameTracker - ℹ️  ==================================================
2026-09-11 03:59:49,427 - INFO - KGameTracker - ℹ️  K GAME TRACKER - INICIADA
2026-09-11 03:59:49,427 - INFO - KGameTracker - ℹ️  ==================================================
2026-09-11 03:59:49,939 - INFO - KGameTracker - ℹ️  ❌ Error creando la aplicación: RoundedButton.__init__() got an unexpected keyword argument 'command'
2026-09-11 03:59:49,982 - INFO - KGameTracker - ℹ️  ==================================================
2026-09-11 03:59:49,982 - INFO - KGameTracker - ℹ️  K GAME TRACKER - CERRADA
2026-09-11 03:59:49,982 - INFO - KGameTracker - ℹ️  ==================================================
2026-09-11 04:00:15,167 - INFO - KGameTracker - ℹ️  ==================================================
2026-09-11 04:00:15,167 - INFO - KGameTracker - ℹ️  K GAME TRACKER - INICIADA
2026-09-11 04:00:15,168 - INFO - KGameTracker - ℹ️  ==================================================
2026-09-11 04:00:31,637 - DEBUG - urllib3.connectionpool - Starting new HTTPS connection (1): www.gamerpower.com:443
2026-09-11 04:00:31,759 - DEBUG - urllib3.connectionpool - https://www.gamerpower.com:443 "GET /api/giveaways?type=game HTTP/1.1" 200 None
2026-09-11 04:00:40,562 - INFO - KGameTracker - ℹ️  ==================================================
2026-09-11 04:00:40,563 - INFO - KGameTracker - ℹ️  K GAME TRACKER - CERRADA
2026-09-11 04:00:40,563 - INFO - KGameTracker - ℹ️  ==================================================
2026-09-11 04:01:04,874 - INFO - KGameTracker - ℹ️  ==================================================
2026-09-11 04:01:04,874 - INFO - KGameTracker - ℹ️  K GAME TRACKER - INICIADA
2026-09-11 04:01:04,874 - INFO - KGameTracker - ℹ️  ==================================================
2026-09-11 04:01:08,931 - DEBUG - urllib3.connectionpool - Starting new HTTPS connection (1): www.gamerpower.com:443
2026-09-11 04:01:09,047 - DEBUG - urllib3.connectionpool - https://www.gamerpower.com:443 "GET /api/giveaways?type=game HTTP/1.1" 200 None
2026-09-11 04:01:34,064 - INFO - KGameTracker - ℹ️  ==================================================
2026-09-11 04:01:34,065 - INFO - KGameTracker - ℹ️  K GAME TRACKER - CERRADA
2026-09-11 04:01:34,065 - INFO - KGameTracker - ℹ️  ==================================================
2026-09-11 04:02:23,482 - INFO - KGameTracker - ℹ️  ==================================================
2026-09-11 04:02:23,482 - INFO - KGameTracker - ℹ️  K GAME TRACKER - INICIADA
2026-09-11 04:02:23,482 - INFO - KGameTracker - ℹ️  ==================================================
2026-09-11 04:02:30,075 - DEBUG - urllib3.connectionpool - Starting new HTTPS connection (1): www.gamerpower.com:443
2026-09-11 04:02:30,162 - DEBUG - urllib3.connectionpool - https://www.gamerpower.com:443 "GET /api/giveaways?type=game HTTP/1.1" 200 None
2026-09-11 04:03:35,753 - INFO - KGameTracker - ℹ️  ==================================================
2026-09-11 04:03:35,753 - INFO - KGameTracker - ℹ️  K GAME TRACKER - CERRADA
2026-09-11 04:03:35,753 - INFO - KGameTracker - ℹ️  ==================================================
2026-09-11 04:03:44,021 - INFO - KGameTracker - ℹ️  ==================================================
2026-09-11 04:03:44,021 - INFO - KGameTracker - ℹ️  K GAME TRACKER - INICIADA
2026-09-11 04:03:44,021 - INFO - KGameTracker - ℹ️  ==================================================
2026-09-11 04:03:48,448 - DEBUG - urllib3.connectionpool - Starting new HTTPS connection (1): www.gamerpower.com:443
2026-09-11 04:03:48,573 - DEBUG - urllib3.connectionpool - https://www.gamerpower.com:443 "GET /api/giveaways?type=game HTTP/1.1" 200 None
2026-09-11 04:03:56,349 - INFO - KGameTracker - ℹ️  ==================================================
2026-09-11 04:03:56,350 - INFO - KGameTracker - ℹ️  K GAME TRACKER - CERRADA
2026-09-11 04:03:56,350 - INFO - KGameTracker - ℹ️  ==================================================
2026-09-11 04:04:15,202 - INFO - KGameTracker - ℹ️  ==================================================
2026-09-11 04:04:15,202 - INFO - KGameTracker - ℹ️  K GAME TRACKER - INICIADA
2026-09-11 04:04:15,202 - INFO - KGameTracker - ℹ️  ==================================================
2026-09-11 04:04:20,354 - DEBUG - urllib3.connectionpool - Starting new HTTPS connection (1): www.gamerpower.com:443
2026-09-11 04:04:20,495 - DEBUG - urllib3.connectionpool - https://www.gamerpower.com:443 "GET /api/giveaways?type=game HTTP/1.1" 200 None
2026-09-11 04:04:32,987 - INFO - KGameTracker - ℹ️  ==================================================
2026-09-11 04:04:32,987 - INFO - KGameTracker - ℹ️  K GAME TRACKER - CERRADA
2026-09-11 04:04:32,988 - INFO - KGameTracker - ℹ️  ==================================================
2026-09-11 04:04:54,610 - INFO - KGameTracker - ℹ️  ==================================================
2026-09-11 04:04:54,610 - INFO - KGameTracker - ℹ️  K GAME TRACKER - INICIADA
2026-09-11 04:04:54,610 - INFO - KGameTracker - ℹ️  ==================================================
2026-09-11 04:04:58,872 - DEBUG - urllib3.connectionpool - Starting new HTTPS connection (1): www.gamerpower.com:443
2026-09-11 04:04:59,001 - DEBUG - urllib3.connectionpool - https://www.gamerpower.com:443 "GET /api/giveaways?type=game HTTP/1.1" 200 None
2026-09-11 04:05:06,887 - INFO - KGameTracker - ℹ️  ==================================================
2026-09-11 04:05:06,888 - INFO - KGameTracker - ℹ️  K GAME TRACKER - CERRADA
2026-09-11 04:05:06,888 - INFO - KGameTracker - ℹ️  ==================================================
2026-09-11 04:05:42,185 - INFO - KGameTracker - ℹ️  ==================================================
2026-09-11 04:05:42,185 - INFO - KGameTracker - ℹ️  K GAME TRACKER - INICIADA
2026-09-11 04:05:42,185 - INFO - KGameTracker - ℹ️  ==================================================
2026-09-11 04:05:48,378 - DEBUG - urllib3.connectionpool - Starting new HTTPS connection (1): www.gamerpower.com:443
2026-09-11 04:05:48,510 - DEBUG - urllib3.connectionpool - https://www.gamerpower.com:443 "GET /api/giveaways?type=game HTTP/1.1" 200 None
2026-09-11 04:05:52,209 - INFO - KGameTracker - ℹ️  ==================================================
2026-09-11 04:05:52,209 - INFO - KGameTracker - ℹ️  K GAME TRACKER - CERRADA
2026-09-11 04:05:52,209 - INFO - KGameTracker - ℹ️  ==================================================
2026-09-11 04:08:17,643 - INFO - KGameTracker - ℹ️  ==================================================
2026-09-11 04:08:17,648 - INFO - KGameTracker - ℹ️  K GAME TRACKER - INICIADA
2026-09-11 04:08:17,648 - INFO - KGameTracker - ℹ️  ==================================================
2026-09-11 04:08:23,131 - INFO - KGameTracker - ℹ️  ==================================================
2026-09-11 04:08:23,132 - INFO - KGameTracker - ℹ️  K GAME TRACKER - CERRADA
2026-09-11 04:08:23,132 - INFO - KGameTracker - ℹ️  ==================================================
2026-09-11 04:08:27,774 - INFO - KGameTracker - ℹ️  ==================================================
2026-09-11 04:08:27,774 - INFO - KGameTracker - ℹ️  K GAME TRACKER - INICIADA
2026-09-11 04:08:27,775 - INFO - KGameTracker - ℹ️  ==================================================
2026-09-11 04:08:57,012 - INFO - KGameTracker - ℹ️  ==================================================
2026-09-11 04:08:57,013 - INFO - KGameTracker - ℹ️  K GAME TRACKER - CERRADA
2026-09-11 04:08:57,013 - INFO - KGameTracker - ℹ️  ==================================================
2026-09-11 04:09:22,342 - INFO - KGameTracker - ℹ️  ==================================================
2026-09-11 04:09:22,342 - INFO - KGameTracker - ℹ️  K GAME TRACKER - INICIADA
2026-09-11 04:09:22,343 - INFO - KGameTracker - ℹ️  ==================================================
2026-09-11 04:09:34,354 - INFO - KGameTracker - ℹ️  ==================================================
2026-09-11 04:09:34,354 - INFO - KGameTracker - ℹ️  K GAME TRACKER - CERRADA
2026-09-11 04:09:34,354 - INFO - KGameTracker - ℹ️  ==================================================
2026-09-11 04:10:37,546 - INFO - KGameTracker - ℹ️  ==================================================
2026-09-11 04:10:37,547 - INFO - KGameTracker - ℹ️  K GAME TRACKER - INICIADA
2026-09-11 04:10:37,547 - INFO - KGameTracker - ℹ️  ==================================================
2026-09-11 04:11:02,364 - INFO - KGameTracker - ℹ️  ==================================================
2026-09-11 04:11:02,364 - INFO - KGameTracker - ℹ️  K GAME TRACKER - CERRADA
2026-09-11 04:11:02,364 - INFO - KGameTracker - ℹ️  ==================================================
2026-09-11 04:11:13,951 - INFO - KGameTracker - ℹ️  ==================================================
2026-09-11 04:11:13,951 - INFO - KGameTracker - ℹ️  K GAME TRACKER - INICIADA
2026-09-11 04:11:13,951 - INFO - KGameTracker - ℹ️  ==================================================
2026-09-11 04:11:20,289 - INFO - KGameTracker - ℹ️  ==================================================
2026-09-11 04:11:20,289 - INFO - KGameTracker - ℹ️  K GAME TRACKER - CERRADA
2026-09-11 04:11:20,289 - INFO - KGameTracker - ℹ️  ==================================================
2026-09-11 04:11:23,257 - INFO - KGameTracker - ℹ️  ==================================================
2026-09-11 04:11:23,257 - INFO - KGameTracker - ℹ️  K GAME TRACKER - INICIADA
2026-09-11 04:11:23,258 - INFO - KGameTracker - ℹ️  ==================================================
2026-09-11 04:11:28,448 - INFO - KGameTracker - ℹ️  ==================================================
2026-09-11 04:11:28,448 - INFO - KGameTracker - ℹ️  K GAME TRACKER - CERRADA
2026-09-11 04:11:28,448 - INFO - KGameTracker - ℹ️  ==================================================
2026-09-11 04:11:55,247 - INFO - KGameTracker - ℹ️  ==================================================
2026-09-11 04:11:55,247 - INFO - KGameTracker - ℹ️  K GAME TRACKER - INICIADA
2026-09-11 04:11:55,248 - INFO - KGameTracker - ℹ️  ==================================================
2026-09-11 04:12:00,648 - INFO - KGameTracker - ℹ️  ==================================================
2026-09-11 04:12:00,648 - INFO - KGameTracker - ℹ️  K GAME TRACKER - CERRADA
2026-09-11 04:12:00,649 - INFO - KGameTracker - ℹ️  ==================================================
2026-09-11 04:12:41,009 - INFO - KGameTracker - ℹ️  ==================================================
2026-09-11 04:12:41,009 - INFO - KGameTracker - ℹ️  K GAME TRACKER - INICIADA
2026-09-11 04:12:41,010 - INFO - KGameTracker - ℹ️  ==================================================
2026-09-11 04:12:51,168 - INFO - KGameTracker - ℹ️  ==================================================
2026-09-11 04:12:51,168 - INFO - KGameTracker - ℹ️  K GAME TRACKER - CERRADA
2026-09-11 04:12:51,168 - INFO - KGameTracker - ℹ️  ==================================================
2026-09-11 04:13:02,041 - INFO - KGameTracker - ℹ️  ==================================================
2026-09-11 04:13:02,042 - INFO - KGameTracker - ℹ️  K GAME TRACKER - INICIADA
2026-09-11 04:13:02,042 - INFO - KGameTracker - ℹ️  ==================================================
2026-09-11 04:13:17,083 - INFO - KGameTracker - ℹ️  ==================================================
2026-09-11 04:13:17,084 - INFO - KGameTracker - ℹ️  K GAME TRACKER - CERRADA
2026-09-11 04:13:17,084 - INFO - KGameTracker - ℹ️  ==================================================
2026-09-11 04:14:48,877 - INFO - KGameTracker - ℹ️  ==================================================
2026-09-11 04:14:48,877 - INFO - KGameTracker - ℹ️  K GAME TRACKER - INICIADA
2026-09-11 04:14:48,878 - INFO - KGameTracker - ℹ️  ==================================================
2026-09-11 04:14:55,681 - DEBUG - urllib3.connectionpool - Starting new HTTPS connection (1): www.gamerpower.com:443
2026-09-11 04:14:55,849 - DEBUG - urllib3.connectionpool - https://www.gamerpower.com:443 "GET /api/giveaways?type=game HTTP/1.1" 200 None
2026-09-11 04:15:07,764 - DEBUG - urllib3.connectionpool - Starting new HTTPS connection (1): www.gamerpower.com:443
2026-09-11 04:15:07,858 - DEBUG - urllib3.connectionpool - https://www.gamerpower.com:443 "GET /api/giveaways?type=game HTTP/1.1" 200 None
2026-09-11 04:16:11,056 - INFO - KGameTracker - ℹ️  ==================================================
2026-09-11 04:16:11,056 - INFO - KGameTracker - ℹ️  K GAME TRACKER - INICIADA
2026-09-11 04:16:11,057 - INFO - KGameTracker - ℹ️  ==================================================
2026-09-11 04:16:17,464 - DEBUG - urllib3.connectionpool - Starting new HTTPS connection (1): www.gamerpower.com:443
2026-09-11 04:16:17,596 - DEBUG - urllib3.connectionpool - https://www.gamerpower.com:443 "GET /api/giveaways?type=game HTTP/1.1" 200 None
2026-09-11 04:16:29,842 - INFO - KGameTracker - ℹ️  ==================================================
2026-09-11 04:16:29,843 - INFO - KGameTracker - ℹ️  K GAME TRACKER - CERRADA
2026-09-11 04:16:29,843 - INFO - KGameTracker - ℹ️  ==================================================
2026-09-11 04:17:13,370 - INFO - KGameTracker - ℹ️  ==================================================
2026-09-11 04:17:13,370 - INFO - KGameTracker - ℹ️  K GAME TRACKER - INICIADA
2026-09-11 04:17:13,371 - INFO - KGameTracker - ℹ️  ==================================================
2026-09-11 04:17:18,563 - DEBUG - urllib3.connectionpool - Starting new HTTPS connection (1): www.gamerpower.com:443
2026-09-11 04:17:18,683 - DEBUG - urllib3.connectionpool - https://www.gamerpower.com:443 "GET /api/giveaways?type=game HTTP/1.1" 200 None
2026-09-11 04:17:21,927 - INFO - KGameTracker - ℹ️  ==================================================
2026-09-11 04:17:21,928 - INFO - KGameTracker - ℹ️  K GAME TRACKER - CERRADA
2026-09-11 04:17:21,928 - INFO - KGameTracker - ℹ️  ==================================================
2026-09-11 04:17:59,383 - INFO - KGameTracker - ℹ️  ==================================================
2026-09-11 04:17:59,383 - INFO - KGameTracker - ℹ️  K GAME TRACKER - INICIADA
2026-09-11 04:17:59,383 - INFO - KGameTracker - ℹ️  ==================================================
2026-09-11 04:18:03,813 - DEBUG - urllib3.connectionpool - Starting new HTTPS connection (1): www.gamerpower.com:443
2026-09-11 04:18:03,928 - DEBUG - urllib3.connectionpool - https://www.gamerpower.com:443 "GET /api/giveaways?type=game HTTP/1.1" 200 None
2026-09-11 04:18:39,000 - INFO - KGameTracker - ℹ️  ==================================================
2026-09-11 04:18:39,000 - INFO - KGameTracker - ℹ️  K GAME TRACKER - CERRADA
2026-09-11 04:18:39,001 - INFO - KGameTracker - ℹ️  ==================================================
2026-09-11 04:18:44,643 - INFO - KGameTracker - ℹ️  ==================================================
2026-09-11 04:18:44,643 - INFO - KGameTracker - ℹ️  K GAME TRACKER - INICIADA
2026-09-11 04:18:44,643 - INFO - KGameTracker - ℹ️  ==================================================
2026-09-11 04:18:49,050 - DEBUG - urllib3.connectionpool - Starting new HTTPS connection (1): www.gamerpower.com:443
2026-09-11 04:18:49,161 - DEBUG - urllib3.connectionpool - https://www.gamerpower.com:443 "GET /api/giveaways?type=game HTTP/1.1" 200 None
2026-09-11 04:19:02,736 - INFO - KGameTracker - ℹ️  ==================================================
2026-09-11 04:19:02,736 - INFO - KGameTracker - ℹ️  K GAME TRACKER - CERRADA
2026-09-11 04:19:02,736 - INFO - KGameTracker - ℹ️  ==================================================
2026-09-11 04:19:52,415 - INFO - KGameTracker - ℹ️  ==================================================
2026-09-11 04:19:52,415 - INFO - KGameTracker - ℹ️  K GAME TRACKER - INICIADA
2026-09-11 04:19:52,415 - INFO - KGameTracker - ℹ️  ==================================================
2026-09-11 04:19:56,773 - DEBUG - urllib3.connectionpool - Starting new HTTPS connection (1): www.gamerpower.com:443
2026-09-11 04:19:56,877 - DEBUG - urllib3.connectionpool - https://www.gamerpower.com:443 "GET /api/giveaways?type=game HTTP/1.1" 200 None
2026-09-11 04:20:29,099 - INFO - KGameTracker - ℹ️  ==================================================
2026-09-11 04:20:29,099 - INFO - KGameTracker - ℹ️  K GAME TRACKER - CERRADA
2026-09-11 04:20:29,099 - INFO - KGameTracker - ℹ️  ==================================================
2026-09-11 04:21:50,843 - INFO - KGameTracker - ℹ️  ==================================================
2026-09-11 04:21:50,843 - INFO - KGameTracker - ℹ️  K GAME TRACKER - INICIADA
2026-09-11 04:21:50,843 - INFO - KGameTracker - ℹ️  ==================================================
2026-09-11 04:23:25,006 - INFO - KGameTracker - ℹ️  ==================================================
2026-09-11 04:23:25,006 - INFO - KGameTracker - ℹ️  K GAME TRACKER - CERRADA
2026-09-11 04:23:25,006 - INFO - KGameTracker - ℹ️  ==================================================
2026-09-11 04:23:30,468 - INFO - KGameTracker - ℹ️  ==================================================
2026-09-11 04:23:30,468 - INFO - KGameTracker - ℹ️  K GAME TRACKER - INICIADA
2026-09-11 04:23:30,468 - INFO - KGameTracker - ℹ️  ==================================================
2026-09-11 04:24:27,707 - INFO - KGameTracker - ℹ️  ==================================================
2026-09-11 04:24:27,708 - INFO - KGameTracker - ℹ️  K GAME TRACKER - CERRADA
2026-09-11 04:24:27,708 - INFO - KGameTracker - ℹ️  ==================================================
2026-09-11 04:24:32,872 - INFO - KGameTracker - ℹ️  ==================================================
2026-09-11 04:24:32,872 - INFO - KGameTracker - ℹ️  K GAME TRACKER - INICIADA
2026-09-11 04:24:32,872 - INFO - KGameTracker - ℹ️  ==================================================
2026-09-11 04:26:02,598 - INFO - KGameTracker - ℹ️  ==================================================
2026-09-11 04:26:02,600 - INFO - KGameTracker - ℹ️  K GAME TRACKER - CERRADA
2026-09-11 04:26:02,600 - INFO - KGameTracker - ℹ️  ==================================================
2026-09-11 04:26:16,004 - INFO - KGameTracker - ℹ️  ==================================================
2026-09-11 04:26:16,004 - INFO - KGameTracker - ℹ️  K GAME TRACKER - INICIADA
2026-09-11 04:26:16,004 - INFO - KGameTracker - ℹ️  ==================================================
2026-09-11 04:27:47,916 - INFO - KGameTracker - ℹ️  ==================================================
2026-09-11 04:27:47,916 - INFO - KGameTracker - ℹ️  K GAME TRACKER - CERRADA
2026-09-11 04:27:47,917 - INFO - KGameTracker - ℹ️  ==================================================
2026-09-11 04:27:52,676 - INFO - KGameTracker - ℹ️  ==================================================
2026-09-11 04:27:52,676 - INFO - KGameTracker - ℹ️  K GAME TRACKER - INICIADA
2026-09-11 04:27:52,676 - INFO - KGameTracker - ℹ️  ==================================================
2026-09-11 04:28:05,902 - DEBUG - urllib3.connectionpool - Starting new HTTPS connection (1): www.gamerpower.com:443
2026-09-11 04:28:06,050 - DEBUG - urllib3.connectionpool - https://www.gamerpower.com:443 "GET /api/giveaways?type=game HTTP/1.1" 200 None
2026-09-11 04:28:25,719 - DEBUG - urllib3.connectionpool - Starting new HTTPS connection (1): www.gamerpower.com:443
2026-09-11 04:28:25,821 - DEBUG - urllib3.connectionpool - https://www.gamerpower.com:443 "GET /api/giveaways?type=game HTTP/1.1" 200 None
2026-09-11 04:28:32,571 - DEBUG - urllib3.connectionpool - Starting new HTTPS connection (1): www.gamerpower.com:443
2026-09-11 04:28:32,680 - DEBUG - urllib3.connectionpool - https://www.gamerpower.com:443 "GET /api/giveaways?type=game HTTP/1.1" 200 None
2026-09-11 04:29:41,409 - INFO - KGameTracker - ℹ️  ==================================================
2026-09-11 04:29:41,410 - INFO - KGameTracker - ℹ️  K GAME TRACKER - CERRADA
2026-09-11 04:29:41,410 - INFO - KGameTracker - ℹ️  ==================================================
2026-09-11 04:29:48,161 - INFO - KGameTracker - ℹ️  ==================================================
2026-09-11 04:29:48,161 - INFO - KGameTracker - ℹ️  K GAME TRACKER - INICIADA
2026-09-11 04:29:48,161 - INFO - KGameTracker - ℹ️  ==================================================
2026-09-11 04:29:54,794 - DEBUG - urllib3.connectionpool - Starting new HTTPS connection (1): www.gamerpower.com:443
2026-09-11 04:29:54,916 - DEBUG - urllib3.connectionpool - https://www.gamerpower.com:443 "GET /api/giveaways?type=game HTTP/1.1" 200 None
2026-09-11 04:30:11,449 - INFO - KGameTracker - ℹ️  ==================================================
2026-09-11 04:30:11,449 - INFO - KGameTracker - ℹ️  K GAME TRACKER - CERRADA
2026-09-11 04:30:11,450 - INFO - KGameTracker - ℹ️  ==================================================
2026-09-11 04:31:18,274 - INFO - KGameTracker - ℹ️  ==================================================
2026-09-11 04:31:18,274 - INFO - KGameTracker - ℹ️  K GAME TRACKER - INICIADA
2026-09-11 04:31:18,274 - INFO - KGameTracker - ℹ️  ==================================================
2026-09-11 04:31:27,150 - DEBUG - urllib3.connectionpool - Starting new HTTPS connection (1): www.gamerpower.com:443
2026-09-11 04:31:27,271 - DEBUG - urllib3.connectionpool - https://www.gamerpower.com:443 "GET /api/giveaways?type=game HTTP/1.1" 200 None
2026-09-11 04:32:21,042 - INFO - KGameTracker - ℹ️  ==================================================
2026-09-11 04:32:21,042 - INFO - KGameTracker - ℹ️  K GAME TRACKER - CERRADA
2026-09-11 04:32:21,042 - INFO - KGameTracker - ℹ️  ==================================================
2026-09-11 04:32:56,739 - INFO - KGameTracker - ℹ️  ==================================================
2026-09-11 04:32:56,739 - INFO - KGameTracker - ℹ️  K GAME TRACKER - INICIADA
2026-09-11 04:32:56,739 - INFO - KGameTracker - ℹ️  ==================================================
2026-09-11 04:33:01,639 - DEBUG - urllib3.connectionpool - Starting new HTTPS connection (1): www.gamerpower.com:443
2026-09-11 04:33:01,781 - DEBUG - urllib3.connectionpool - https://www.gamerpower.com:443 "GET /api/giveaways?type=game HTTP/1.1" 200 None
2026-09-11 04:33:11,884 - DEBUG - urllib3.connectionpool - Starting new HTTPS connection (1): www.gamerpower.com:443
2026-09-11 04:33:12,012 - DEBUG - urllib3.connectionpool - https://www.gamerpower.com:443 "GET /api/giveaways?type=game HTTP/1.1" 200 None
2026-09-11 04:33:22,221 - DEBUG - urllib3.connectionpool - Starting new HTTPS connection (1): www.gamerpower.com:443
2026-09-11 04:33:22,328 - DEBUG - urllib3.connectionpool - https://www.gamerpower.com:443 "GET /api/giveaways?type=game HTTP/1.1" 200 None
2026-09-11 04:33:38,839 - DEBUG - urllib3.connectionpool - Starting new HTTPS connection (1): www.gamerpower.com:443
2026-09-11 04:33:38,964 - DEBUG - urllib3.connectionpool - https://www.gamerpower.com:443 "GET /api/giveaways?type=game HTTP/1.1" 200 None
2026-09-11 04:34:45,568 - INFO - KGameTracker - ℹ️  ==================================================
2026-09-11 04:34:45,569 - INFO - KGameTracker - ℹ️  K GAME TRACKER - CERRADA
2026-09-11 04:34:45,570 - INFO - KGameTracker - ℹ️  ==================================================
2026-09-11 04:34:51,491 - INFO - KGameTracker - ℹ️  ==================================================
2026-09-11 04:34:51,492 - INFO - KGameTracker - ℹ️  K GAME TRACKER - INICIADA
2026-09-11 04:34:51,492 - INFO - KGameTracker - ℹ️  ==================================================
2026-09-11 04:34:56,246 - DEBUG - urllib3.connectionpool - Starting new HTTPS connection (1): www.gamerpower.com:443
2026-09-11 04:34:56,373 - DEBUG - urllib3.connectionpool - https://www.gamerpower.com:443 "GET /api/giveaways?type=game HTTP/1.1" 200 None
2026-09-11 04:35:38,038 - INFO - KGameTracker - ℹ️  ==================================================
2026-09-11 04:35:38,038 - INFO - KGameTracker - ℹ️  K GAME TRACKER - CERRADA
2026-09-11 04:35:38,039 - INFO - KGameTracker - ℹ️  ==================================================
2026-09-11 04:35:56,312 - INFO - KGameTracker - ℹ️  ==================================================
2026-09-11 04:35:56,312 - INFO - KGameTracker - ℹ️  K GAME TRACKER - INICIADA
2026-09-11 04:35:56,313 - INFO - KGameTracker - ℹ️  ==================================================
2026-09-11 04:36:00,913 - DEBUG - urllib3.connectionpool - Starting new HTTPS connection (1): www.gamerpower.com:443
2026-09-11 04:36:01,020 - DEBUG - urllib3.connectionpool - https://www.gamerpower.com:443 "GET /api/giveaways?type=game HTTP/1.1" 200 None
2026-09-11 04:36:50,568 - INFO - KGameTracker - ℹ️  ==================================================
2026-09-11 04:36:50,569 - INFO - KGameTracker - ℹ️  K GAME TRACKER - CERRADA
2026-09-11 04:36:50,569 - INFO - KGameTracker - ℹ️  ==================================================
2026-09-11 04:36:55,658 - INFO - KGameTracker - ℹ️  ==================================================
2026-09-11 04:36:55,658 - INFO - KGameTracker - ℹ️  K GAME TRACKER - INICIADA
2026-09-11 04:36:55,659 - INFO - KGameTracker - ℹ️  ==================================================
2026-09-11 04:36:59,829 - DEBUG - urllib3.connectionpool - Starting new HTTPS connection (1): www.gamerpower.com:443
2026-09-11 04:36:59,958 - DEBUG - urllib3.connectionpool - https://www.gamerpower.com:443 "GET /api/giveaways?type=game HTTP/1.1" 200 None
2026-09-11 04:37:06,997 - DEBUG - urllib3.connectionpool - Starting new HTTPS connection (1): www.gamerpower.com:443
2026-09-11 04:37:07,104 - DEBUG - urllib3.connectionpool - https://www.gamerpower.com:443 "GET /api/giveaways?type=game HTTP/1.1" 200 None
2026-09-11 04:37:15,519 - INFO - KGameTracker - ℹ️  ==================================================
2026-09-11 04:37:15,519 - INFO - KGameTracker - ℹ️  K GAME TRACKER - CERRADA
2026-09-11 04:37:15,519 - INFO - KGameTracker - ℹ️  ==================================================
2026-09-11 04:37:59,048 - INFO - KGameTracker - ℹ️  ==================================================
2026-09-11 04:37:59,048 - INFO - KGameTracker - ℹ️  K GAME TRACKER - INICIADA
2026-09-11 04:37:59,048 - INFO - KGameTracker - ℹ️  ==================================================
2026-09-11 04:38:03,298 - DEBUG - urllib3.connectionpool - Starting new HTTPS connection (1): www.gamerpower.com:443
2026-09-11 04:38:03,415 - DEBUG - urllib3.connectionpool - https://www.gamerpower.com:443 "GET /api/giveaways?type=game HTTP/1.1" 200 None
2026-09-11 04:38:08,769 - INFO - KGameTracker - ℹ️  ==================================================
2026-09-11 04:38:08,769 - INFO - KGameTracker - ℹ️  K GAME TRACKER - CERRADA
2026-09-11 04:38:08,769 - INFO - KGameTracker - ℹ️  ==================================================
2026-09-11 14:05:10,900 - INFO - KGameTracker - ℹ️  ==================================================
2026-09-11 14:05:10,908 - INFO - KGameTracker - ℹ️  K GAME TRACKER - INICIADA
2026-09-11 14:05:10,908 - INFO - KGameTracker - ℹ️  ==================================================
2026-09-11 14:05:21,800 - DEBUG - urllib3.connectionpool - Starting new HTTPS connection (1): www.gamerpower.com:443
2026-09-11 14:05:22,049 - DEBUG - urllib3.connectionpool - https://www.gamerpower.com:443 "GET /api/giveaways?type=game HTTP/1.1" 200 None
2026-09-11 14:06:22,721 - INFO - KGameTracker - ℹ️  ==================================================
2026-09-11 14:06:22,721 - INFO - KGameTracker - ℹ️  K GAME TRACKER - CERRADA
2026-09-11 14:06:22,722 - INFO - KGameTracker - ℹ️  ==================================================
2026-09-11 14:16:01,217 - INFO - KGameTracker - ℹ️  ==================================================
2026-09-11 14:16:01,231 - INFO - KGameTracker - ℹ️  K GAME TRACKER - INICIADA
2026-09-11 14:16:01,231 - INFO - KGameTracker - ℹ️  ==================================================
2026-09-11 14:16:14,449 - INFO - KGameTracker - ℹ️  ==================================================
2026-09-11 14:16:14,449 - INFO - KGameTracker - ℹ️  K GAME TRACKER - CERRADA
2026-09-11 14:16:14,449 - INFO - KGameTracker - ℹ️  ==================================================
2026-09-11 14:17:53,069 - INFO - KGameTracker - ℹ️  ==================================================
2026-09-11 14:17:53,070 - INFO - KGameTracker - ℹ️  K GAME TRACKER - INICIADA
2026-09-11 14:17:53,070 - INFO - KGameTracker - ℹ️  ==================================================
2026-09-11 14:18:03,541 - INFO - KGameTracker - ℹ️  ==================================================
2026-09-11 14:18:03,541 - INFO - KGameTracker - ℹ️  K GAME TRACKER - CERRADA
2026-09-11 14:18:03,541 - INFO - KGameTracker - ℹ️  ==================================================
2026-09-11 14:18:27,515 - INFO - KGameTracker - ℹ️  ==================================================
2026-09-11 14:18:27,515 - INFO - KGameTracker - ℹ️  K GAME TRACKER - INICIADA
2026-09-11 14:18:27,515 - INFO - KGameTracker - ℹ️  ==================================================
2026-09-11 14:18:45,194 - DEBUG - urllib3.connectionpool - Starting new HTTPS connection (1): www.gamerpower.com:443
2026-09-11 14:18:45,354 - DEBUG - urllib3.connectionpool - https://www.gamerpower.com:443 "GET /api/giveaways?type=game HTTP/1.1" 200 None
2026-09-11 14:18:52,017 - INFO - KGameTracker - ℹ️  ==================================================
2026-09-11 14:18:52,017 - INFO - KGameTracker - ℹ️  K GAME TRACKER - CERRADA
2026-09-11 14:18:52,017 - INFO - KGameTracker - ℹ️  ==================================================
2026-09-11 14:19:19,014 - INFO - KGameTracker - ℹ️  ==================================================
2026-09-11 14:19:19,014 - INFO - KGameTracker - ℹ️  K GAME TRACKER - INICIADA
2026-09-11 14:19:19,014 - INFO - KGameTracker - ℹ️  ==================================================
2026-09-11 14:19:25,562 - DEBUG - urllib3.connectionpool - Starting new HTTPS connection (1): www.gamerpower.com:443
2026-09-11 14:19:25,744 - DEBUG - urllib3.connectionpool - https://www.gamerpower.com:443 "GET /api/giveaways?type=game HTTP/1.1" 200 None
2026-09-11 14:19:42,597 - INFO - KGameTracker - ℹ️  ==================================================
2026-09-11 14:19:42,597 - INFO - KGameTracker - ℹ️  K GAME TRACKER - CERRADA
2026-09-11 14:19:42,598 - INFO - KGameTracker - ℹ️  ==================================================
2026-09-11 14:28:38,295 - INFO - KGameTracker - ℹ️  ==================================================
2026-09-11 14:28:38,306 - INFO - KGameTracker - ℹ️  K GAME TRACKER - INICIADA
2026-09-11 14:28:38,307 - INFO - KGameTracker - ℹ️  ==================================================
2026-09-11 14:28:43,122 - DEBUG - urllib3.connectionpool - Starting new HTTPS connection (1): www.gamerpower.com:443
2026-09-11 14:28:43,303 - DEBUG - urllib3.connectionpool - https://www.gamerpower.com:443 "GET /api/giveaways?type=game HTTP/1.1" 200 None
2026-09-11 14:28:50,904 - INFO - KGameTracker - ℹ️  ==================================================
2026-09-11 14:28:50,904 - INFO - KGameTracker - ℹ️  K GAME TRACKER - CERRADA
2026-09-11 14:28:50,904 - INFO - KGameTracker - ℹ️  ==================================================
2026-09-11 14:30:24,572 - INFO - KGameTracker - ℹ️  ==================================================
2026-09-11 14:30:24,573 - INFO - KGameTracker - ℹ️  K GAME TRACKER - INICIADA
2026-09-11 14:30:24,573 - INFO - KGameTracker - ℹ️  ==================================================
2026-09-11 14:30:47,112 - DEBUG - urllib3.connectionpool - Starting new HTTPS connection (1): www.gamerpower.com:443
2026-09-11 14:30:47,237 - DEBUG - urllib3.connectionpool - https://www.gamerpower.com:443 "GET /api/giveaways?type=game HTTP/1.1" 200 None
2026-09-11 14:31:08,229 - INFO - KGameTracker - ℹ️  ==================================================
2026-09-11 14:31:08,229 - INFO - KGameTracker - ℹ️  K GAME TRACKER - CERRADA
2026-09-11 14:31:08,229 - INFO - KGameTracker - ℹ️  ==================================================
2026-09-11 14:32:12,621 - INFO - KGameTracker - ℹ️  ==================================================
2026-09-11 14:32:12,621 - INFO - KGameTracker - ℹ️  K GAME TRACKER - INICIADA
2026-09-11 14:32:12,621 - INFO - KGameTracker - ℹ️  ==================================================
2026-09-11 14:32:17,744 - DEBUG - urllib3.connectionpool - Starting new HTTPS connection (1): www.gamerpower.com:443
2026-09-11 14:32:17,860 - DEBUG - urllib3.connectionpool - https://www.gamerpower.com:443 "GET /api/giveaways?type=game HTTP/1.1" 200 None
2026-09-11 14:32:21,128 - INFO - KGameTracker - ℹ️  ==================================================
2026-09-11 14:32:21,129 - INFO - KGameTracker - ℹ️  K GAME TRACKER - CERRADA
2026-09-11 14:32:21,129 - INFO - KGameTracker - ℹ️  ==================================================
2026-09-11 14:36:55,143 - INFO - KGameTracker - ℹ️  ==================================================
2026-09-11 14:36:55,159 - INFO - KGameTracker - ℹ️  K GAME TRACKER - INICIADA
2026-09-11 14:36:55,159 - INFO - KGameTracker - ℹ️  ==================================================
2026-09-11 14:36:59,677 - DEBUG - urllib3.connectionpool - Starting new HTTPS connection (1): www.gamerpower.com:443
2026-09-11 14:36:59,991 - DEBUG - urllib3.connectionpool - https://www.gamerpower.com:443 "GET /api/giveaways?type=game HTTP/1.1" 200 None
2026-09-11 14:37:05,559 - DEBUG - urllib3.connectionpool - Starting new HTTPS connection (1): www.gamerpower.com:443
2026-09-11 14:37:05,667 - DEBUG - urllib3.connectionpool - https://www.gamerpower.com:443 "GET /api/giveaways?type=game HTTP/1.1" 200 None
2026-09-11 14:37:14,194 - INFO - KGameTracker - ℹ️  ==================================================
2026-09-11 14:37:14,194 - INFO - KGameTracker - ℹ️  K GAME TRACKER - CERRADA
2026-09-11 14:37:14,194 - INFO - KGameTracker - ℹ️  ==================================================
2026-09-11 14:43:22,185 - INFO - KGameTracker - ℹ️  ==================================================
2026-09-11 14:43:22,186 - INFO - KGameTracker - ℹ️  K GAME TRACKER - INICIADA
2026-09-11 14:43:22,186 - INFO - KGameTracker - ℹ️  ==================================================
2026-09-11 14:43:27,925 - DEBUG - urllib3.connectionpool - Starting new HTTPS connection (1): www.gamerpower.com:443
2026-09-11 14:43:28,070 - DEBUG - urllib3.connectionpool - https://www.gamerpower.com:443 "GET /api/giveaways?type=game HTTP/1.1" 200 None
2026-09-11 14:45:59,959 - INFO - KGameTracker - ℹ️  ==================================================
2026-09-11 14:45:59,959 - INFO - KGameTracker - ℹ️  K GAME TRACKER - CERRADA
2026-09-11 14:45:59,960 - INFO - KGameTracker - ℹ️  ==================================================
2026-09-11 14:46:26,025 - INFO - KGameTracker - ℹ️  ==================================================
2026-09-11 14:46:26,026 - INFO - KGameTracker - ℹ️  K GAME TRACKER - INICIADA
2026-09-11 14:46:26,026 - INFO - KGameTracker - ℹ️  ==================================================
2026-09-11 14:46:30,117 - DEBUG - urllib3.connectionpool - Starting new HTTPS connection (1): www.gamerpower.com:443
2026-09-11 14:46:30,234 - DEBUG - urllib3.connectionpool - https://www.gamerpower.com:443 "GET /api/giveaways?type=game HTTP/1.1" 200 None
2026-09-11 14:46:41,329 - DEBUG - urllib3.connectionpool - Starting new HTTPS connection (1): www.gamerpower.com:443
2026-09-11 14:46:41,428 - DEBUG - urllib3.connectionpool - https://www.gamerpower.com:443 "GET /api/giveaways?type=game HTTP/1.1" 200 None
2026-09-11 14:47:04,019 - DEBUG - urllib3.connectionpool - Starting new HTTPS connection (1): www.gamerpower.com:443
2026-09-11 14:47:04,125 - DEBUG - urllib3.connectionpool - https://www.gamerpower.com:443 "GET /api/giveaways?type=game HTTP/1.1" 200 None
2026-09-11 14:47:23,909 - INFO - KGameTracker - ℹ️  ==================================================
2026-09-11 14:47:23,909 - INFO - KGameTracker - ℹ️  K GAME TRACKER - CERRADA
2026-09-11 14:47:23,909 - INFO - KGameTracker - ℹ️  ==================================================
2026-09-11 14:48:09,748 - INFO - KGameTracker - ℹ️  ==================================================
2026-09-11 14:48:09,748 - INFO - KGameTracker - ℹ️  K GAME TRACKER - INICIADA
2026-09-11 14:48:09,748 - INFO - KGameTracker - ℹ️  ==================================================
2026-09-11 14:48:13,945 - DEBUG - urllib3.connectionpool - Starting new HTTPS connection (1): www.gamerpower.com:443
2026-09-11 14:48:14,036 - DEBUG - urllib3.connectionpool - https://www.gamerpower.com:443 "GET /api/giveaways?type=game HTTP/1.1" 200 None
2026-09-11 14:48:27,075 - INFO - KGameTracker - ℹ️  ==================================================
2026-09-11 14:48:27,076 - INFO - KGameTracker - ℹ️  K GAME TRACKER - CERRADA
2026-09-11 14:48:27,076 - INFO - KGameTracker - ℹ️  ==================================================
2026-09-11 15:26:49,227 - INFO - KGameTracker - ℹ️  ==================================================
2026-09-11 15:26:49,227 - INFO - KGameTracker - ℹ️  K GAME TRACKER - INICIADA
2026-09-11 15:26:49,228 - INFO - KGameTracker - ℹ️  ==================================================
2026-09-11 15:26:53,349 - DEBUG - urllib3.connectionpool - Starting new HTTPS connection (1): www.gamerpower.com:443
2026-09-11 15:26:53,518 - DEBUG - urllib3.connectionpool - https://www.gamerpower.com:443 "GET /api/giveaways?type=game HTTP/1.1" 200 None
2026-09-11 15:27:03,363 - INFO - KGameTracker - ℹ️  ==================================================
2026-09-11 15:27:03,363 - INFO - KGameTracker - ℹ️  K GAME TRACKER - CERRADA
2026-09-11 15:27:03,363 - INFO - KGameTracker - ℹ️  ==================================================
2026-09-11 15:28:52,553 - INFO - KGameTracker - ℹ️  ==================================================
2026-09-11 15:28:52,553 - INFO - KGameTracker - ℹ️  K GAME TRACKER - INICIADA
2026-09-11 15:28:52,553 - INFO - KGameTracker - ℹ️  ==================================================
2026-09-11 15:28:57,008 - DEBUG - urllib3.connectionpool - Starting new HTTPS connection (1): www.gamerpower.com:443
2026-09-11 15:28:57,125 - DEBUG - urllib3.connectionpool - https://www.gamerpower.com:443 "GET /api/giveaways?type=game HTTP/1.1" 200 None
2026-09-11 15:29:31,812 - INFO - KGameTracker - ℹ️  ==================================================
2026-09-11 15:29:31,813 - INFO - KGameTracker - ℹ️  K GAME TRACKER - CERRADA
2026-09-11 15:29:31,813 - INFO - KGameTracker - ℹ️  ==================================================
2026-09-11 15:29:48,572 - INFO - KGameTracker - ℹ️  ==================================================
2026-09-11 15:29:48,572 - INFO - KGameTracker - ℹ️  K GAME TRACKER - INICIADA
2026-09-11 15:29:48,572 - INFO - KGameTracker - ℹ️  ==================================================
2026-09-11 15:29:55,823 - DEBUG - urllib3.connectionpool - Starting new HTTPS connection (1): www.gamerpower.com:443
2026-09-11 15:29:55,934 - DEBUG - urllib3.connectionpool - https://www.gamerpower.com:443 "GET /api/giveaways?type=game HTTP/1.1" 200 None
2026-09-11 15:30:09,611 - INFO - KGameTracker - ℹ️  ==================================================
2026-09-11 15:30:09,611 - INFO - KGameTracker - ℹ️  K GAME TRACKER - CERRADA
2026-09-11 15:30:09,611 - INFO - KGameTracker - ℹ️  ==================================================
2026-09-11 15:31:41,701 - INFO - KGameTracker - ℹ️  ==================================================
2026-09-11 15:31:41,701 - INFO - KGameTracker - ℹ️  K GAME TRACKER - INICIADA
2026-09-11 15:31:41,701 - INFO - KGameTracker - ℹ️  ==================================================
2026-09-11 15:31:45,623 - DEBUG - urllib3.connectionpool - Starting new HTTPS connection (1): www.gamerpower.com:443
2026-09-11 15:31:45,753 - DEBUG - urllib3.connectionpool - https://www.gamerpower.com:443 "GET /api/giveaways?type=game HTTP/1.1" 200 None
2026-09-11 15:32:01,475 - INFO - KGameTracker - ℹ️  ==================================================
2026-09-11 15:32:01,475 - INFO - KGameTracker - ℹ️  K GAME TRACKER - CERRADA
2026-09-11 15:32:01,475 - INFO - KGameTracker - ℹ️  ==================================================
2026-09-11 15:32:46,501 - INFO - KGameTracker - ℹ️  ==================================================
2026-09-11 15:32:46,501 - INFO - KGameTracker - ℹ️  K GAME TRACKER - INICIADA
2026-09-11 15:32:46,501 - INFO - KGameTracker - ℹ️  ==================================================
2026-09-11 15:32:50,485 - DEBUG - urllib3.connectionpool - Starting new HTTPS connection (1): www.gamerpower.com:443
2026-09-11 15:32:50,779 - DEBUG - urllib3.connectionpool - https://www.gamerpower.com:443 "GET /api/giveaways?type=game HTTP/1.1" 200 None
2026-09-11 15:33:00,104 - INFO - KGameTracker - ℹ️  ==================================================
2026-09-11 15:33:00,104 - INFO - KGameTracker - ℹ️  K GAME TRACKER - CERRADA
2026-09-11 15:33:00,104 - INFO - KGameTracker - ℹ️  ==================================================
2026-09-11 15:33:54,603 - INFO - KGameTracker - ℹ️  ==================================================
2026-09-11 15:33:54,603 - INFO - KGameTracker - ℹ️  K GAME TRACKER - INICIADA
2026-09-11 15:33:54,603 - INFO - KGameTracker - ℹ️  ==================================================
2026-09-11 15:33:58,571 - DEBUG - urllib3.connectionpool - Starting new HTTPS connection (1): www.gamerpower.com:443
2026-09-11 15:33:58,692 - DEBUG - urllib3.connectionpool - https://www.gamerpower.com:443 "GET /api/giveaways?type=game HTTP/1.1" 200 None
2026-09-11 15:34:07,900 - DEBUG - urllib3.connectionpool - Starting new HTTPS connection (1): www.gamerpower.com:443
2026-09-11 15:34:08,007 - DEBUG - urllib3.connectionpool - https://www.gamerpower.com:443 "GET /api/giveaways?type=game HTTP/1.1" 200 None
2026-09-11 15:34:12,515 - DEBUG - urllib3.connectionpool - Starting new HTTPS connection (1): www.gamerpower.com:443
2026-09-11 15:34:12,635 - DEBUG - urllib3.connectionpool - https://www.gamerpower.com:443 "GET /api/giveaways?type=game HTTP/1.1" 200 None
2026-09-11 15:34:13,553 - INFO - KGameTracker - ℹ️  ==================================================
2026-09-11 15:34:13,554 - INFO - KGameTracker - ℹ️  K GAME TRACKER - CERRADA
2026-09-11 15:34:13,554 - INFO - KGameTracker - ℹ️  ==================================================
2026-09-11 15:34:22,097 - INFO - KGameTracker - ℹ️  ==================================================
2026-09-11 15:34:22,097 - INFO - KGameTracker - ℹ️  K GAME TRACKER - INICIADA
2026-09-11 15:34:22,098 - INFO - KGameTracker - ℹ️  ==================================================
2026-09-11 15:34:27,375 - DEBUG - urllib3.connectionpool - Starting new HTTPS connection (1): www.gamerpower.com:443
2026-09-11 15:34:27,509 - DEBUG - urllib3.connectionpool - https://www.gamerpower.com:443 "GET /api/giveaways?type=game HTTP/1.1" 200 None
2026-09-11 15:34:37,204 - DEBUG - urllib3.connectionpool - Starting new HTTPS connection (1): www.gamerpower.com:443
2026-09-11 15:34:37,305 - DEBUG - urllib3.connectionpool - https://www.gamerpower.com:443 "GET /api/giveaways?type=game HTTP/1.1" 200 None
2026-09-11 15:34:48,181 - INFO - KGameTracker - ℹ️  ==================================================
2026-09-11 15:34:48,181 - INFO - KGameTracker - ℹ️  K GAME TRACKER - CERRADA
2026-09-11 15:34:48,181 - INFO - KGameTracker - ℹ️  ==================================================
2026-09-11 15:36:00,918 - INFO - KGameTracker - ℹ️  ==================================================
2026-09-11 15:36:00,919 - INFO - KGameTracker - ℹ️  K GAME TRACKER - INICIADA
2026-09-11 15:36:00,919 - INFO - KGameTracker - ℹ️  ==================================================
2026-09-11 15:36:04,856 - DEBUG - urllib3.connectionpool - Starting new HTTPS connection (1): www.gamerpower.com:443
2026-09-11 15:36:04,986 - DEBUG - urllib3.connectionpool - https://www.gamerpower.com:443 "GET /api/giveaways?type=game HTTP/1.1" 200 None
2026-09-11 15:36:16,096 - INFO - KGameTracker - ℹ️  ==================================================
2026-09-11 15:36:16,096 - INFO - KGameTracker - ℹ️  K GAME TRACKER - CERRADA
2026-09-11 15:36:16,097 - INFO - KGameTracker - ℹ️  ==================================================
2026-09-11 15:37:24,272 - INFO - KGameTracker - ℹ️  ==================================================
2026-09-11 15:37:24,272 - INFO - KGameTracker - ℹ️  K GAME TRACKER - INICIADA
2026-09-11 15:37:24,272 - INFO - KGameTracker - ℹ️  ==================================================
2026-09-11 15:37:28,085 - DEBUG - urllib3.connectionpool - Starting new HTTPS connection (1): www.gamerpower.com:443
2026-09-11 15:37:28,209 - DEBUG - urllib3.connectionpool - https://www.gamerpower.com:443 "GET /api/giveaways?type=game HTTP/1.1" 200 None
2026-09-11 15:37:44,085 - INFO - KGameTracker - ℹ️  ==================================================
2026-09-11 15:37:44,086 - INFO - KGameTracker - ℹ️  K GAME TRACKER - CERRADA
2026-09-11 15:37:44,086 - INFO - KGameTracker - ℹ️  ==================================================
2026-09-11 15:38:24,217 - INFO - KGameTracker - ℹ️  ==================================================
2026-09-11 15:38:24,217 - INFO - KGameTracker - ℹ️  K GAME TRACKER - INICIADA
2026-09-11 15:38:24,218 - INFO - KGameTracker - ℹ️  ==================================================
2026-09-11 15:38:28,097 - DEBUG - urllib3.connectionpool - Starting new HTTPS connection (1): www.gamerpower.com:443
2026-09-11 15:38:28,250 - DEBUG - urllib3.connectionpool - https://www.gamerpower.com:443 "GET /api/giveaways?type=game HTTP/1.1" 200 None
2026-09-11 15:38:37,164 - INFO - KGameTracker - ℹ️  ==================================================
2026-09-11 15:38:37,165 - INFO - KGameTracker - ℹ️  K GAME TRACKER - CERRADA
2026-09-11 15:38:37,165 - INFO - KGameTracker - ℹ️  ==================================================
2026-09-11 15:39:50,063 - INFO - KGameTracker - ℹ️  ==================================================
2026-09-11 15:39:50,063 - INFO - KGameTracker - ℹ️  K GAME TRACKER - INICIADA
2026-09-11 15:39:50,063 - INFO - KGameTracker - ℹ️  ==================================================
2026-09-11 15:39:54,637 - DEBUG - urllib3.connectionpool - Starting new HTTPS connection (1): www.gamerpower.com:443
2026-09-11 15:39:54,771 - DEBUG - urllib3.connectionpool - https://www.gamerpower.com:443 "GET /api/giveaways?type=game HTTP/1.1" 200 None
2026-09-11 15:40:06,266 - INFO - KGameTracker - ℹ️  ==================================================
2026-09-11 15:40:06,267 - INFO - KGameTracker - ℹ️  K GAME TRACKER - CERRADA
2026-09-11 15:40:06,267 - INFO - KGameTracker - ℹ️  ==================================================
2026-09-11 15:40:49,097 - INFO - KGameTracker - ℹ️  ==================================================
2026-09-11 15:40:49,097 - INFO - KGameTracker - ℹ️  K GAME TRACKER - INICIADA
2026-09-11 15:40:49,097 - INFO - KGameTracker - ℹ️  ==================================================
2026-09-11 15:40:52,857 - DEBUG - urllib3.connectionpool - Starting new HTTPS connection (1): www.gamerpower.com:443
2026-09-11 15:40:52,966 - DEBUG - urllib3.connectionpool - https://www.gamerpower.com:443 "GET /api/giveaways?type=game HTTP/1.1" 200 None
2026-09-11 15:41:06,268 - DEBUG - urllib3.connectionpool - Starting new HTTPS connection (1): www.gamerpower.com:443
2026-09-11 15:41:06,422 - DEBUG - urllib3.connectionpool - https://www.gamerpower.com:443 "GET /api/giveaways?type=game HTTP/1.1" 200 None
2026-09-11 15:41:13,157 - DEBUG - urllib3.connectionpool - Starting new HTTPS connection (1): www.gamerpower.com:443
2026-09-11 15:41:13,269 - DEBUG - urllib3.connectionpool - https://www.gamerpower.com:443 "GET /api/giveaways?type=game HTTP/1.1" 200 None
2026-09-11 15:41:17,348 - DEBUG - urllib3.connectionpool - Starting new HTTPS connection (1): www.gamerpower.com:443
2026-09-11 15:41:17,447 - DEBUG - urllib3.connectionpool - https://www.gamerpower.com:443 "GET /api/giveaways?type=game HTTP/1.1" 200 None
2026-09-11 15:41:23,030 - INFO - KGameTracker - ℹ️  ==================================================
2026-09-11 15:41:23,030 - INFO - KGameTracker - ℹ️  K GAME TRACKER - CERRADA
2026-09-11 15:41:23,030 - INFO - KGameTracker - ℹ️  ==================================================
2026-09-11 15:46:10,079 - INFO - KGameTracker - ℹ️  ==================================================
2026-09-11 15:46:10,079 - INFO - KGameTracker - ℹ️  K GAME TRACKER - INICIADA
2026-09-11 15:46:10,079 - INFO - KGameTracker - ℹ️  ==================================================
2026-09-11 15:46:22,534 - DEBUG - urllib3.connectionpool - Starting new HTTPS connection (1): www.gamerpower.com:443
2026-09-11 15:46:22,636 - DEBUG - urllib3.connectionpool - https://www.gamerpower.com:443 "GET /api/giveaways?type=game HTTP/1.1" 200 None
2026-09-11 15:46:34,519 - DEBUG - urllib3.connectionpool - Starting new HTTPS connection (1): www.gamerpower.com:443
2026-09-11 15:46:34,617 - DEBUG - urllib3.connectionpool - https://www.gamerpower.com:443 "GET /api/giveaways?type=game HTTP/1.1" 200 None
2026-09-11 15:46:49,646 - DEBUG - urllib3.connectionpool - Starting new HTTPS connection (1): www.gamerpower.com:443
2026-09-11 15:46:49,754 - DEBUG - urllib3.connectionpool - https://www.gamerpower.com:443 "GET /api/giveaways?type=game HTTP/1.1" 200 None
2026-09-11 15:46:59,560 - INFO - KGameTracker - ℹ️  ==================================================
2026-09-11 15:46:59,560 - INFO - KGameTracker - ℹ️  K GAME TRACKER - CERRADA
2026-09-11 15:46:59,561 - INFO - KGameTracker - ℹ️  ==================================================
2026-09-11 15:47:59,241 - INFO - KGameTracker - ℹ️  ==================================================
2026-09-11 15:47:59,241 - INFO - KGameTracker - ℹ️  K GAME TRACKER - INICIADA
2026-09-11 15:47:59,241 - INFO - KGameTracker - ℹ️  ==================================================
2026-09-11 15:48:03,512 - DEBUG - urllib3.connectionpool - Starting new HTTPS connection (1): www.gamerpower.com:443
2026-09-11 15:48:03,659 - DEBUG - urllib3.connectionpool - https://www.gamerpower.com:443 "GET /api/giveaways?type=game HTTP/1.1" 200 None
2026-09-11 15:48:14,684 - DEBUG - urllib3.connectionpool - Starting new HTTPS connection (1): www.gamerpower.com:443
2026-09-11 15:48:14,821 - DEBUG - urllib3.connectionpool - https://www.gamerpower.com:443 "GET /api/giveaways?type=game HTTP/1.1" 200 None
2026-09-11 15:48:18,041 - DEBUG - urllib3.connectionpool - Starting new HTTPS connection (1): www.gamerpower.com:443
2026-09-11 15:48:18,160 - DEBUG - urllib3.connectionpool - https://www.gamerpower.com:443 "GET /api/giveaways?type=game HTTP/1.1" 200 None
2026-09-11 15:48:20,818 - DEBUG - urllib3.connectionpool - Starting new HTTPS connection (1): www.gamerpower.com:443
2026-09-11 15:48:20,927 - DEBUG - urllib3.connectionpool - https://www.gamerpower.com:443 "GET /api/giveaways?type=game HTTP/1.1" 200 None
2026-09-11 15:48:31,695 - DEBUG - urllib3.connectionpool - Starting new HTTPS connection (1): www.gamerpower.com:443
2026-09-11 15:48:31,793 - DEBUG - urllib3.connectionpool - https://www.gamerpower.com:443 "GET /api/giveaways?type=game HTTP/1.1" 200 None
2026-09-11 15:48:34,695 - DEBUG - urllib3.connectionpool - Starting new HTTPS connection (1): www.gamerpower.com:443
2026-09-11 15:48:34,809 - DEBUG - urllib3.connectionpool - https://www.gamerpower.com:443 "GET /api/giveaways?type=game HTTP/1.1" 200 None
2026-09-11 15:48:39,227 - INFO - KGameTracker - ℹ️  ==================================================
2026-09-11 15:48:39,227 - INFO - KGameTracker - ℹ️  K GAME TRACKER - CERRADA
2026-09-11 15:48:39,227 - INFO - KGameTracker - ℹ️  ==================================================
2026-09-11 15:50:17,575 - INFO - KGameTracker - ℹ️  ==================================================
2026-09-11 15:50:17,575 - INFO - KGameTracker - ℹ️  K GAME TRACKER - INICIADA
2026-09-11 15:50:17,575 - INFO - KGameTracker - ℹ️  ==================================================
2026-09-11 15:50:21,667 - DEBUG - urllib3.connectionpool - Starting new HTTPS connection (1): www.gamerpower.com:443
2026-09-11 15:50:21,810 - DEBUG - urllib3.connectionpool - https://www.gamerpower.com:443 "GET /api/giveaways?type=game HTTP/1.1" 200 None
2026-09-11 15:50:25,597 - DEBUG - urllib3.connectionpool - Starting new HTTPS connection (1): www.gamerpower.com:443
2026-09-11 15:50:25,696 - DEBUG - urllib3.connectionpool - https://www.gamerpower.com:443 "GET /api/giveaways?type=game HTTP/1.1" 200 None
2026-09-11 15:50:28,733 - INFO - KGameTracker - ℹ️  ==================================================
2026-09-11 15:50:28,733 - INFO - KGameTracker - ℹ️  K GAME TRACKER - CERRADA
2026-09-11 15:50:28,733 - INFO - KGameTracker - ℹ️  ==================================================
2026-09-11 15:52:32,273 - INFO - KGameTracker - ℹ️  ==================================================
2026-09-11 15:52:32,274 - INFO - KGameTracker - ℹ️  K GAME TRACKER - INICIADA
2026-09-11 15:52:32,274 - INFO - KGameTracker - ℹ️  ==================================================
2026-09-11 15:52:36,651 - DEBUG - urllib3.connectionpool - Starting new HTTPS connection (1): www.gamerpower.com:443
2026-09-11 15:52:36,790 - DEBUG - urllib3.connectionpool - https://www.gamerpower.com:443 "GET /api/giveaways?type=game HTTP/1.1" 200 None
2026-09-11 15:52:48,745 - DEBUG - urllib3.connectionpool - Starting new HTTPS connection (1): www.gamerpower.com:443
2026-09-11 15:52:48,846 - DEBUG - urllib3.connectionpool - https://www.gamerpower.com:443 "GET /api/giveaways?type=game HTTP/1.1" 200 None
2026-09-11 15:56:56,407 - INFO - KGameTracker - ℹ️  ==================================================
2026-09-11 15:56:56,408 - INFO - KGameTracker - ℹ️  K GAME TRACKER - CERRADA
2026-09-11 15:56:56,408 - INFO - KGameTracker - ℹ️  ==================================================
2026-09-11 15:57:08,363 - INFO - KGameTracker - ℹ️  ==================================================
2026-09-11 15:57:08,363 - INFO - KGameTracker - ℹ️  K GAME TRACKER - INICIADA
2026-09-11 15:57:08,363 - INFO - KGameTracker - ℹ️  ==================================================
2026-09-11 15:57:12,833 - DEBUG - urllib3.connectionpool - Starting new HTTPS connection (1): www.gamerpower.com:443
2026-09-11 15:57:12,958 - DEBUG - urllib3.connectionpool - https://www.gamerpower.com:443 "GET /api/giveaways?type=game HTTP/1.1" 200 None
2026-09-11 15:57:16,543 - INFO - KGameTracker - ℹ️  ==================================================
2026-09-11 15:57:16,543 - INFO - KGameTracker - ℹ️  K GAME TRACKER - CERRADA
2026-09-11 15:57:16,544 - INFO - KGameTracker - ℹ️  ==================================================
2026-09-11 15:58:10,702 - INFO - KGameTracker - ℹ️  ==================================================
2026-09-11 15:58:10,703 - INFO - KGameTracker - ℹ️  K GAME TRACKER - INICIADA
2026-09-11 15:58:10,703 - INFO - KGameTracker - ℹ️  ==================================================
2026-09-11 15:58:14,355 - DEBUG - urllib3.connectionpool - Starting new HTTPS connection (1): www.gamerpower.com:443
2026-09-11 15:58:14,505 - DEBUG - urllib3.connectionpool - https://www.gamerpower.com:443 "GET /api/giveaways?type=game HTTP/1.1" 200 None
2026-09-11 15:58:17,430 - DEBUG - urllib3.connectionpool - Starting new HTTPS connection (1): www.gamerpower.com:443
2026-09-11 15:58:17,543 - DEBUG - urllib3.connectionpool - https://www.gamerpower.com:443 "GET /api/giveaways?type=game HTTP/1.1" 200 None
2026-09-11 15:58:20,544 - DEBUG - urllib3.connectionpool - Starting new HTTPS connection (1): www.gamerpower.com:443
2026-09-11 15:58:20,650 - DEBUG - urllib3.connectionpool - https://www.gamerpower.com:443 "GET /api/giveaways?type=game HTTP/1.1" 200 None
2026-09-11 15:58:23,777 - DEBUG - urllib3.connectionpool - Starting new HTTPS connection (1): www.gamerpower.com:443
2026-09-11 15:58:23,889 - DEBUG - urllib3.connectionpool - https://www.gamerpower.com:443 "GET /api/giveaways?type=game HTTP/1.1" 200 None
2026-09-11 15:58:27,733 - INFO - KGameTracker - ℹ️  ==================================================
2026-09-11 15:58:27,733 - INFO - KGameTracker - ℹ️  K GAME TRACKER - CERRADA
2026-09-11 15:58:27,733 - INFO - KGameTracker - ℹ️  ==================================================
2026-09-11 16:02:38,119 - INFO - KGameTracker - ℹ️  ==================================================
2026-09-11 16:02:38,119 - INFO - KGameTracker - ℹ️  K GAME TRACKER - INICIADA
2026-09-11 16:02:38,119 - INFO - KGameTracker - ℹ️  ==================================================
2026-09-11 16:02:42,924 - DEBUG - urllib3.connectionpool - Starting new HTTPS connection (1): www.gamerpower.com:443
2026-09-11 16:02:43,061 - DEBUG - urllib3.connectionpool - https://www.gamerpower.com:443 "GET /api/giveaways?type=game HTTP/1.1" 200 None
2026-09-11 16:02:45,117 - INFO - KGameTracker - ℹ️  ==================================================
2026-09-11 16:02:45,118 - INFO - KGameTracker - ℹ️  K GAME TRACKER - CERRADA
2026-09-11 16:02:45,118 - INFO - KGameTracker - ℹ️  ==================================================
2026-09-11 16:05:44,141 - INFO - KGameTracker - ℹ️  ==================================================
2026-09-11 16:05:44,141 - INFO - KGameTracker - ℹ️  K GAME TRACKER - INICIADA
2026-09-11 16:05:44,141 - INFO - KGameTracker - ℹ️  ==================================================
2026-09-11 16:05:48,485 - DEBUG - urllib3.connectionpool - Starting new HTTPS connection (1): www.gamerpower.com:443
2026-09-11 16:05:48,600 - DEBUG - urllib3.connectionpool - https://www.gamerpower.com:443 "GET /api/giveaways?type=game HTTP/1.1" 200 None
2026-09-11 16:05:51,768 - DEBUG - urllib3.connectionpool - Starting new HTTPS connection (1): www.gamerpower.com:443
2026-09-11 16:05:51,869 - DEBUG - urllib3.connectionpool - https://www.gamerpower.com:443 "GET /api/giveaways?type=game HTTP/1.1" 200 None
2026-09-11 16:06:41,391 - INFO - KGameTracker - ℹ️  ==================================================
2026-09-11 16:06:41,391 - INFO - KGameTracker - ℹ️  K GAME TRACKER - CERRADA
2026-09-11 16:06:41,391 - INFO - KGameTracker - ℹ️  ==================================================
2026-09-11 16:07:15,809 - INFO - KGameTracker - ℹ️  ==================================================
2026-09-11 16:07:15,809 - INFO - KGameTracker - ℹ️  K GAME TRACKER - INICIADA
2026-09-11 16:07:15,809 - INFO - KGameTracker - ℹ️  ==================================================
2026-09-11 16:07:20,592 - DEBUG - urllib3.connectionpool - Starting new HTTPS connection (1): www.gamerpower.com:443
2026-09-11 16:07:20,705 - DEBUG - urllib3.connectionpool - https://www.gamerpower.com:443 "GET /api/giveaways?type=game HTTP/1.1" 200 None
2026-09-11 16:07:22,897 - INFO - KGameTracker - ℹ️  ==================================================
2026-09-11 16:07:22,898 - INFO - KGameTracker - ℹ️  K GAME TRACKER - CERRADA
2026-09-11 16:07:22,898 - INFO - KGameTracker - ℹ️  ==================================================
2026-09-11 16:10:14,725 - INFO - KGameTracker - ℹ️  ==================================================
2026-09-11 16:10:14,725 - INFO - KGameTracker - ℹ️  K GAME TRACKER - INICIADA
2026-09-11 16:10:14,725 - INFO - KGameTracker - ℹ️  ==================================================
2026-09-11 16:10:19,608 - DEBUG - urllib3.connectionpool - Starting new HTTPS connection (1): www.gamerpower.com:443
2026-09-11 16:10:19,791 - DEBUG - urllib3.connectionpool - https://www.gamerpower.com:443 "GET /api/giveaways?type=game HTTP/1.1" 200 None
2026-09-11 16:10:30,692 - DEBUG - urllib3.connectionpool - Starting new HTTPS connection (1): www.gamerpower.com:443
2026-09-11 16:10:30,799 - DEBUG - urllib3.connectionpool - https://www.gamerpower.com:443 "GET /api/giveaways?type=game HTTP/1.1" 200 None
2026-09-11 16:10:36,355 - INFO - KGameTracker - ℹ️  ==================================================
2026-09-11 16:10:36,356 - INFO - KGameTracker - ℹ️  K GAME TRACKER - CERRADA
2026-09-11 16:10:36,356 - INFO - KGameTracker - ℹ️  ==================================================
2026-09-11 16:13:32,499 - INFO - KGameTracker - ℹ️  ==================================================
2026-09-11 16:13:32,499 - INFO - KGameTracker - ℹ️  K GAME TRACKER - INICIADA
2026-09-11 16:13:32,499 - INFO - KGameTracker - ℹ️  ==================================================
2026-09-11 16:13:37,183 - DEBUG - urllib3.connectionpool - Starting new HTTPS connection (1): www.gamerpower.com:443
2026-09-11 16:13:37,309 - DEBUG - urllib3.connectionpool - https://www.gamerpower.com:443 "GET /api/giveaways?type=game HTTP/1.1" 200 None
2026-09-11 16:13:40,438 - DEBUG - urllib3.connectionpool - Starting new HTTPS connection (1): www.gamerpower.com:443
2026-09-11 16:13:40,522 - DEBUG - urllib3.connectionpool - https://www.gamerpower.com:443 "GET /api/giveaways?type=game HTTP/1.1" 200 None
2026-09-11 16:14:02,298 - DEBUG - urllib3.connectionpool - Starting new HTTPS connection (1): www.gamerpower.com:443
2026-09-11 16:14:02,406 - DEBUG - urllib3.connectionpool - https://www.gamerpower.com:443 "GET /api/giveaways?type=game HTTP/1.1" 200 None
2026-09-11 16:14:06,920 - INFO - KGameTracker - ℹ️  ==================================================
2026-09-11 16:14:06,920 - INFO - KGameTracker - ℹ️  K GAME TRACKER - CERRADA
2026-09-11 16:14:06,920 - INFO - KGameTracker - ℹ️  ==================================================
2026-09-11 16:18:33,737 - INFO - KGameTracker - ℹ️  ==================================================
2026-09-11 16:18:33,738 - INFO - KGameTracker - ℹ️  K GAME TRACKER - INICIADA
2026-09-11 16:18:33,738 - INFO - KGameTracker - ℹ️  ==================================================
2026-09-11 16:18:37,680 - DEBUG - urllib3.connectionpool - Starting new HTTPS connection (1): www.gamerpower.com:443
2026-09-11 16:18:37,805 - DEBUG - urllib3.connectionpool - https://www.gamerpower.com:443 "GET /api/giveaways?type=game HTTP/1.1" 200 None
2026-09-11 16:18:39,397 - INFO - KGameTracker - ℹ️  ==================================================
2026-09-11 16:18:39,397 - INFO - KGameTracker - ℹ️  K GAME TRACKER - CERRADA
2026-09-11 16:18:39,398 - INFO - KGameTracker - ℹ️  ==================================================
2026-09-11 16:20:05,691 - INFO - KGameTracker - ℹ️  ==================================================
2026-09-11 16:20:05,691 - INFO - KGameTracker - ℹ️  K GAME TRACKER - INICIADA
2026-09-11 16:20:05,691 - INFO - KGameTracker - ℹ️  ==================================================
2026-09-11 16:20:09,793 - DEBUG - urllib3.connectionpool - Starting new HTTPS connection (1): www.gamerpower.com:443
2026-09-11 16:20:09,908 - DEBUG - urllib3.connectionpool - https://www.gamerpower.com:443 "GET /api/giveaways?type=game HTTP/1.1" 200 None
2026-09-11 16:20:13,564 - INFO - KGameTracker - ℹ️  ==================================================
2026-09-11 16:20:13,566 - INFO - KGameTracker - ℹ️  K GAME TRACKER - CERRADA
2026-09-11 16:20:13,566 - INFO - KGameTracker - ℹ️  ==================================================
2026-09-11 16:21:21,032 - INFO - KGameTracker - ℹ️  ==================================================
2026-09-11 16:21:21,032 - INFO - KGameTracker - ℹ️  K GAME TRACKER - INICIADA
2026-09-11 16:21:21,032 - INFO - KGameTracker - ℹ️  ==================================================
2026-09-11 16:21:24,602 - DEBUG - urllib3.connectionpool - Starting new HTTPS connection (1): www.gamerpower.com:443
2026-09-11 16:21:24,766 - DEBUG - urllib3.connectionpool - https://www.gamerpower.com:443 "GET /api/giveaways?type=game HTTP/1.1" 200 None
2026-09-11 16:21:26,040 - INFO - KGameTracker - ℹ️  ==================================================
2026-09-11 16:21:26,040 - INFO - KGameTracker - ℹ️  K GAME TRACKER - CERRADA
2026-09-11 16:21:26,040 - INFO - KGameTracker - ℹ️  ==================================================
2026-09-11 16:22:43,400 - INFO - KGameTracker - ℹ️  ==================================================
2026-09-11 16:22:43,400 - INFO - KGameTracker - ℹ️  K GAME TRACKER - INICIADA
2026-09-11 16:22:43,400 - INFO - KGameTracker - ℹ️  ==================================================
2026-09-11 16:22:47,217 - DEBUG - urllib3.connectionpool - Starting new HTTPS connection (1): www.gamerpower.com:443
2026-09-11 16:22:47,356 - DEBUG - urllib3.connectionpool - https://www.gamerpower.com:443 "GET /api/giveaways?type=game HTTP/1.1" 200 None
2026-09-11 16:22:48,290 - INFO - KGameTracker - ℹ️  ==================================================
2026-09-11 16:22:48,291 - INFO - KGameTracker - ℹ️  K GAME TRACKER - CERRADA
2026-09-11 16:22:48,291 - INFO - KGameTracker - ℹ️  ==================================================
2026-09-11 16:23:08,453 - INFO - KGameTracker - ℹ️  ==================================================
2026-09-11 16:23:08,454 - INFO - KGameTracker - ℹ️  K GAME TRACKER - INICIADA
2026-09-11 16:23:08,454 - INFO - KGameTracker - ℹ️  ==================================================
2026-09-11 16:23:12,310 - DEBUG - urllib3.connectionpool - Starting new HTTPS connection (1): www.gamerpower.com:443
2026-09-11 16:23:12,427 - DEBUG - urllib3.connectionpool - https://www.gamerpower.com:443 "GET /api/giveaways?type=game HTTP/1.1" 200 None
2026-09-11 16:23:13,630 - INFO - KGameTracker - ℹ️  ==================================================
2026-09-11 16:23:13,631 - INFO - KGameTracker - ℹ️  K GAME TRACKER - CERRADA
2026-09-11 16:23:13,631 - INFO - KGameTracker - ℹ️  ==================================================
2026-09-11 16:23:36,864 - INFO - KGameTracker - ℹ️  ==================================================
2026-09-11 16:23:36,864 - INFO - KGameTracker - ℹ️  K GAME TRACKER - INICIADA
2026-09-11 16:23:36,864 - INFO - KGameTracker - ℹ️  ==================================================
2026-09-11 16:23:41,992 - DEBUG - urllib3.connectionpool - Starting new HTTPS connection (1): www.gamerpower.com:443
2026-09-11 16:23:42,133 - DEBUG - urllib3.connectionpool - https://www.gamerpower.com:443 "GET /api/giveaways?type=game HTTP/1.1" 200 None
2026-09-11 16:23:51,911 - INFO - KGameTracker - ℹ️  ==================================================
2026-09-11 16:23:51,912 - INFO - KGameTracker - ℹ️  K GAME TRACKER - CERRADA
2026-09-11 16:23:51,912 - INFO - KGameTracker - ℹ️  ==================================================
2026-09-11 16:25:05,531 - INFO - KGameTracker - ℹ️  ==================================================
2026-09-11 16:25:05,531 - INFO - KGameTracker - ℹ️  K GAME TRACKER - INICIADA
2026-09-11 16:25:05,531 - INFO - KGameTracker - ℹ️  ==================================================
2026-09-11 16:25:09,732 - DEBUG - urllib3.connectionpool - Starting new HTTPS connection (1): www.gamerpower.com:443
2026-09-11 16:25:09,851 - DEBUG - urllib3.connectionpool - https://www.gamerpower.com:443 "GET /api/giveaways?type=game HTTP/1.1" 200 None
2026-09-11 16:25:13,297 - DEBUG - urllib3.connectionpool - Starting new HTTPS connection (1): www.gamerpower.com:443
2026-09-11 16:25:13,405 - DEBUG - urllib3.connectionpool - https://www.gamerpower.com:443 "GET /api/giveaways?type=game HTTP/1.1" 200 None
2026-09-11 16:25:18,110 - DEBUG - urllib3.connectionpool - Starting new HTTPS connection (1): www.gamerpower.com:443
2026-09-11 16:25:18,202 - DEBUG - urllib3.connectionpool - https://www.gamerpower.com:443 "GET /api/giveaways?type=game HTTP/1.1" 200 None
2026-09-11 16:25:20,491 - DEBUG - urllib3.connectionpool - Starting new HTTPS connection (1): www.gamerpower.com:443
2026-09-11 16:25:20,595 - DEBUG - urllib3.connectionpool - https://www.gamerpower.com:443 "GET /api/giveaways?type=game HTTP/1.1" 200 None
2026-09-11 16:25:24,821 - INFO - KGameTracker - ℹ️  ==================================================
2026-09-11 16:25:24,821 - INFO - KGameTracker - ℹ️  K GAME TRACKER - CERRADA
2026-09-11 16:25:24,821 - INFO - KGameTracker - ℹ️  ==================================================
2026-09-11 16:26:00,314 - INFO - KGameTracker - ℹ️  ==================================================
2026-09-11 16:26:00,314 - INFO - KGameTracker - ℹ️  K GAME TRACKER - INICIADA
2026-09-11 16:26:00,315 - INFO - KGameTracker - ℹ️  ==================================================
2026-09-11 16:26:03,856 - DEBUG - urllib3.connectionpool - Starting new HTTPS connection (1): www.gamerpower.com:443
2026-09-11 16:26:04,013 - DEBUG - urllib3.connectionpool - https://www.gamerpower.com:443 "GET /api/giveaways?type=game HTTP/1.1" 200 None
2026-09-11 16:26:05,218 - INFO - KGameTracker - ℹ️  ==================================================
2026-09-11 16:26:05,218 - INFO - KGameTracker - ℹ️  K GAME TRACKER - CERRADA
2026-09-11 16:26:05,218 - INFO - KGameTracker - ℹ️  ==================================================
2026-09-11 16:36:53,389 - INFO - KGameTracker - ℹ️  ==================================================
2026-09-11 16:36:53,389 - INFO - KGameTracker - ℹ️  K GAME TRACKER - INICIADA
2026-09-11 16:36:53,389 - INFO - KGameTracker - ℹ️  ==================================================
2026-09-11 16:36:57,580 - DEBUG - urllib3.connectionpool - Starting new HTTPS connection (1): www.gamerpower.com:443
2026-09-11 16:36:57,712 - DEBUG - urllib3.connectionpool - https://www.gamerpower.com:443 "GET /api/giveaways?type=game HTTP/1.1" 200 None
2026-09-11 16:37:01,442 - DEBUG - urllib3.connectionpool - Starting new HTTPS connection (1): www.gamerpower.com:443
2026-09-11 16:37:01,555 - DEBUG - urllib3.connectionpool - https://www.gamerpower.com:443 "GET /api/giveaways?type=game HTTP/1.1" 200 None
2026-09-11 16:37:19,561 - DEBUG - urllib3.connectionpool - Starting new HTTPS connection (1): www.gamerpower.com:443
2026-09-11 16:37:19,679 - DEBUG - urllib3.connectionpool - https://www.gamerpower.com:443 "GET /api/giveaways?type=game HTTP/1.1" 200 None
2026-09-11 16:37:28,298 - DEBUG - urllib3.connectionpool - Starting new HTTPS connection (1): www.gamerpower.com:443
2026-09-11 16:37:28,402 - DEBUG - urllib3.connectionpool - https://www.gamerpower.com:443 "GET /api/giveaways?type=game HTTP/1.1" 200 None
2026-09-11 16:37:51,249 - INFO - KGameTracker - ℹ️  ==================================================
2026-09-11 16:37:51,250 - INFO - KGameTracker - ℹ️  K GAME TRACKER - CERRADA
2026-09-11 16:37:51,250 - INFO - KGameTracker - ℹ️  ==================================================
2026-09-11 16:51:55,505 - INFO - KGameTracker - ℹ️  ==================================================
2026-09-11 16:51:55,505 - INFO - KGameTracker - ℹ️  K GAME TRACKER - INICIADA
2026-09-11 16:51:55,506 - INFO - KGameTracker - ℹ️  ==================================================
2026-09-11 16:52:09,736 - INFO - KGameTracker - ℹ️  ==================================================
2026-09-11 16:52:09,736 - INFO - KGameTracker - ℹ️  K GAME TRACKER - CERRADA
2026-09-11 16:52:09,736 - INFO - KGameTracker - ℹ️  ==================================================
2026-09-11 16:53:00,252 - INFO - KGameTracker - ℹ️  ==================================================
2026-09-11 16:53:00,252 - INFO - KGameTracker - ℹ️  K GAME TRACKER - INICIADA
2026-09-11 16:53:00,252 - INFO - KGameTracker - ℹ️  ==================================================
2026-09-11 16:53:04,104 - DEBUG - urllib3.connectionpool - Starting new HTTPS connection (1): www.gamerpower.com:443
2026-09-11 16:53:04,241 - DEBUG - urllib3.connectionpool - https://www.gamerpower.com:443 "GET /api/giveaways?type=game HTTP/1.1" 200 None
2026-09-11 16:53:07,225 - INFO - KGameTracker - ℹ️  ==================================================
2026-09-11 16:53:07,225 - INFO - KGameTracker - ℹ️  K GAME TRACKER - CERRADA
2026-09-11 16:53:07,226 - INFO - KGameTracker - ℹ️  ==================================================
2026-09-11 16:56:54,583 - INFO - KGameTracker - ℹ️  ==================================================
2026-09-11 16:56:54,583 - INFO - KGameTracker - ℹ️  K GAME TRACKER - INICIADA
2026-09-11 16:56:54,583 - INFO - KGameTracker - ℹ️  ==================================================
2026-09-11 16:56:58,750 - DEBUG - urllib3.connectionpool - Starting new HTTPS connection (1): www.gamerpower.com:443
2026-09-11 16:56:58,863 - DEBUG - urllib3.connectionpool - https://www.gamerpower.com:443 "GET /api/giveaways?type=game HTTP/1.1" 200 None
2026-09-11 16:57:00,788 - INFO - KGameTracker - ℹ️  ==================================================
2026-09-11 16:57:00,788 - INFO - KGameTracker - ℹ️  K GAME TRACKER - CERRADA
2026-09-11 16:57:00,788 - INFO - KGameTracker - ℹ️  ==================================================
2026-09-11 16:58:23,055 - INFO - KGameTracker - ℹ️  ==================================================
2026-09-11 16:58:23,055 - INFO - KGameTracker - ℹ️  K GAME TRACKER - INICIADA
2026-09-11 16:58:23,055 - INFO - KGameTracker - ℹ️  ==================================================
2026-09-11 16:58:26,832 - DEBUG - urllib3.connectionpool - Starting new HTTPS connection (1): www.gamerpower.com:443
2026-09-11 16:58:26,984 - DEBUG - urllib3.connectionpool - https://www.gamerpower.com:443 "GET /api/giveaways?type=game HTTP/1.1" 200 None
2026-09-11 16:59:07,211 - INFO - KGameTracker - ℹ️  ==================================================
2026-09-11 16:59:07,212 - INFO - KGameTracker - ℹ️  K GAME TRACKER - CERRADA
2026-09-11 16:59:07,212 - INFO - KGameTracker - ℹ️  ==================================================
2026-09-11 17:01:15,517 - INFO - KGameTracker - ℹ️  ==================================================
2026-09-11 17:01:15,518 - INFO - KGameTracker - ℹ️  K GAME TRACKER - INICIADA
2026-09-11 17:01:15,518 - INFO - KGameTracker - ℹ️  ==================================================
2026-09-11 17:01:19,301 - DEBUG - urllib3.connectionpool - Starting new HTTPS connection (1): www.gamerpower.com:443
2026-09-11 17:01:19,428 - DEBUG - urllib3.connectionpool - https://www.gamerpower.com:443 "GET /api/giveaways?type=game HTTP/1.1" 200 None
2026-09-11 17:01:22,292 - DEBUG - urllib3.connectionpool - Starting new HTTPS connection (1): www.gamerpower.com:443
2026-09-11 17:01:22,405 - DEBUG - urllib3.connectionpool - https://www.gamerpower.com:443 "GET /api/giveaways?type=game HTTP/1.1" 200 None
2026-09-11 17:01:39,496 - INFO - KGameTracker - ℹ️  ==================================================
2026-09-11 17:01:39,496 - INFO - KGameTracker - ℹ️  K GAME TRACKER - CERRADA
2026-09-11 17:01:39,496 - INFO - KGameTracker - ℹ️  ==================================================
2026-09-11 17:03:29,929 - INFO - KGameTracker - ℹ️  ==================================================
2026-09-11 17:03:29,929 - INFO - KGameTracker - ℹ️  K GAME TRACKER - INICIADA
2026-09-11 17:03:29,929 - INFO - KGameTracker - ℹ️  ==================================================
2026-09-11 17:03:34,121 - DEBUG - urllib3.connectionpool - Starting new HTTPS connection (1): www.gamerpower.com:443
2026-09-11 17:03:34,258 - DEBUG - urllib3.connectionpool - https://www.gamerpower.com:443 "GET /api/giveaways?type=game HTTP/1.1" 200 None
2026-09-11 17:03:43,813 - DEBUG - urllib3.connectionpool - Starting new HTTPS connection (1): www.gamerpower.com:443
2026-09-11 17:03:43,923 - DEBUG - urllib3.connectionpool - https://www.gamerpower.com:443 "GET /api/giveaways?type=game HTTP/1.1" 200 None
2026-09-11 17:03:52,330 - DEBUG - urllib3.connectionpool - Starting new HTTPS connection (1): www.gamerpower.com:443
2026-09-11 17:03:52,434 - DEBUG - urllib3.connectionpool - https://www.gamerpower.com:443 "GET /api/giveaways?type=game HTTP/1.1" 200 None
2026-09-11 17:04:04,864 - INFO - KGameTracker - ℹ️  ==================================================
2026-09-11 17:04:04,865 - INFO - KGameTracker - ℹ️  K GAME TRACKER - CERRADA
2026-09-11 17:04:04,865 - INFO - KGameTracker - ℹ️  ==================================================
2026-09-11 17:37:08,806 - INFO - KGameTracker - ℹ️  ==================================================
2026-09-11 17:37:08,806 - INFO - KGameTracker - ℹ️  K GAME TRACKER - INICIADA
2026-09-11 17:37:08,806 - INFO - KGameTracker - ℹ️  ==================================================
2026-09-11 17:37:14,027 - DEBUG - urllib3.connectionpool - Starting new HTTPS connection (1): www.gamerpower.com:443
2026-09-11 17:37:14,337 - DEBUG - urllib3.connectionpool - https://www.gamerpower.com:443 "GET /api/giveaways?type=game HTTP/1.1" 200 None
2026-09-11 17:37:16,039 - INFO - KGameTracker - ℹ️  ==================================================
2026-09-11 17:37:16,039 - INFO - KGameTracker - ℹ️  K GAME TRACKER - CERRADA
2026-09-11 17:37:16,039 - INFO - KGameTracker - ℹ️  ==================================================
2026-09-11 17:45:00,745 - INFO - KGameTracker - ℹ️  ==================================================
2026-09-11 17:45:00,745 - INFO - KGameTracker - ℹ️  K GAME TRACKER - INICIADA
2026-09-11 17:45:00,746 - INFO - KGameTracker - ℹ️  ==================================================
2026-09-11 17:45:07,395 - DEBUG - urllib3.connectionpool - Starting new HTTPS connection (1): www.gamerpower.com:443
2026-09-11 17:45:07,539 - DEBUG - urllib3.connectionpool - https://www.gamerpower.com:443 "GET /api/giveaways?type=game HTTP/1.1" 200 None
2026-09-11 17:45:10,692 - DEBUG - urllib3.connectionpool - Starting new HTTPS connection (1): www.gamerpower.com:443
2026-09-11 17:45:10,790 - DEBUG - urllib3.connectionpool - https://www.gamerpower.com:443 "GET /api/giveaways?type=game HTTP/1.1" 200 None
2026-09-11 17:45:13,562 - DEBUG - urllib3.connectionpool - Starting new HTTPS connection (1): www.gamerpower.com:443
2026-09-11 17:45:13,647 - DEBUG - urllib3.connectionpool - https://www.gamerpower.com:443 "GET /api/giveaways?type=game HTTP/1.1" 200 None
2026-09-11 17:45:24,855 - INFO - KGameTracker - ℹ️  ==================================================
2026-09-11 17:45:24,855 - INFO - KGameTracker - ℹ️  K GAME TRACKER - CERRADA
2026-09-11 17:45:24,855 - INFO - KGameTracker - ℹ️  ==================================================
2026-09-11 18:07:06,189 - INFO - KGameTracker - ℹ️  ==================================================
2026-09-11 18:07:06,199 - INFO - KGameTracker - ℹ️  K GAME TRACKER - INICIADA
2026-09-11 18:07:06,200 - INFO - KGameTracker - ℹ️  ==================================================
2026-09-11 18:07:11,863 - DEBUG - urllib3.connectionpool - Starting new HTTPS connection (1): www.gamerpower.com:443
2026-09-11 18:07:12,082 - DEBUG - urllib3.connectionpool - https://www.gamerpower.com:443 "GET /api/giveaways?type=game HTTP/1.1" 200 None
2026-09-11 18:07:49,125 - INFO - KGameTracker - ℹ️  ==================================================
2026-09-11 18:07:49,126 - INFO - KGameTracker - ℹ️  K GAME TRACKER - CERRADA
2026-09-11 18:07:49,126 - INFO - KGameTracker - ℹ️  ==================================================
2026-09-11 18:16:25,503 - INFO - KGameTracker - ℹ️  ==================================================
2026-09-11 18:16:25,504 - INFO - KGameTracker - ℹ️  K GAME TRACKER - INICIADA
2026-09-11 18:16:25,504 - INFO - KGameTracker - ℹ️  ==================================================
2026-09-11 18:16:29,552 - DEBUG - urllib3.connectionpool - Starting new HTTPS connection (1): www.gamerpower.com:443
2026-09-11 18:16:29,736 - DEBUG - urllib3.connectionpool - https://www.gamerpower.com:443 "GET /api/giveaways?type=game HTTP/1.1" 200 None
2026-09-11 18:16:32,081 - DEBUG - urllib3.connectionpool - Starting new HTTPS connection (1): www.gamerpower.com:443
2026-09-11 18:16:32,269 - DEBUG - urllib3.connectionpool - https://www.gamerpower.com:443 "GET /api/giveaways?type=game HTTP/1.1" 200 None
2026-09-11 18:16:34,057 - INFO - KGameTracker - ℹ️  ==================================================
2026-09-11 18:16:34,058 - INFO - KGameTracker - ℹ️  K GAME TRACKER - CERRADA
2026-09-11 18:16:34,058 - INFO - KGameTracker - ℹ️  ==================================================
2026-09-11 18:16:38,003 - INFO - KGameTracker - ℹ️  ==================================================
2026-09-11 18:16:38,003 - INFO - KGameTracker - ℹ️  K GAME TRACKER - INICIADA
2026-09-11 18:16:38,003 - INFO - KGameTracker - ℹ️  ==================================================
2026-09-11 18:16:41,760 - DEBUG - urllib3.connectionpool - Starting new HTTPS connection (1): www.gamerpower.com:443
2026-09-11 18:16:41,879 - DEBUG - urllib3.connectionpool - https://www.gamerpower.com:443 "GET /api/giveaways?type=game HTTP/1.1" 200 None
2026-09-11 18:16:47,182 - INFO - KGameTracker - ℹ️  ==================================================
2026-09-11 18:16:47,182 - INFO - KGameTracker - ℹ️  K GAME TRACKER - CERRADA
2026-09-11 18:16:47,183 - INFO - KGameTracker - ℹ️  ==================================================
2026-09-11 18:19:25,937 - INFO - KGameTracker - ℹ️  ==================================================
2026-09-11 18:19:25,937 - INFO - KGameTracker - ℹ️  K GAME TRACKER - INICIADA
2026-09-11 18:19:25,937 - INFO - KGameTracker - ℹ️  ==================================================
2026-09-11 18:19:30,030 - DEBUG - urllib3.connectionpool - Starting new HTTPS connection (1): www.gamerpower.com:443
2026-09-11 18:19:30,155 - DEBUG - urllib3.connectionpool - https://www.gamerpower.com:443 "GET /api/giveaways?type=game HTTP/1.1" 200 None
2026-09-11 18:19:31,637 - INFO - KGameTracker - ℹ️  ==================================================
2026-09-11 18:19:31,637 - INFO - KGameTracker - ℹ️  K GAME TRACKER - CERRADA
2026-09-11 18:19:31,638 - INFO - KGameTracker - ℹ️  ==================================================
2026-09-11 18:21:42,925 - INFO - KGameTracker - ℹ️  ==================================================
2026-09-11 18:21:42,925 - INFO - KGameTracker - ℹ️  K GAME TRACKER - INICIADA
2026-09-11 18:21:42,925 - INFO - KGameTracker - ℹ️  ==================================================
2026-09-11 18:21:46,934 - DEBUG - urllib3.connectionpool - Starting new HTTPS connection (1): www.gamerpower.com:443
2026-09-11 18:21:47,065 - DEBUG - urllib3.connectionpool - https://www.gamerpower.com:443 "GET /api/giveaways?type=game HTTP/1.1" 200 None
2026-09-11 18:21:50,091 - DEBUG - urllib3.connectionpool - Starting new HTTPS connection (1): www.gamerpower.com:443
2026-09-11 18:21:50,197 - DEBUG - urllib3.connectionpool - https://www.gamerpower.com:443 "GET /api/giveaways?type=game HTTP/1.1" 200 None
2026-09-11 18:21:53,560 - INFO - KGameTracker - ℹ️  ==================================================
2026-09-11 18:21:53,561 - INFO - KGameTracker - ℹ️  K GAME TRACKER - CERRADA
2026-09-11 18:21:53,561 - INFO - KGameTracker - ℹ️  ==================================================
2026-09-11 18:22:37,120 - INFO - KGameTracker - ℹ️  ==================================================
2026-09-11 18:22:37,121 - INFO - KGameTracker - ℹ️  K GAME TRACKER - INICIADA
2026-09-11 18:22:37,121 - INFO - KGameTracker - ℹ️  ==================================================
2026-09-11 18:22:41,061 - DEBUG - urllib3.connectionpool - Starting new HTTPS connection (1): www.gamerpower.com:443
2026-09-11 18:22:41,190 - DEBUG - urllib3.connectionpool - https://www.gamerpower.com:443 "GET /api/giveaways?type=game HTTP/1.1" 200 None
2026-09-11 18:22:44,767 - INFO - KGameTracker - ℹ️  ==================================================
2026-09-11 18:22:44,768 - INFO - KGameTracker - ℹ️  K GAME TRACKER - CERRADA
2026-09-11 18:22:44,768 - INFO - KGameTracker - ℹ️  ==================================================
2026-09-11 18:23:09,758 - INFO - KGameTracker - ℹ️  ==================================================
2026-09-11 18:23:09,758 - INFO - KGameTracker - ℹ️  K GAME TRACKER - INICIADA
2026-09-11 18:23:09,758 - INFO - KGameTracker - ℹ️  ==================================================
2026-09-11 18:23:13,903 - DEBUG - urllib3.connectionpool - Starting new HTTPS connection (1): www.gamerpower.com:443
2026-09-11 18:23:14,015 - DEBUG - urllib3.connectionpool - https://www.gamerpower.com:443 "GET /api/giveaways?type=game HTTP/1.1" 200 None
2026-09-11 18:23:23,978 - INFO - KGameTracker - ℹ️  ==================================================
2026-09-11 18:23:23,979 - INFO - KGameTracker - ℹ️  K GAME TRACKER - CERRADA
2026-09-11 18:23:23,979 - INFO - KGameTracker - ℹ️  ==================================================
2026-09-11 18:25:26,993 - INFO - KGameTracker - ℹ️  ==================================================
2026-09-11 18:25:26,993 - INFO - KGameTracker - ℹ️  K GAME TRACKER - INICIADA
2026-09-11 18:25:26,994 - INFO - KGameTracker - ℹ️  ==================================================
2026-09-11 18:25:31,033 - DEBUG - urllib3.connectionpool - Starting new HTTPS connection (1): www.gamerpower.com:443
2026-09-11 18:25:31,164 - DEBUG - urllib3.connectionpool - https://www.gamerpower.com:443 "GET /api/giveaways?type=game HTTP/1.1" 200 None
2026-09-11 18:25:40,891 - INFO - KGameTracker - ℹ️  ==================================================
2026-09-11 18:25:40,892 - INFO - KGameTracker - ℹ️  K GAME TRACKER - CERRADA
2026-09-11 18:25:40,892 - INFO - KGameTracker - ℹ️  ==================================================
2026-09-11 18:30:36,312 - INFO - KGameTracker - ℹ️  ==================================================
2026-09-11 18:30:36,312 - INFO - KGameTracker - ℹ️  K GAME TRACKER - INICIADA
2026-09-11 18:30:36,312 - INFO - KGameTracker - ℹ️  ==================================================
2026-09-11 18:30:40,475 - DEBUG - urllib3.connectionpool - Starting new HTTPS connection (1): www.gamerpower.com:443
2026-09-11 18:30:40,760 - DEBUG - urllib3.connectionpool - https://www.gamerpower.com:443 "GET /api/giveaways?type=game HTTP/1.1" 200 None
2026-09-11 18:30:44,371 - DEBUG - urllib3.connectionpool - Starting new HTTPS connection (1): www.gamerpower.com:443
2026-09-11 18:30:44,452 - DEBUG - urllib3.connectionpool - https://www.gamerpower.com:443 "GET /api/giveaways?type=game HTTP/1.1" 200 None
2026-09-11 18:31:52,462 - INFO - KGameTracker - ℹ️  ==================================================
2026-09-11 18:31:52,463 - INFO - KGameTracker - ℹ️  K GAME TRACKER - CERRADA
2026-09-11 18:31:52,463 - INFO - KGameTracker - ℹ️  ==================================================
2026-09-11 18:32:10,108 - INFO - KGameTracker - ℹ️  ==================================================
2026-09-11 18:32:10,108 - INFO - KGameTracker - ℹ️  K GAME TRACKER - INICIADA
2026-09-11 18:32:10,108 - INFO - KGameTracker - ℹ️  ==================================================
2026-09-11 18:32:14,050 - DEBUG - urllib3.connectionpool - Starting new HTTPS connection (1): www.gamerpower.com:443
2026-09-11 18:32:14,145 - DEBUG - urllib3.connectionpool - https://www.gamerpower.com:443 "GET /api/giveaways?type=game HTTP/1.1" 200 None
2026-09-11 18:33:17,526 - INFO - KGameTracker - ℹ️  ==================================================
2026-09-11 18:33:17,526 - INFO - KGameTracker - ℹ️  K GAME TRACKER - CERRADA
2026-09-11 18:33:17,526 - INFO - KGameTracker - ℹ️  ==================================================
2026-09-11 18:46:11,411 - INFO - KGameTracker - ℹ️  ==================================================
2026-09-11 18:46:11,411 - INFO - KGameTracker - ℹ️  K GAME TRACKER - INICIADA
2026-09-11 18:46:11,411 - INFO - KGameTracker - ℹ️  ==================================================
2026-09-11 18:46:15,703 - DEBUG - urllib3.connectionpool - Starting new HTTPS connection (1): www.gamerpower.com:443
2026-09-11 18:46:15,884 - DEBUG - urllib3.connectionpool - https://www.gamerpower.com:443 "GET /api/giveaways?type=game HTTP/1.1" 200 None
2026-09-11 18:46:19,633 - INFO - KGameTracker - ℹ️  ==================================================
2026-09-11 18:46:19,633 - INFO - KGameTracker - ℹ️  K GAME TRACKER - CERRADA
2026-09-11 18:46:19,634 - INFO - KGameTracker - ℹ️  ==================================================
2026-09-11 18:55:00,592 - INFO - KGameTracker - ℹ️  ==================================================
2026-09-11 18:55:00,592 - INFO - KGameTracker - ℹ️  K GAME TRACKER - INICIADA
2026-09-11 18:55:00,592 - INFO - KGameTracker - ℹ️  ==================================================
2026-09-11 18:55:04,768 - DEBUG - urllib3.connectionpool - Starting new HTTPS connection (1): www.gamerpower.com:443
2026-09-11 18:55:04,894 - DEBUG - urllib3.connectionpool - https://www.gamerpower.com:443 "GET /api/giveaways?type=game HTTP/1.1" 200 None
2026-09-11 18:55:08,692 - INFO - KGameTracker - ℹ️  ==================================================
2026-09-11 18:55:08,693 - INFO - KGameTracker - ℹ️  K GAME TRACKER - CERRADA
2026-09-11 18:55:08,694 - INFO - KGameTracker - ℹ️  ==================================================
2026-09-11 19:15:40,825 - INFO - KGameTracker - ℹ️  ==================================================
2026-09-11 19:15:40,838 - INFO - KGameTracker - ℹ️  K GAME TRACKER - INICIADA
2026-09-11 19:15:40,838 - INFO - KGameTracker - ℹ️  ==================================================
2026-09-11 19:15:45,274 - DEBUG - urllib3.connectionpool - Starting new HTTPS connection (1): www.gamerpower.com:443
2026-09-11 19:15:45,414 - DEBUG - urllib3.connectionpool - https://www.gamerpower.com:443 "GET /api/giveaways?type=game HTTP/1.1" 200 None
2026-09-11 19:15:51,141 - INFO - KGameTracker - ℹ️  ==================================================
2026-09-11 19:15:51,142 - INFO - KGameTracker - ℹ️  K GAME TRACKER - CERRADA
2026-09-11 19:15:51,142 - INFO - KGameTracker - ℹ️  ==================================================
2026-09-11 19:30:46,043 - INFO - KGameTracker - ℹ️  ==================================================
2026-09-11 19:30:46,060 - INFO - KGameTracker - ℹ️  K GAME TRACKER - INICIADA
2026-09-11 19:30:46,060 - INFO - KGameTracker - ℹ️  ==================================================
2026-09-11 19:30:51,130 - DEBUG - urllib3.connectionpool - Starting new HTTPS connection (1): www.gamerpower.com:443
2026-09-11 19:30:51,333 - DEBUG - urllib3.connectionpool - https://www.gamerpower.com:443 "GET /api/giveaways?type=game HTTP/1.1" 200 None
2026-09-11 19:31:06,617 - DEBUG - urllib3.connectionpool - Starting new HTTPS connection (1): www.gamerpower.com:443
2026-09-11 19:31:06,727 - DEBUG - urllib3.connectionpool - https://www.gamerpower.com:443 "GET /api/giveaways?type=game HTTP/1.1" 200 None
2026-09-11 19:31:22,480 - INFO - KGameTracker - ℹ️  ==================================================
2026-09-11 19:31:22,481 - INFO - KGameTracker - ℹ️  K GAME TRACKER - CERRADA
2026-09-11 19:31:22,481 - INFO - KGameTracker - ℹ️  ==================================================
2026-09-11 19:32:06,471 - INFO - KGameTracker - ℹ️  ==================================================
2026-09-11 19:32:06,472 - INFO - KGameTracker - ℹ️  K GAME TRACKER - INICIADA
2026-09-11 19:32:06,472 - INFO - KGameTracker - ℹ️  ==================================================
2026-09-11 19:32:06,608 - INFO - KGameTracker - ℹ️  🎵 [AUDIO] Audio de fondo iniciado correctamente con QtMultimedia
2026-09-11 19:32:10,813 - DEBUG - urllib3.connectionpool - Starting new HTTPS connection (1): www.gamerpower.com:443
2026-09-11 19:32:10,939 - DEBUG - urllib3.connectionpool - https://www.gamerpower.com:443 "GET /api/giveaways?type=game HTTP/1.1" 200 None
2026-09-11 19:32:15,356 - INFO - KGameTracker - ℹ️  ==================================================
2026-09-11 19:32:15,356 - INFO - KGameTracker - ℹ️  K GAME TRACKER - CERRADA
2026-09-11 19:32:15,356 - INFO - KGameTracker - ℹ️  ==================================================
2026-09-11 19:34:56,150 - INFO - KGameTracker - ℹ️  ==================================================
2026-09-11 19:34:56,150 - INFO - KGameTracker - ℹ️  K GAME TRACKER - INICIADA
2026-09-11 19:34:56,150 - INFO - KGameTracker - ℹ️  ==================================================
2026-09-11 19:34:59,655 - DEBUG - urllib3.connectionpool - Starting new HTTPS connection (1): www.gamerpower.com:443
2026-09-11 19:34:59,782 - DEBUG - urllib3.connectionpool - https://www.gamerpower.com:443 "GET /api/giveaways?type=game HTTP/1.1" 200 None
2026-09-11 19:35:11,465 - INFO - KGameTracker - ℹ️  ==================================================
2026-09-11 19:35:11,465 - INFO - KGameTracker - ℹ️  K GAME TRACKER - CERRADA
2026-09-11 19:35:11,465 - INFO - KGameTracker - ℹ️  ==================================================
2026-09-11 19:37:30,151 - INFO - KGameTracker - ℹ️  ==================================================
2026-09-11 19:37:30,151 - INFO - KGameTracker - ℹ️  K GAME TRACKER - INICIADA
2026-09-11 19:37:30,151 - INFO - KGameTracker - ℹ️  ==================================================
2026-09-11 19:37:34,542 - DEBUG - urllib3.connectionpool - Starting new HTTPS connection (1): www.gamerpower.com:443
2026-09-11 19:37:34,719 - DEBUG - urllib3.connectionpool - https://www.gamerpower.com:443 "GET /api/giveaways?type=game HTTP/1.1" 200 None
2026-09-11 19:37:42,133 - INFO - KGameTracker - ℹ️  ==================================================
2026-09-11 19:37:42,134 - INFO - KGameTracker - ℹ️  K GAME TRACKER - CERRADA
2026-09-11 19:37:42,134 - INFO - KGameTracker - ℹ️  ==================================================
2026-09-11 19:38:51,894 - INFO - KGameTracker - ℹ️  ==================================================
2026-09-11 19:38:51,894 - INFO - KGameTracker - ℹ️  K GAME TRACKER - INICIADA
2026-09-11 19:38:51,894 - INFO - KGameTracker - ℹ️  ==================================================
2026-09-11 19:38:55,735 - DEBUG - urllib3.connectionpool - Starting new HTTPS connection (1): www.gamerpower.com:443
2026-09-11 19:38:55,844 - DEBUG - urllib3.connectionpool - https://www.gamerpower.com:443 "GET /api/giveaways?type=game HTTP/1.1" 200 None
2026-09-11 19:39:11,948 - INFO - KGameTracker - ℹ️  ==================================================
2026-09-11 19:39:11,948 - INFO - KGameTracker - ℹ️  K GAME TRACKER - CERRADA
2026-09-11 19:39:11,948 - INFO - KGameTracker - ℹ️  ==================================================
2026-09-11 19:43:22,620 - INFO - KGameTracker - ℹ️  ==================================================
2026-09-11 19:43:22,620 - INFO - KGameTracker - ℹ️  K GAME TRACKER - INICIADA
2026-09-11 19:43:22,620 - INFO - KGameTracker - ℹ️  ==================================================
2026-09-11 19:43:26,225 - DEBUG - urllib3.connectionpool - Starting new HTTPS connection (1): www.gamerpower.com:443
2026-09-11 19:43:26,347 - DEBUG - urllib3.connectionpool - https://www.gamerpower.com:443 "GET /api/giveaways?type=game HTTP/1.1" 200 None
2026-09-11 19:43:32,280 - INFO - KGameTracker - ℹ️  ==================================================
2026-09-11 19:43:32,280 - INFO - KGameTracker - ℹ️  K GAME TRACKER - CERRADA
2026-09-11 19:43:32,280 - INFO - KGameTracker - ℹ️  ==================================================
2026-09-11 19:43:41,815 - INFO - KGameTracker - ℹ️  ==================================================
2026-09-11 19:43:41,815 - INFO - KGameTracker - ℹ️  K GAME TRACKER - INICIADA
2026-09-11 19:43:41,815 - INFO - KGameTracker - ℹ️  ==================================================
2026-09-11 19:43:45,203 - DEBUG - urllib3.connectionpool - Starting new HTTPS connection (1): www.gamerpower.com:443
2026-09-11 19:43:45,337 - DEBUG - urllib3.connectionpool - https://www.gamerpower.com:443 "GET /api/giveaways?type=game HTTP/1.1" 200 None
2026-09-11 19:44:04,585 - DEBUG - urllib3.connectionpool - Starting new HTTPS connection (1): www.gamerpower.com:443
2026-09-11 19:44:04,678 - DEBUG - urllib3.connectionpool - https://www.gamerpower.com:443 "GET /api/giveaways?type=game HTTP/1.1" 200 None
2026-09-11 19:44:10,068 - DEBUG - urllib3.connectionpool - Starting new HTTPS connection (1): www.gamerpower.com:443
2026-09-11 19:44:10,140 - DEBUG - urllib3.connectionpool - https://www.gamerpower.com:443 "GET /api/giveaways?type=game HTTP/1.1" 200 None
2026-09-11 19:44:21,905 - INFO - KGameTracker - ℹ️  ==================================================
2026-09-11 19:44:21,905 - INFO - KGameTracker - ℹ️  K GAME TRACKER - CERRADA
2026-09-11 19:44:21,905 - INFO - KGameTracker - ℹ️  ==================================================
2026-09-11 19:48:50,074 - INFO - KGameTracker - ℹ️  ==================================================
2026-09-11 19:48:50,074 - INFO - KGameTracker - ℹ️  K GAME TRACKER - INICIADA
2026-09-11 19:48:50,074 - INFO - KGameTracker - ℹ️  ==================================================
2026-09-11 19:48:59,292 - INFO - KGameTracker - ℹ️  ==================================================
2026-09-11 19:48:59,292 - INFO - KGameTracker - ℹ️  K GAME TRACKER - CERRADA
2026-09-11 19:48:59,292 - INFO - KGameTracker - ℹ️  ==================================================
2026-09-11 19:57:37,893 - INFO - KGameTracker - ℹ️  ==================================================
2026-09-11 19:57:37,893 - INFO - KGameTracker - ℹ️  K GAME TRACKER - INICIADA
2026-09-11 19:57:37,893 - INFO - KGameTracker - ℹ️  ==================================================
2026-09-11 19:57:41,481 - DEBUG - urllib3.connectionpool - Starting new HTTPS connection (1): www.gamerpower.com:443
2026-09-11 19:57:41,617 - DEBUG - urllib3.connectionpool - https://www.gamerpower.com:443 "GET /api/giveaways?type=game HTTP/1.1" 200 None
2026-09-11 20:02:14,598 - INFO - KGameTracker - ℹ️  ==================================================
2026-09-11 20:02:14,598 - INFO - KGameTracker - ℹ️  K GAME TRACKER - INICIADA
2026-09-11 20:02:14,598 - INFO - KGameTracker - ℹ️  ==================================================
2026-09-11 20:02:17,639 - DEBUG - urllib3.connectionpool - Starting new HTTPS connection (1): www.gamerpower.com:443
2026-09-11 20:02:17,776 - DEBUG - urllib3.connectionpool - https://www.gamerpower.com:443 "GET /api/giveaways?type=game HTTP/1.1" 200 None
2026-09-11 20:04:09,465 - INFO - KGameTracker - ℹ️  ==================================================
2026-09-11 20:04:09,465 - INFO - KGameTracker - ℹ️  K GAME TRACKER - INICIADA
2026-09-11 20:04:09,465 - INFO - KGameTracker - ℹ️  ==================================================
2026-09-11 20:07:00,474 - INFO - KGameTracker - ℹ️  ==================================================
2026-09-11 20:07:00,474 - INFO - KGameTracker - ℹ️  K GAME TRACKER - INICIADA
2026-09-11 20:07:00,474 - INFO - KGameTracker - ℹ️  ==================================================
2026-09-11 20:07:05,358 - DEBUG - urllib3.connectionpool - Starting new HTTPS connection (1): www.gamerpower.com:443
2026-09-11 20:07:05,512 - DEBUG - urllib3.connectionpool - https://www.gamerpower.com:443 "GET /api/giveaways?type=game HTTP/1.1" 200 None
2026-09-11 20:08:00,564 - INFO - KGameTracker - ℹ️  ==================================================
2026-09-11 20:08:00,565 - INFO - KGameTracker - ℹ️  K GAME TRACKER - CERRADA
2026-09-11 20:08:00,565 - INFO - KGameTracker - ℹ️  ==================================================
2026-09-11 20:10:07,264 - INFO - KGameTracker - ℹ️  ==================================================
2026-09-11 20:10:07,265 - INFO - KGameTracker - ℹ️  K GAME TRACKER - INICIADA
2026-09-11 20:10:07,265 - INFO - KGameTracker - ℹ️  ==================================================
2026-09-11 20:10:11,111 - DEBUG - urllib3.connectionpool - Starting new HTTPS connection (1): www.gamerpower.com:443
2026-09-11 20:10:11,225 - DEBUG - urllib3.connectionpool - https://www.gamerpower.com:443 "GET /api/giveaways?type=game HTTP/1.1" 200 None
2026-09-11 20:10:31,076 - INFO - KGameTracker - ℹ️  ==================================================
2026-09-11 20:10:31,077 - INFO - KGameTracker - ℹ️  K GAME TRACKER - CERRADA
2026-09-11 20:10:31,077 - INFO - KGameTracker - ℹ️  ==================================================
2026-09-11 20:16:45,829 - INFO - KGameTracker - ℹ️  ==================================================
2026-09-11 20:16:45,830 - INFO - KGameTracker - ℹ️  K GAME TRACKER - INICIADA
2026-09-11 20:16:45,830 - INFO - KGameTracker - ℹ️  ==================================================
2026-09-11 20:16:49,486 - DEBUG - urllib3.connectionpool - Starting new HTTPS connection (1): www.gamerpower.com:443
2026-09-11 20:16:49,609 - DEBUG - urllib3.connectionpool - https://www.gamerpower.com:443 "GET /api/giveaways?type=game HTTP/1.1" 200 None
2026-09-11 20:17:24,716 - INFO - KGameTracker - ℹ️  ✅ Autostart habilitado
2026-09-11 20:21:33,110 - INFO - KGameTracker - ℹ️  ==================================================
2026-09-11 20:21:33,110 - INFO - KGameTracker - ℹ️  K GAME TRACKER - CERRADA
2026-09-11 20:21:33,110 - INFO - KGameTracker - ℹ️  ==================================================
2026-09-11 20:21:42,571 - INFO - KGameTracker - ℹ️  ==================================================
2026-09-11 20:21:42,571 - INFO - KGameTracker - ℹ️  K GAME TRACKER - INICIADA
2026-09-11 20:21:42,571 - INFO - KGameTracker - ℹ️  ==================================================
2026-09-11 20:21:45,949 - DEBUG - urllib3.connectionpool - Starting new HTTPS connection (1): www.gamerpower.com:443
2026-09-11 20:21:46,152 - DEBUG - urllib3.connectionpool - https://www.gamerpower.com:443 "GET /api/giveaways?type=game HTTP/1.1" 200 None
2026-09-11 20:21:58,712 - INFO - KGameTracker - ℹ️  ✅ Autostart habilitado
2026-09-11 20:23:36,325 - INFO - KGameTracker - ℹ️  ==================================================
2026-09-11 20:23:36,326 - INFO - KGameTracker - ℹ️  K GAME TRACKER - CERRADA
2026-09-11 20:23:36,327 - INFO - KGameTracker - ℹ️  ==================================================
2026-09-11 20:24:27,704 - INFO - KGameTracker - ℹ️  ==================================================
2026-09-11 20:24:27,704 - INFO - KGameTracker - ℹ️  K GAME TRACKER - INICIADA
2026-09-11 20:24:27,704 - INFO - KGameTracker - ℹ️  ==================================================
2026-09-11 20:24:31,612 - DEBUG - urllib3.connectionpool - Starting new HTTPS connection (1): www.gamerpower.com:443
2026-09-11 20:24:31,738 - DEBUG - urllib3.connectionpool - https://www.gamerpower.com:443 "GET /api/giveaways?type=game HTTP/1.1" 200 None
2026-09-11 20:24:57,973 - INFO - KGameTracker - ℹ️  ==================================================
2026-09-11 20:24:57,974 - INFO - KGameTracker - ℹ️  K GAME TRACKER - CERRADA
2026-09-11 20:24:57,974 - INFO - KGameTracker - ℹ️  ==================================================
2026-09-11 20:26:44,339 - INFO - KGameTracker - ℹ️  ==================================================
2026-09-11 20:26:44,339 - INFO - KGameTracker - ℹ️  K GAME TRACKER - INICIADA
2026-09-11 20:26:44,340 - INFO - KGameTracker - ℹ️  ==================================================
2026-09-11 20:26:51,802 - DEBUG - urllib3.connectionpool - Starting new HTTPS connection (1): www.gamerpower.com:443
2026-09-11 20:26:51,941 - DEBUG - urllib3.connectionpool - https://www.gamerpower.com:443 "GET /api/giveaways?type=game HTTP/1.1" 200 None
2026-09-11 20:27:55,309 - INFO - KGameTracker - ℹ️  ==================================================
2026-09-11 20:27:55,310 - INFO - KGameTracker - ℹ️  K GAME TRACKER - CERRADA
2026-09-11 20:27:55,310 - INFO - KGameTracker - ℹ️  ==================================================
2026-09-11 20:29:49,861 - INFO - KGameTracker - ℹ️  ==================================================
2026-09-11 20:29:49,861 - INFO - KGameTracker - ℹ️  K GAME TRACKER - INICIADA
2026-09-11 20:29:49,861 - INFO - KGameTracker - ℹ️  ==================================================
2026-09-11 20:29:59,387 - DEBUG - urllib3.connectionpool - Starting new HTTPS connection (1): www.gamerpower.com:443
2026-09-11 20:29:59,489 - DEBUG - urllib3.connectionpool - https://www.gamerpower.com:443 "GET /api/giveaways?type=game HTTP/1.1" 200 None
2026-09-11 20:30:34,331 - DEBUG - urllib3.connectionpool - Starting new HTTPS connection (1): www.gamerpower.com:443
2026-09-11 20:30:34,439 - DEBUG - urllib3.connectionpool - https://www.gamerpower.com:443 "GET /api/giveaways?type=game HTTP/1.1" 200 None
2026-09-11 20:30:45,360 - DEBUG - urllib3.connectionpool - Starting new HTTPS connection (1): www.gamerpower.com:443
2026-09-11 20:30:45,467 - DEBUG - urllib3.connectionpool - https://www.gamerpower.com:443 "GET /api/giveaways?type=game HTTP/1.1" 200 None
2026-09-11 20:31:49,593 - INFO - KGameTracker - ℹ️  ==================================================
2026-09-11 20:31:49,593 - INFO - KGameTracker - ℹ️  K GAME TRACKER - CERRADA
2026-09-11 20:31:49,593 - INFO - KGameTracker - ℹ️  ==================================================
2026-09-11 20:34:37,300 - INFO - KGameTracker - ℹ️  ==================================================
2026-09-11 20:34:37,301 - INFO - KGameTracker - ℹ️  K GAME TRACKER - INICIADA
2026-09-11 20:34:37,301 - INFO - KGameTracker - ℹ️  ==================================================
2026-09-11 20:34:49,529 - INFO - KGameTracker - ℹ️  ✅ Autostart habilitado
2026-09-11 20:34:58,225 - INFO - KGameTracker - ℹ️  ✅ Autostart habilitado
2026-09-11 20:35:13,493 - INFO - KGameTracker - ℹ️  ✅ Autostart habilitado
2026-09-11 20:35:42,395 - DEBUG - urllib3.connectionpool - Starting new HTTPS connection (1): www.gamerpower.com:443
2026-09-11 20:35:42,538 - DEBUG - urllib3.connectionpool - https://www.gamerpower.com:443 "GET /api/giveaways?type=game HTTP/1.1" 200 None
2026-09-11 20:36:00,338 - INFO - KGameTracker - ℹ️  ==================================================
2026-09-11 20:36:00,338 - INFO - KGameTracker - ℹ️  K GAME TRACKER - CERRADA
2026-09-11 20:36:00,338 - INFO - KGameTracker - ℹ️  ==================================================
2026-09-11 20:38:19,031 - INFO - KGameTracker - ℹ️  ==================================================
2026-09-11 20:38:19,032 - INFO - KGameTracker - ℹ️  K GAME TRACKER - INICIADA
2026-09-11 20:38:19,032 - INFO - KGameTracker - ℹ️  ==================================================
2026-09-11 20:38:42,992 - INFO - KGameTracker - ℹ️  ✅ Autostart habilitado
2026-09-11 20:38:51,394 - INFO - KGameTracker - ℹ️  ✅ Autostart habilitado
2026-09-11 20:41:52,047 - INFO - KGameTracker - ℹ️  ==================================================
2026-09-11 20:41:52,048 - INFO - KGameTracker - ℹ️  K GAME TRACKER - CERRADA
2026-09-11 20:41:52,048 - INFO - KGameTracker - ℹ️  ==================================================
2026-09-11 20:44:24,905 - INFO - KGameTracker - ℹ️  ==================================================
2026-09-11 20:44:24,906 - INFO - KGameTracker - ℹ️  K GAME TRACKER - INICIADA
2026-09-11 20:44:24,906 - INFO - KGameTracker - ℹ️  ==================================================
2026-09-11 20:44:28,707 - DEBUG - urllib3.connectionpool - Starting new HTTPS connection (1): www.gamerpower.com:443
2026-09-11 20:44:28,855 - DEBUG - urllib3.connectionpool - https://www.gamerpower.com:443 "GET /api/giveaways?type=game HTTP/1.1" 200 None
2026-09-11 20:45:03,539 - INFO - KGameTracker - ℹ️  ==================================================
2026-09-11 20:45:03,539 - INFO - KGameTracker - ℹ️  K GAME TRACKER - CERRADA
2026-09-11 20:45:03,539 - INFO - KGameTracker - ℹ️  ==================================================
2026-09-11 20:47:53,815 - INFO - KGameTracker - ℹ️  ==================================================
2026-09-11 20:47:53,815 - INFO - KGameTracker - ℹ️  K GAME TRACKER - INICIADA
2026-09-11 20:47:53,816 - INFO - KGameTracker - ℹ️  ==================================================
2026-09-11 20:47:57,657 - DEBUG - urllib3.connectionpool - Starting new HTTPS connection (1): www.gamerpower.com:443
2026-09-11 20:47:57,784 - DEBUG - urllib3.connectionpool - https://www.gamerpower.com:443 "GET /api/giveaways?type=game HTTP/1.1" 200 None
2026-09-11 20:48:08,145 - INFO - KGameTracker - ℹ️  ✅ Autostart habilitado
2026-09-11 20:48:11,913 - INFO - KGameTracker - ℹ️  ✅ Autostart habilitado
2026-09-11 20:48:28,178 - INFO - KGameTracker - ℹ️  ==================================================
2026-09-11 20:48:28,179 - INFO - KGameTracker - ℹ️  K GAME TRACKER - CERRADA
2026-09-11 20:48:28,179 - INFO - KGameTracker - ℹ️  ==================================================
2026-09-11 20:58:54,929 - INFO - KGameTracker - ℹ️  ==================================================
2026-09-11 20:58:54,929 - INFO - KGameTracker - ℹ️  K GAME TRACKER - INICIADA
2026-09-11 20:58:54,929 - INFO - KGameTracker - ℹ️  ==================================================
2026-09-11 20:58:58,844 - DEBUG - urllib3.connectionpool - Starting new HTTPS connection (1): www.gamerpower.com:443
2026-09-11 20:58:58,975 - DEBUG - urllib3.connectionpool - https://www.gamerpower.com:443 "GET /api/giveaways?type=game HTTP/1.1" 200 None
2026-09-11 20:59:09,728 - INFO - KGameTracker - ℹ️  ✅ Autostart habilitado
2026-09-11 20:59:19,322 - DEBUG - urllib3.connectionpool - Starting new HTTPS connection (1): www.gamerpower.com:443
2026-09-11 20:59:19,430 - DEBUG - urllib3.connectionpool - https://www.gamerpower.com:443 "GET /api/giveaways?type=game HTTP/1.1" 200 None
2026-09-11 20:59:33,142 - INFO - KGameTracker - ℹ️  ✅ Autostart habilitado
2026-09-11 21:00:15,328 - INFO - KGameTracker - ℹ️  ==================================================
2026-09-11 21:00:15,329 - INFO - KGameTracker - ℹ️  K GAME TRACKER - CERRADA
2026-09-11 21:00:15,329 - INFO - KGameTracker - ℹ️  ==================================================
2026-09-11 21:02:26,679 - INFO - KGameTracker - ℹ️  ==================================================
2026-09-11 21:02:26,679 - INFO - KGameTracker - ℹ️  K GAME TRACKER - INICIADA
2026-09-11 21:02:26,680 - INFO - KGameTracker - ℹ️  ==================================================
2026-09-11 21:02:30,621 - DEBUG - PIL.Image - Importing PngImagePlugin
2026-09-11 21:02:30,637 - DEBUG - PIL.PngImagePlugin - STREAM b'IHDR' 16 13
2026-09-11 21:02:30,638 - DEBUG - PIL.PngImagePlugin - STREAM b'IDAT' 41 32768
2026-09-11 21:02:30,649 - DEBUG - PIL.PngImagePlugin - STREAM b'IHDR' 16 13
2026-09-11 21:02:30,650 - DEBUG - PIL.PngImagePlugin - STREAM b'IDAT' 41 65536
2026-09-11 21:02:30,652 - DEBUG - PIL.PngImagePlugin - STREAM b'IHDR' 16 13
2026-09-11 21:02:30,652 - DEBUG - PIL.PngImagePlugin - STREAM b'IDAT' 41 53758
2026-09-11 21:02:30,655 - DEBUG - PIL.PngImagePlugin - STREAM b'IHDR' 16 13
2026-09-11 21:02:30,655 - DEBUG - PIL.PngImagePlugin - STREAM b'IDAT' 41 62450
2026-09-11 21:02:31,420 - DEBUG - PIL.PngImagePlugin - STREAM b'IHDR' 16 13
2026-09-11 21:02:31,420 - DEBUG - PIL.PngImagePlugin - STREAM b'IDAT' 41 32768
2026-09-11 21:02:31,426 - DEBUG - PIL.PngImagePlugin - STREAM b'IHDR' 16 13
2026-09-11 21:02:31,427 - DEBUG - PIL.PngImagePlugin - STREAM b'IDAT' 41 65536
2026-09-11 21:02:31,430 - DEBUG - PIL.PngImagePlugin - STREAM b'IHDR' 16 13
2026-09-11 21:02:31,430 - DEBUG - PIL.PngImagePlugin - STREAM b'IDAT' 41 53758
2026-09-11 21:02:31,432 - DEBUG - PIL.PngImagePlugin - STREAM b'IHDR' 16 13
2026-09-11 21:02:31,433 - DEBUG - PIL.PngImagePlugin - STREAM b'IDAT' 41 62450
2026-09-11 21:02:31,948 - DEBUG - PIL.PngImagePlugin - STREAM b'IHDR' 16 13
2026-09-11 21:02:31,948 - DEBUG - PIL.PngImagePlugin - STREAM b'IDAT' 41 32768
2026-09-11 21:02:31,954 - DEBUG - PIL.PngImagePlugin - STREAM b'IHDR' 16 13
2026-09-11 21:02:31,955 - DEBUG - PIL.PngImagePlugin - STREAM b'IDAT' 41 65536
2026-09-11 21:02:31,957 - DEBUG - PIL.PngImagePlugin - STREAM b'IHDR' 16 13
2026-09-11 21:02:31,958 - DEBUG - PIL.PngImagePlugin - STREAM b'IDAT' 41 53758
2026-09-11 21:02:31,960 - DEBUG - PIL.PngImagePlugin - STREAM b'IHDR' 16 13
2026-09-11 21:02:31,960 - DEBUG - PIL.PngImagePlugin - STREAM b'IDAT' 41 62450
2026-09-11 21:02:32,496 - DEBUG - PIL.PngImagePlugin - STREAM b'IHDR' 16 13
2026-09-11 21:02:32,496 - DEBUG - PIL.PngImagePlugin - STREAM b'IDAT' 41 32768
2026-09-11 21:02:32,502 - DEBUG - PIL.PngImagePlugin - STREAM b'IHDR' 16 13
2026-09-11 21:02:32,503 - DEBUG - PIL.PngImagePlugin - STREAM b'IDAT' 41 65536
2026-09-11 21:02:32,508 - DEBUG - PIL.PngImagePlugin - STREAM b'IHDR' 16 13
2026-09-11 21:02:32,508 - DEBUG - PIL.PngImagePlugin - STREAM b'IDAT' 41 53758
2026-09-11 21:02:32,512 - DEBUG - PIL.PngImagePlugin - STREAM b'IHDR' 16 13
2026-09-11 21:02:32,512 - DEBUG - PIL.PngImagePlugin - STREAM b'IDAT' 41 62450
2026-09-11 21:02:42,168 - DEBUG - urllib3.connectionpool - Starting new HTTPS connection (1): www.gamerpower.com:443
2026-09-11 21:02:42,266 - DEBUG - urllib3.connectionpool - https://www.gamerpower.com:443 "GET /api/giveaways?type=game HTTP/1.1" 200 None
2026-09-11 21:03:18,538 - INFO - KGameTracker - ℹ️  ==================================================
2026-09-11 21:03:18,538 - INFO - KGameTracker - ℹ️  K GAME TRACKER - CERRADA
2026-09-11 21:03:18,538 - INFO - KGameTracker - ℹ️  ==================================================
2026-09-11 21:04:29,220 - INFO - KGameTracker - ℹ️  ==================================================
2026-09-11 21:04:29,220 - INFO - KGameTracker - ℹ️  K GAME TRACKER - INICIADA
2026-09-11 21:04:29,220 - INFO - KGameTracker - ℹ️  ==================================================
2026-09-11 21:04:32,591 - DEBUG - urllib3.connectionpool - Starting new HTTPS connection (1): www.gamerpower.com:443
2026-09-11 21:04:32,834 - DEBUG - urllib3.connectionpool - https://www.gamerpower.com:443 "GET /api/giveaways?type=game HTTP/1.1" 200 None
2026-09-11 21:04:52,044 - INFO - KGameTracker - ℹ️  ==================================================
2026-09-11 21:04:52,045 - INFO - KGameTracker - ℹ️  K GAME TRACKER - CERRADA
2026-09-11 21:04:52,045 - INFO - KGameTracker - ℹ️  ==================================================
2026-09-11 21:05:52,075 - INFO - KGameTracker - ℹ️  ==================================================
2026-09-11 21:05:52,075 - INFO - KGameTracker - ℹ️  K GAME TRACKER - INICIADA
2026-09-11 21:05:52,075 - INFO - KGameTracker - ℹ️  ==================================================
2026-09-11 21:05:55,698 - DEBUG - urllib3.connectionpool - Starting new HTTPS connection (1): www.gamerpower.com:443
2026-09-11 21:05:55,824 - DEBUG - urllib3.connectionpool - https://www.gamerpower.com:443 "GET /api/giveaways?type=game HTTP/1.1" 200 None
2026-09-11 21:05:59,130 - DEBUG - urllib3.connectionpool - Starting new HTTPS connection (1): www.gamerpower.com:443
2026-09-11 21:05:59,238 - DEBUG - urllib3.connectionpool - https://www.gamerpower.com:443 "GET /api/giveaways?type=game HTTP/1.1" 200 None
2026-09-11 21:06:03,024 - INFO - KGameTracker - ℹ️  ✅ Autostart habilitado
2026-09-11 21:06:25,870 - INFO - KGameTracker - ℹ️  ==================================================
2026-09-11 21:06:25,870 - INFO - KGameTracker - ℹ️  K GAME TRACKER - CERRADA
2026-09-11 21:06:25,870 - INFO - KGameTracker - ℹ️  ==================================================
2026-09-11 21:06:34,564 - INFO - KGameTracker - ℹ️  ==================================================
2026-09-11 21:06:34,564 - INFO - KGameTracker - ℹ️  K GAME TRACKER - INICIADA
2026-09-11 21:06:34,564 - INFO - KGameTracker - ℹ️  ==================================================
2026-09-11 21:06:38,644 - DEBUG - urllib3.connectionpool - Starting new HTTPS connection (1): www.gamerpower.com:443
2026-09-11 21:06:38,808 - DEBUG - urllib3.connectionpool - https://www.gamerpower.com:443 "GET /api/giveaways?type=game HTTP/1.1" 200 None
2026-09-11 21:09:26,046 - INFO - KGameTracker - ℹ️  ==================================================
2026-09-11 21:09:26,047 - INFO - KGameTracker - ℹ️  K GAME TRACKER - CERRADA
2026-09-11 21:09:26,047 - INFO - KGameTracker - ℹ️  ==================================================
2026-09-11 21:09:42,881 - INFO - KGameTracker - ℹ️  ==================================================
2026-09-11 21:09:42,882 - INFO - KGameTracker - ℹ️  K GAME TRACKER - INICIADA
2026-09-11 21:09:42,882 - INFO - KGameTracker - ℹ️  ==================================================
2026-09-11 21:09:46,918 - DEBUG - urllib3.connectionpool - Starting new HTTPS connection (1): www.gamerpower.com:443
2026-09-11 21:09:47,063 - DEBUG - urllib3.connectionpool - https://www.gamerpower.com:443 "GET /api/giveaways?type=game HTTP/1.1" 200 None
2026-09-11 21:10:11,963 - DEBUG - urllib3.connectionpool - Starting new HTTPS connection (1): www.gamerpower.com:443
2026-09-11 21:10:12,066 - DEBUG - urllib3.connectionpool - https://www.gamerpower.com:443 "GET /api/giveaways?type=game HTTP/1.1" 200 None
2026-09-11 21:10:30,471 - INFO - KGameTracker - ℹ️  ==================================================
2026-09-11 21:10:30,471 - INFO - KGameTracker - ℹ️  K GAME TRACKER - CERRADA
2026-09-11 21:10:30,471 - INFO - KGameTracker - ℹ️  ==================================================
2026-09-11 21:20:09,571 - INFO - KGameTracker - ℹ️  ==================================================
2026-09-11 21:20:09,571 - INFO - KGameTracker - ℹ️  K GAME TRACKER - INICIADA
2026-09-11 21:20:09,571 - INFO - KGameTracker - ℹ️  ==================================================
2026-09-11 21:20:16,069 - INFO - KGameTracker - ℹ️  ✅ Autostart habilitado
2026-09-11 21:20:49,787 - DEBUG - urllib3.connectionpool - Starting new HTTPS connection (1): www.gamerpower.com:443
2026-09-11 21:20:50,001 - DEBUG - urllib3.connectionpool - https://www.gamerpower.com:443 "GET /api/giveaways?type=game HTTP/1.1" 200 None
2026-09-11 21:20:56,609 - INFO - KGameTracker - ℹ️  ✅ Autostart habilitado
2026-09-11 21:20:56,633 - DEBUG - urllib3.connectionpool - Starting new HTTPS connection (1): translate.googleapis.com:443
2026-09-11 21:20:56,950 - DEBUG - urllib3.connectionpool - https://translate.googleapis.com:443 "GET /translate_a/single?client=gtx&sl=en&tl=es&dt=t&q=Claim+free+Steam+keys+for+Dwarven+Realms%21+Dwarven+Realms+is+a+3D+action-packed+ARPG+with+epic+powers+and+endless+possibilities.+Please+note+this+Steam+Key+giveaway+requires+10+ARP+%28Arena+Reward+Points%29+to+claim+a+key.+Fortunately%2C+you+can+earn+ARP+daily+for+free. HTTP/1.1" 429 1103
2026-09-11 21:21:03,587 - DEBUG - urllib3.connectionpool - Starting new HTTPS connection (1): www.gamerpower.com:443
2026-09-11 21:21:03,661 - DEBUG - urllib3.connectionpool - https://www.gamerpower.com:443 "GET /api/giveaways?type=game HTTP/1.1" 200 None
2026-09-11 21:21:04,885 - DEBUG - urllib3.connectionpool - Starting new HTTPS connection (1): translate.googleapis.com:443
2026-09-11 21:21:04,891 - DEBUG - urllib3.connectionpool - Starting new HTTPS connection (1): translate.googleapis.com:443
2026-09-11 21:21:05,213 - DEBUG - urllib3.connectionpool - https://translate.googleapis.com:443 "GET /translate_a/single?client=gtx&sl=en&tl=es&dt=t&q=Score+Luftrausers+for+free+via+Epic+Games+Store%21+Luftrausers+is+a+stylish+arcade+shooter+with+unique+weapons%2C+ridiculous+combos%2C+and+challenging+missions.+Don%C2%B4t+miss+it%21 HTTP/1.1" 429 1103
2026-09-11 21:21:05,465 - DEBUG - urllib3.connectionpool - https://translate.googleapis.com:443 "GET /translate_a/single?client=gtx&sl=en&tl=es&dt=t&q=Claim+Astral+Ascent+for+free+via+Epic+Games+Store%21+Astral+Ascent+is+a+fun+2D+platformer+roguelite+game+with+addicting+gameplay+and+great+combat. HTTP/1.1" 429 1103
2026-09-11 21:24:02,425 - INFO - KGameTracker - ℹ️  ==================================================
2026-09-11 21:24:02,425 - INFO - KGameTracker - ℹ️  K GAME TRACKER - CERRADA
2026-09-11 21:24:02,425 - INFO - KGameTracker - ℹ️  ==================================================
2026-09-11 21:24:17,717 - INFO - KGameTracker - ℹ️  ==================================================
2026-09-11 21:24:17,717 - INFO - KGameTracker - ℹ️  K GAME TRACKER - INICIADA
2026-09-11 21:24:17,717 - INFO - KGameTracker - ℹ️  ==================================================
2026-09-11 21:24:17,854 - INFO - KGameTracker - ℹ️  ❌ Error fatal en aplicación: name 'volume_label' is not defined
2026-09-11 21:24:17,857 - INFO - KGameTracker - ℹ️  ==================================================
2026-09-11 21:24:17,857 - INFO - KGameTracker - ℹ️  K GAME TRACKER - CERRADA
2026-09-11 21:24:17,857 - INFO - KGameTracker - ℹ️  ==================================================
2026-09-11 21:26:24,719 - INFO - KGameTracker - ℹ️  ==================================================
2026-09-11 21:26:24,719 - INFO - KGameTracker - ℹ️  K GAME TRACKER - INICIADA
2026-09-11 21:26:24,719 - INFO - KGameTracker - ℹ️  ==================================================
2026-09-11 21:26:28,930 - DEBUG - urllib3.connectionpool - Starting new HTTPS connection (1): www.gamerpower.com:443
2026-09-11 21:26:29,069 - DEBUG - urllib3.connectionpool - https://www.gamerpower.com:443 "GET /api/giveaways?type=game HTTP/1.1" 200 None
2026-09-11 21:26:34,562 - INFO - KGameTracker - ℹ️  ✅ Autostart habilitado
2026-09-11 21:26:39,443 - INFO - KGameTracker - ℹ️  ✅ Autostart habilitado
2026-09-11 21:27:49,135 - DEBUG - urllib3.connectionpool - Starting new HTTPS connection (1): www.gamerpower.com:443
2026-09-11 21:27:49,268 - DEBUG - urllib3.connectionpool - https://www.gamerpower.com:443 "GET /api/giveaways?type=game HTTP/1.1" 200 None
2026-09-11 21:27:52,669 - INFO - KGameTracker - ℹ️  ✅ Autostart habilitado
2026-09-11 21:28:09,277 - INFO - KGameTracker - ℹ️  ==================================================
2026-09-11 21:28:09,277 - INFO - KGameTracker - ℹ️  K GAME TRACKER - CERRADA
2026-09-11 21:28:09,277 - INFO - KGameTracker - ℹ️  ==================================================
2026-09-11 21:29:00,233 - INFO - KGameTracker - ℹ️  ==================================================
2026-09-11 21:29:00,233 - INFO - KGameTracker - ℹ️  K GAME TRACKER - INICIADA
2026-09-11 21:29:00,233 - INFO - KGameTracker - ℹ️  ==================================================
2026-09-11 21:29:03,696 - DEBUG - urllib3.connectionpool - Starting new HTTPS connection (1): www.gamerpower.com:443
2026-09-11 21:29:03,816 - DEBUG - urllib3.connectionpool - https://www.gamerpower.com:443 "GET /api/giveaways?type=game HTTP/1.1" 200 None
2026-09-11 21:29:16,790 - INFO - KGameTracker - ℹ️  ✅ Autostart habilitado
2026-09-11 21:29:18,700 - DEBUG - urllib3.connectionpool - Starting new HTTPS connection (1): www.gamerpower.com:443
2026-09-11 21:29:18,798 - DEBUG - urllib3.connectionpool - https://www.gamerpower.com:443 "GET /api/giveaways?type=game HTTP/1.1" 200 None
2026-09-11 21:29:20,504 - DEBUG - urllib3.connectionpool - Starting new HTTPS connection (1): translate.googleapis.com:443
2026-09-11 21:29:20,990 - DEBUG - urllib3.connectionpool - https://translate.googleapis.com:443 "GET /translate_a/single?client=gtx&sl=auto&tl=es&dt=t&q=Claim+free+Steam+keys+for+Dwarven+Realms%21+Dwarven+Realms+is+a+3D+action-packed+ARPG+with+epic+powers+and+endless+possibilities.+Please+note+this+Steam+Key+giveaway+requires+10+ARP+%28Arena+Reward+Points%29+to+claim+a+key.+Fortunately%2C+you+can+earn+ARP+daily+for+free. HTTP/1.1" 429 1103
2026-09-11 21:29:20,992 - DEBUG - urllib3.connectionpool - Starting new HTTPS connection (1): clients5.google.com:443
2026-09-11 21:29:21,797 - DEBUG - urllib3.connectionpool - https://clients5.google.com:443 "GET /translate_a/t?client=dict-chrome-ex&sl=auto&tl=es&q=Claim+free+Steam+keys+for+Dwarven+Realms%21+Dwarven+Realms+is+a+3D+action-packed+ARPG+with+epic+powers+and+endless+possibilities.+Please+note+this+Steam+Key+giveaway+requires+10+ARP+%28Arena+Reward+Points%29+to+claim+a+key.+Fortunately%2C+you+can+earn+ARP+daily+for+free. HTTP/1.1" 200 None
2026-09-11 21:29:24,945 - DEBUG - urllib3.connectionpool - Starting new HTTPS connection (1): www.gamerpower.com:443
2026-09-11 21:29:25,060 - DEBUG - urllib3.connectionpool - https://www.gamerpower.com:443 "GET /api/giveaways?type=game HTTP/1.1" 200 None
2026-09-11 21:29:30,857 - DEBUG - urllib3.connectionpool - https://translate.googleapis.com:443 "GET /translate_a/single?client=gtx&sl=auto&tl=es&dt=t&q=Score+Luftrausers+for+free+via+Epic+Games+Store%21+Luftrausers+is+a+stylish+arcade+shooter+with+unique+weapons%2C+ridiculous+combos%2C+and+challenging+missions.+Don%C2%B4t+miss+it%21 HTTP/1.1" 429 1103
2026-09-11 21:29:31,308 - DEBUG - urllib3.connectionpool - https://clients5.google.com:443 "GET /translate_a/t?client=dict-chrome-ex&sl=auto&tl=es&q=Score+Luftrausers+for+free+via+Epic+Games+Store%21+Luftrausers+is+a+stylish+arcade+shooter+with+unique+weapons%2C+ridiculous+combos%2C+and+challenging+missions.+Don%C2%B4t+miss+it%21 HTTP/1.1" 200 None
2026-09-11 21:29:31,898 - DEBUG - urllib3.connectionpool - https://translate.googleapis.com:443 "GET /translate_a/single?client=gtx&sl=auto&tl=es&dt=t&q=Claim+Astral+Ascent+for+free+via+Epic+Games+Store%21+Astral+Ascent+is+a+fun+2D+platformer+roguelite+game+with+addicting+gameplay+and+great+combat. HTTP/1.1" 429 1103
2026-09-11 21:29:33,257 - DEBUG - urllib3.connectionpool - https://clients5.google.com:443 "GET /translate_a/t?client=dict-chrome-ex&sl=auto&tl=es&q=Claim+Astral+Ascent+for+free+via+Epic+Games+Store%21+Astral+Ascent+is+a+fun+2D+platformer+roguelite+game+with+addicting+gameplay+and+great+combat. HTTP/1.1" 200 None
2026-09-11 21:29:33,442 - DEBUG - urllib3.connectionpool - Starting new HTTPS connection (1): www.gamerpower.com:443
2026-09-11 21:29:33,543 - DEBUG - urllib3.connectionpool - https://www.gamerpower.com:443 "GET /api/giveaways?type=game HTTP/1.1" 200 None
2026-09-11 21:29:38,394 - DEBUG - urllib3.connectionpool - Starting new HTTPS connection (1): www.gamerpower.com:443
2026-09-11 21:29:38,473 - DEBUG - urllib3.connectionpool - https://www.gamerpower.com:443 "GET /api/giveaways?type=game HTTP/1.1" 200 None
2026-09-11 21:29:39,450 - DEBUG - urllib3.connectionpool - https://translate.googleapis.com:443 "GET /translate_a/single?client=gtx&sl=auto&tl=es&dt=t&q=Claim+Astral+Ascent+for+free+via+Epic+Games+Store%21+Astral+Ascent+is+a+fun+2D+platformer+roguelite+game+with+addicting+gameplay+and+great+combat. HTTP/1.1" 429 1103
2026-09-11 21:29:39,601 - DEBUG - urllib3.connectionpool - https://clients5.google.com:443 "GET /translate_a/t?client=dict-chrome-ex&sl=auto&tl=es&q=Claim+Astral+Ascent+for+free+via+Epic+Games+Store%21+Astral+Ascent+is+a+fun+2D+platformer+roguelite+game+with+addicting+gameplay+and+great+combat. HTTP/1.1" 200 None
2026-09-11 21:29:40,160 - DEBUG - urllib3.connectionpool - https://translate.googleapis.com:443 "GET /translate_a/single?client=gtx&sl=auto&tl=es&dt=t&q=Score+Luftrausers+for+free+via+Epic+Games+Store%21+Luftrausers+is+a+stylish+arcade+shooter+with+unique+weapons%2C+ridiculous+combos%2C+and+challenging+missions.+Don%C2%B4t+miss+it%21 HTTP/1.1" 429 1103
2026-09-11 21:29:40,208 - DEBUG - urllib3.connectionpool - https://clients5.google.com:443 "GET /translate_a/t?client=dict-chrome-ex&sl=auto&tl=es&q=Score+Luftrausers+for+free+via+Epic+Games+Store%21+Luftrausers+is+a+stylish+arcade+shooter+with+unique+weapons%2C+ridiculous+combos%2C+and+challenging+missions.+Don%C2%B4t+miss+it%21 HTTP/1.1" 200 None
2026-09-11 21:29:40,669 - DEBUG - urllib3.connectionpool - https://translate.googleapis.com:443 "GET /translate_a/single?client=gtx&sl=auto&tl=es&dt=t&q=Claim+Astral+Ascent+for+free+via+Epic+Games+Store%21+Astral+Ascent+is+a+fun+2D+platformer+roguelite+game+with+addicting+gameplay+and+great+combat. HTTP/1.1" 429 1103
2026-09-11 21:29:40,718 - DEBUG - urllib3.connectionpool - https://clients5.google.com:443 "GET /translate_a/t?client=dict-chrome-ex&sl=auto&tl=es&q=Claim+Astral+Ascent+for+free+via+Epic+Games+Store%21+Astral+Ascent+is+a+fun+2D+platformer+roguelite+game+with+addicting+gameplay+and+great+combat. HTTP/1.1" 200 None
2026-09-11 21:29:48,418 - INFO - KGameTracker - ℹ️  ✅ Autostart habilitado
2026-09-11 21:29:48,820 - DEBUG - urllib3.connectionpool - https://translate.googleapis.com:443 "GET /translate_a/single?client=gtx&sl=auto&tl=es&dt=t&q=Claim+Astral+Ascent+for+free+via+Epic+Games+Store%21+Astral+Ascent+is+a+fun+2D+platformer+roguelite+game+with+addicting+gameplay+and+great+combat. HTTP/1.1" 429 1103
2026-09-11 21:29:48,874 - DEBUG - urllib3.connectionpool - https://clients5.google.com:443 "GET /translate_a/t?client=dict-chrome-ex&sl=auto&tl=es&q=Claim+Astral+Ascent+for+free+via+Epic+Games+Store%21+Astral+Ascent+is+a+fun+2D+platformer+roguelite+game+with+addicting+gameplay+and+great+combat. HTTP/1.1" 200 None
2026-09-11 21:29:49,468 - DEBUG - urllib3.connectionpool - https://translate.googleapis.com:443 "GET /translate_a/single?client=gtx&sl=auto&tl=es&dt=t&q=Score+Luftrausers+for+free+via+Epic+Games+Store%21+Luftrausers+is+a+stylish+arcade+shooter+with+unique+weapons%2C+ridiculous+combos%2C+and+challenging+missions.+Don%C2%B4t+miss+it%21 HTTP/1.1" 429 1103
2026-09-11 21:29:49,516 - DEBUG - urllib3.connectionpool - https://clients5.google.com:443 "GET /translate_a/t?client=dict-chrome-ex&sl=auto&tl=es&q=Score+Luftrausers+for+free+via+Epic+Games+Store%21+Luftrausers+is+a+stylish+arcade+shooter+with+unique+weapons%2C+ridiculous+combos%2C+and+challenging+missions.+Don%C2%B4t+miss+it%21 HTTP/1.1" 200 None
2026-09-11 21:30:20,392 - INFO - KGameTracker - ℹ️  ==================================================
2026-09-11 21:30:20,393 - INFO - KGameTracker - ℹ️  K GAME TRACKER - CERRADA
2026-09-11 21:30:20,393 - INFO - KGameTracker - ℹ️  ==================================================
2026-09-11 21:31:56,098 - INFO - KGameTracker - ℹ️  ==================================================
2026-09-11 21:31:56,098 - INFO - KGameTracker - ℹ️  K GAME TRACKER - INICIADA
2026-09-11 21:31:56,098 - INFO - KGameTracker - ℹ️  ==================================================
2026-09-11 21:32:00,140 - DEBUG - urllib3.connectionpool - Starting new HTTPS connection (1): www.gamerpower.com:443
2026-09-11 21:32:00,266 - DEBUG - urllib3.connectionpool - https://www.gamerpower.com:443 "GET /api/giveaways?type=game HTTP/1.1" 200 None
2026-09-11 21:32:01,713 - DEBUG - urllib3.connectionpool - Starting new HTTPS connection (1): translate.google.com:443
2026-09-11 21:32:01,860 - DEBUG - urllib3.connectionpool - https://translate.google.com:443 "GET /m?sl=auto&tl=es&q=Claim%20Astral%20Ascent%20for%20free%20via%20Epic%20Games%20Store%21%20Astral%20Ascent%20is%20a%20fun%202D%20platformer%20roguelite%20game%20with%20addicting%20gameplay%20and%20great%20combat. HTTP/1.1" 200 None
2026-09-11 21:32:02,152 - DEBUG - urllib3.connectionpool - https://translate.google.com:443 "GET /m?sl=auto&tl=es&q=Score%20Luftrausers%20for%20free%20via%20Epic%20Games%20Store%21%20Luftrausers%20is%20a%20stylish%20arcade%20shooter%20with%20unique%20weapons%2C%20ridiculous%20combos%2C%20and%20challenging%20missions.%20Don%C2%B4t%20miss%20it%21 HTTP/1.1" 200 None
2026-09-11 21:32:05,644 - DEBUG - urllib3.connectionpool - https://translate.google.com:443 "GET /m?sl=auto&tl=es&q=Claim%20free%20Steam%20keys%20for%20Dwarven%20Realms%21%20Dwarven%20Realms%20is%20a%203D%20action-packed%20ARPG%20with%20epic%20powers%20and%20endless%20possibilities.%20Please%20note%20this%20Steam%20Key%20giveaway%20requires%2010%20ARP%20%28Arena%20Reward%20Points%29%20to%20claim%20a%20key.%20Fortunately%2C%20you%20can%20earn%20ARP%20daily%20for%20free. HTTP/1.1" 200 None
2026-09-11 21:32:08,708 - DEBUG - urllib3.connectionpool - https://translate.google.com:443 "GET /m?sl=auto&tl=es&q=Download%20MANDATO%20for%20free%20via%20Itch.io%21%20MANDATO%20is%20a%20short%20story-driven%20first-person%20game%20inspired%20by%20Filipino%20culture. HTTP/1.1" 200 None
2026-09-11 21:32:08,970 - DEBUG - urllib3.connectionpool - https://translate.google.com:443 "GET /m?sl=auto&tl=es&q=Enjoy%20a%20Liminal%20Space%20Holiday%21%20Score%20Liminal%20Space%20Holiday%20for%20free%20via%20Itch.io%21%20Liminal%20Space%20Holiday%20is%20a%20retro%20nostalgic%20adventure%20game%20with%203d%20graphics. HTTP/1.1" 200 None
2026-09-11 21:32:09,227 - DEBUG - urllib3.connectionpool - https://translate.google.com:443 "GET /m?sl=auto&tl=es&q=Download%20NIGHTBELL%20for%20free%20on%20Itch.io%20until%20September%2030th%202026.%20NIGHTBELL%20is%20a%203d%20first%20person%20game%20with%20a%20creepy%20atmosphere.%20Check%20it%20out. HTTP/1.1" 200 None
2026-09-11 21:32:10,150 - DEBUG - urllib3.connectionpool - https://translate.google.com:443 "GET /m?sl=auto&tl=es&q=Explore%20deep%20space%20with%20this%20giveaway.%20Get%20Dire%20Echo%20for%20free%20on%20itch.io%2C%20a%203d%20sci-fi%20first-person%20exploration%20game%20featuring%20impressive%20visuals. HTTP/1.1" 200 None
2026-09-11 21:32:10,817 - DEBUG - urllib3.connectionpool - https://translate.google.com:443 "GET /m?sl=auto&tl=es&q=Are%20you%20planning%20on%20getting%20into%20game%20dev%3F%20Then%20this%20might%20be%20for%20you%21%20Very%20Realistic%20Game%20Dev%20Simulator%20is%20free%20on%20Itch.io%20for%20a%20limited%20time%21 HTTP/1.1" 200 None
2026-09-11 21:32:12,096 - DEBUG - urllib3.connectionpool - https://translate.google.com:443 "GET /m?sl=auto&tl=es&q=Download%20Cherophobia%20for%20free%20via%20Itch.io%21%20Cherophobia%20is%20a%20short%203D%20psychological%20horror%20game. HTTP/1.1" 200 None
2026-09-11 21:32:12,897 - DEBUG - urllib3.connectionpool - https://translate.google.com:443 "GET /m?sl=auto&tl=es&q=Grab%20%E2%80%9CDo%20You%20Have%20a%20Moment%20to%20Talk%20About%20Our%20Lord%20and%20Savior%3F%E2%80%9D%20for%20free%20on%20itch.io%21%20A%20short%203D%20roguelike%20deckbuilder%20with%20retro%20PSX-style%20graphics. HTTP/1.1" 200 None
2026-09-11 21:32:13,536 - DEBUG - urllib3.connectionpool - https://translate.google.com:443 "GET /m?sl=auto&tl=es&q=Grab%20Dual%20Chroma%3A%20Academy%20Carols%20for%20free%20on%20itch.io%21%20Dual%20Chroma%3A%20Academy%20Carols%20is%20a%20slice-of-life%20Visual%20Novel.%20Check%20it%20out%2C%20If%20you%20are%20a%20fan%20of%20this%20type%20of%20game%21 HTTP/1.1" 200 None
2026-09-11 21:32:14,388 - DEBUG - urllib3.connectionpool - https://translate.google.com:443 "GET /m?sl=auto&tl=es&q=Become%20the%20battle%20lamb%20you%20were%20born%20to%20be%21%20Battle%20Ram%20is%20free%20this%20week%20on%20IndieGala%2C%20download%20it%20now%21%20Battle%20Ram%20is%20a%202d%20action-packed%20game%20with%20lambs%20and%20battling%20robots. HTTP/1.1" 200 None
2026-09-11 21:32:15,938 - DEBUG - urllib3.connectionpool - https://translate.google.com:443 "GET /m?sl=auto&tl=es&q=Time%20to%20put%20your%20reflexes%20to%20the%20test%21%20Download%20Leaper%20for%20free%20on%20IndieGala%21%20Leaper%20is%20a%202d%20side-scrolling%20platformer%20with%20colorful%20pixel%20graphics%20and%20precise%20jumping%20mechanics.%20Check%20it%20out%21 HTTP/1.1" 200 None
2026-09-11 21:32:17,650 - DEBUG - urllib3.connectionpool - https://translate.google.com:443 "GET /m?sl=auto&tl=es&q=Dreaming%20about%20Wordle%3F%20What%20a%20coincidence%2C%20it%E2%80%99s%20on%20IndieGala%20for%20free%21%20Download%20it%20now%20and%20make%20your%20dreams%20come%20true. HTTP/1.1" 200 None
2026-09-11 21:32:18,134 - DEBUG - urllib3.connectionpool - https://translate.google.com:443 "GET /m?sl=auto&tl=es&q=Download%20Bad%20cat%20Sam%20for%20free%20on%20IndieGala.%20Bad%20cat%20Sam%20is%20a%202d%20platformer%20about%20a%20cat%20named%20serious%20Sam. HTTP/1.1" 200 None
2026-09-11 21:32:20,234 - DEBUG - urllib3.connectionpool - https://translate.google.com:443 "GET /m?sl=auto&tl=es&q=Download%20Whiskey%20Mafia%3A%20Frank%27s%20Story%20for%20free%20on%20IndieGala%21%20Whiskey%20Mafia%3A%20Frank%27s%20Story%20is%20a%202D%20adventure%20game%20where%20you%20experience%20life%20in%20the%20mafia. HTTP/1.1" 200 None
2026-09-11 21:32:20,623 - DEBUG - urllib3.connectionpool - https://translate.google.com:443 "GET /m?sl=auto&tl=es&q=Alone%20With%20You%20%28Mobile%20version%29%20is%20free%20until%20September%2017%20on%20the%20Epic%20Games%20Store%20App%20for%20iPhone%2C%20iPad%2C%20and%20Android.%20Note%3A%20May%20not%20be%20available%20in%20all%20regions HTTP/1.1" 200 None
2026-09-11 21:32:21,304 - DEBUG - urllib3.connectionpool - https://translate.google.com:443 "GET /m?sl=auto&tl=es&q=Download%20Primal%20Slideee%20Deluxe%20for%20free%20via%20Stove%20until%20July%2031%21 HTTP/1.1" 200 None
2026-09-11 21:32:22,046 - DEBUG - urllib3.connectionpool - https://translate.google.com:443 "GET /m?sl=auto&tl=es&q=Score%20GigaBash%20for%20free%20via%20Stove%20and%20claim%20your%20place%20as%20king%20among%20Titans%21%20GigaBash%20is%20a%20multiplayer%20arena%20brawler%20with%20gigantic%20film-inspired%20kaiju%20and%20fully%20destructible%20environments. HTTP/1.1" 200 None
2026-09-11 21:32:22,510 - DEBUG - urllib3.connectionpool - https://translate.google.com:443 "GET /m?sl=auto&tl=es&q=Ready%20to%20relive%20Sharknado%3F%20Grab%20Sharknado%20VR%20%28Rift%20S%2C%20Rift%29%20for%20free%20via%20Meta.%20Sharknado%20VR%20puts%20you%20in%20the%20middle%20of%20the%20action.%20Can%20you%20survive%20the%20flying%20sharks%3F HTTP/1.1" 200 None
2026-09-11 21:32:34,570 - INFO - KGameTracker - ℹ️  ==================================================
2026-09-11 21:32:34,570 - INFO - KGameTracker - ℹ️  K GAME TRACKER - CERRADA
2026-09-11 21:32:34,570 - INFO - KGameTracker - ℹ️  ==================================================
2026-09-11 21:40:22,387 - INFO - KGameTracker - ℹ️  ==================================================
2026-09-11 21:40:22,387 - INFO - KGameTracker - ℹ️  K GAME TRACKER - INICIADA
2026-09-11 21:40:22,387 - INFO - KGameTracker - ℹ️  ==================================================
2026-09-11 21:40:28,308 - DEBUG - urllib3.connectionpool - Starting new HTTPS connection (1): www.gamerpower.com:443
2026-09-11 21:40:28,439 - DEBUG - urllib3.connectionpool - https://www.gamerpower.com:443 "GET /api/giveaways?type=game HTTP/1.1" 200 None
2026-09-11 21:40:29,235 - DEBUG - urllib3.connectionpool - Starting new HTTPS connection (1): store.steampowered.com:443
2026-09-11 21:40:29,619 - DEBUG - urllib3.connectionpool - https://store.steampowered.com:443 "GET /api/storesearch/?term=astral%20ascent&l=spanish&cc=ES HTTP/1.1" 200 666
2026-09-11 21:40:29,967 - DEBUG - urllib3.connectionpool - https://store.steampowered.com:443 "GET /appreviews/1280930?json=1&language=all&purchase_type=all HTTP/1.1" 200 6785
2026-09-11 21:40:30,382 - DEBUG - urllib3.connectionpool - https://store.steampowered.com:443 "GET /api/storesearch/?term=luftrausers&l=spanish&cc=ES HTTP/1.1" 200 286
2026-09-11 21:40:30,639 - DEBUG - urllib3.connectionpool - https://store.steampowered.com:443 "GET /appreviews/233150?json=1&language=all&purchase_type=all HTTP/1.1" 200 2440
2026-09-11 21:40:33,585 - DEBUG - urllib3.connectionpool - https://store.steampowered.com:443 "GET /api/storesearch/?term=dwarven%20realms%20key&l=spanish&cc=ES HTTP/1.1" 200 42
2026-09-11 21:40:42,137 - DEBUG - urllib3.connectionpool - https://store.steampowered.com:443 "GET /api/storesearch/?term=mandato&l=spanish&cc=ES HTTP/1.1" 200 802
2026-09-11 21:40:42,439 - DEBUG - urllib3.connectionpool - https://store.steampowered.com:443 "GET /appreviews/4897340?json=1&language=all&purchase_type=all HTTP/1.1" 200 151
2026-09-11 21:40:42,910 - DEBUG - urllib3.connectionpool - https://store.steampowered.com:443 "GET /api/storesearch/?term=liminal%20space%20holiday&l=spanish&cc=ES HTTP/1.1" 200 307
2026-09-11 21:40:43,196 - DEBUG - urllib3.connectionpool - https://store.steampowered.com:443 "GET /appreviews/5041880?json=1&language=all&purchase_type=all HTTP/1.1" 200 3257
2026-09-11 21:40:43,694 - DEBUG - urllib3.connectionpool - https://store.steampowered.com:443 "GET /api/storesearch/?term=nightbell&l=spanish&cc=ES HTTP/1.1" 200 303
2026-09-11 21:40:44,002 - DEBUG - urllib3.connectionpool - https://store.steampowered.com:443 "GET /appreviews/4216630?json=1&language=all&purchase_type=all HTTP/1.1" 200 1065
2026-09-11 21:40:44,421 - DEBUG - urllib3.connectionpool - https://store.steampowered.com:443 "GET /api/storesearch/?term=dire%20echo&l=spanish&cc=ES HTTP/1.1" 200 299
2026-09-11 21:40:44,670 - DEBUG - urllib3.connectionpool - https://store.steampowered.com:443 "GET /appreviews/3743180?json=1&language=all&purchase_type=all HTTP/1.1" 200 5003
2026-09-11 21:40:45,088 - DEBUG - urllib3.connectionpool - https://store.steampowered.com:443 "GET /api/storesearch/?term=very%20realistic%20game%20dev%20simulator&l=spanish&cc=ES HTTP/1.1" 200 42
2026-09-11 21:40:45,550 - DEBUG - urllib3.connectionpool - https://store.steampowered.com:443 "GET /api/storesearch/?term=cherophobia&l=spanish&cc=ES HTTP/1.1" 200 281
2026-09-11 21:40:45,833 - DEBUG - urllib3.connectionpool - https://store.steampowered.com:443 "GET /appreviews/2994800?json=1&language=all&purchase_type=all HTTP/1.1" 200 1494
2026-09-11 21:40:46,270 - DEBUG - urllib3.connectionpool - https://store.steampowered.com:443 "GET /api/storesearch/?term=do%20you%20have%20a%20moment%20to%20talk%20about%20our%20lord%20and%20savior%3F&l=spanish&cc=ES HTTP/1.1" 200 353
2026-09-11 21:40:46,529 - DEBUG - urllib3.connectionpool - https://store.steampowered.com:443 "GET /appreviews/3063960?json=1&language=all&purchase_type=all HTTP/1.1" 200 615
2026-09-11 21:40:46,959 - DEBUG - urllib3.connectionpool - https://store.steampowered.com:443 "GET /api/storesearch/?term=dual%20chroma%3A%20academy%20carols&l=spanish&cc=ES HTTP/1.1" 200 244
2026-09-11 21:40:47,192 - DEBUG - urllib3.connectionpool - https://store.steampowered.com:443 "GET /appreviews/2299730?json=1&language=all&purchase_type=all HTTP/1.1" 200 1158
2026-09-11 21:41:28,256 - DEBUG - urllib3.connectionpool - https://store.steampowered.com:443 "GET /api/storesearch/?term=battle%20ram&l=spanish&cc=ES HTTP/1.1" 200 287
2026-09-11 21:41:28,523 - DEBUG - urllib3.connectionpool - https://store.steampowered.com:443 "GET /appreviews/1262060?json=1&language=all&purchase_type=all HTTP/1.1" 200 4125
2026-09-11 21:41:29,063 - DEBUG - urllib3.connectionpool - https://store.steampowered.com:443 "GET /api/storesearch/?term=leaper&l=spanish&cc=ES HTTP/1.1" 200 484
2026-09-11 21:41:29,347 - DEBUG - urllib3.connectionpool - https://store.steampowered.com:443 "GET /appreviews/1614990?json=1&language=all&purchase_type=all HTTP/1.1" 200 6409
2026-09-11 21:41:29,971 - DEBUG - urllib3.connectionpool - https://store.steampowered.com:443 "GET /api/storesearch/?term=wordle&l=spanish&cc=ES HTTP/1.1" 200 562
2026-09-11 21:41:30,238 - DEBUG - urllib3.connectionpool - https://store.steampowered.com:443 "GET /appreviews/1477020?json=1&language=all&purchase_type=all HTTP/1.1" 200 2116
2026-09-11 21:41:30,653 - DEBUG - urllib3.connectionpool - https://store.steampowered.com:443 "GET /api/storesearch/?term=bad%20cat%20sam&l=spanish&cc=ES HTTP/1.1" 200 283
2026-09-11 21:41:30,957 - DEBUG - urllib3.connectionpool - https://store.steampowered.com:443 "GET /appreviews/2256230?json=1&language=all&purchase_type=all HTTP/1.1" 200 12531
2026-09-11 21:41:31,381 - DEBUG - urllib3.connectionpool - https://store.steampowered.com:443 "GET /api/storesearch/?term=whiskey%20mafia%3A%20frank%27s%20story&l=spanish&cc=ES HTTP/1.1" 200 42
2026-09-11 21:41:31,900 - DEBUG - urllib3.connectionpool - https://store.steampowered.com:443 "GET /api/storesearch/?term=alone%20with%20you&l=spanish&cc=ES HTTP/1.1" 200 390
2026-09-11 21:41:32,145 - DEBUG - urllib3.connectionpool - https://store.steampowered.com:443 "GET /appreviews/564940?json=1&language=all&purchase_type=all HTTP/1.1" 200 1578
2026-09-11 21:41:32,588 - DEBUG - urllib3.connectionpool - https://store.steampowered.com:443 "GET /api/storesearch/?term=primal%20slideee%20deluxe&l=spanish&cc=ES HTTP/1.1" 200 42
2026-09-11 21:41:33,020 - DEBUG - urllib3.connectionpool - https://store.steampowered.com:443 "GET /api/storesearch/?term=gigabash&l=spanish&cc=ES HTTP/1.1" 200 891
2026-09-11 21:41:33,355 - DEBUG - urllib3.connectionpool - https://store.steampowered.com:443 "GET /appreviews/1546400?json=1&language=all&purchase_type=all HTTP/1.1" 200 7533
2026-09-11 21:41:33,874 - DEBUG - urllib3.connectionpool - https://store.steampowered.com:443 "GET /api/storesearch/?term=sharknado%20vr&l=spanish&cc=ES HTTP/1.1" 200 330
2026-09-11 21:41:34,150 - DEBUG - urllib3.connectionpool - https://store.steampowered.com:443 "GET /appreviews/925090?json=1&language=all&purchase_type=all HTTP/1.1" 200 9364
2026-09-11 21:44:35,803 - INFO - KGameTracker - ℹ️  ==================================================
2026-09-11 21:44:35,803 - INFO - KGameTracker - ℹ️  K GAME TRACKER - CERRADA
2026-09-11 21:44:35,803 - INFO - KGameTracker - ℹ️  ==================================================
2026-09-11 21:51:28,221 - INFO - KGameTracker - ℹ️  ==================================================
2026-09-11 21:51:28,221 - INFO - KGameTracker - ℹ️  K GAME TRACKER - INICIADA
2026-09-11 21:51:28,221 - INFO - KGameTracker - ℹ️  ==================================================
2026-09-11 21:51:33,527 - DEBUG - urllib3.connectionpool - Starting new HTTPS connection (1): www.gamerpower.com:443
2026-09-11 21:51:33,661 - DEBUG - urllib3.connectionpool - https://www.gamerpower.com:443 "GET /api/giveaways?type=game HTTP/1.1" 200 None
2026-09-11 21:53:42,579 - INFO - KGameTracker - ℹ️  ✅ Autostart habilitado
2026-09-11 21:53:58,961 - INFO - KGameTracker - ℹ️  ==================================================
2026-09-11 21:53:58,961 - INFO - KGameTracker - ℹ️  K GAME TRACKER - CERRADA
2026-09-11 21:53:58,961 - INFO - KGameTracker - ℹ️  ==================================================
2026-09-11 21:57:38,722 - INFO - KGameTracker - ℹ️  ==================================================
2026-09-11 21:57:38,722 - INFO - KGameTracker - ℹ️  K GAME TRACKER - INICIADA
2026-09-11 21:57:38,722 - INFO - KGameTracker - ℹ️  ==================================================
2026-09-11 21:57:42,718 - DEBUG - urllib3.connectionpool - Starting new HTTPS connection (1): www.gamerpower.com:443
2026-09-11 21:57:42,851 - DEBUG - urllib3.connectionpool - https://www.gamerpower.com:443 "GET /api/giveaways?type=game HTTP/1.1" 200 None
2026-09-11 21:57:54,292 - INFO - KGameTracker - ℹ️  ✅ Autostart habilitado
2026-09-11 21:58:01,470 - DEBUG - urllib3.connectionpool - Starting new HTTPS connection (1): www.gamerpower.com:443
2026-09-11 21:58:01,584 - DEBUG - urllib3.connectionpool - https://www.gamerpower.com:443 "GET /api/giveaways?type=game HTTP/1.1" 200 None
2026-09-11 21:58:18,388 - INFO - KGameTracker - ℹ️  ==================================================
2026-09-11 21:58:18,388 - INFO - KGameTracker - ℹ️  K GAME TRACKER - CERRADA
2026-09-11 21:58:18,388 - INFO - KGameTracker - ℹ️  ==================================================
